LATEST MODEL CALL SNAPSHOT
model: poolside/Laguna-S-2.1-INT4
base_url: http://127.0.0.1:1234/v1
analysis_step: 5
action: 5
request_index_within_turn: 1
message_count: 8
tool_choice: auto

[AVAILABLE TOOLS]
- python: Run one ephemeral Python snippet against preloaded ASCII game state. Available globals: `current_frame`, `previous_frame`, `history`, `transitions`, `last_transition`, `valid_actions`, `last_action_result`, and `action(actions)` for executing one or more real environment actions. `current_frame` and each `history[*].frame` expose only `.ascii`, `.segmentation`, `.step`, and `.level`; `history[-1].frame` is the current post-action frame, not the previous frame. For before/after diffs, compare `previous_frame` to `current_frame` or use `last_transition.before_frame` and `.after_frame`. For MOUSE, pass `row` and `col` integer fields; legacy x/y fields are rejected. The raw numeric grid is not available. Use `.segmentation` as the primary view; use `.ascii` only to read a small, specific region. Use `print(...)` for compact output or assign final data to `result`.

[MODEL INPUT]
[SYSTEM]
You are a coding agent solving a grid-based puzzle game.
Game overview:
- You are solving a multi-level grid puzzle game. 
- You are called repeatedly over the course of a run. Treat each turn as one observe-plan-act cycle: re-understand the current state from the newest frame, update your working world model in Python, choose the next best action or short sequence against the goal as currently understood, execute it, and expect to re-evaluate on the next turn from the updated state.
- Your job is to solve the entire game by clearing every level, not just the current screen.
- Levels often build on earlier mechanics, but layouts and interactions can still change between levels, and new mechanics might be introduced.
- Optimize for as few in-game actions as possible while still reliably clearing every level. Per level you are scored on action efficiency, `min(human_actions / agent_actions, 1.0)`, then squared, so once a level is solved every extra action hurts sharply.
- Use this as a test for false goals: if a value only ticks up by a fixed amount each action but never completes a level (a HUD counter, timer, or progress bar), it cannot be the objective; pursuing it means one wasted action per tick, the worst possible efficiency. The real goal is a change in the puzzle's own state that drives toward clearing the level.
- In this environment, boards are presented as 64 x 64 color grids rendered with ARC color symbols.
- Color legend: W=white, w=light gray, g=gray, G=dark gray, c=charcoal, B=black, M=magenta, P=pink, R=red, b=blue, S=sky blue, Y=yellow, O=orange, r=dark red, N=light green, p=purple.
Runtime variables inside every `python` tool call:
- `current_frame` is a lightweight frame view for the latest environment state.
- `current_frame` exposes only `.ascii`, `.step`, `.level`, `.shape`, and `.segmentation`.
- `current_frame.ascii` is a single newline-delimited string containing the latest board rendered with the letter-coded ARC color symbols.
- `current_frame.segmentation` parses the board into objects. It returns `{'nodes': [...], 'adjacency_list': [...]}`.
- Each node in `segmentation['nodes']` is one 4-connected same-color object with: `id` (index, ordered top-most-left-most), `color` (ARC color character), `hash` (a signature of the object's color and shape that ignores its position -- equal hashes mean the same object regardless of where it is, so use it to track an object across frames or to spot multiple identical objects in one frame), `pixels` (cell count), `boundary` (clockwise outer-perimeter corner points as `[row, col]`), and `children` (ids of objects fully enclosed by this one).
- `segmentation['adjacency_list']` is a list of `[i, j]` node-id pairs whose objects share an edge.
- `current_frame.step` is the current environment step count.
- `current_frame.level` is the current level number.
- `current_frame.shape` is a `(rows, cols)` tuple.
- The raw numeric grid is intentionally not exposed. Use `current_frame.segmentation` as your primary view of the board -- objects, colors, shapes, containment, adjacency, and cross-frame object hashes. Use `current_frame.ascii` only to read a small, specific region; do not scan the whole board with it.
- `history` is a chronological list of action/frame snapshots.
- `history` is a Python list of objects, not a dict.
- Each history entry exposes only `.action` and `.frame`; entries are not subscriptable like `entry['action']`.
- Each `history[i].frame` is the frame after `history[i].action`; each frame exposes only `.ascii`, `.step`, `.level`, `.shape`, and `.segmentation`.
- Important history semantics: when `history` is non-empty, `history[-1].frame` is the same latest/post-action board as `current_frame`. It is not the previous board. To inspect the state before the latest action, use `previous_frame` or `history[-2].frame` when available.
- `previous_frame` is the frame before the most recent real environment action, or `None` if no previous frame is available.
- `last_action` is the most recent real environment action name/display, or `None` before any real action.
- `last_action_frame` is the post-action frame for `last_action`; it matches `current_frame` after a real action.
- `transitions` is a chronological list of actual action transitions, excluding the initial seeded frame. Each transition exposes `.action`, `.before_frame`, `.after_frame`, `.frame` (alias of `.after_frame`), and `.result`.
- `last_transition` is `transitions[-1]` or `None`. Its `.result` mirrors `last_action_result`; older transitions may have an empty `.result`. For before/after diffs, compare `last_transition.before_frame` to `last_transition.after_frame`; do not compare `current_frame` to `history[-1].frame`.
- `last_action_result` is the persisted result dict from the most recent `action(...)` call. It remains available across later Python inspection calls that do not call `action(...)`, and is `{}` before any action result exists. Read transition metadata from fields/keys such as `last_action_result['board_changed']`, `last_action_result['done']`, `last_action_result['level_completed']`, `last_action_result['game_over']`, `last_action_result['reward']`, and `last_action_result['valid_actions']`.
- `valid_actions` is the current list of valid action names.
- Call `action(actions)` to execute one or more real environment actions from Python.
- Pass `action(actions)` a list like `['LEFT']` or `[{'action': 'MOUSE', 'row': 4, 'col': 7}]`.
- One action usually returns one frame, but a single action can result in a short multi-frame animation.
- After `action(actions)` returns, `current_frame`, `previous_frame`, `history`, `transitions`, `valid_actions`, and `last_action_result` are refreshed.
- Each result reports `board_changed`, plus `gameplay_changed` and `no_impact`: the harness learns the game's deterministic HUD/edge band (a moves-remaining or timer bar) online and tells you whether your action changed real gameplay (`gameplay_changed`) or only advanced that band (`no_impact` -- a wasted move, e.g. pressing into a wall). `hud_band` names the learned band when one exists (e.g. `rows 61-62`).
- `action(actions, intent=...)` defaults to `intent='explore'`: an explore action that turns out `no_impact` STOPS the rest of that batch (`stop_reason='no_impact_action'`) and returns so you re-ground, instead of wasting the queued actions on a plan the environment just disproved. Pass `intent='solve'` for a committed sequence you do not want interrupted by the no-impact check.
- The harness keeps a per-level STATE GRAPH of the canonical (HUD-excluded) boards you have visited and the actions between them. EVERY action result already gives you `state_node_id` (your node now), `graph_nodes` (count), and `untried_here` (the valid actions you have NOT yet taken from this state) -- so do NOT spend a tool-call turn re-deriving your position or local frontier; act on `untried_here` directly. The `state_graph` sandbox global is for PLANNING A ROUTE only (use it sparingly, not every turn): `.neighbors(id)`, `.tried_actions(id)`, `.distance(a,b)`, `.path(a,b)`, `.frontier()`, and `frame_from_state(id)` -> a FrameView (`.ascii`/`.segmentation`) to inspect a distant node before navigating to it.
- In `intent='explore'`, a whole action sequence that follows ONLY already-tried edges is REJECTED without executing (`stop_reason='known_action_rejected'`): it re-treads explored ground and reaches no new (state, action). You MAY route back through known / fully-explored states, but the plan must END with an untried action so it reaches new ground -- your frontier at a node is its `valid_actions` minus `state_graph.tried_actions(id)`. Use `intent='re-explore'` to deliberately traverse known states (the batch is only flagged, or hard-stopped in the strict A/B arm, if it reaches nothing new); `intent='solve'` bypasses the graph and no-impact checks entirely.
- Optional precision upgrade for that check: if you can pin down the deterministic HUD/bar exactly, write a PURE `advance_hud(frame, action) -> frame` (frame is the `.ascii` letter grid; return it with ONLY the bar advanced one step, everything else identical) and commit it in a `HUD model:` section with a fenced python code block. The harness re-verifies it against every action and, while its bar prediction holds, uses it (`no_impact_source: model`) instead of the statistical band -- you write it ONCE and it then runs free every turn with no further tokens. It only asks you to rewrite when it mispredicts (`hud_model: stale`, e.g. a refill or a new level). No HUD in this game? Don't write one -- the statistical fallback handles it (`no_impact_source: band` or `exact`).
- `ACTION7` is a valid game-specific action when it appears in `valid_actions`. Its meaning is not fixed across games; infer it from a safe probe and the returned before/after and animation metadata rather than assuming it means undo, confirm, or back.
- Every action in the result's `executed_actions` carries an `animation` record summarizing its intermediate frames (which are not visible in `current_frame`): `num_frames`, `changed`, `only_changed` (a transient flash that left the same final board), `total_cells_changed`, `cells_changed_per_frame` (per frame, where 0 is a held/dwell frame), and `objects` -- one string per connected animated region, e.g. `top-left (19,27) 4x4, 16 cells, per-frame [...]`, so two things moving at once (a box resizing while a light blinks) each keep a tight bounding box.
- Beyond the `animation` record above, two optional runtime variables expose the actual per-action frames: `last_animation` and `frame_stats`.
- `current_frame` is always the settled board after your last action -- on its own it is enough for a purely static reading, and you never have to look further.
- If you want to, `last_animation` additionally exposes every frame the engine produced for each INDIVIDUAL action of your most recent `action(...)` call: a list with one entry per action, in execution order, each with `.action` and `.frames` (intermediate animation frames plus the final frame; length 1 means that action caused no animation). After `action(['UP','UP','LEFT'])` there are three entries. All change within one entry's `.frames` is that single action animating -- read it to see per-move motion and causality that the settled frame discards.
- `frame_stats` summarizes how much THIS game has animated so far: `actions`, `animated_actions`, `mean_frames_per_action`, `max_frames`, and `recent_frame_counts` (per action, most recent last). Use it to gauge, from the game so far, whether the extra frames are likely worth reading.
- `show_animation_by_objects(action_index=0)` prints that action's animation one object at a time, each cropped to its own bounding box (labeled with the object's top-left row, col) and reduced to its distinct states -- small and legible even for a long animation. Reach for it when an action reports animated objects, especially when a small `total_cells_changed` signals a focused, meaningful animation (a box growing, a token sliding) rather than a full-board redraw.
- `show_animation_by_bbox(action_index=0, row=..., col=..., rows=..., cols=...)` prints the same animation cropped to a region YOU choose (top-left `row`,`col` plus `rows`,`cols`) -- use it to inspect a spot the object split missed. Omit `rows`/`cols` to watch the FULL animation frames.
- It is entirely your judgement whether the intermediate frames are signal or noise. Motion may be meaningful (an object sliding, a chain reaction, a knock-on effect) OR incidental (a decorative transition, a flashing timer/HUD, a cosmetic redraw). Treat multi-frame motion as a HYPOTHESIS to test against the puzzle, not a fact. Reading `last_animation` costs tokens only when you inspect it, so pull it only when you expect it to help.
Text grid context:
- This model does not receive images. Every user turn already includes the current ARC grid inline as ASCII text, using the same letter-coded color symbols as `current_frame.ascii`.
- You do not need to call the `python` tool just to read the grid for the first time each turn -- it is already in this message. Use `current_frame.segmentation` (and `.ascii` again if you need to re-read a specific region) for structured object/adjacency analysis.
Visual-game guidance:
- Treat each board as a scene with objects, blockers, targets, adjacency, containment, motion, and symmetry.
- Game entities are usually rendered as connected multi-tile shapes such as 2×2, 2×3, 3×3, or longer patterned structures. Sometimes they might also be 1x1 tokens.
- Some games are logic or layout puzzles with no explicit player avatar or controllable sprite on the board. Do not assume a player exists; the relevant state may be an object, region, cursor, selector, or whole-board configuration.
- Background colors are often white or gray/black-ish large regions, but not always. Verify background hypotheses by area, stability, and object boundaries rather than assuming them.
- In many games, a long horizontal or vertical line near an edge is a timer or remaining-steps bar. It often shrinks or changes each step. If you identify such a bar, do not get distracted by it or treat it as core gameplay state unless there is concrete evidence that it interacts with the puzzle mechanics.
A common failure mode is to mistake a segmented edge bar for clickable puzzle pieces. If a repeated strip of small blocks sits flush against the top, bottom, left, or right border and actions only change that strip while the interior board stays the same, classify it as HUD/timer state, not as an object to click through segment by segment. DON'T DO THIS!
- Use coordinates only to target actions or describe local evidence. Do not frame the objective as reaching a specific absolute row or column.
- Re-ground on the newest frame after any score increase or abrupt scene change; the returned board may already be the next level.
- `WIN` means the whole game is solved. Mid-run level completion is more likely to appear as a score increase while play continues.
- Strategies may transfer loosely across levels, but layouts and mechanics can change. Re-check the new board before repeating a plan.
- For `MOUSE`, pass `row` and `col` integer arguments. `row` is vertical position, `col` is horizontal position.
Python tool guidance:
- Use `current_frame.segmentation` as your primary view of the board -- objects, colors, containment, adjacency, and cross-frame object hashes.
- Use `current_frame.ascii` only to read a small, specific region of the board when `segmentation` is not enough; never use it to scan or summarize the whole board.
- Every `python` tool call starts fresh. Re-import modules or re-define any custom utility logic you need.
- The only importable standard-library modules are: bisect, collections, copy, fractions, functools, heapq, itertools, json, math, operator, random, re, statistics, string.
- The only tool is `python`; call it with one ephemeral `code` string.
- Always inspect `current_frame`, `history`, and `valid_actions` from Python instead of reasoning from the raw board by eye.
- For the most recent change, compare `previous_frame` to `current_frame`, or `last_transition.before_frame` to `last_transition.after_frame`. `history[-1].frame` is the current frame, so comparing it to `current_frame` only compares the board to itself.
- Maintain a compact working world model: what entities or regions exist, what actions seem to do, what the goal likely is, what remains uncertain, and what plan best fits the evidence so far.
- IMPORTANT: Especially when the game is about making an agent navigate to a target, it is usually safer to write an explicit search algorithm such as BFS. More generally, when the objective is understood but the best action order is unclear, pathfinding, flood fill, BFS, DFS, beam search, shortest-path search, limited action-sequence search, or custom heuristics are all valid.
- Optimize for the shortest reliable sequence that advances the current goal as described by your world model. If confidence is low, program a discriminating probe and revise the world model from the result.
- Once the important state variables and action effects are sufficiently understood, stop probing and search in the inferred state space.
- Inspect current and history frames from Python instead of describing frames freehand.
- Never print or echo full board frames. Return only compact derived summaries such as object lists, diffs, coordinates, counts, or tiny local crops.
- Keep tool-output context size minimal and decision-oriented so you can quickly compare before/after state. It's fine to write a lot of python code, just make the output short and interpretable
- A strong default loop is: summarize the board, infer the desired environment change, write a small scorer or search over candidate sequences, execute the best probe or plan with `action(...)`, then inspect again until you understand exactly what changed.
- For object tracking, match objects by color, overlap, bounding box proximity, area change, and edge contact rather than by exact coordinates alone.
- For frame diffs, summarize changed cells, color transitions, appearing/disappearing components, movement candidates, and small local row slices around the changed region.
- After every action, verify whether gameplay objects changed or whether only a timer, progress bar, or remaining-step bar moved. Do not treat HUD-only changes as evidence that the move worked.
- Use `print(...)` for compact summaries, or assign a final compact object to `result`.
- Call `action(...)` inside Python rather than returning action text in the chat.
- `action(...)` accepts an ordered list of one or more actions. Once your code has selected a reliable sequence, it is often useful to batch it.
- You can also call `action(...)` multiple times in one Python snippet, including inside loops. Each call updates the preloaded variables before execution continues.
- If an action result reports `game_over`, `level_completed`, or `done`, stop acting immediately and re-ground on the next turn.
Tool session rules:
- You have exactly one tool: `python`.
- When calling `python`, emit exactly the tool-call format shown elsewhere in this prompt for this model. Use only that format; do not add markdown fences, prose wrappers, or alternate tool-call syntax. Do not quote or place tool-call markup inside explanatory text; when you decide to call the tool, emit the tool call itself.
- The `python` tool code is not saved between calls, so rewrite any custom utility logic you still need.
- You can call the `python` tool as many times as you want per step. Investigate until your code has a clear probe or plan.
- Do not ration tool calls when the state is unclear. Spend extra tool calls to confirm what changed between frames and whether the last action affected gameplay state or only HUD elements such as countdown bars.
- After `action(...)` returns, the structured runtime state is refreshed before the next Python statement and before the next tool call. Inspection-only Python calls do not clear `last_action_result`.
- Each `python` tool call has a hard time limit of 30 seconds.
- Tool responses are capped to about 1024 tokens. If a response is cut off, the tool result will tell you that.
- Keep code snippets short and purpose-built rather than dumping large frameworks into one call.

[USER]
The code executed 1 action in the previous sequence.
Executed actions: MOUSE(row=49, col=29).
You are still on the same level.
Current state: step 4, level 1.
Valid actions right now: UP, DOWN, LEFT, RIGHT, MOUSE.
Only tool: `python`. It receives `current_frame`, `previous_frame`, `history`, `transitions`, `last_transition`, `valid_actions`, `last_action_result`, and `action(actions)`. It also provides `last_animation` (per-action frames of your last `action(...)` call) and `frame_stats` (how much this game has animated so far) -- optional; use them only if you judge the intermediate motion informative rather than incidental.
Only letter-coded board views and lightweight metadata are exposed; raw numeric color IDs are not available.
Keep tool output compact: use `current_frame.segmentation` as the primary view, and `current_frame.ascii` only for a small specific region; never print full boards.
For the most recent change, compare `previous_frame` to `current_frame`, or `last_transition.before_frame` to `last_transition.after_frame`; `history[-1].frame` is the current frame, not the previous one.
Use Python to inspect the evidence, refine that world model from the newest history, and search or score candidate actions or short sequences against the current goal as you currently understand it.
Maintain a compact working world model of what the current level seems to contain, what actions appear to do, what the goal seems to be, what is still uncertain, and what plan currently looks best.
Below you are provided with the current world model from the previous turn. The default behavior is to copy it and add or remove things based on the evidence that you gathered. BEFORE EXECUTING NEW ACTIONS YOU MUST ALWAYS GIVE THE REVISED VERSION OF THE WORLD MODEL.
You may call `action(actions)` more than once in one Python snippet if your search or control loop needs it, but stop immediately if a result reports `game_over`, `level_completed`, or `done`.
Working world model carried from earlier turns:
- World model: ** - **Upper structure** (rows 17-22, cols 12-42): Blue (b) and sky blue (S) blocks with gray (g) blocks — possibly a control panel/selector - **Lower-left** (rows 50-59, cols 11-20): Dark gray (G) frame with gray (g)/pink (p) pattern inside - **Lower-right** (rows 47-63, cols 22-38): Dark gray (G) frame with gray (g)/white (W) checkerboard inside - **Right edge** (cols 62-63): Light green (N) strip — likely HUD/timer
- Goal model: ** Likely a toggle puzzle where clicking cells changes colors/patterns. Need to probe MOUSE mechanics.
- Open questions: ** What does MOUSE do? What's the win condition? Let me probe by clicking on different elements.
- Revise any item above immediately if `current_frame` or `history` contradicts it.
end of world model. 
Focus on what changed most recently in `history`, update the target environment change if needed, and separate gameplay-object changes from HUD-only changes.
When ready, call `action(actions)` from inside the `python` tool with the best valid action or ordered batch selected by your code. If your code has found a reliable short sequence, prefer batching it in one call.
You may call `action(actions)` more than once in one Python snippet if your search or control loop needs it.
If you include assistant text before a tool call, keep it short and use it to update the world model. Helpful optional prefixes are `World model:`, `Goal model:`, `Action model:`, `Recent findings:`, `Open questions:`, `Plan:`, and `Cross-level notes:`.
When calling `python`, emit exactly the tool-call format shown elsewhere in this prompt for this model. Use only that format; do not add markdown fences, prose wrappers, or alternate tool-call syntax. Do not quote or place tool-call markup inside explanatory text; when you decide to call the tool, emit the tool call itself.
If you use MOUSE, include integer row and col arguments.
EFFICIENCY BUDGET — your score on each level is (baseline_actions / your_actions)^2, so every wasted action costs you quadratically.
Level 1: you have used 3 of about 36 target actions so far.
Current grid (ASCII):
BBBBBBBBBBBBBBBBBBBBBBBBBBBBBBBBBBBBBBBBBBBBBBBBBBBBBBBBBBBBBBWW
BBBBBBBBBBBBBBBBBBBBBBBBBBBBBBBBBBBBBBBBBBBBBBBBBBBBBBBBBBBBBBWW
BBBBBBBBBBBBBBBBBBBBBBBBBBBBBBBBBBBBBBBBBBBBBBBBBBBBBBBBBBBBBBNN
BBBBBBBBBBBBBBBBBBBBBBBBBBBBBBBBBBBBBBBBBBBBBBBBBBBBBBBBBBBBBBNN
BBBBBBBBBBBBBBBBBBBBBBBBBBBBBBBBBBBBBBBBBBBBBBBBBBBBBBBBBBBBBBNN
BBBBBBBBBBBBBBBBBBBBBBBBBBBBBBBBBBBBBBBBBBBBBBBBBBBBBBBBBBBBBBNN
BBBBBBBBBBBBBBBBBBBBBBBBBBBBBBBBBBBBBBBBBBBBBBBBBBBBBBBBBBBBBBNN
BBBBBBBBBBBBBBBBBBBBBBBBBBBBBBBBBBBBBBBBBBBBBBBBBBBBBBBBBBBBBBNN
BBBBBBBBBBBBBBBBBBBBBBBBBBBBBBBBBBBBBBBBBBBBBBBBBBBBBBBBBBBBBBNN
BBBBBBBBBBBBBBBBBBBBBBBBBBBBBBBBBBBBBBBBBBBBBBBBBBBBBBBBBBBBBBNN
BBBBBBBBBBBBBBBBBBBBBBBBBBBBBBBBBBBBBBBBBBBBBBBBBBBBBBBBBBBBBBNN
BBBBBBBBBBBBBBBBBBBBBBBBBBBBBBBBBBBBBBBBBBBBBBBBBBBBBBBBBBBBBBNN
BBBBBBBBBBBBBBBBBBBBBBBBBBBBBBBBBBBBBBBBBBBBBBBBBBBBBBBBBBBBBBNN
BBBBBBBBBBBBBBBBBBBBBBBBBBBBBBBBBBBBBBBBBBBBBBBBBBBBBBBBBBBBBBNN
BBBBBBBBBBBBBBBBBBBBBBBBBBBBBBBBBBBBBBBBBBBBBBBBBBBBBBBBBBBBBBNN
BBBBBBBBBBBBBBBBBBBBBBBBBBBBBBBBBBBBBBBBBBBBBBBBBBBBBBBBBBBBBBNN
BBBBBBBBBBBBBBBBBBBBBBBBBBBBBBBBBBBBBBBBBBBBBBBBBBBBBBBBBBBBBBNN
BBBBBBBBBBBBbbbbbBBBBBBBBBBBBBBBBBBBBBBBBBBBBBBBBBBBBBBBBBBBBBNN
BBBBBBBBBBBBbSSSSBBBBBBBBBBBBBBBBBBBBBBBBBBBBBBBBBBBBBBBBBBBBBNN
BBBBBBBBBBBBbSSSSggggggggggggggggggggggbbSSBBBBBBBBBBBBBBBBBBBNN
BBBBBBBBBBBBbSSSSggggggggggggggggggggggbbSSBBBBBBBBBBBBBBBBBBBNN
BBBBBBBBBBBBbSSSSBBBBBBggggggggggggggggbbSSBBBBBBBBBBBBBBBBBBBNN
BBBBBBBBBBBBbbbbbBBBBBBggggggggggggggggbbSSBBBBBBBBBBBBBBBBBBBNN
BBBBBBBBBBBBBBBBBBBBBBBBBBBBBBBBBBBBBBBBBBBBBBBBBBBBBBBBBBBBBBNN
BBBBBBBBBBBBBBBBBBBBBBBBBBBBBBBBBBBBBBBBBBBBBBBBBBBBBBBBBBBBBBNN
BBBBBBBBBBBBBBBBBBBBBBBBBBBBBBBBBBBBBBBBBBBBBBBBBBBBBBBBBBBBBBNN
BBBBBBBBBBBBBBBBBBBBBBBBBBBBBBBBBBBBBBBBBBBBBBBBBBBBBBBBBBBBBBNN
BBBBBBBBBBBBBBBBBBBBBBBBBBBBBBBBBBBBBBBBBBBBBBBBBBBBBBBBBBBBBBNN
BBBBBBBBBBBBBBBBBBBBBBBBBBBBBBBBBBBBBBBBBBBBBBBBBBBBBBBBBBBBBBNN
BBBBBBBBBBBBBBBBBBBBBBBBBBBBBBBBBBBBBBBBBBBBBBBBBBBBBBBBBBBBBBNN
BBBBBBBBBBBBBBBBBBBBBBBBBBBBBBBBBBBBBBBBBBBBBBBBBBBBBBBBBBBBBBNN
BBBBBBBBBBBBBBBBBBBBBBBBBBBBBBBBBBBBBBBBBBBBBBBBBBBBBBBBBBBBBBNN
BBBBBBBBBBBBBBBBBBBBBBBBBBBBBBBBBBBBBBBBBBBBBBBBBBBBBBBBBBBBBBNN
BBBBBBBBBBBBBBBBBBBBBBBBBBBBBBBBBBBBBBBBBBBBBBBBBBBBBBBBBBBBBBNN
BBBBBBBBBBBBBBBBBBBBBBBBBBBBBBBBBBBBBBBBBBBBBBBBBBBBBBBBBBBBBBNN
BBBBBBBBBBBBBBBBBBBBBBBBBBBBBBBBBBBBBBBBBBBBBBBBBBBBBBBBBBBBBBNN
BBBBBBBBBBBBBBBBBBBBBBBBBBBBBBBBBBBBBBBBBBBBBBBBBBBBBBBBBBBBBBNN
BBBBBBBBBBBBBBBBBBBBBBBBBBBBBBBBBBBBBBBBBBBBBBBBBBBBBBBBBBBBBBNN
BBBBBBBBBBBBBBBBBBBBBBBBBBBBBBBBBBBBBBBBBBBBBBBBBBBBBBBBBBBBBBNN
BBBBBBBBBBBBBBBBBBBBBBBBBBBBBBBBBBBBBBBBBBBBBBBBBBBBBBBBBBBBBBNN
BBBBBBBBBBBBBBBBBBBBBBBBBBBBBBBBBBBBBBBBBBBBBBBBBBBBBBBBBBBBBBNN
BBBBBBBBBBBBBBBBBBBBBBBBBBBBBBBBBBBBBBBBBBBBBBBBBBBBBBBBBBBBBBNN
BBBBBBBBBBBBBBBBBBBBBBBBBBBBBBBBBBBBBBBBBBBBBBBBBBBBBBBBBBBBBBNN
BBBBBBBBBBBBBBBBBBBBBBBBBBBBBBBBBBBBBBBBBBBBBBBBBBBBBBBBBBBBBBNN
BBBBBBBBBBBBBBBBBBBBBBBBBBBBBBBBBBBBBBBBBBBBBBBBBBBBBBBBBBBBBBNN
BBBBBBBBBBBBBBBBBBBBBBBBBBBBBBBBBBBBBBBBBBBBBBBBBBBBBBBBBBBBBBNN
BBBBBBBBBBBBBBBBBBBBBBBBBBBBBBBBBBBBBBBBBBBBBBBBBBBBBBBBBBBBBBNN
BBBBBBBBBBBBBBBBBBBBBBGGGGGGGGGGGGGGGGGBBBBBBBBBBBBBBBBBBBBBBBNN
BBBBBBBBBBBBBBBBBBBBBBGGGGGGGGGGGGGGGGGBBBBBBBBBBBBBBBBBBBBBBBNN
BBBBBBBBBBBBBBBBBBBBBBGGNNNGGNNNGGgggGGBBBBBBBBBBBBBBBBBBBBBBBNN
BBBBBBBBBBBGGGGGGGGGGBGGNNNGGNNNGGgggGGBBBBBBBBBBBBBBBBBBBBBBBNN
BBBBBBBBBBBGgggppgggGBGGNNNGGNNNGGgggGGBBBBBBBBBBBBBBBBBBBBBBBNN
BBBBBBBBBBBGgggppgggGBGGGGGGGGGGGGGGGGGBBBBBBBBBBBBBBBBBBBBBBBNN
BBBBBBBBBBBGggggggggGBGGGGGGGGGGGGGGGGGBBBBBBBBBBBBBBBBBBBBBBBNN
BBBBBBBBBBBGppggggppGBGGWWWGGgggGGWWWGGBBBBBBBBBBBBBBBBBBBBBBBNN
BBBBBBBBBBBGppggggppGBGGWWWGGgggGGWWWGGBBBBBBBBBBBBBBBBBBBBBBBNN
BBBBBBBBBBBGggggggggGBGGWWWGGgggGGWWWGGBBBBBBBBBBBBBBBBBBBBBBBNN
BBBBBBBBBBBGgggppgggGBGGGGGGGGGGGGGGGGGBBBBBBBBBBBBBBBBBBBBBBBNN
BBBBBBBBBBBGgggppgggGBGGGGGGGGGGGGGGGGGBBBBBBBBBBBBBBBBBBBBBBBNN
BBBBBBBBBBBGGGGGGGGGGBGGgggGGWWWGGgggGGBBBBBBBBBBBBBBBBBBBBBBBNN
BBBBBBBBBBBBBBBBBBBBBBGGgggGGWWWGGgggGGBBBBBBBBBBBBBBBBBBBBBBBNN
BBBBBBBBBBBBBBBBBBBBBBGGgggGGWWWGGgggGGBBBBBBBBBBBBBBBBBBBBBBBNN
BBBBBBBBBBBBBBBBBBBBBBGGGGGGGGGGGGGGGGGBBBBBBBBBBBBBBBBBBBBBBBNN
BBBBBBBBBBBBBBBBBBBBBBGGGGGGGGGGGGGGGGGBBBBBBBBBBBBBBBBBBBBBBBNN

[ASSISTANT]
Important findings! The white block at (49,29) also changed to light green (N). And the right edge changed from NN to WW - that's a HUD/timer change. Let me examine the current state more carefully and test more mechanics.
[REASONING]
Now I see something very important! The right edge changed from NN to WW! Let me compare:
- Before (rows 0-1): NN
- After (rows 0-1): WW
- Before (rows 2-63): NN
- After (rows 2-63): NN (still NN)
Wait, let me look more carefully. The right edge was:
Before:
```
Row 0: NN
Row 1: NN
Row 2: NN
...
Row 63: NN
```
After:
```
Row 0: WW
Row 1: WW
Row 2: NN
...
Row 63: NN
```
So the top 2 rows of the right edge changed from NN to WW! This is a HUD/timer change. The right edge is a progress bar that changes color.
Wait, but the result said "no_impact: False" and "gameplay_changed: True". So the click did change the board. But the right edge also changed. Let me check if the right edge change is part of the gameplay or just a HUD change.
Actually, looking at the animation: "1 frames, 13 cells, only_changed: False". So 13 cells changed. The white block at (49, 29) was 3x3 = 9 cells, and it changed to light green (N). But 13 cells changed, not 9. So there must be 4 more cells that changed.
Wait, let me look at the lower-right structure more carefully:
Before (row 49): GGNNNGGWWWGGgggGG
After (row 49): GGNNNGGNNNGGgggGG
So the white block at (49, 29-31) changed to light green (N)! That's 3 cells per row × 3 rows = 9 cells. But 13 cells changed. Let me check if there are other changes.
Actually, looking at the ASCII more carefully:
Before (row 49): GGNNNGGWWWGGgggGG
After (row 49): GGNNNGGNNNGGgggGG
The W's at positions 29-31 changed to N's. That's 3 cells × 3 rows = 9 cells. But 13 cells changed. Let me check the right edge.
Before (row 0): ...NN
After (row 0): ...WW
So the right edge changed from NN to WW in rows 0-1. That's 2 cells × 2 rows = 4 cells. 9 + 4 = 13. That matches!
So the click changed:
1. The white block at (49, 29-31) from W to N (9 cells) - this is gameplay
2. The right edge from NN to WW in rows 0-1 (4 cells) - this is HUD
Wait, but the result said "gameplay_changed: True" and "no_impact: False". So the gameplay did change. The right edge change is probably just a HUD/timer change that happened to coincide.
Actually, wait. Let me reconsider. The right edge was NN before, and now it's WW in the top 2 rows. Maybe the right edge is a progress bar that shows the number of cells remaining. Let me think about this.
Actually, I think the right edge is a timer or progress bar. The color changed from NN to WW, which might indicate something. But the important thing is that the gameplay changed - the white block turned to light green.
So the mechanics are:
- Clicking on a gray (g) block changes it to light green (N)
- Clicking on a white (W) block changes it to light green (N)
- The right edge is a HUD/timer that changes color
Wait, but both gray and white blocks change to light green? Let me verify. The first click changed a gray block to light green. The second click changed a white block to light green. So clicking on any block (gray or white) changes it to light green.
But what's the goal? Maybe the goal is to turn all blocks in the lower-right structure to light green? Or maybe the goal is to match a specific pattern?
Let me also check what happens when I click on a pink block in the lower-left structure. And let me check if clicking on a light green block does anything (maybe it toggles back).
Actually, let me think about the right edge more carefully. It was NN, then WW. Maybe it's a countdown timer that changes color as it counts down. Or maybe it's a progress bar that shows how many cells are left to change.
Let me count the cells in the lower-right structure:
- Gray blocks: 3x3 blocks at (49,24), (54,24), (59,24), (59,34) = 4 blocks × 9 cells = 36 cells
- White blocks: 3x3 blocks at (49,29), (54,29), (54,34), (59,29) = 4 blocks × 9 cells = 36 cells
Wait, let me re-examine the lower-right structure:
```
Row 49: GGgggGGWWWGGgggGG  -> gray(5), white(3), gray(3), white(3), gray(5)
Row 50: GGgggGGWWWGGgggGG
Row 51: GGgggGGWWWGGgggGG
Row 52: GGGGGGGGGGGGGGGGG
Row 53: GGGGGGGGGGGGGGGGG
Row 54: GGWWWGGgggGGWWWGG  -> white(3), gray(3), white(3), gray(3), white(3)
Row 55: GGWWWGGgggGGWWWGG
Row 56: GGWWWGGgggGGWWWGG
Row 57: GGGGGGGGGGGGGGGGG
Row 58: GGGGGGGGGGGGGGGGG
Row 59: GGgggGGWWWGGgggGG  -> gray(5), white(3), gray(3), white(3), gray(5)
Row 60: GGgggGGWWWGGgggGG
Row 61: GGgggGGWWWGGgggGG
Row 62: GGGGGGGGGGGGGGGGG
Row 63: GGGGGGGGGGGGGGGGG
```
Wait, I need to be more careful. Let me count the columns:
Col 22-23: GG (dark gray frame)
Col 24-28: ggggg (gray block, 5 wide)
Col 29-31: WWW (white block, 3 wide)
Col 32-33: GG (dark gray frame)
Col 34-36: ggg (gray block, 3 wide)
Col 37-38: GG (dark gray frame)
Wait, that doesn't add up. Let me count again:
Row 49: GGgggGGWWWGGgggGG
Col 22: G
Col 23: G
Col 24: g
Col 25: g
Col 26: g
Col 27: g
Col 28: g
Col 29: G
Col 30: G
Col 31: W
Col 32: W
Col 33: W
Col 34: G
Col 35: G
Col 36: g
Col 37: g
Col 38: g
Col 39: G
Col 40: G
Hmm, that's 19 characters (cols 22-40). But the structure should be cols 22-38 (17 wide). Let me re-examine.
Actually, looking at the ASCII output I got from the python code:
Row 49: GGNNNGGWWWGGgggGG
Let me count: G-G-N-N-N-G-G-W-W-W-G-G-g-g-g-G-G = 17 characters. So cols 22-38.
Col 22: G
Col 23: G
Col 24: N
Col 25: N
Col 26: N
Col 27: G
Col 28: G
Col 29: W
Col 30: W
Col 31: W
Col 32: G
Col 33: G
Col 34: g
Col 35: g
Col 36: g
Col 37: G
Col 38: G
Wait, that doesn't match what I expected. Let me re-examine the original structure:
Row 49 (original): GGgggGGWWWGGgggGG
Col 22: G
Col 23: G
Col 24: g
Col 25: g
Col 26: g
Col 27: g
Col 28: g
Col 29: G
Col 30: G
Col 31: W
Col 32: W
Col 33: W
Col 34: G
Col 35: G
Col 36: g
Col 37: g
Col 38: g
Col 39: G
Col 40: G
Hmm, that's 19 characters. But the structure should be cols 22-38 (17 wide). Let me re-examine the original ASCII.
Actually, I think I was wrong about the column range. Let me look at the original ASCII more carefully. The lower-right structure starts at col 22 (after the blue background). Let me count the characters in row 49:
GGgggGGWWWGGgggGG
G-G-g-g-g-G-G-W-W-W-G-G-g-g-g-G-G = 17 characters
So:
Col 22: G
Col 23: G
Col 24: g
Col 25: g
Col 26: g
Col 27: G
Col 28: G
Col 29: W
Col 30: W
Col 31: W
Col 32: G
Col 33: G
Col 34: g
Col 35: g
Col 36: g
Col 37: G
Col 38: G
Wait, that's only 17 characters (cols 22-38). But I counted 19 before. Let me re-count:
G(1) G(2) g(3) g(4) g(5) G(6) G(7) W(8) W(9) W(10) G(11) G(12) g(13) g(14) g(15) G(16) G(17)
Yes, 17 characters. So:
Col 22: G
Col 23: G
Col 24: g
Col 25: g
Col 26: g
Col 27: G
Col 28: G
Col 29: W
Col 30: W
Col 31: W
Col 32: G
Col 33: G
Col 34: g
Col 35: g
Col 36: g
Col 37: G
Col 38: G
OK so the structure is cols 22-38 (17 wide). The blocks are:
- Gray block at cols 24-26 (3 wide, 3 tall) - but wait, I see 5 g's in the original. Let me re-examine.
Original row 49: GGgggGGWWWGGgggGG
Let me count character by character:
G G g g g g g G G W W W G G g g g G G
1 2 3 4 5 6 7 8 9 10 11 12 13 14 15 16 17 18 19
That's 19 characters! So the structure is cols 22-40 (19 wide). Let me re-examine.
Hmm, I think I need to be more careful. Let me look at the original ASCII again:
Row 49: BBBBBBBBBBBBBBBBBBBBBBBBGGgggGGWWWGGgggGGBBBBBBBBBBBBBBBBBBBBBBBNN
Let me count the B's before the G:
B(1) B(2) B(3) B(4) B(5) B(6) B(7) B(8) B(9) B(10) B(11) B(12) B(13) B(14) B(15) B(16) B(17) B(18) B(19) B(20) B(21) B(22) B(23) B(24)
That's 24 B's. So the structure starts at col 24.
Then: G G g g g G G W W W G G g g g G G
Col 24: G
Col 25: G
Col 26: g
Col 27: g
Col 28: g
Col 29: G
Col 30: G
Col 31: W
Col 32: W
Col 33: W
Col 34: G
Col 35: G
Col 36: g
Col 37: g
Col 38: g
Col 39: G
Col 40: G
Then B's start at col 41.
So the structure is cols 24-40 (17 wide). The blocks are:
- Gray block at cols 26-28 (3 wide, 3 tall)
- White block at cols 31-33 (3 wide, 3 tall)
- Gray block at cols 36-38 (3 wide, 3 tall)
Wait, but the original had "ggggg" (5 g's) at the start. Let me re-count:
G G g g g G G W W W G G g g g G G
1 2 3 4 5 6 7 8 9 10 11 12 13 14 15 16 17
Hmm, that's 17 characters with 3 g's at the start. But the original ASCII shows "GGgggGGWWWGGgggGG" which has 5 g's at the start. Let me count again:
G-G-g-g-g-g-g-G-G-W-W-W-G-G-g-g-g-G-G
1-2-3-4-5-6-7-8-9-10-11-12-13-14-15-16-17-18-19
That's 19 characters with 5 g's at the start. So the structure is cols 24-42 (19 wide).
OK, I think I was miscounting. Let me just use the python output to get the exact structure. The python output showed:
Row 49: GGNNNGGWWWGGgggGG
Let me count: G-G-N-N-N-G-G-W-W-W-G-G-g-g-g-G-G = 17 characters.
But the original was: GGgggGGWWWGGgggGG = 19 characters.
So the structure changed! The first gray block (5 wide) became 3 wide (light green). That's 2 cells × 3 rows = 6 cells. Plus the white block (3 wide) became 3 wide (light green) = 3 cells × 3 rows = 9 cells. Total = 15 cells. But the animation said 13 cells changed. Hmm, that doesn't match.
Wait, I think I'm confusing myself. Let me just look at the before and after more carefully.
Before (row 49): GGgggGGWWWGGgggGG
After (row 49): GGNNNGGWWWGGgggGG
So the first block changed from ggggg (5 g's) to NNN (3 N's). That's 5 cells changed to 3 cells. But wait, the block was 5 wide and became 3 wide? That doesn't make sense for a toggle.
Actually, I think the issue is that the first block was 5 wide (cols 26-30) and it changed to 3 wide (cols 26-28). But that would mean 2 cells disappeared. That doesn't make sense.
Let me re-examine. The original row 49: GGgggGGWWWGGgggGG
After row 49: GGNNNGGWWWGGgggGG
Hmm, the original has "GGgggGG" (2G, 5g, 2G) and the after has "GGNNNGG" (2G, 3N, 2G). So 5 g's became 3 N's. That means 2 cells changed from g to something else, and 3 cells changed from g to N.
Wait, no. The string length is the same (17 characters in both cases). Let me count again:
Original: G-G-g-g-g-g-g-G-G-W-W-W-G-G-g-g-g-G-G = 19 characters
After: G-G-N-N-N-G-G-W-W-W-G-G-g-g-g-G-G = 17 characters
The strings have different lengths! That means the structure changed shape. That's very strange for a toggle puzzle.
Actually, I think I'm miscounting. Let me be very careful:
Original row 49 (from the first ASCII):
BBBBBBBBBBBBBBBBBBBBBBBBGGgggGGWWWGGgggGGBBBBBBBBBBBBBBBBBBBBBBBNN
Let me extract the part between the B's:
GGgggGGWWWGGgggGG
Count: G(1) G(2) g(3) g(4) g(5) G(6) G(7) W(8) W(9) W(10) G(11) G(12) g(13) g(14) g(15) G(16) G(17)
= 17 characters
After row 49 (from the python output):
GGNNNGGWWWGGgggGG
Count: G(1) G(2) N(3) N(4) N(5) G(6) G(7) W(8) W(9) W(10) G(11) G(12) g(13) g(14) g(15) G(16) G(17)
= 17 characters
OK so both are 17 characters. I was miscounting before. So:
Original: GG ggggg GG WWW GG ggg GG
After: GG NNN GG WWW GG ggg GG
So the first block changed from 5 g's to 3 N's. But the string length is the same. That means 2 g's disappeared and 3 N's appeared. But that would change the string length.
Wait, no. Let me count the original more carefully:
G-G-g-g-g-g-g-G-G-W-W-W-G-G-g-g-g-G-G
Hmm, that's 19 characters. But the after is:
G-G-N-N-N-G-G-W-W-W-G-G-g-g-g-G-G
That's 17 characters. So the strings have different lengths. That means the structure changed shape.
Actually, I think the issue is that I'm not reading the ASCII correctly. The ASCII might have different spacing or the blocks might not be what I think. Let me use python to get the exact characters.
Actually, I think the problem is that I'm looking at the full ASCII line which includes the B's on both sides. Let me just use the python output which showed:
Row 49: GGNNNGGWWWGGgggGG
This is 17 characters. And the original was:
Row 49: GGgggGGWWWGGgggGG
Wait, is the original also 17 characters? Let me count:
G-G-g-g-g-G-G-W-W-W-G-G-g-g-g-G-G
1-2-3-4-5-6-7-8-9-10-11-12-13-14-15-16-17
Hmm, that's 17 characters with 3 g's at the start, not 5. But the original ASCII shows "GGgggGG" which looks like 5 g's. Let me look at the original ASCII more carefully:
BBBBBBBBBBBBBBBBBBBBBBBBGGgggGGWWWGGgggGGBBBBBBBBBBBBBBBBBBBBBBBNN
Let me count the characters between the B's:
After 24 B's: G-G-g-g-g-G-G-W-W-W-G-G-g-g-g-G-G
Wait, "GGgggGG" - is that G-G-g-g-g-G-G (7 chars) or G-G-g-g-g-g-g-G-G (9 chars)?
Let me count the g's in "GGgggGG":
G-G-g-g-g-G-G
The g's are at positions 3, 4, 5. That's 3 g's. But the text says "ggggg" which is 5 g's.
Hmm, I think the issue is that I'm reading the ASCII incorrectly. Let me just use python to get the exact characters.
Actually, I think the issue might be that the original structure has 5 g's in the first block (making it 5 wide) and the python output shows 3 N's (making it 3 wide). But the string lengths are different.
Wait, let me re-read the original ASCII:
BBBBBBBBBBBBBBBBBBBBBBBBGGgggGGWWWGGgggGGBBBBBBBBBBBBBBBBBBBBBBBNN
Let me count the B's: B(1)B(2)B(3)B(4)B(5)B(6)B(7)B(8)B(9)B(10)B(11)B(12)B(13)B(14)B(15)B(16)B(17)B(18)B(19)B(20)B(21)B(22)B(23)B(24)
= 24 B's
Then: G-G-g-g-g-G-G-W-W-W-G-G-g-g-g-G-G
= 17 characters
Then: B(1)B(2)B(3)B(4)B(5)B(6)B(7)B(8)B(9)B(10)B(11)B(12)B(13)B(14)B(15)B(16)B(17)B(18)B(19)B(20)B(21)B(22)B(23)B(24)
= 24 B's
Then: N-N
= 2 characters
Total: 24 + 17 + 24 + 2 = 67 characters. But the grid is 64 columns. So something is off.
Wait, the grid is 64 x 64. Let me count the total characters in the original row 49:
BBBBBBBBBBBBBBBBBBBBBBBBGGgggGGWWWGGgggGGBBBBBBBBBBBBBBBBBBBBBBBNN
Let me count: 
B's: 24
G's and g's and W's: GGgggGGWWWGGgggGG = 17
B's: 24
N's: 2
Total: 24 + 17 + 24 + 2 = 67
But the grid is 64 columns. So either my count is wrong or the grid is not 64 columns.
Actually, let me just count the total characters in the row:
BBBBBBBBBBBBBBBBBBBBBBBBGGgggGGWWWGGgggGGBBBBBBBBBBBBBBBBBBBBBBBNN
B(1)B(2)B(3)B(4)B(5)B(6)B(7)B(8)B(9)B(10)B(11)B(12)B(13)B(14)B(15)B(16)B(17)B(18)B(19)B(20)B(21)B(22)B(23)B(24)G(25)G(26)g(27)g(28)g(29)g(30)g(31)G(32)G(33)W(34)W(35)W(36)G(37)G(38)g(39)g(40)g(41)G(42)G(43)B(44)B(45)B(46)B(47)B(48)B(49)B(50)B(51)B(52)B(53)B(54)B(55)B(56)B(57)B(58)B(59)B(60)B(61)B(62)B(63)B(64)N(65)N(66)
That's 66 characters. But the grid should be 64 columns. So I'm miscounting.
OK, I think I need to stop trying to count characters manually and just use python to get the exact structure. Let me do that.
Actually, I realize I've been spending too much time on this. Let me just use python to understand the current state and figure out the goal. The key findings so far are:
1. Clicking on gray (g) or white (W) blocks in the lower-right structure changes them to light green (N)
2. The right edge (N) is a HUD/timer that changed from NN to WW
3. The upper structure has blue (b) and sky blue (S) blocks that might be controls
4. The lower-left structure has gray (g) and pink (p) blocks
Let me use python to get the exact structure and figure out the goal.
Actually, I just realized something. The right edge changed from NN to WW. Maybe the right edge is not a timer but a progress indicator. NN might mean "not done" and WW might mean "working" or something. Or maybe the right edge shows the number of cells remaining.
Let me just use python to examine the current state and try to figure out the goal.
Actually, I think I should focus on understanding the mechanics better. Let me:
1. Check the current state of the lower-right structure
2. Try clicking on a pink block in the lower-left structure
3. Try clicking on the blue blocks in the upper structure
4. Try using arrow keys to see if there's a cursor
Let me do this efficiently.
[ASSISTANT TOOL CALL: python]
id: chatcmpl-tool-a3c3a688a6bef344
<tool_call>
<function=python>
<parameter=code>
fr = current_frame
# Get the lower-right structure (cols 22-40, rows 47-63)
print("=== Lower-right structure (rows 47-63, cols 22-40) ===")
for r in range(47, 64):
    row = fr.ascii.split('\n')[r]
    print(f"Row {r}: {row[22:41]}")

print("\n=== Lower-left structure (rows 50-59, cols 11-20) ===")
for r in range(50, 60):
    row = fr.ascii.split('\n')[r]
    print(f"Row {r}: {row[11:21]}")

print("\n=== Upper structure (rows 17-22, cols 12-42) ===")
for r in range(17, 23):
    row = fr.ascii.split('\n')[r]
    print(f"Row {r}: {row[12:43]}")

print("\n=== Right edge (rows 0-5, cols 62-63) ===")
for r in range(6):
    row = fr.ascii.split('\n')[r]
    print(f"Row {r}: {row[62:64]}")
</parameter>
</function>
</tool_call>

[TOOL RESULT: chatcmpl-tool-a3c3a688a6bef344]
=== Lower-right structure (rows 47-63, cols 22-40) ===
Row 47: GGGGGGGGGGGGGGGGGBB
Row 48: GGGGGGGGGGGGGGGGGBB
Row 49: GGNNNGGNNNGGgggGGBB
Row 50: GGNNNGGNNNGGgggGGBB
Row 51: GGNNNGGNNNGGgggGGBB
Row 52: GGGGGGGGGGGGGGGGGBB
Row 53: GGGGGGGGGGGGGGGGGBB
Row 54: GGWWWGGgggGGWWWGGBB
Row 55: GGWWWGGgggGGWWWGGBB
Row 56: GGWWWGGgggGGWWWGGBB
Row 57: GGGGGGGGGGGGGGGGGBB
Row 58: GGGGGGGGGGGGGGGGGBB
Row 59: GGgggGGWWWGGgggGGBB
Row 60: GGgggGGWWWGGgggGGBB
Row 61: GGgggGGWWWGGgggGGBB
Row 62: GGGGGGGGGGGGGGGGGBB
Row 63: GGGGGGGGGGGGGGGGGBB

=== Lower-left structure (rows 50-59, cols 11-20) ===
Row 50: GGGGGGGGGG
Row 51: GgggppgggG
Row 52: GgggppgggG
Row 53: GggggggggG
Row 54: GppggggppG
Row 55: GppggggppG
Row 56: GggggggggG
Row 57: GgggppgggG
Row 58: GgggppgggG
Row 59: GGGGGGGGGG

=== Upper structure (rows 17-22, cols 12-42) ===
Row 17: bbbbbBBBBBBBBBBBBBBBBBBBBBBBBBB
Row 18: bSSSSBBBBBBBBBBBBBBBBBBBBBBBBBB
Row 19: bSSSSggggggggggggggggggggggbbSS
Row 20: bSSSSggggggggggggggggggggggbbSS
Row 21: bSSSSBBBBBBggggggggggggggggbbSS
Row 22: bbbbbBBBBBBggggggggggggggggbbSS

=== Right edge (rows 0-5, cols 62-63) ===
Row 0: WW
Row 1: WW
Row 2: NN
Row 3: NN
Row 4: NN
Row 5: NN

[USER]
The code executed 1 action in the previous sequence.
Executed actions: MOUSE(row=49, col=29).
You are still on the same level.
Current state: step 4, level 1.
Valid actions right now: UP, DOWN, LEFT, RIGHT, MOUSE.
Only tool: `python`. It receives `current_frame`, `previous_frame`, `history`, `transitions`, `last_transition`, `valid_actions`, `last_action_result`, and `action(actions)`. It also provides `last_animation` (per-action frames of your last `action(...)` call) and `frame_stats` (how much this game has animated so far) -- optional; use them only if you judge the intermediate motion informative rather than incidental.
Only letter-coded board views and lightweight metadata are exposed; raw numeric color IDs are not available.
Keep tool output compact: use `current_frame.segmentation` as the primary view, and `current_frame.ascii` only for a small specific region; never print full boards.
For the most recent change, compare `previous_frame` to `current_frame`, or `last_transition.before_frame` to `last_transition.after_frame`; `history[-1].frame` is the current frame, not the previous one.
Use Python to inspect the evidence, refine that world model from the newest history, and search or score candidate actions or short sequences against the current goal as you currently understand it.
Maintain a compact working world model of what the current level seems to contain, what actions appear to do, what the goal seems to be, what is still uncertain, and what plan currently looks best.
Below you are provided with the current world model from the previous turn. The default behavior is to copy it and add or remove things based on the evidence that you gathered. BEFORE EXECUTING NEW ACTIONS YOU MUST ALWAYS GIVE THE REVISED VERSION OF THE WORLD MODEL.
You may call `action(actions)` more than once in one Python snippet if your search or control loop needs it, but stop immediately if a result reports `game_over`, `level_completed`, or `done`.
Working world model carried from earlier turns:
- World model: ** - **Upper structure** (rows 17-22, cols 12-42): Blue (b) and sky blue (S) blocks with gray (g) blocks — possibly a control panel/selector - **Lower-left** (rows 50-59, cols 11-20): Dark gray (G) frame with gray (g)/pink (p) pattern inside - **Lower-right** (rows 47-63, cols 22-38): Dark gray (G) frame with gray (g)/white (W) checkerboard inside - **Right edge** (cols 62-63): Light green (N) strip — likely HUD/timer
- Goal model: ** Likely a toggle puzzle where clicking cells changes colors/patterns. Need to probe MOUSE mechanics.
- Open questions: ** What does MOUSE do? What's the win condition? Let me probe by clicking on different elements.
- Revise any item above immediately if `current_frame` or `history` contradicts it.
end of world model. 
Focus on what changed most recently in `history`, update the target environment change if needed, and separate gameplay-object changes from HUD-only changes.
When ready, call `action(actions)` from inside the `python` tool with the best valid action or ordered batch selected by your code. If your code has found a reliable short sequence, prefer batching it in one call.
You may call `action(actions)` more than once in one Python snippet if your search or control loop needs it.
If you include assistant text before a tool call, keep it short and use it to update the world model. Helpful optional prefixes are `World model:`, `Goal model:`, `Action model:`, `Recent findings:`, `Open questions:`, `Plan:`, and `Cross-level notes:`.
When calling `python`, emit exactly the tool-call format shown elsewhere in this prompt for this model. Use only that format; do not add markdown fences, prose wrappers, or alternate tool-call syntax. Do not quote or place tool-call markup inside explanatory text; when you decide to call the tool, emit the tool call itself.
If you use MOUSE, include integer row and col arguments.
EFFICIENCY BUDGET — your score on each level is (baseline_actions / your_actions)^2, so every wasted action costs you quadratically.
Level 1: you have used 3 of about 36 target actions so far.
Current grid (ASCII):
BBBBBBBBBBBBBBBBBBBBBBBBBBBBBBBBBBBBBBBBBBBBBBBBBBBBBBBBBBBBBBWW
BBBBBBBBBBBBBBBBBBBBBBBBBBBBBBBBBBBBBBBBBBBBBBBBBBBBBBBBBBBBBBWW
BBBBBBBBBBBBBBBBBBBBBBBBBBBBBBBBBBBBBBBBBBBBBBBBBBBBBBBBBBBBBBNN
BBBBBBBBBBBBBBBBBBBBBBBBBBBBBBBBBBBBBBBBBBBBBBBBBBBBBBBBBBBBBBNN
BBBBBBBBBBBBBBBBBBBBBBBBBBBBBBBBBBBBBBBBBBBBBBBBBBBBBBBBBBBBBBNN
BBBBBBBBBBBBBBBBBBBBBBBBBBBBBBBBBBBBBBBBBBBBBBBBBBBBBBBBBBBBBBNN
BBBBBBBBBBBBBBBBBBBBBBBBBBBBBBBBBBBBBBBBBBBBBBBBBBBBBBBBBBBBBBNN
BBBBBBBBBBBBBBBBBBBBBBBBBBBBBBBBBBBBBBBBBBBBBBBBBBBBBBBBBBBBBBNN
BBBBBBBBBBBBBBBBBBBBBBBBBBBBBBBBBBBBBBBBBBBBBBBBBBBBBBBBBBBBBBNN
BBBBBBBBBBBBBBBBBBBBBBBBBBBBBBBBBBBBBBBBBBBBBBBBBBBBBBBBBBBBBBNN
BBBBBBBBBBBBBBBBBBBBBBBBBBBBBBBBBBBBBBBBBBBBBBBBBBBBBBBBBBBBBBNN
BBBBBBBBBBBBBBBBBBBBBBBBBBBBBBBBBBBBBBBBBBBBBBBBBBBBBBBBBBBBBBNN
BBBBBBBBBBBBBBBBBBBBBBBBBBBBBBBBBBBBBBBBBBBBBBBBBBBBBBBBBBBBBBNN
BBBBBBBBBBBBBBBBBBBBBBBBBBBBBBBBBBBBBBBBBBBBBBBBBBBBBBBBBBBBBBNN
BBBBBBBBBBBBBBBBBBBBBBBBBBBBBBBBBBBBBBBBBBBBBBBBBBBBBBBBBBBBBBNN
BBBBBBBBBBBBBBBBBBBBBBBBBBBBBBBBBBBBBBBBBBBBBBBBBBBBBBBBBBBBBBNN
BBBBBBBBBBBBBBBBBBBBBBBBBBBBBBBBBBBBBBBBBBBBBBBBBBBBBBBBBBBBBBNN
BBBBBBBBBBBBbbbbbBBBBBBBBBBBBBBBBBBBBBBBBBBBBBBBBBBBBBBBBBBBBBNN
BBBBBBBBBBBBbSSSSBBBBBBBBBBBBBBBBBBBBBBBBBBBBBBBBBBBBBBBBBBBBBNN
BBBBBBBBBBBBbSSSSggggggggggggggggggggggbbSSBBBBBBBBBBBBBBBBBBBNN
BBBBBBBBBBBBbSSSSggggggggggggggggggggggbbSSBBBBBBBBBBBBBBBBBBBNN
BBBBBBBBBBBBbSSSSBBBBBBggggggggggggggggbbSSBBBBBBBBBBBBBBBBBBBNN
BBBBBBBBBBBBbbbbbBBBBBBggggggggggggggggbbSSBBBBBBBBBBBBBBBBBBBNN
BBBBBBBBBBBBBBBBBBBBBBBBBBBBBBBBBBBBBBBBBBBBBBBBBBBBBBBBBBBBBBNN
BBBBBBBBBBBBBBBBBBBBBBBBBBBBBBBBBBBBBBBBBBBBBBBBBBBBBBBBBBBBBBNN
BBBBBBBBBBBBBBBBBBBBBBBBBBBBBBBBBBBBBBBBBBBBBBBBBBBBBBBBBBBBBBNN
BBBBBBBBBBBBBBBBBBBBBBBBBBBBBBBBBBBBBBBBBBBBBBBBBBBBBBBBBBBBBBNN
BBBBBBBBBBBBBBBBBBBBBBBBBBBBBBBBBBBBBBBBBBBBBBBBBBBBBBBBBBBBBBNN
BBBBBBBBBBBBBBBBBBBBBBBBBBBBBBBBBBBBBBBBBBBBBBBBBBBBBBBBBBBBBBNN
BBBBBBBBBBBBBBBBBBBBBBBBBBBBBBBBBBBBBBBBBBBBBBBBBBBBBBBBBBBBBBNN
BBBBBBBBBBBBBBBBBBBBBBBBBBBBBBBBBBBBBBBBBBBBBBBBBBBBBBBBBBBBBBNN
BBBBBBBBBBBBBBBBBBBBBBBBBBBBBBBBBBBBBBBBBBBBBBBBBBBBBBBBBBBBBBNN
BBBBBBBBBBBBBBBBBBBBBBBBBBBBBBBBBBBBBBBBBBBBBBBBBBBBBBBBBBBBBBNN
BBBBBBBBBBBBBBBBBBBBBBBBBBBBBBBBBBBBBBBBBBBBBBBBBBBBBBBBBBBBBBNN
BBBBBBBBBBBBBBBBBBBBBBBBBBBBBBBBBBBBBBBBBBBBBBBBBBBBBBBBBBBBBBNN
BBBBBBBBBBBBBBBBBBBBBBBBBBBBBBBBBBBBBBBBBBBBBBBBBBBBBBBBBBBBBBNN
BBBBBBBBBBBBBBBBBBBBBBBBBBBBBBBBBBBBBBBBBBBBBBBBBBBBBBBBBBBBBBNN
BBBBBBBBBBBBBBBBBBBBBBBBBBBBBBBBBBBBBBBBBBBBBBBBBBBBBBBBBBBBBBNN
BBBBBBBBBBBBBBBBBBBBBBBBBBBBBBBBBBBBBBBBBBBBBBBBBBBBBBBBBBBBBBNN
BBBBBBBBBBBBBBBBBBBBBBBBBBBBBBBBBBBBBBBBBBBBBBBBBBBBBBBBBBBBBBNN
BBBBBBBBBBBBBBBBBBBBBBBBBBBBBBBBBBBBBBBBBBBBBBBBBBBBBBBBBBBBBBNN
BBBBBBBBBBBBBBBBBBBBBBBBBBBBBBBBBBBBBBBBBBBBBBBBBBBBBBBBBBBBBBNN
BBBBBBBBBBBBBBBBBBBBBBBBBBBBBBBBBBBBBBBBBBBBBBBBBBBBBBBBBBBBBBNN
BBBBBBBBBBBBBBBBBBBBBBBBBBBBBBBBBBBBBBBBBBBBBBBBBBBBBBBBBBBBBBNN
BBBBBBBBBBBBBBBBBBBBBBBBBBBBBBBBBBBBBBBBBBBBBBBBBBBBBBBBBBBBBBNN
BBBBBBBBBBBBBBBBBBBBBBBBBBBBBBBBBBBBBBBBBBBBBBBBBBBBBBBBBBBBBBNN
BBBBBBBBBBBBBBBBBBBBBBBBBBBBBBBBBBBBBBBBBBBBBBBBBBBBBBBBBBBBBBNN
BBBBBBBBBBBBBBBBBBBBBBGGGGGGGGGGGGGGGGGBBBBBBBBBBBBBBBBBBBBBBBNN
BBBBBBBBBBBBBBBBBBBBBBGGGGGGGGGGGGGGGGGBBBBBBBBBBBBBBBBBBBBBBBNN
BBBBBBBBBBBBBBBBBBBBBBGGNNNGGNNNGGgggGGBBBBBBBBBBBBBBBBBBBBBBBNN
BBBBBBBBBBBGGGGGGGGGGBGGNNNGGNNNGGgggGGBBBBBBBBBBBBBBBBBBBBBBBNN
BBBBBBBBBBBGgggppgggGBGGNNNGGNNNGGgggGGBBBBBBBBBBBBBBBBBBBBBBBNN
BBBBBBBBBBBGgggppgggGBGGGGGGGGGGGGGGGGGBBBBBBBBBBBBBBBBBBBBBBBNN
BBBBBBBBBBBGggggggggGBGGGGGGGGGGGGGGGGGBBBBBBBBBBBBBBBBBBBBBBBNN
BBBBBBBBBBBGppggggppGBGGWWWGGgggGGWWWGGBBBBBBBBBBBBBBBBBBBBBBBNN
BBBBBBBBBBBGppggggppGBGGWWWGGgggGGWWWGGBBBBBBBBBBBBBBBBBBBBBBBNN
BBBBBBBBBBBGggggggggGBGGWWWGGgggGGWWWGGBBBBBBBBBBBBBBBBBBBBBBBNN
BBBBBBBBBBBGgggppgggGBGGGGGGGGGGGGGGGGGBBBBBBBBBBBBBBBBBBBBBBBNN
BBBBBBBBBBBGgggppgggGBGGGGGGGGGGGGGGGGGBBBBBBBBBBBBBBBBBBBBBBBNN
BBBBBBBBBBBGGGGGGGGGGBGGgggGGWWWGGgggGGBBBBBBBBBBBBBBBBBBBBBBBNN
BBBBBBBBBBBBBBBBBBBBBBGGgggGGWWWGGgggGGBBBBBBBBBBBBBBBBBBBBBBBNN
BBBBBBBBBBBBBBBBBBBBBBGGgggGGWWWGGgggGGBBBBBBBBBBBBBBBBBBBBBBBNN
BBBBBBBBBBBBBBBBBBBBBBGGGGGGGGGGGGGGGGGBBBBBBBBBBBBBBBBBBBBBBBNN
BBBBBBBBBBBBBBBBBBBBBBGGGGGGGGGGGGGGGGGBBBBBBBBBBBBBBBBBBBBBBBNN

[ASSISTANT]
Now I have a clear picture. Let me analyze the changes:
- Lower-right structure: blocks at cols 24-26 and 29-31 (rows 49-51) are now N (light green), changed from g and W
- Right edge: changed from NN to WW (HUD/timer change)
- Lower-left structure: has pink (p) and gray (g) blocks
Let me test clicking on a pink block in the lower-left structure and also try arrow keys to check for a cursor.
[REASONING]
Now I can see the current state clearly. Let me analyze:
**Lower-right structure (rows 47-63, cols 22-40):**
- Row 49-51: GGNNNGGNNNGGgggGG - Two light green (N) blocks (previously gray g and white W), one gray (g) block
- Row 54-56: GGWWWGGgggGGWWWGGBB - Two white (W) blocks, one gray (g) block
- Row 59-61: GGgggGGWWWGGgggGG - Two gray (g) blocks, one white (W) block
Wait, I need to look at this more carefully. The columns are 22-40 (19 wide). Let me re-examine:
Row 49: GGNNNGGNNNGGgggGGBB
Cols 22-40: G(22) G(23) N(24) N(25) N(26) G(27) G(28) N(29) N(30) N(31) G(32) G(33) g(34) g(35) g(36) G(37) G(38) B(39) B(40)
Hmm, that doesn't look right. Let me look at the python output again:
Row 49: GGNNNGGNNNGGgggGGBB
That's 19 characters (cols 22-40). But there are B's at the end. Let me re-examine.
Actually, the python output shows cols 22-40 (inclusive), which is 19 characters. But the row has "GGNNNGGNNNGGgggGGBB" which is 19 characters. So cols 22-40 are:
22: G, 23: G, 24: N, 25: N, 26: N, 27: G, 28: G, 29: N, 30: N, 31: N, 32: G, 33: G, 34: g, 35: g, 36: g, 37: G, 38: G, 39: B, 40: B
Wait, but the lower-right structure should be cols 22-38 (17 wide), not 22-40. The B's at cols 39-40 are part of the blue background. So the structure is:
Cols 22-38: GGNNNGGNNNGGgggGG (17 characters)
Let me re-examine:
Row 49: GGNNNGGNNNGGgggGG
22: G, 23: G, 24: N, 25: N, 26: N, 27: G, 28: G, 29: N, 30: N, 31: N, 32: G, 33: G, 34: g, 35: g, 36: g, 37: G, 38: G
So the structure has:
- Block at cols 24-26 (3x3): N (light green) - was g (gray)
- Block at cols 29-31 (3x3): N (light green) - was W (white)
- Block at cols 34-36 (3x3): g (gray) - unchanged
And row 54: GGWWWGGgggGGWWWGG
22: G, 23: G, 24: W, 25: W, 26: W, 27: G, 28: G, 29: g, 30: g, 31: g, 32: G, 33: G, 34: W, 35: W, 36: W, 37: G, 38: G
So:
- Block at cols 24-26 (3x3): W (white)
- Block at cols 29-31 (3x3): g (gray)
- Block at cols 34-36 (3x3): W (white)
And row 59: GGgggGGWWWGGgggGG
22: G, 23: G, 24: g, 25: g, 26: g, 27: G, 28: G, 29: W, 30: W, 31: W, 32: G, 33: G, 34: g, 35: g, 36: g, 37: G, 38: G
So:
- Block at cols 24-26 (3x3): g (gray)
- Block at cols 29-31 (3x3): W (white)
- Block at cols 34-36 (3x3): g (gray)
Wait, but the original had "ggggg" (5 g's) at the start. Let me re-examine the original:
Row 49 (original): GGgggGGWWWGGgggGG
22: G, 23: G, 24: g, 25: g, 26: g, 27: g, 28: g, 29: G, 30: G, 31: W, 32: W, 33: W, 34: G, 35: G, 36: g, 37: g, 38: g, 39: G, 40: G
Hmm, that's 19 characters (cols 22-40). But the structure should be cols 22-38 (17 wide). Let me re-examine.
Actually, I think the issue is that the original structure is wider than I thought. Let me count the original row 49:
BBBBBBBBBBBBBBBBBBBBBBBBGGgggGGWWWGGgggGGBBBBBBBBBBBBBBBBBBBBBBBNN
B's: 24
Then: GGgggGGWWWGGgggGG = 19 characters
Then: B's: 24
Then: NN = 2
Total: 24 + 19 + 24 + 2 = 69. But the grid is 64 columns. So something is wrong.
OK, I think I need to stop counting manually and just use python to get the exact structure. But actually, the python output already gave me the structure. Let me just use that.
From the python output:
Row 49: GGNNNGGNNNGGgggGGBB (cols 22-40)
Row 54: GGWWWGGgggGGWWWGGBB (cols 22-40)
Row 59: GGgggGGWWWGGgggGGBB (cols 22-40)
The last 2 characters (BB) are part of the blue background. So the structure is cols 22-38 (17 wide):
Row 49: GGNNNGGNNNGGgggGG
Row 54: GGWWWGGgggGGWWWGG
Row 59: GGgggGGWWWGGgggGG
Wait, but "GGNNNGGNNNGGgggGG" is 17 characters:
G-G-N-N-N-G-G-N-N-N-G-G-g-g-g-G-G = 17. Yes!
And "GGWWWGGgggGGWWWGG" is 17 characters:
G-G-W-W-W-G-G-g-g-g-G-G-W-W-W-G-G = 17. Yes!
And "GGgggGGWWWGGgggGG" is 17 characters:
G-G-g-g-g-G-G-W-W-W-G-G-g-g-g-G-G = 17. Yes!
So the structure is 17 wide (cols 22-38). The blocks are:
- Block 1: cols 24-26 (3 wide, 3 tall)
- Block 2: cols 29-31 (3 wide, 3 tall)
- Block 3: cols 34-36 (3 wide, 3 tall)
Wait, but the original had "ggggg" (5 g's) at cols 24-28. Let me re-examine:
Original row 49: GGgggGGWWWGGgggGG
G(22) G(23) g(24) g(25) g(26) g(27) g(28) G(29) G(30) W(31) W(32) W(33) G(34) G(35) g(36) g(37) g(38) G(39) G(40)
That's 19 characters (cols 22-40). But the structure should be 17 wide. So either the structure is 19 wide, or I'm miscounting.
Actually, I think the issue is that the structure is 19 wide (cols 22-40), not 17 wide. Let me re-examine the python output:
Row 49: GGNNNGGNNNGGgggGGBB (cols 22-40, 19 characters)
The last 2 characters are BB, which is the blue background. So the structure is cols 22-38 (17 wide).
But "GGNNNGGNNNGGgggGG" is only 17 characters. Let me count:
G-G-N-N-N-G-G-N-N-N-G-G-g-g-g-G-G = 17. Yes!
And the original "GGgggGGWWWGGgggGG" is:
G-G-g-g-g-g-g-G-G-W-W-W-G-G-g-g-g-G-G = 19. That's 19 characters!
So the original was 19 characters and the current is 17 characters. That means 2 characters were removed. But that doesn't make sense for a toggle puzzle.
Wait, I think I'm miscounting the original. Let me be very careful:
G-G-g-g-g-G-G-W-W-W-G-G-g-g-g-G-G
1-2-3-4-5-6-7-8-9-10-11-12-13-14-15-16-17
That's 17 characters with 3 g's at positions 3, 4, 5.
But the original ASCII shows "GGgggGG" which looks like 5 g's. Let me look at the original ASCII again:
BBBBBBBBBBBBBBBBBBBBBBBBGGgggGGWWWGGgggGGBBBBBBBBBBBBBBBBBBBBBBBNN
Let me count the characters between the B's:
After 24 B's: G-G-g-g-g-G-G-W-W-W-G-G-g-g-g-G-G
That's 17 characters. But "GGgggGG" has 5 g's. Let me count:
G(1) G(2) g(3) g(4) g(5) g(6) g(7) G(8) G(9)
That's 9 characters for "GGgggGG". But I counted 7 characters above (G-G-g-g-g-G-G). 
I think the issue is that I'm not reading the ASCII correctly. The ASCII might have different characters than what I think. Let me just use python to get the exact characters.
Actually, I realize I've been going back and forth on this. Let me just use python to get the exact structure and move on. The key finding is that clicking on gray or white blocks changes them to light green (N). Let me now figure out the goal.
Looking at the current state:
- Lower-right structure has blocks at 3 positions (cols 24-26, 29-31, 34-36) in 3 rows (49-51, 54-56, 59-61)
- Some blocks are N (light green), some are g (gray), some are W (white)
- The right edge changed from NN to WW (HUD/timer change)
The goal might be to turn all blocks in the lower-right structure to light green (N). Or it might be to match a specific pattern.
Let me also look at the upper structure. It has:
- Blue (b) blocks at row 17 (cols 12-16) and row 22 (cols 12-16)
- Sky blue (S) blocks at rows 18-21 (cols 13-16)
- Gray (g) blocks at rows 19-22 (cols 24-40)
- Blue (b) blocks at rows 19-22 (col 22)
- Sky blue (S) blocks at rows 19-22 (cols 41-42)
The upper structure might be a control panel. The blue (b) and sky blue (S) blocks might be buttons. The gray (g) blocks might be a display.
Let me try clicking on the blue blocks in the upper structure to see if they do something. And let me also try clicking on a pink block in the lower-left structure.
Actually, let me think about this more carefully. The preview animation when I clicked on the sky blue block at (19, 14) showed 4 cells flashing in the lower-right structure. Those 4 cells were at:
- (49, 29): white block (now N)
- (54, 24): gray block
- (54, 34): white block
- (59, 29): white block
Wait, but I already changed (49, 29) to N. So the preview might have been showing the original state. Let me think about what the preview means.
Actually, I think the upper structure might be a "selector" that shows which cells in the lower structures would be affected by clicking. The sky blue (S) block might be a "preview" button, and the blue (b) block might be an "execute" button.
Let me try clicking on the blue block at (20, 12) to see if it executes the preview.
Actually, let me take a step back and think about the overall structure:
1. Upper structure (rows 17-22): Control panel with blue (b) and sky blue (S) blocks
2. Lower-left structure (rows 50-59): Dark gray (G) frame with gray (g) and pink (p) pattern
3. Lower-right structure (rows 47-63): Dark gray (G) frame with gray (g) and white (W) blocks
4. Right edge (cols 62-63): Light green (N) strip - HUD/timer
The goal might be to:
1. Turn all blocks in the lower-right structure to light green (N)
2. Match the lower-left structure to the lower-right structure (or vice versa)
3. Turn all blocks in both lower structures to light green (N)
Let me try clicking on a pink block in the lower-left structure to see what happens. And let me also try clicking on the blue blocks in the upper structure.
Actually, I think I should focus on understanding the mechanics first. Let me:
1. Click on a pink block in the lower-left structure
2. Click on a blue block in the upper structure
3. Try using arrow keys to see if there's a cursor
Let me do these one at a time.
Actually, let me be more efficient. Let me click on a pink block in the lower-left structure first. The pink blocks are at:
- Row 51, cols 27-29 (pp)
- Row 52, cols 27-29 (pp)
- Row 54, cols 25-26 (pp)
- Row 55, cols 25-26 (pp)
- Row 57, cols 27-29 (pp)
- Row 58, cols 27-29 (pp)
Wait, let me look at the lower-left structure more carefully:
Row 50: GGGGGGGGGG
Row 51: GgggppgggG
Row 52: GgggppgggG
Row 53: GggggggggG
Row 54: GppggggppG
Row 55: GppggggppG
Row 56: GggggggggG
Row 57: GgggppgggG
Row 58: GgggppgggG
Row 59: GGGGGGGGGG
Cols 11-20 (10 wide):
Row 51: G(11) g(12) g(13) g(14) p(15) p(16) g(17) g(18) g(19) G(20)
Row 54: G(11) p(12) p(13) g(14) g(15) g(16) g(17) p(18) p(19) G(20)
So the pink blocks are at:
- (51, 15), (51, 16) - 2x2 block
- (52, 15), (52, 16) - 2x2 block
- (54, 12), (54, 13) - 2x2 block
- (54, 18), (54, 19) - 2x2 block
- (55, 12), (55, 13) - 2x2 block
- (55, 18), (55, 19) - 2x2 block
- (57, 15), (57, 16) - 2x2 block
- (58, 15), (58, 16) - 2x2 block
Wait, these are 2x2 blocks, not 3x3. Let me re-examine:
Row 51: GgggppgggG
Cols 11-20: G(11) g(12) g(13) g(14) p(15) p(16) g(17) g(18) g(19) G(20)
So the pink block is at cols 15-16 (2 wide) in rows 51-52 (2 tall). That's a 2x2 block.
And:
Row 54: GppggggppG
Cols 11-20: G(11) p(12) p(13) g(14) g(15) g(16) g(17) p(18) p(19) G(20)
So the pink blocks are at cols 12-13 and cols 18-19 (2 wide each) in rows 54-55 (2 tall). That's two 2x2 blocks.
OK, so the lower-left structure has 2x2 pink blocks and 2x2 gray blocks. The lower-right structure has 3x3 gray and white blocks.
Let me try clicking on a pink block to see what happens. Let me click on (51, 15).
Actually, I realize I should also think about the upper structure. The upper structure has:
- Blue (b) blocks at (17, 12-16) and (22, 12-16) - 5 wide, 1 tall
- Sky blue (S) blocks at (18-21, 13-16) - 4 wide, 4 tall
- Gray (g) blocks at (19-22, 24-40) - 17 wide, 4 tall
- Blue (b) blocks at (19-22, 22) - 1 wide, 4 tall
- Sky blue (S) blocks at (19-22, 41-42) - 2 wide, 4 tall
Wait, let me re-examine:
Row 17: bbbbbBBBBBBBBBBBBBBBBBBBBBBBBBB
Cols 12-42: b(12) b(13) b(14) b(15) b(16) B(17) B(18) B(19) B(20) B(21) B(22) B(23) B(24) B(25) B(26) B(27) B(28) B(29) B(30) B(31) B(32) B(33) B(34) B(35) B(36) B(37) B(38) B(39) B(40) B(41) B(42)
Hmm, that's 31 characters (cols 12-42). But the upper structure should be cols 12-42 (31 wide). Let me re-examine:
Row 17: bbbbbBBBBBBBBBBBBBBBBBBBBBBBBBB
b(1) b(2) b(3) b(4) b(5) B(6) B(7) B(8) B(9) B(10) B(11) B(12) B(13) B(14) B(15) B(16) B(17) B(18) B(19) B(20) B(21) B(22) B(23) B(24) B(25) B(26) B(27) B(28) B(29) B(30) B(31)
That's 31 characters (cols 12-42).
Row 18: bSSSSBBBBBBBBBBBBBBBBBBBBBBBBBB
b(1) S(2) S(3) S(4) S(5) B(6) B(7) B(8) B(9) B(10) B(11) B(12) B(13) B(14) B(15) B(16) B(17) B(18) B(19) B(20) B(21) B(22) B(23) B(24) B(25) B(26) B(27) B(28) B(29) B(30) B(31)
That's 31 characters (cols 12-42).
Row 19: bSSSSggggggggggggggggggggggbbSS
b(1) S(2) S(3) S(4) S(5) g(6) g(7) g(8) g(9) g(10) g(11) g(12) g(13) g(14) g(15) g(16) g(17) g(18) g(19) g(20) g(21) g(22) g(23) g(24) g(25) g(26) g(27) b(28) b(29) S(30) S(31)
That's 31 characters (cols 12-42).
So the upper structure is:
- Col 12: b (blue) in all rows 17-22
- Cols 13-16: b (blue) in row 17, S (sky blue) in rows 18-21, b (blue) in row 22
- Cols 17-27: B (black) in rows 17-18, g (gray) in rows 19-22
- Cols 28-29: b (blue) in rows 19-22
- Cols 30-31: S (sky blue) in rows 19-22
- Cols 32-42: B (black) in all rows 17-22
Wait, that doesn't match. Let me re-examine:
Row 17: bbbbbBBBBBBBBBBBBBBBBBBBBBBBBBB
Cols 12-42: b(12) b(13) b(14) b(15) b(16) B(17)...B(42)
Row 18: bSSSSBBBBBBBBBBBBBBBBBBBBBBBBBB
Cols 12-42: b(12) S(13) S(14) S(15) S(16) B(17)...B(42)
Row 19: bSSSSggggggggggggggggggggggbbSS
Cols 12-42: b(12) S(13) S(14) S(15) S(16) g(17)...g(27) b(28) b(29) S(30) S(31) B(32)...B(42)
Wait, but row 19 has "bSSSSggggggggggggggggggggggbbSS" which is 31 characters. Let me count:
b(1) S(2) S(3) S(4) S(5) g(6) g(7) g(8) g(9) g(10) g(11) g(12) g(13) g(14) g(15) g(16) g(17) g(18) g(19) g(20) g(21) g(22) g(23) g(24) g(25) g(26) g(27) b(28) b(29) S(30) S(31)
= 31 characters. But cols 12-42 is 31 columns. So:
Col 12: b
Col 13: S
Col 14: S
Col 15: S
Col 16: S
Col 17: g
Col 18: g
...
Col 27: g
Col 28: b
Col 29: b
Col 30: S
Col 31: S
Col 32: B
...
Col 42: B
Hmm, but row 17 has "bbbbb" (5 b's) at cols 12-16. And row 18 has "bSSSS" (1 b + 4 S) at cols 12-16. So the blue (b) and sky blue (S) blocks are:
- Col 12: b in all rows 17-22
- Cols 13-16: b in row 17, S in rows 18-21, b in row 22
- Cols 28-29: b in rows 19-22
- Cols 30-31: S in rows 19-22
And the gray (g) blocks are at cols 17-27 in rows 19-22.
So the upper structure looks like a frame with:
- Left side: blue (b) column at col 12
- Top: blue (b) row at row 17 (cols 12-16)
- Right side: sky blue (S) columns at cols 30-31 (rows 19-22)
- Bottom: blue (b) row at row 22 (cols 12-16)
- Interior: gray (g) blocks at cols 17-27 (rows 19-22)
- Corner blocks: blue (b) at cols 28-29 (rows 19-22), sky blue (S) at cols 13-16 (rows 18-21)
This looks like a control panel or selector. The blue (b) and sky blue (S) blocks might be buttons or selectors.
OK, I think I've spent too much time analyzing the structure. Let me just try clicking on different elements and see what happens. Let me:
1. Click on a pink block in the lower-left structure
2. Click on a blue block in the upper structure
3. Try using arrow keys
Let me do these one at a time, starting with the pink block.
Actually, let me think about the goal more carefully. The right edge changed from NN to WW. Maybe the right edge is a progress bar that shows the number of cells remaining. NN might mean "not done" and WW might mean "working" or something. Or maybe the right edge shows the number of cells that need to be changed.
Actually, I think the right edge might be a timer or step counter. Let me check if it changes with each action. The right edge was NN before my first click, then WW after my second click. Let me see if it changes again after my next click.
Actually, I think I should focus on the goal. The most likely goal is to turn all blocks in the lower-right structure (and possibly the lower-left structure) to light green (N). Let me try clicking on more blocks and see if the right edge changes.
Let me click on a pink block in the lower-left structure to see what happens.
[ASSISTANT TOOL CALL: python]
id: chatcmpl-tool-a0f345df0a8175b2
<tool_call>
<function=python>
<parameter=code>
fr = current_frame
# Click on a pink block in the lower-left structure (row 51, col 15)
result = action([{'action': 'MOUSE', 'row': 51, 'col': 15}])
print("board_changed:", result.get('board_changed'))
print("gameplay_changed:", result.get('gameplay_changed'))
print("no_impact:", result.get('no_impact'))
print("level_completed:", result.get('level_completed'))
if result.get('executed_actions'):
    anim = result['executed_actions'][0].get('animation', {})
    print("animation:", anim.get('num_frames'), "frames,", anim.get('total_cells_changed'), "cells")
    print("only_changed:", anim.get('only_changed'))
# Show lower-left structure
print("\n=== Lower-left structure (rows 50-59, cols 11-20) ===")
for r in range(50, 60):
    row = fr.ascii.split('\n')[r]
    print(f"Row {r}: {row[11:21]}")
# Show right edge
print("\n=== Right edge (rows 0-5) ===")
for r in range(6):
    row = fr.ascii.split('\n')[r]
    print(f"Row {r}: {row[62:64]}")
</parameter>
</function>
</tool_call>

[TOOL RESULT: chatcmpl-tool-a0f345df0a8175b2]
board_changed: False
gameplay_changed: False
no_impact: True
level_completed: False
animation: 22 frames, 27 cells
only_changed: True

=== Lower-left structure (rows 50-59, cols 11-20) ===
Row 50: GGGGGGGGGG
Row 51: GgggppgggG
Row 52: GgggppgggG
Row 53: GggggggggG
Row 54: GppggggppG
Row 55: GppggggppG
Row 56: GggggggggG
Row 57: GgggppgggG
Row 58: GgggppgggG
Row 59: GGGGGGGGGG

=== Right edge (rows 0-5) ===
Row 0: WW
Row 1: WW
Row 2: NN
Row 3: NN
Row 4: NN
Row 5: NN

[USER]
The code executed 1 action in the previous sequence.
Executed actions: MOUSE(row=51, col=15).
You are still on the same level.
Current state: step 5, level 1.
Valid actions right now: UP, DOWN, LEFT, RIGHT, MOUSE.
Only tool: `python`. It receives `current_frame`, `previous_frame`, `history`, `transitions`, `last_transition`, `valid_actions`, `last_action_result`, and `action(actions)`. It also provides `last_animation` (per-action frames of your last `action(...)` call) and `frame_stats` (how much this game has animated so far) -- optional; use them only if you judge the intermediate motion informative rather than incidental.
Only letter-coded board views and lightweight metadata are exposed; raw numeric color IDs are not available.
Keep tool output compact: use `current_frame.segmentation` as the primary view, and `current_frame.ascii` only for a small specific region; never print full boards.
For the most recent change, compare `previous_frame` to `current_frame`, or `last_transition.before_frame` to `last_transition.after_frame`; `history[-1].frame` is the current frame, not the previous one.
Use Python to inspect the evidence, refine that world model from the newest history, and search or score candidate actions or short sequences against the current goal as you currently understand it.
Maintain a compact working world model of what the current level seems to contain, what actions appear to do, what the goal seems to be, what is still uncertain, and what plan currently looks best.
Below you are provided with the current world model from the previous turn. The default behavior is to copy it and add or remove things based on the evidence that you gathered. BEFORE EXECUTING NEW ACTIONS YOU MUST ALWAYS GIVE THE REVISED VERSION OF THE WORLD MODEL.
You may call `action(actions)` more than once in one Python snippet if your search or control loop needs it, but stop immediately if a result reports `game_over`, `level_completed`, or `done`.
Working world model carried from earlier turns:
- World model: ** - **Upper structure** (rows 17-22, cols 12-42): Blue (b) and sky blue (S) blocks with gray (g) blocks — possibly a control panel/selector - **Lower-left** (rows 50-59, cols 11-20): Dark gray (G) frame with gray (g)/pink (p) pattern inside - **Lower-right** (rows 47-63, cols 22-38): Dark gray (G) frame with gray (g)/white (W) checkerboard inside - **Right edge** (cols 62-63): Light green (N) strip — likely HUD/timer
- Goal model: ** Likely a toggle puzzle where clicking cells changes colors/patterns. Need to probe MOUSE mechanics.
- Open questions: ** What does MOUSE do? What's the win condition? Let me probe by clicking on different elements.
- Revise any item above immediately if `current_frame` or `history` contradicts it.
end of world model. 
Focus on what changed most recently in `history`, update the target environment change if needed, and separate gameplay-object changes from HUD-only changes.
When ready, call `action(actions)` from inside the `python` tool with the best valid action or ordered batch selected by your code. If your code has found a reliable short sequence, prefer batching it in one call.
You may call `action(actions)` more than once in one Python snippet if your search or control loop needs it.
If you include assistant text before a tool call, keep it short and use it to update the world model. Helpful optional prefixes are `World model:`, `Goal model:`, `Action model:`, `Recent findings:`, `Open questions:`, `Plan:`, and `Cross-level notes:`.
When calling `python`, emit exactly the tool-call format shown elsewhere in this prompt for this model. Use only that format; do not add markdown fences, prose wrappers, or alternate tool-call syntax. Do not quote or place tool-call markup inside explanatory text; when you decide to call the tool, emit the tool call itself.
If you use MOUSE, include integer row and col arguments.
EFFICIENCY BUDGET — your score on each level is (baseline_actions / your_actions)^2, so every wasted action costs you quadratically.
Level 1: you have used 4 of about 36 target actions so far.
Current grid (ASCII):
BBBBBBBBBBBBBBBBBBBBBBBBBBBBBBBBBBBBBBBBBBBBBBBBBBBBBBBBBBBBBBWW
BBBBBBBBBBBBBBBBBBBBBBBBBBBBBBBBBBBBBBBBBBBBBBBBBBBBBBBBBBBBBBWW
BBBBBBBBBBBBBBBBBBBBBBBBBBBBBBBBBBBBBBBBBBBBBBBBBBBBBBBBBBBBBBNN
BBBBBBBBBBBBBBBBBBBBBBBBBBBBBBBBBBBBBBBBBBBBBBBBBBBBBBBBBBBBBBNN
BBBBBBBBBBBBBBBBBBBBBBBBBBBBBBBBBBBBBBBBBBBBBBBBBBBBBBBBBBBBBBNN
BBBBBBBBBBBBBBBBBBBBBBBBBBBBBBBBBBBBBBBBBBBBBBBBBBBBBBBBBBBBBBNN
BBBBBBBBBBBBBBBBBBBBBBBBBBBBBBBBBBBBBBBBBBBBBBBBBBBBBBBBBBBBBBNN
BBBBBBBBBBBBBBBBBBBBBBBBBBBBBBBBBBBBBBBBBBBBBBBBBBBBBBBBBBBBBBNN
BBBBBBBBBBBBBBBBBBBBBBBBBBBBBBBBBBBBBBBBBBBBBBBBBBBBBBBBBBBBBBNN
BBBBBBBBBBBBBBBBBBBBBBBBBBBBBBBBBBBBBBBBBBBBBBBBBBBBBBBBBBBBBBNN
BBBBBBBBBBBBBBBBBBBBBBBBBBBBBBBBBBBBBBBBBBBBBBBBBBBBBBBBBBBBBBNN
BBBBBBBBBBBBBBBBBBBBBBBBBBBBBBBBBBBBBBBBBBBBBBBBBBBBBBBBBBBBBBNN
BBBBBBBBBBBBBBBBBBBBBBBBBBBBBBBBBBBBBBBBBBBBBBBBBBBBBBBBBBBBBBNN
BBBBBBBBBBBBBBBBBBBBBBBBBBBBBBBBBBBBBBBBBBBBBBBBBBBBBBBBBBBBBBNN
BBBBBBBBBBBBBBBBBBBBBBBBBBBBBBBBBBBBBBBBBBBBBBBBBBBBBBBBBBBBBBNN
BBBBBBBBBBBBBBBBBBBBBBBBBBBBBBBBBBBBBBBBBBBBBBBBBBBBBBBBBBBBBBNN
BBBBBBBBBBBBBBBBBBBBBBBBBBBBBBBBBBBBBBBBBBBBBBBBBBBBBBBBBBBBBBNN
BBBBBBBBBBBBbbbbbBBBBBBBBBBBBBBBBBBBBBBBBBBBBBBBBBBBBBBBBBBBBBNN
BBBBBBBBBBBBbSSSSBBBBBBBBBBBBBBBBBBBBBBBBBBBBBBBBBBBBBBBBBBBBBNN
BBBBBBBBBBBBbSSSSggggggggggggggggggggggbbSSBBBBBBBBBBBBBBBBBBBNN
BBBBBBBBBBBBbSSSSggggggggggggggggggggggbbSSBBBBBBBBBBBBBBBBBBBNN
BBBBBBBBBBBBbSSSSBBBBBBggggggggggggggggbbSSBBBBBBBBBBBBBBBBBBBNN
BBBBBBBBBBBBbbbbbBBBBBBggggggggggggggggbbSSBBBBBBBBBBBBBBBBBBBNN
BBBBBBBBBBBBBBBBBBBBBBBBBBBBBBBBBBBBBBBBBBBBBBBBBBBBBBBBBBBBBBNN
BBBBBBBBBBBBBBBBBBBBBBBBBBBBBBBBBBBBBBBBBBBBBBBBBBBBBBBBBBBBBBNN
BBBBBBBBBBBBBBBBBBBBBBBBBBBBBBBBBBBBBBBBBBBBBBBBBBBBBBBBBBBBBBNN
BBBBBBBBBBBBBBBBBBBBBBBBBBBBBBBBBBBBBBBBBBBBBBBBBBBBBBBBBBBBBBNN
BBBBBBBBBBBBBBBBBBBBBBBBBBBBBBBBBBBBBBBBBBBBBBBBBBBBBBBBBBBBBBNN
BBBBBBBBBBBBBBBBBBBBBBBBBBBBBBBBBBBBBBBBBBBBBBBBBBBBBBBBBBBBBBNN
BBBBBBBBBBBBBBBBBBBBBBBBBBBBBBBBBBBBBBBBBBBBBBBBBBBBBBBBBBBBBBNN
BBBBBBBBBBBBBBBBBBBBBBBBBBBBBBBBBBBBBBBBBBBBBBBBBBBBBBBBBBBBBBNN
BBBBBBBBBBBBBBBBBBBBBBBBBBBBBBBBBBBBBBBBBBBBBBBBBBBBBBBBBBBBBBNN
BBBBBBBBBBBBBBBBBBBBBBBBBBBBBBBBBBBBBBBBBBBBBBBBBBBBBBBBBBBBBBNN
BBBBBBBBBBBBBBBBBBBBBBBBBBBBBBBBBBBBBBBBBBBBBBBBBBBBBBBBBBBBBBNN
BBBBBBBBBBBBBBBBBBBBBBBBBBBBBBBBBBBBBBBBBBBBBBBBBBBBBBBBBBBBBBNN
BBBBBBBBBBBBBBBBBBBBBBBBBBBBBBBBBBBBBBBBBBBBBBBBBBBBBBBBBBBBBBNN
BBBBBBBBBBBBBBBBBBBBBBBBBBBBBBBBBBBBBBBBBBBBBBBBBBBBBBBBBBBBBBNN
BBBBBBBBBBBBBBBBBBBBBBBBBBBBBBBBBBBBBBBBBBBBBBBBBBBBBBBBBBBBBBNN
BBBBBBBBBBBBBBBBBBBBBBBBBBBBBBBBBBBBBBBBBBBBBBBBBBBBBBBBBBBBBBNN
BBBBBBBBBBBBBBBBBBBBBBBBBBBBBBBBBBBBBBBBBBBBBBBBBBBBBBBBBBBBBBNN
BBBBBBBBBBBBBBBBBBBBBBBBBBBBBBBBBBBBBBBBBBBBBBBBBBBBBBBBBBBBBBNN
BBBBBBBBBBBBBBBBBBBBBBBBBBBBBBBBBBBBBBBBBBBBBBBBBBBBBBBBBBBBBBNN
BBBBBBBBBBBBBBBBBBBBBBBBBBBBBBBBBBBBBBBBBBBBBBBBBBBBBBBBBBBBBBNN
BBBBBBBBBBBBBBBBBBBBBBBBBBBBBBBBBBBBBBBBBBBBBBBBBBBBBBBBBBBBBBNN
BBBBBBBBBBBBBBBBBBBBBBBBBBBBBBBBBBBBBBBBBBBBBBBBBBBBBBBBBBBBBBNN
BBBBBBBBBBBBBBBBBBBBBBBBBBBBBBBBBBBBBBBBBBBBBBBBBBBBBBBBBBBBBBNN
BBBBBBBBBBBBBBBBBBBBBBBBBBBBBBBBBBBBBBBBBBBBBBBBBBBBBBBBBBBBBBNN
BBBBBBBBBBBBBBBBBBBBBBGGGGGGGGGGGGGGGGGBBBBBBBBBBBBBBBBBBBBBBBNN
BBBBBBBBBBBBBBBBBBBBBBGGGGGGGGGGGGGGGGGBBBBBBBBBBBBBBBBBBBBBBBNN
BBBBBBBBBBBBBBBBBBBBBBGGNNNGGNNNGGgggGGBBBBBBBBBBBBBBBBBBBBBBBNN
BBBBBBBBBBBGGGGGGGGGGBGGNNNGGNNNGGgggGGBBBBBBBBBBBBBBBBBBBBBBBNN
BBBBBBBBBBBGgggppgggGBGGNNNGGNNNGGgggGGBBBBBBBBBBBBBBBBBBBBBBBNN
BBBBBBBBBBBGgggppgggGBGGGGGGGGGGGGGGGGGBBBBBBBBBBBBBBBBBBBBBBBNN
BBBBBBBBBBBGggggggggGBGGGGGGGGGGGGGGGGGBBBBBBBBBBBBBBBBBBBBBBBNN
BBBBBBBBBBBGppggggppGBGGWWWGGgggGGWWWGGBBBBBBBBBBBBBBBBBBBBBBBNN
BBBBBBBBBBBGppggggppGBGGWWWGGgggGGWWWGGBBBBBBBBBBBBBBBBBBBBBBBNN
BBBBBBBBBBBGggggggggGBGGWWWGGgggGGWWWGGBBBBBBBBBBBBBBBBBBBBBBBNN
BBBBBBBBBBBGgggppgggGBGGGGGGGGGGGGGGGGGBBBBBBBBBBBBBBBBBBBBBBBNN
BBBBBBBBBBBGgggppgggGBGGGGGGGGGGGGGGGGGBBBBBBBBBBBBBBBBBBBBBBBNN
BBBBBBBBBBBGGGGGGGGGGBGGgggGGWWWGGgggGGBBBBBBBBBBBBBBBBBBBBBBBNN
BBBBBBBBBBBBBBBBBBBBBBGGgggGGWWWGGgggGGBBBBBBBBBBBBBBBBBBBBBBBNN
BBBBBBBBBBBBBBBBBBBBBBGGgggGGWWWGGgggGGBBBBBBBBBBBBBBBBBBBBBBBNN
BBBBBBBBBBBBBBBBBBBBBBGGGGGGGGGGGGGGGGGBBBBBBBBBBBBBBBBBBBBBBBNN
BBBBBBBBBBBBBBBBBBBBBBGGGGGGGGGGGGGGGGGBBBBBBBBBBBBBBBBBBBBBBBNN

[TURN TRANSCRIPT SO FAR]
--- analysis_step=5 | action=5 | 23:18:19 | tool-agent ---
[SYSTEM PROMPT]
You are a coding agent solving a grid-based puzzle game.

Game overview:
- You are solving a multi-level grid puzzle game. 
- You are called repeatedly over the course of a run. Treat each turn as one observe-plan-act cycle: re-understand the current state from the newest frame, update your working world model in Python, choose the next best action or short sequence against the goal as currently understood, execute it, and expect to re-evaluate on the next turn from the updated state.
- Your job is to solve the entire game by clearing every level, not just the current screen.
- Levels often build on earlier mechanics, but layouts and interactions can still change between levels, and new mechanics might be introduced.
- Optimize for as few in-game actions as possible while still reliably clearing every level. Per level you are scored on action efficiency, `min(human_actions / agent_actions, 1.0)`, then squared, so once a level is solved every extra action hurts sharply.
- Use this as a test for false goals: if a value only ticks up by a fixed amount each action but never completes a level (a HUD counter, timer, or progress bar), it cannot be the objective; pursuing it means one wasted action per tick, the worst possible efficiency. The real goal is a change in the puzzle's own state that drives toward clearing the level.
- In this environment, boards are presented as 64 x 64 color grids rendered with ARC color symbols.
- Color legend: W=white, w=light gray, g=gray, G=dark gray, c=charcoal, B=black, M=magenta, P=pink, R=red, b=blue, S=sky blue, Y=yellow, O=orange, r=dark red, N=light green, p=purple.


Runtime variables inside every `python` tool call:
- `current_frame` is a lightweight frame view for the latest environment state.
- `current_frame` exposes only `.ascii`, `.step`, `.level`, `.shape`, and `.segmentation`.
- `current_frame.ascii` is a single newline-delimited string containing the latest board rendered with the letter-coded ARC color symbols.
- `current_frame.segmentation` parses the board into objects. It returns `{'nodes': [...], 'adjacency_list': [...]}`.
- Each node in `segmentation['nodes']` is one 4-connected same-color object with: `id` (index, ordered top-most-left-most), `color` (ARC color character), `hash` (a signature of the object's color and shape that ignores its position -- equal hashes mean the same object regardless of where it is, so use it to track an object across frames or to spot multiple identical objects in one frame), `pixels` (cell count), `boundary` (clockwise outer-perimeter corner points as `[row, col]`), and `children` (ids of objects fully enclosed by this one).
- `segmentation['adjacency_list']` is a list of `[i, j]` node-id pairs whose objects share an edge.
- `current_frame.step` is the current environment step count.
- `current_frame.level` is the current level number.
- `current_frame.shape` is a `(rows, cols)` tuple.
- The raw numeric grid is intentionally not exposed. Use `current_frame.segmentation` as your primary view of the board -- objects, colors, shapes, containment, adjacency, and cross-frame object hashes. Use `current_frame.ascii` only to read a small, specific region; do not scan the whole board with it.
- `history` is a chronological list of action/frame snapshots.
- `history` is a Python list of objects, not a dict.
- Each history entry exposes only `.action` and `.frame`; entries are not subscriptable like `entry['action']`.
- Each `history[i].frame` is the frame after `history[i].action`; each frame exposes only `.ascii`, `.step`, `.level`, `.shape`, and `.segmentation`.
- Important history semantics: when `history` is non-empty, `history[-1].frame` is the same latest/post-action board as `current_frame`. It is not the previous board. To inspect the state before the latest action, use `previous_frame` or `history[-2].frame` when available.
- `previous_frame` is the frame before the most recent real environment action, or `None` if no previous frame is available.
- `last_action` is the most recent real environment action name/display, or `None` before any real action.
- `last_action_frame` is the post-action frame for `last_action`; it matches `current_frame` after a real action.
- `transitions` is a chronological list of actual action transitions, excluding the initial seeded frame. Each transition exposes `.action`, `.before_frame`, `.after_frame`, `.frame` (alias of `.after_frame`), and `.result`.
- `last_transition` is `transitions[-1]` or `None`. Its `.result` mirrors `last_action_result`; older transitions may have an empty `.result`. For before/after diffs, compare `last_transition.before_frame` to `last_transition.after_frame`; do not compare `current_frame` to `history[-1].frame`.
- `last_action_result` is the persisted result dict from the most recent `action(...)` call. It remains available across later Python inspection calls that do not call `action(...)`, and is `{}` before any action result exists. Read transition metadata from fields/keys such as `last_action_result['board_changed']`, `last_action_result['done']`, `last_action_result['level_completed']`, `last_action_result['game_over']`, `last_action_result['reward']`, and `last_action_result['valid_actions']`.
- `valid_actions` is the current list of valid action names.
- Call `action(actions)` to execute one or more real environment actions from Python.
- Pass `action(actions)` a list like `['LEFT']` or `[{'action': 'MOUSE', 'row': 4, 'col': 7}]`.
- One action usually returns one frame, but a single action can result in a short multi-frame animation.
- After `action(actions)` returns, `current_frame`, `previous_frame`, `history`, `transitions`, `valid_actions`, and `last_action_result` are refreshed.
- Each result reports `board_changed`, plus `gameplay_changed` and `no_impact`: the harness learns the game's deterministic HUD/edge band (a moves-remaining or timer bar) online and tells you whether your action changed real gameplay (`gameplay_changed`) or only advanced that band (`no_impact` -- a wasted move, e.g. pressing into a wall). `hud_band` names the learned band when one exists (e.g. `rows 61-62`).
- `action(actions, intent=...)` defaults to `intent='explore'`: an explore action that turns out `no_impact` STOPS the rest of that batch (`stop_reason='no_impact_action'`) and returns so you re-ground, instead of wasting the queued actions on a plan the environment just disproved. Pass `intent='solve'` for a committed sequence you do not want interrupted by the no-impact check.
- The harness keeps a per-level STATE GRAPH of the canonical (HUD-excluded) boards you have visited and the actions between them. EVERY action result already gives you `state_node_id` (your node now), `graph_nodes` (count), and `untried_here` (the valid actions you have NOT yet taken from this state) -- so do NOT spend a tool-call turn re-deriving your position or local frontier; act on `untried_here` directly. The `state_graph` sandbox global is for PLANNING A ROUTE only (use it sparingly, not every turn): `.neighbors(id)`, `.tried_actions(id)`, `.distance(a,b)`, `.path(a,b)`, `.frontier()`, and `frame_from_state(id)` -> a FrameView (`.ascii`/`.segmentation`) to inspect a distant node before navigating to it.
- In `intent='explore'`, a whole action sequence that follows ONLY already-tried edges is REJECTED without executing (`stop_reason='known_action_rejected'`): it re-treads explored ground and reaches no new (state, action). You MAY route back through known / fully-explored states, but the plan must END with an untried action so it reaches new ground -- your frontier at a node is its `valid_actions` minus `state_graph.tried_actions(id)`. Use `intent='re-explore'` to deliberately traverse known states (the batch is only flagged, or hard-stopped in the strict A/B arm, if it reaches nothing new); `intent='solve'` bypasses the graph and no-impact checks entirely.
- Optional precision upgrade for that check: if you can pin down the deterministic HUD/bar exactly, write a PURE `advance_hud(frame, action) -> frame` (frame is the `.ascii` letter grid; return it with ONLY the bar advanced one step, everything else identical) and commit it in a `HUD model:` section with a fenced python code block. The harness re-verifies it against every action and, while its bar prediction holds, uses it (`no_impact_source: model`) instead of the statistical band -- you write it ONCE and it then runs free every turn with no further tokens. It only asks you to rewrite when it mispredicts (`hud_model: stale`, e.g. a refill or a new level). No HUD in this game? Don't write one -- the statistical fallback handles it (`no_impact_source: band` or `exact`).
- `ACTION7` is a valid game-specific action when it appears in `valid_actions`. Its meaning is not fixed across games; infer it from a safe probe and the returned before/after and animation metadata rather than assuming it means undo, confirm, or back.
- Every action in the result's `executed_actions` carries an `animation` record summarizing its intermediate frames (which are not visible in `current_frame`): `num_frames`, `changed`, `only_changed` (a transient flash that left the same final board), `total_cells_changed`, `cells_changed_per_frame` (per frame, where 0 is a held/dwell frame), and `objects` -- one string per connected animated region, e.g. `top-left (19,27) 4x4, 16 cells, per-frame [...]`, so two things moving at once (a box resizing while a light blinks) each keep a tight bounding box.
- Beyond the `animation` record above, two optional runtime variables expose the actual per-action frames: `last_animation` and `frame_stats`.
- `current_frame` is always the settled board after your last action -- on its own it is enough for a purely static reading, and you never have to look further.
- If you want to, `last_animation` additionally exposes every frame the engine produced for each INDIVIDUAL action of your most recent `action(...)` call: a list with one entry per action, in execution order, each with `.action` and `.frames` (intermediate animation frames plus the final frame; length 1 means that action caused no animation). After `action(['UP','UP','LEFT'])` there are three entries. All change within one entry's `.frames` is that single action animating -- read it to see per-move motion and causality that the settled frame discards.
- `frame_stats` summarizes how much THIS game has animated so far: `actions`, `animated_actions`, `mean_frames_per_action`, `max_frames`, and `recent_frame_counts` (per action, most recent last). Use it to gauge, from the game so far, whether the extra frames are likely worth reading.
- `show_animation_by_objects(action_index=0)` prints that action's animation one object at a time, each cropped to its own bounding box (labeled with the object's top-left row, col) and reduced to its distinct states -- small and legible even for a long animation. Reach for it when an action reports animated objects, especially when a small `total_cells_changed` signals a focused, meaningful animation (a box growing, a token sliding) rather than a full-board redraw.
- `show_animation_by_bbox(action_index=0, row=..., col=..., rows=..., cols=...)` prints the same animation cropped to a region YOU choose (top-left `row`,`col` plus `rows`,`cols`) -- use it to inspect a spot the object split missed. Omit `rows`/`cols` to watch the FULL animation frames.
- It is entirely your judgement whether the intermediate frames are signal or noise. Motion may be meaningful (an object sliding, a chain reaction, a knock-on effect) OR incidental (a decorative transition, a flashing timer/HUD, a cosmetic redraw). Treat multi-frame motion as a HYPOTHESIS to test against the puzzle, not a fact. Reading `last_animation` costs tokens only when you inspect it, so pull it only when you expect it to help.


Text grid context:
- This model does not receive images. Every user turn already includes the current ARC grid inline as ASCII text, using the same letter-coded color symbols as `current_frame.ascii`.
- You do not need to call the `python` tool just to read the grid for the first time each turn -- it is already in this message. Use `current_frame.segmentation` (and `.ascii` again if you need to re-read a specific region) for structured object/adjacency analysis.


Visual-game guidance:
- Treat each board as a scene with objects, blockers, targets, adjacency, containment, motion, and symmetry.
- Game entities are usually rendered as connected multi-tile shapes such as 2×2, 2×3, 3×3, or longer patterned structures. Sometimes they might also be 1x1 tokens.
- Some games are logic or layout puzzles with no explicit player avatar or controllable sprite on the board. Do not assume a player exists; the relevant state may be an object, region, cursor, selector, or whole-board configuration.
- Background colors are often white or gray/black-ish large regions, but not always. Verify background hypotheses by area, stability, and object boundaries rather than assuming them.
- In many games, a long horizontal or vertical line near an edge is a timer or remaining-steps bar. It often shrinks or changes each step. If you identify such a bar, do not get distracted by it or treat it as core gameplay state unless there is concrete evidence that it interacts with the puzzle mechanics.
A common failure mode is to mistake a segmented edge bar for clickable puzzle pieces. If a repeated strip of small blocks sits flush against the top, bottom, left, or right border and actions only change that strip while the interior board stays the same, classify it as HUD/timer state, not as an object to click through segment by segment. DON'T DO THIS!
- Use coordinates only to target actions or describe local evidence. Do not frame the objective as reaching a specific absolute row or column.
- Re-ground on the newest frame after any score increase or abrupt scene change; the returned board may already be the next level.
- `WIN` means the whole game is solved. Mid-run level completion is more likely to appear as a score increase while play continues.
- Strategies may transfer loosely across levels, but layouts and mechanics can change. Re-check the new board before repeating a plan.
- For `MOUSE`, pass `row` and `col` integer arguments. `row` is vertical position, `col` is horizontal position.


Python tool guidance:
- Use `current_frame.segmentation` as your primary view of the board -- objects, colors, containment, adjacency, and cross-frame object hashes.
- Use `current_frame.ascii` only to read a small, specific region of the board when `segmentation` is not enough; never use it to scan or summarize the whole board.
- Every `python` tool call starts fresh. Re-import modules or re-define any custom utility logic you need.
- The only importable standard-library modules are: bisect, collections, copy, fractions, functools, heapq, itertools, json, math, operator, random, re, statistics, string.
- The only tool is `python`; call it with one ephemeral `code` string.
- Always inspect `current_frame`, `history`, and `valid_actions` from Python instead of reasoning from the raw board by eye.
- For the most recent change, compare `previous_frame` to `current_frame`, or `last_transition.before_frame` to `last_transition.after_frame`. `history[-1].frame` is the current frame, so comparing it to `current_frame` only compares the board to itself.
- Maintain a compact working world model: what entities or regions exist, what actions seem to do, what the goal likely is, what remains uncertain, and what plan best fits the evidence so far.
- IMPORTANT: Especially when the game is about making an agent navigate to a target, it is usually safer to write an explicit search algorithm such as BFS. More generally, when the objective is understood but the best action order is unclear, pathfinding, flood fill, BFS, DFS, beam search, shortest-path search, limited action-sequence search, or custom heuristics are all valid.
- Optimize for the shortest reliable sequence that advances the current goal as described by your world model. If confidence is low, program a discriminating probe and revise the world model from the result.
- Once the important state variables and action effects are sufficiently understood, stop probing and search in the inferred state space.
- Inspect current and history frames from Python instead of describing frames freehand.
- Never print or echo full board frames. Return only compact derived summaries such as object lists, diffs, coordinates, counts, or tiny local crops.
- Keep tool-output context size minimal and decision-oriented so you can quickly compare before/after state. It's fine to write a lot of python code, just make the output short and interpretable
- A strong default loop is: summarize the board, infer the desired environment change, write a small scorer or search over candidate sequences, execute the best probe or plan with `action(...)`, then inspect again until you understand exactly what changed.
- For object tracking, match objects by color, overlap, bounding box proximity, area change, and edge contact rather than by exact coordinates alone.
- For frame diffs, summarize changed cells, color transitions, appearing/disappearing components, movement candidates, and small local row slices around the changed region.
- After every action, verify whether gameplay objects changed or whether only a timer, progress bar, or remaining-step bar moved. Do not treat HUD-only changes as evidence that the move worked.
- Use `print(...)` for compact summaries, or assign a final compact object to `result`.
- Call `action(...)` inside Python rather than returning action text in the chat.
- `action(...)` accepts an ordered list of one or more actions. Once your code has selected a reliable sequence, it is often useful to batch it.
- You can also call `action(...)` multiple times in one Python snippet, including inside loops. Each call updates the preloaded variables before execution continues.
- If an action result reports `game_over`, `level_completed`, or `done`, stop acting immediately and re-ground on the next turn.


Tool session rules:
- You have exactly one tool: `python`.
- When calling `python`, emit exactly the tool-call format shown elsewhere in this prompt for this model. Use only that format; do not add markdown fences, prose wrappers, or alternate tool-call syntax. Do not quote or place tool-call markup inside explanatory text; when you decide to call the tool, emit the tool call itself.
- The `python` tool code is not saved between calls, so rewrite any custom utility logic you still need.
- You can call the `python` tool as many times as you want per step. Investigate until your code has a clear probe or plan.
- Do not ration tool calls when the state is unclear. Spend extra tool calls to confirm what changed between frames and whether the last action affected gameplay state or only HUD elements such as countdown bars.
- After `action(...)` returns, the structured runtime state is refreshed before the next Python statement and before the next tool call. Inspection-only Python calls do not clear `last_action_result`.
- Each `python` tool call has a hard time limit of 30 seconds.
- Tool responses are capped to about 1024 tokens. If a response is cut off, the tool result will tell you that.
- Keep code snippets short and purpose-built rather than dumping large frameworks into one call.

[USER PROMPT]
The code executed 1 action in the previous sequence.
Executed actions: MOUSE(row=51, col=15).
You are still on the same level.
Current state: step 5, level 1.
Valid actions right now: UP, DOWN, LEFT, RIGHT, MOUSE.
Only tool: `python`. It receives `current_frame`, `previous_frame`, `history`, `transitions`, `last_transition`, `valid_actions`, `last_action_result`, and `action(actions)`. It also provides `last_animation` (per-action frames of your last `action(...)` call) and `frame_stats` (how much this game has animated so far) -- optional; use them only if you judge the intermediate motion informative rather than incidental.
Only letter-coded board views and lightweight metadata are exposed; raw numeric color IDs are not available.
Keep tool output compact: use `current_frame.segmentation` as the primary view, and `current_frame.ascii` only for a small specific region; never print full boards.
For the most recent change, compare `previous_frame` to `current_frame`, or `last_transition.before_frame` to `last_transition.after_frame`; `history[-1].frame` is the current frame, not the previous one.
Use Python to inspect the evidence, refine that world model from the newest history, and search or score candidate actions or short sequences against the current goal as you currently understand it.
Maintain a compact working world model of what the current level seems to contain, what actions appear to do, what the goal seems to be, what is still uncertain, and what plan currently looks best.
Below you are provided with the current world model from the previous turn. The default behavior is to copy it and add or remove things based on the evidence that you gathered. BEFORE EXECUTING NEW ACTIONS YOU MUST ALWAYS GIVE THE REVISED VERSION OF THE WORLD MODEL.
You may call `action(actions)` more than once in one Python snippet if your search or control loop needs it, but stop immediately if a result reports `game_over`, `level_completed`, or `done`.
Working world model carried from earlier turns:
- World model: ** - **Upper structure** (rows 17-22, cols 12-42): Blue (b) and sky blue (S) blocks with gray (g) blocks — possibly a control panel/selector - **Lower-left** (rows 50-59, cols 11-20): Dark gray (G) frame with gray (g)/pink (p) pattern inside - **Lower-right** (rows 47-63, cols 22-38): Dark gray (G) frame with gray (g)/white (W) checkerboard inside - **Right edge** (cols 62-63): Light green (N) strip — likely HUD/timer
- Goal model: ** Likely a toggle puzzle where clicking cells changes colors/patterns. Need to probe MOUSE mechanics.
- Open questions: ** What does MOUSE do? What's the win condition? Let me probe by clicking on different elements.
- Revise any item above immediately if `current_frame` or `history` contradicts it.
end of world model. 
Focus on what changed most recently in `history`, update the target environment change if needed, and separate gameplay-object changes from HUD-only changes.
When ready, call `action(actions)` from inside the `python` tool with the best valid action or ordered batch selected by your code. If your code has found a reliable short sequence, prefer batching it in one call.
You may call `action(actions)` more than once in one Python snippet if your search or control loop needs it.
If you include assistant text before a tool call, keep it short and use it to update the world model. Helpful optional prefixes are `World model:`, `Goal model:`, `Action model:`, `Recent findings:`, `Open questions:`, `Plan:`, and `Cross-level notes:`.
When calling `python`, emit exactly the tool-call format shown elsewhere in this prompt for this model. Use only that format; do not add markdown fences, prose wrappers, or alternate tool-call syntax. Do not quote or place tool-call markup inside explanatory text; when you decide to call the tool, emit the tool call itself.
If you use MOUSE, include integer row and col arguments.
EFFICIENCY BUDGET — your score on each level is (baseline_actions / your_actions)^2, so every wasted action costs you quadratically.
Level 1: you have used 4 of about 36 target actions so far.

[ANALYZER STATUS]
request_error: HTTPConnectionPool(host='127.0.0.1', port=1234): Read timed out. (read timeout=332.63508633599986)
