N,button_coverage,dead_repeat_rate,family,file,game,length,level,longest_streak,mean_first_try,nochange_rate,novel_alt_frac,novel_frac,outcome,retry,run,solved,valid_coverage
10,0.6666666666666666,0.0,Flash-Next (Kaggle),bp35-0a0ad940_p0_events.jsonl,bp35,41,1,4,5.0,0.0,0.3,0.3,solved,0,arc3-job1-control,True,0.75
20,0.6666666666666666,0.0,Flash-Next (Kaggle),bp35-0a0ad940_p0_events.jsonl,bp35,41,1,5,7.5,0.0,0.55,0.5,solved,0,arc3-job1-control,True,0.75
40,0.6666666666666666,0.0,Flash-Next (Kaggle),bp35-0a0ad940_p0_events.jsonl,bp35,41,1,5,12.5,0.0,0.525,0.375,solved,0,arc3-job1-control,True,0.75
0,,,Flash-Next (Kaggle),bp35-0a0ad940_p0_events.jsonl,bp35,41,1,,,,,,solved,,arc3-job1-control,True,
0,,,Flash-Next (Kaggle),bp35-0a0ad940_p0_events.jsonl,bp35,2,2,,,,,,died,,arc3-job1-control,False,
10,0.6666666666666666,0.0,Flash-Next (Kaggle),bp35-0a0ad940_p1_events.jsonl,bp35,26,1,5,6.25,0.0,0.4,0.3,died,0,arc3-job1-control,False,0.75
20,0.6666666666666666,0.0,Flash-Next (Kaggle),bp35-0a0ad940_p1_events.jsonl,bp35,26,1,6,8.75,0.0,0.25,0.15,died,0,arc3-job1-control,False,0.75
0,,,Flash-Next (Kaggle),bp35-0a0ad940_p1_events.jsonl,bp35,26,1,,,,,,died,,arc3-job1-control,False,
10,0.6666666666666666,0.0,Flash-Next (Kaggle),bp35-0a0ad940_p1_events.jsonl,bp35,15,1,5,6.25,0.0,0.5,0.4,truncated,2,arc3-job1-control,False,0.75
0,,,Flash-Next (Kaggle),bp35-0a0ad940_p1_events.jsonl,bp35,15,1,,,,,,truncated,,arc3-job1-control,False,
10,0.6666666666666666,0.0,Flash-Next (Kaggle),bp35-0a0ad940_p2_events.jsonl,bp35,54,1,2,4.25,0.0,0.8,0.9,died,0,arc3-job1-control,False,0.75
20,0.6666666666666666,0.0,Flash-Next (Kaggle),bp35-0a0ad940_p2_events.jsonl,bp35,54,1,3,6.75,0.0,0.7,0.55,died,0,arc3-job1-control,False,0.75
40,0.6666666666666666,0.0,Flash-Next (Kaggle),bp35-0a0ad940_p2_events.jsonl,bp35,54,1,4,11.75,0.0,0.575,0.55,died,0,arc3-job1-control,False,0.75
0,,,Flash-Next (Kaggle),bp35-0a0ad940_p2_events.jsonl,bp35,54,1,,,,,,died,,arc3-job1-control,False,
10,0.6666666666666666,0.0,Flash-Next (Kaggle),bp35-0a0ad940_p2_events.jsonl,bp35,20,1,7,6.25,0.0,0.4,0.3,truncated,2,arc3-job1-control,False,0.75
20,0.6666666666666666,0.0,Flash-Next (Kaggle),bp35-0a0ad940_p2_events.jsonl,bp35,20,1,8,8.75,0.0,0.3,0.15,truncated,2,arc3-job1-control,False,0.75
0,,,Flash-Next (Kaggle),bp35-0a0ad940_p2_events.jsonl,bp35,20,1,,,,,,truncated,,arc3-job1-control,False,
10,0.6666666666666666,0.0,Flash-Next (Kaggle),bp35-0a0ad940_p3_events.jsonl,bp35,22,1,4,4.25,0.0,0.4,0.3,died,0,arc3-job1-control,False,0.75
20,0.6666666666666666,0.0,Flash-Next (Kaggle),bp35-0a0ad940_p3_events.jsonl,bp35,22,1,7,6.75,0.0,0.6,0.15,died,0,arc3-job1-control,False,0.75
0,,,Flash-Next (Kaggle),bp35-0a0ad940_p3_events.jsonl,bp35,22,1,,,,,,died,,arc3-job1-control,False,
10,0.6,0.4,Flash-Next (Kaggle),g50t-5849a774_p0_events.jsonl,g50t,47,1,4,6.2,0.2,0.4,0.3,truncated,0,arc3-job1-control,False,0.6
20,0.8,0.55,Flash-Next (Kaggle),g50t-5849a774_p0_events.jsonl,g50t,47,1,5,9.4,0.25,0.3,0.2,truncated,0,arc3-job1-control,False,0.8
40,1.0,0.55,Flash-Next (Kaggle),g50t-5849a774_p0_events.jsonl,g50t,47,1,5,9.6,0.15,0.275,0.125,truncated,0,arc3-job1-control,False,1.0
0,,,Flash-Next (Kaggle),g50t-5849a774_p0_events.jsonl,g50t,47,1,,,,,,truncated,,arc3-job1-control,False,
10,0.8,0.0,Flash-Next (Kaggle),g50t-5849a774_p1_events.jsonl,g50t,130,1,3,5.4,0.1,0.5,0.4,died,0,arc3-job1-control,False,0.8
20,0.8,0.0,Flash-Next (Kaggle),g50t-5849a774_p1_events.jsonl,g50t,130,1,4,7.4,0.05,0.5,0.2,died,0,arc3-job1-control,False,0.8
40,0.8,0.475,Flash-Next (Kaggle),g50t-5849a774_p1_events.jsonl,g50t,130,1,19,11.4,0.2,0.275,0.1,died,0,arc3-job1-control,False,0.8
0,,,Flash-Next (Kaggle),g50t-5849a774_p1_events.jsonl,g50t,130,1,,,,,,died,,arc3-job1-control,False,
10,1.0,0.1,Flash-Next (Kaggle),g50t-5849a774_p2_events.jsonl,g50t,75,1,3,3.0,0.2,0.6,0.5,truncated,0,arc3-job1-control,False,1.0
20,1.0,0.45,Flash-Next (Kaggle),g50t-5849a774_p2_events.jsonl,g50t,75,1,4,3.0,0.25,0.35,0.25,truncated,0,arc3-job1-control,False,1.0
40,1.0,0.575,Flash-Next (Kaggle),g50t-5849a774_p2_events.jsonl,g50t,75,1,6,3.0,0.225,0.275,0.125,truncated,0,arc3-job1-control,False,1.0
0,,,Flash-Next (Kaggle),g50t-5849a774_p2_events.jsonl,g50t,75,1,,,,,,truncated,,arc3-job1-control,False,
10,1.0,0.1,Flash-Next (Kaggle),g50t-5849a774_p3_events.jsonl,g50t,13,1,3,3.0,0.2,0.5,0.5,truncated,0,arc3-job1-control,False,1.0
0,,,Flash-Next (Kaggle),g50t-5849a774_p3_events.jsonl,g50t,13,1,,,,,,truncated,,arc3-job1-control,False,
10,0.6,0.0,Flash-Next (Kaggle),lf52-271a04aa_p0_events.jsonl,lf52,17,1,3,7.333333333333333,0.0,0.7,0.7,solved,0,arc3-job1-control,True,0.6666666666666666
0,,,Flash-Next (Kaggle),lf52-271a04aa_p0_events.jsonl,lf52,17,1,,,,,,solved,,arc3-job1-control,True,
10,0.0,0.0,Flash-Next (Kaggle),lf52-271a04aa_p0_events.jsonl,lf52,101,2,1,9.333333333333334,0.0,0.8,1.0,truncated,0,arc3-job1-control,False,0.16666666666666666
20,0.0,0.0,Flash-Next (Kaggle),lf52-271a04aa_p0_events.jsonl,lf52,101,2,1,17.666666666666668,0.0,0.45,0.7,truncated,0,arc3-job1-control,False,0.16666666666666666
40,0.2,0.0,Flash-Next (Kaggle),lf52-271a04aa_p0_events.jsonl,lf52,101,2,9,32.833333333333336,0.0,0.4,0.425,truncated,0,arc3-job1-control,False,0.3333333333333333
0,,,Flash-Next (Kaggle),lf52-271a04aa_p0_events.jsonl,lf52,101,2,,,,,,truncated,,arc3-job1-control,False,
10,0.8,0.0,Flash-Next (Kaggle),lf52-271a04aa_p1_events.jsonl,lf52,22,1,2,4.333333333333333,0.0,0.8,0.8,solved,0,arc3-job1-control,True,0.8333333333333334
20,0.8,0.0,Flash-Next (Kaggle),lf52-271a04aa_p1_events.jsonl,lf52,22,1,2,6.0,0.0,0.55,0.75,solved,0,arc3-job1-control,True,0.8333333333333334
0,,,Flash-Next (Kaggle),lf52-271a04aa_p1_events.jsonl,lf52,22,1,,,,,,solved,,arc3-job1-control,True,
10,0.0,0.0,Flash-Next (Kaggle),lf52-271a04aa_p1_events.jsonl,lf52,66,2,2,9.333333333333334,0.0,0.6,0.8,truncated,0,arc3-job1-control,False,0.16666666666666666
20,0.6,0.0,Flash-Next (Kaggle),lf52-271a04aa_p1_events.jsonl,lf52,66,2,2,16.0,0.0,0.55,0.55,truncated,0,arc3-job1-control,False,0.6666666666666666
40,0.8,0.0,Flash-Next (Kaggle),lf52-271a04aa_p1_events.jsonl,lf52,66,2,6,19.5,0.0,0.5,0.3,truncated,0,arc3-job1-control,False,0.8333333333333334
0,,,Flash-Next (Kaggle),lf52-271a04aa_p1_events.jsonl,lf52,66,2,,,,,,truncated,,arc3-job1-control,False,
10,0.2,0.0,Flash-Next (Kaggle),lf52-271a04aa_p2_events.jsonl,lf52,13,1,1,7.833333333333333,0.0,0.5,0.9,solved,0,arc3-job1-control,True,0.3333333333333333
0,,,Flash-Next (Kaggle),lf52-271a04aa_p2_events.jsonl,lf52,13,1,,,,,,solved,,arc3-job1-control,True,
10,0.0,0.0,Flash-Next (Kaggle),lf52-271a04aa_p2_events.jsonl,lf52,192,2,2,9.333333333333334,0.0,0.7,0.9,truncated,0,arc3-job1-control,False,0.16666666666666666
20,0.8,0.0,Flash-Next (Kaggle),lf52-271a04aa_p2_events.jsonl,lf52,192,2,3,14.0,0.0,0.7,0.7,truncated,0,arc3-job1-control,False,0.8333333333333334
40,0.8,0.0,Flash-Next (Kaggle),lf52-271a04aa_p2_events.jsonl,lf52,192,2,6,17.333333333333332,0.0,0.5,0.4,truncated,0,arc3-job1-control,False,0.8333333333333334
0,,,Flash-Next (Kaggle),lf52-271a04aa_p2_events.jsonl,lf52,192,2,,,,,,truncated,,arc3-job1-control,False,
10,0.6,0.0,Flash-Next (Kaggle),lf52-271a04aa_p3_events.jsonl,lf52,18,1,1,6.333333333333333,0.0,1.0,1.0,solved,0,arc3-job1-control,True,0.6666666666666666
0,,,Flash-Next (Kaggle),lf52-271a04aa_p3_events.jsonl,lf52,18,1,,,,,,solved,,arc3-job1-control,True,
0,,,Flash-Next (Kaggle),lf52-271a04aa_p3_events.jsonl,lf52,6,2,,,,,,truncated,,arc3-job1-control,False,
10,1.0,0.0,Flash-Next (Kaggle),ls20-9607627b_p0_events.jsonl,ls20,56,1,7,4.0,0.1,0.4,0.4,truncated,0,arc3-job1-control,False,1.0
20,1.0,0.0,Flash-Next (Kaggle),ls20-9607627b_p0_events.jsonl,ls20,56,1,7,4.0,0.05,0.3,0.2,truncated,0,arc3-job1-control,False,1.0
40,1.0,0.1,Flash-Next (Kaggle),ls20-9607627b_p0_events.jsonl,ls20,56,1,7,4.0,0.05,0.2,0.1,truncated,0,arc3-job1-control,False,1.0
0,,,Flash-Next (Kaggle),ls20-9607627b_p0_events.jsonl,ls20,56,1,,,,,,truncated,,arc3-job1-control,False,
10,1.0,0.0,Flash-Next (Kaggle),ls20-9607627b_p1_events.jsonl,ls20,81,1,7,4.0,0.1,0.4,0.4,truncated,0,arc3-job1-control,False,1.0
20,1.0,0.1,Flash-Next (Kaggle),ls20-9607627b_p1_events.jsonl,ls20,81,1,7,4.0,0.05,0.25,0.2,truncated,0,arc3-job1-control,False,1.0
40,1.0,0.225,Flash-Next (Kaggle),ls20-9607627b_p1_events.jsonl,ls20,81,1,7,4.0,0.05,0.225,0.1,truncated,0,arc3-job1-control,False,1.0
0,,,Flash-Next (Kaggle),ls20-9607627b_p1_events.jsonl,ls20,81,1,,,,,,truncated,,arc3-job1-control,False,
10,1.0,0.0,Flash-Next (Kaggle),ls20-9607627b_p2_events.jsonl,ls20,47,1,4,4.25,0.0,0.4,0.4,solved,0,arc3-job1-control,True,1.0
20,1.0,0.0,Flash-Next (Kaggle),ls20-9607627b_p2_events.jsonl,ls20,47,1,4,4.25,0.0,0.3,0.2,solved,0,arc3-job1-control,True,1.0
40,1.0,0.0,Flash-Next (Kaggle),ls20-9607627b_p2_events.jsonl,ls20,47,1,4,4.25,0.025,0.15,0.1,solved,0,arc3-job1-control,True,1.0
0,,,Flash-Next (Kaggle),ls20-9607627b_p2_events.jsonl,ls20,47,1,,,,,,solved,,arc3-job1-control,True,
10,0.5,0.0,Flash-Next (Kaggle),ls20-9607627b_p2_events.jsonl,ls20,57,2,5,6.25,0.0,0.3,0.2,truncated,0,arc3-job1-control,False,0.5
20,1.0,0.0,Flash-Next (Kaggle),ls20-9607627b_p2_events.jsonl,ls20,57,2,7,8.0,0.0,0.35,0.2,truncated,0,arc3-job1-control,False,1.0
40,1.0,0.0,Flash-Next (Kaggle),ls20-9607627b_p2_events.jsonl,ls20,57,2,7,8.0,0.0,0.25,0.1,truncated,0,arc3-job1-control,False,1.0
0,,,Flash-Next (Kaggle),ls20-9607627b_p2_events.jsonl,ls20,57,2,,,,,,truncated,,arc3-job1-control,False,
10,1.0,0.0,Flash-Next (Kaggle),ls20-9607627b_p3_events.jsonl,ls20,25,1,4,4.75,0.1,0.4,0.4,truncated,0,arc3-job1-control,False,1.0
20,1.0,0.15,Flash-Next (Kaggle),ls20-9607627b_p3_events.jsonl,ls20,25,1,4,4.75,0.05,0.2,0.2,truncated,0,arc3-job1-control,False,1.0
0,,,Flash-Next (Kaggle),ls20-9607627b_p3_events.jsonl,ls20,25,1,,,,,,truncated,,arc3-job1-control,False,
10,0.6,0.0,Flash-Next (Kaggle),sk48-d8078629_p0_events.jsonl,sk48,43,1,4,7.333333333333333,0.0,0.3,0.3,truncated,0,arc3-job1-control,False,0.5
20,0.8,0.0,Flash-Next (Kaggle),sk48-d8078629_p0_events.jsonl,sk48,43,1,4,11.166666666666666,0.0,0.2,0.2,truncated,0,arc3-job1-control,False,0.6666666666666666
40,0.8,0.0,Flash-Next (Kaggle),sk48-d8078629_p0_events.jsonl,sk48,43,1,4,17.833333333333332,0.0,0.1,0.1,truncated,0,arc3-job1-control,False,0.6666666666666666
0,,,Flash-Next (Kaggle),sk48-d8078629_p0_events.jsonl,sk48,43,1,,,,,,truncated,,arc3-job1-control,False,
10,0.8,0.0,Flash-Next (Kaggle),sk48-d8078629_p1_events.jsonl,sk48,34,1,4,5.0,0.2,0.5,0.5,truncated,0,arc3-job1-control,False,0.8333333333333334
20,0.8,0.0,Flash-Next (Kaggle),sk48-d8078629_p1_events.jsonl,sk48,34,1,4,6.666666666666667,0.1,0.25,0.25,truncated,0,arc3-job1-control,False,0.8333333333333334
0,,,Flash-Next (Kaggle),sk48-d8078629_p1_events.jsonl,sk48,34,1,,,,,,truncated,,arc3-job1-control,False,
10,0.8,0.0,Flash-Next (Kaggle),sk48-d8078629_p2_events.jsonl,sk48,134,1,3,7.166666666666667,0.0,0.4,0.4,solved,0,arc3-job1-control,True,0.6666666666666666
20,0.8,0.0,Flash-Next (Kaggle),sk48-d8078629_p2_events.jsonl,sk48,134,1,5,10.5,0.0,0.2,0.2,solved,0,arc3-job1-control,True,0.6666666666666666
40,0.8,0.0,Flash-Next (Kaggle),sk48-d8078629_p2_events.jsonl,sk48,134,1,6,17.166666666666668,0.0,0.1,0.1,solved,0,arc3-job1-control,True,0.6666666666666666
0,,,Flash-Next (Kaggle),sk48-d8078629_p2_events.jsonl,sk48,134,1,,,,,,solved,,arc3-job1-control,True,
0,,,Flash-Next (Kaggle),sk48-d8078629_p2_events.jsonl,sk48,1,2,,,,,,truncated,,arc3-job1-control,False,
10,0.8,0.0,Flash-Next (Kaggle),sk48-d8078629_p3_events.jsonl,sk48,42,1,3,6.833333333333333,0.2,0.5,0.5,truncated,0,arc3-job1-control,False,0.8333333333333334
20,0.8,0.2,Flash-Next (Kaggle),sk48-d8078629_p3_events.jsonl,sk48,42,1,5,8.5,0.1,0.25,0.25,truncated,0,arc3-job1-control,False,0.8333333333333334
40,0.8,0.325,Flash-Next (Kaggle),sk48-d8078629_p3_events.jsonl,sk48,42,1,7,11.833333333333334,0.2,0.15,0.15,truncated,0,arc3-job1-control,False,0.8333333333333334
0,,,Flash-Next (Kaggle),sk48-d8078629_p3_events.jsonl,sk48,42,1,,,,,,truncated,,arc3-job1-control,False,
10,,0.0,Flash-Next (Kaggle),tn36-ef4dde99_p0_events.jsonl,tn36,61,1,2,,0.0,0.9,0.7,died,0,arc3-job1-control,False,
20,,0.0,Flash-Next (Kaggle),tn36-ef4dde99_p0_events.jsonl,tn36,61,1,12,,0.0,0.5,0.35,died,0,arc3-job1-control,False,
40,,0.0,Flash-Next (Kaggle),tn36-ef4dde99_p0_events.jsonl,tn36,61,1,32,,0.0,0.25,0.175,died,0,arc3-job1-control,False,
0,,,Flash-Next (Kaggle),tn36-ef4dde99_p0_events.jsonl,tn36,61,1,,,,,,died,,arc3-job1-control,False,
10,,0.0,Flash-Next (Kaggle),tn36-ef4dde99_p0_events.jsonl,tn36,61,1,10,,0.0,0.3,0.1,died,2,arc3-job1-control,False,
20,,0.0,Flash-Next (Kaggle),tn36-ef4dde99_p0_events.jsonl,tn36,61,1,20,,0.0,0.2,0.05,died,2,arc3-job1-control,False,
40,,0.0,Flash-Next (Kaggle),tn36-ef4dde99_p0_events.jsonl,tn36,61,1,31,,0.0,0.25,0.225,died,2,arc3-job1-control,False,
0,,,Flash-Next (Kaggle),tn36-ef4dde99_p0_events.jsonl,tn36,61,1,,,,,,died,,arc3-job1-control,False,
10,,0.0,Flash-Next (Kaggle),tn36-ef4dde99_p0_events.jsonl,tn36,61,1,4,,0.0,0.2,0.4,died,4,arc3-job1-control,False,
20,,0.0,Flash-Next (Kaggle),tn36-ef4dde99_p0_events.jsonl,tn36,61,1,4,,0.0,0.15,0.3,died,4,arc3-job1-control,False,
40,,0.0,Flash-Next (Kaggle),tn36-ef4dde99_p0_events.jsonl,tn36,61,1,4,,0.0,0.1,0.175,died,4,arc3-job1-control,False,
0,,,Flash-Next (Kaggle),tn36-ef4dde99_p0_events.jsonl,tn36,61,1,,,,,,died,,arc3-job1-control,False,
0,,,Flash-Next (Kaggle),tn36-ef4dde99_p0_events.jsonl,tn36,9,1,,,,,,solved,,arc3-job1-control,True,
10,,0.0,Flash-Next (Kaggle),tn36-ef4dde99_p0_events.jsonl,tn36,38,2,2,,0.0,0.7,0.8,solved,0,arc3-job1-control,True,
20,,0.0,Flash-Next (Kaggle),tn36-ef4dde99_p0_events.jsonl,tn36,38,2,2,,0.0,0.45,0.8,solved,0,arc3-job1-control,True,
0,,,Flash-Next (Kaggle),tn36-ef4dde99_p0_events.jsonl,tn36,38,2,,,,,,solved,,arc3-job1-control,True,
10,,0.0,Flash-Next (Kaggle),tn36-ef4dde99_p1_events.jsonl,tn36,61,1,3,,0.0,0.7,0.8,died,0,arc3-job1-control,False,
20,,0.0,Flash-Next (Kaggle),tn36-ef4dde99_p1_events.jsonl,tn36,61,1,5,,0.0,0.4,0.45,died,0,arc3-job1-control,False,
40,,0.0,Flash-Next (Kaggle),tn36-ef4dde99_p1_events.jsonl,tn36,61,1,7,,0.0,0.225,0.3,died,0,arc3-job1-control,False,
0,,,Flash-Next (Kaggle),tn36-ef4dde99_p1_events.jsonl,tn36,61,1,,,,,,died,,arc3-job1-control,False,
10,,0.0,Flash-Next (Kaggle),tn36-ef4dde99_p1_events.jsonl,tn36,61,1,1,,0.0,0.3,0.6,died,2,arc3-job1-control,False,
20,,0.0,Flash-Next (Kaggle),tn36-ef4dde99_p1_events.jsonl,tn36,61,1,1,,0.0,0.2,0.5,died,2,arc3-job1-control,False,
40,,0.0,Flash-Next (Kaggle),tn36-ef4dde99_p1_events.jsonl,tn36,61,1,1,,0.0,0.1,0.25,died,2,arc3-job1-control,False,
0,,,Flash-Next (Kaggle),tn36-ef4dde99_p1_events.jsonl,tn36,61,1,,,,,,died,,arc3-job1-control,False,
10,,0.0,Flash-Next (Kaggle),tn36-ef4dde99_p1_events.jsonl,tn36,61,1,1,,0.0,0.4,0.7,died,4,arc3-job1-control,False,
20,,0.0,Flash-Next (Kaggle),tn36-ef4dde99_p1_events.jsonl,tn36,61,1,1,,0.0,0.2,0.45,died,4,arc3-job1-control,False,
40,,0.0,Flash-Next (Kaggle),tn36-ef4dde99_p1_events.jsonl,tn36,61,1,1,,0.0,0.1,0.25,died,4,arc3-job1-control,False,
0,,,Flash-Next (Kaggle),tn36-ef4dde99_p1_events.jsonl,tn36,61,1,,,,,,died,,arc3-job1-control,False,
10,,0.0,Flash-Next (Kaggle),tn36-ef4dde99_p1_events.jsonl,tn36,61,1,1,,0.0,0.3,0.4,died,6,arc3-job1-control,False,
20,,0.0,Flash-Next (Kaggle),tn36-ef4dde99_p1_events.jsonl,tn36,61,1,1,,0.0,0.15,0.3,died,6,arc3-job1-control,False,
40,,0.0,Flash-Next (Kaggle),tn36-ef4dde99_p1_events.jsonl,tn36,61,1,1,,0.0,0.1,0.175,died,6,arc3-job1-control,False,
0,,,Flash-Next (Kaggle),tn36-ef4dde99_p1_events.jsonl,tn36,61,1,,,,,,died,,arc3-job1-control,False,
10,,0.0,Flash-Next (Kaggle),tn36-ef4dde99_p1_events.jsonl,tn36,61,1,1,,0.0,0.4,0.8,died,8,arc3-job1-control,False,
20,,0.0,Flash-Next (Kaggle),tn36-ef4dde99_p1_events.jsonl,tn36,61,1,1,,0.0,0.2,0.4,died,8,arc3-job1-control,False,
40,,0.0,Flash-Next (Kaggle),tn36-ef4dde99_p1_events.jsonl,tn36,61,1,1,,0.0,0.1,0.2,died,8,arc3-job1-control,False,
0,,,Flash-Next (Kaggle),tn36-ef4dde99_p1_events.jsonl,tn36,61,1,,,,,,died,,arc3-job1-control,False,
10,,0.0,Flash-Next (Kaggle),tn36-ef4dde99_p1_events.jsonl,tn36,61,1,1,,0.0,0.3,0.6,died,10,arc3-job1-control,False,
20,,0.0,Flash-Next (Kaggle),tn36-ef4dde99_p1_events.jsonl,tn36,61,1,1,,0.0,0.2,0.35,died,10,arc3-job1-control,False,
40,,0.0,Flash-Next (Kaggle),tn36-ef4dde99_p1_events.jsonl,tn36,61,1,1,,0.0,0.1,0.175,died,10,arc3-job1-control,False,
0,,,Flash-Next (Kaggle),tn36-ef4dde99_p1_events.jsonl,tn36,61,1,,,,,,died,,arc3-job1-control,False,
10,,0.0,Flash-Next (Kaggle),tn36-ef4dde99_p1_events.jsonl,tn36,61,1,1,,0.0,0.4,0.5,died,12,arc3-job1-control,False,
20,,0.0,Flash-Next (Kaggle),tn36-ef4dde99_p1_events.jsonl,tn36,61,1,1,,0.0,0.2,0.3,died,12,arc3-job1-control,False,
40,,0.0,Flash-Next (Kaggle),tn36-ef4dde99_p1_events.jsonl,tn36,61,1,1,,0.0,0.1,0.15,died,12,arc3-job1-control,False,
0,,,Flash-Next (Kaggle),tn36-ef4dde99_p1_events.jsonl,tn36,61,1,,,,,,died,,arc3-job1-control,False,
10,,0.0,Flash-Next (Kaggle),tn36-ef4dde99_p2_events.jsonl,tn36,61,1,1,,0.0,0.8,0.9,died,0,arc3-job1-control,False,
20,,0.0,Flash-Next (Kaggle),tn36-ef4dde99_p2_events.jsonl,tn36,61,1,1,,0.0,0.45,0.5,died,0,arc3-job1-control,False,
40,,0.0,Flash-Next (Kaggle),tn36-ef4dde99_p2_events.jsonl,tn36,61,1,1,,0.0,0.225,0.25,died,0,arc3-job1-control,False,
0,,,Flash-Next (Kaggle),tn36-ef4dde99_p2_events.jsonl,tn36,61,1,,,,,,died,,arc3-job1-control,False,
10,,0.0,Flash-Next (Kaggle),tn36-ef4dde99_p2_events.jsonl,tn36,61,1,3,,0.0,0.4,0.6,died,2,arc3-job1-control,False,
20,,0.0,Flash-Next (Kaggle),tn36-ef4dde99_p2_events.jsonl,tn36,61,1,3,,0.0,0.2,0.5,died,2,arc3-job1-control,False,
40,,0.0,Flash-Next (Kaggle),tn36-ef4dde99_p2_events.jsonl,tn36,61,1,3,,0.0,0.1,0.25,died,2,arc3-job1-control,False,
0,,,Flash-Next (Kaggle),tn36-ef4dde99_p2_events.jsonl,tn36,61,1,,,,,,died,,arc3-job1-control,False,
10,,0.0,Flash-Next (Kaggle),tn36-ef4dde99_p2_events.jsonl,tn36,61,1,2,,0.0,0.2,0.5,died,4,arc3-job1-control,False,
20,,0.0,Flash-Next (Kaggle),tn36-ef4dde99_p2_events.jsonl,tn36,61,1,2,,0.0,0.2,0.35,died,4,arc3-job1-control,False,
40,,0.0,Flash-Next (Kaggle),tn36-ef4dde99_p2_events.jsonl,tn36,61,1,2,,0.0,0.1,0.175,died,4,arc3-job1-control,False,
0,,,Flash-Next (Kaggle),tn36-ef4dde99_p2_events.jsonl,tn36,61,1,,,,,,died,,arc3-job1-control,False,
10,,0.0,Flash-Next (Kaggle),tn36-ef4dde99_p2_events.jsonl,tn36,61,1,1,,0.0,0.2,0.5,died,6,arc3-job1-control,False,
20,,0.0,Flash-Next (Kaggle),tn36-ef4dde99_p2_events.jsonl,tn36,61,1,1,,0.0,0.15,0.3,died,6,arc3-job1-control,False,
40,,0.0,Flash-Next (Kaggle),tn36-ef4dde99_p2_events.jsonl,tn36,61,1,1,,0.0,0.1,0.2,died,6,arc3-job1-control,False,
0,,,Flash-Next (Kaggle),tn36-ef4dde99_p2_events.jsonl,tn36,61,1,,,,,,died,,arc3-job1-control,False,
10,,0.0,Flash-Next (Kaggle),tn36-ef4dde99_p2_events.jsonl,tn36,61,1,1,,0.0,0.3,0.7,died,8,arc3-job1-control,False,
20,,0.0,Flash-Next (Kaggle),tn36-ef4dde99_p2_events.jsonl,tn36,61,1,1,,0.0,0.15,0.35,died,8,arc3-job1-control,False,
40,,0.0,Flash-Next (Kaggle),tn36-ef4dde99_p2_events.jsonl,tn36,61,1,1,,0.0,0.1,0.2,died,8,arc3-job1-control,False,
0,,,Flash-Next (Kaggle),tn36-ef4dde99_p2_events.jsonl,tn36,61,1,,,,,,died,,arc3-job1-control,False,
10,,0.0,Flash-Next (Kaggle),tn36-ef4dde99_p2_events.jsonl,tn36,61,1,2,,0.0,0.3,0.5,died,10,arc3-job1-control,False,
20,,0.0,Flash-Next (Kaggle),tn36-ef4dde99_p2_events.jsonl,tn36,61,1,2,,0.0,0.15,0.25,died,10,arc3-job1-control,False,
40,,0.0,Flash-Next (Kaggle),tn36-ef4dde99_p2_events.jsonl,tn36,61,1,2,,0.0,0.1,0.15,died,10,arc3-job1-control,False,
0,,,Flash-Next (Kaggle),tn36-ef4dde99_p2_events.jsonl,tn36,61,1,,,,,,died,,arc3-job1-control,False,
10,,0.0,Flash-Next (Kaggle),tn36-ef4dde99_p2_events.jsonl,tn36,61,1,1,,0.0,0.4,0.6,died,12,arc3-job1-control,False,
20,,0.0,Flash-Next (Kaggle),tn36-ef4dde99_p2_events.jsonl,tn36,61,1,1,,0.0,0.2,0.3,died,12,arc3-job1-control,False,
40,,0.0,Flash-Next (Kaggle),tn36-ef4dde99_p2_events.jsonl,tn36,61,1,1,,0.0,0.1,0.175,died,12,arc3-job1-control,False,
0,,,Flash-Next (Kaggle),tn36-ef4dde99_p2_events.jsonl,tn36,61,1,,,,,,died,,arc3-job1-control,False,
10,,0.0,Flash-Next (Kaggle),tn36-ef4dde99_p3_events.jsonl,tn36,50,1,1,,0.0,0.7,0.9,truncated,0,arc3-job1-control,False,
20,,0.0,Flash-Next (Kaggle),tn36-ef4dde99_p3_events.jsonl,tn36,50,1,2,,0.0,0.6,0.7,truncated,0,arc3-job1-control,False,
40,,0.0,Flash-Next (Kaggle),tn36-ef4dde99_p3_events.jsonl,tn36,50,1,2,,0.0,0.375,0.55,truncated,0,arc3-job1-control,False,
0,,,Flash-Next (Kaggle),tn36-ef4dde99_p3_events.jsonl,tn36,50,1,,,,,,truncated,,arc3-job1-control,False,
10,0.8,0.3,Flash-Next (Kaggle),wa30-ee6fef47_p0_events.jsonl,wa30,71,1,3,4.2,0.1,0.4,0.4,solved,0,arc3-job1-control,True,0.8
20,0.8,0.15,Flash-Next (Kaggle),wa30-ee6fef47_p0_events.jsonl,wa30,71,1,5,6.2,0.05,0.2,0.2,solved,0,arc3-job1-control,True,0.8
40,1.0,0.275,Flash-Next (Kaggle),wa30-ee6fef47_p0_events.jsonl,wa30,71,1,5,7.2,0.075,0.15,0.125,solved,0,arc3-job1-control,True,1.0
0,,,Flash-Next (Kaggle),wa30-ee6fef47_p0_events.jsonl,wa30,71,1,,,,,,solved,,arc3-job1-control,True,
10,0.4,0.0,Flash-Next (Kaggle),wa30-ee6fef47_p0_events.jsonl,wa30,53,2,6,7.4,0.0,0.3,0.2,truncated,0,arc3-job1-control,False,0.4
20,0.4,0.0,Flash-Next (Kaggle),wa30-ee6fef47_p0_events.jsonl,wa30,53,2,10,13.4,0.0,0.2,0.1,truncated,0,arc3-job1-control,False,0.4
40,0.8,0.0,Flash-Next (Kaggle),wa30-ee6fef47_p0_events.jsonl,wa30,53,2,24,23.4,0.0,0.2,0.1,truncated,0,arc3-job1-control,False,0.8
0,,,Flash-Next (Kaggle),wa30-ee6fef47_p0_events.jsonl,wa30,53,2,,,,,,truncated,,arc3-job1-control,False,
10,1.0,0.1,Flash-Next (Kaggle),wa30-ee6fef47_p1_events.jsonl,wa30,55,1,3,3.8,0.2,0.5,0.5,solved,0,arc3-job1-control,True,1.0
20,1.0,0.45,Flash-Next (Kaggle),wa30-ee6fef47_p1_events.jsonl,wa30,55,1,4,3.8,0.1,0.25,0.25,solved,0,arc3-job1-control,True,1.0
40,1.0,0.4,Flash-Next (Kaggle),wa30-ee6fef47_p1_events.jsonl,wa30,55,1,4,3.8,0.125,0.125,0.125,solved,0,arc3-job1-control,True,1.0
0,,,Flash-Next (Kaggle),wa30-ee6fef47_p1_events.jsonl,wa30,55,1,,,,,,solved,,arc3-job1-control,True,
10,0.6,0.0,Flash-Next (Kaggle),wa30-ee6fef47_p1_events.jsonl,wa30,70,2,4,6.0,0.0,0.4,0.3,died,0,arc3-job1-control,False,0.6
20,0.6,0.0,Flash-Next (Kaggle),wa30-ee6fef47_p1_events.jsonl,wa30,70,2,14,10.0,0.0,0.2,0.15,died,0,arc3-job1-control,False,0.6
40,0.6,0.0,Flash-Next (Kaggle),wa30-ee6fef47_p1_events.jsonl,wa30,70,2,34,18.0,0.0,0.125,0.075,died,0,arc3-job1-control,False,0.6
0,,,Flash-Next (Kaggle),wa30-ee6fef47_p1_events.jsonl,wa30,70,2,,,,,,died,,arc3-job1-control,False,
10,0.4,0.0,Flash-Next (Kaggle),wa30-ee6fef47_p1_events.jsonl,wa30,49,2,5,7.2,0.0,0.3,0.2,truncated,2,arc3-job1-control,False,0.4
20,0.6,0.0,Flash-Next (Kaggle),wa30-ee6fef47_p1_events.jsonl,wa30,49,2,10,11.2,0.0,0.25,0.15,truncated,2,arc3-job1-control,False,0.6
40,0.6,0.0,Flash-Next (Kaggle),wa30-ee6fef47_p1_events.jsonl,wa30,49,2,30,19.2,0.0,0.15,0.075,truncated,2,arc3-job1-control,False,0.6
0,,,Flash-Next (Kaggle),wa30-ee6fef47_p1_events.jsonl,wa30,49,2,,,,,,truncated,,arc3-job1-control,False,
10,0.6,0.3,Flash-Next (Kaggle),wa30-ee6fef47_p2_events.jsonl,wa30,200,1,4,7.2,0.2,0.3,0.3,died,0,arc3-job1-control,False,0.6
20,0.8,0.25,Flash-Next (Kaggle),wa30-ee6fef47_p2_events.jsonl,wa30,200,1,5,10.0,0.15,0.25,0.2,died,0,arc3-job1-control,False,0.8
40,1.0,0.4,Flash-Next (Kaggle),wa30-ee6fef47_p2_events.jsonl,wa30,200,1,5,10.8,0.125,0.15,0.125,died,0,arc3-job1-control,False,1.0
0,,,Flash-Next (Kaggle),wa30-ee6fef47_p2_events.jsonl,wa30,200,1,,,,,,died,,arc3-job1-control,False,
10,0.6,0.5,Flash-Next (Kaggle),wa30-ee6fef47_p2_events.jsonl,wa30,108,1,5,6.4,0.4,0.3,0.3,truncated,2,arc3-job1-control,False,0.6
20,1.0,0.3,Flash-Next (Kaggle),wa30-ee6fef47_p2_events.jsonl,wa30,108,1,5,7.2,0.3,0.25,0.25,truncated,2,arc3-job1-control,False,1.0
40,1.0,0.425,Flash-Next (Kaggle),wa30-ee6fef47_p2_events.jsonl,wa30,108,1,5,7.2,0.225,0.125,0.125,truncated,2,arc3-job1-control,False,1.0
0,,,Flash-Next (Kaggle),wa30-ee6fef47_p2_events.jsonl,wa30,108,1,,,,,,truncated,,arc3-job1-control,False,
10,0.8,0.4,Flash-Next (Kaggle),wa30-ee6fef47_p3_events.jsonl,wa30,43,1,4,7.0,0.2,0.4,0.4,solved,0,arc3-job1-control,True,0.8
20,1.0,0.25,Flash-Next (Kaggle),wa30-ee6fef47_p3_events.jsonl,wa30,43,1,5,7.8,0.15,0.3,0.25,solved,0,arc3-job1-control,True,1.0
40,1.0,0.375,Flash-Next (Kaggle),wa30-ee6fef47_p3_events.jsonl,wa30,43,1,6,7.8,0.075,0.15,0.125,solved,0,arc3-job1-control,True,1.0
0,,,Flash-Next (Kaggle),wa30-ee6fef47_p3_events.jsonl,wa30,43,1,,,,,,solved,,arc3-job1-control,True,
10,1.0,0.0,Flash-Next (Kaggle),bp35-0a0ad940_p0_events.jsonl,bp35,20,1,4,6.0,0.0,0.5,0.4,solved,0,arc3-job10-action7-roundtrip,True,1.0
20,1.0,0.0,Flash-Next (Kaggle),bp35-0a0ad940_p0_events.jsonl,bp35,20,1,4,6.0,0.0,0.55,0.35,solved,0,arc3-job10-action7-roundtrip,True,1.0
0,,,Flash-Next (Kaggle),bp35-0a0ad940_p0_events.jsonl,bp35,20,1,,,,,,solved,,arc3-job10-action7-roundtrip,True,
0,,,Flash-Next (Kaggle),bp35-0a0ad940_p0_events.jsonl,bp35,2,2,,,,,,died,,arc3-job10-action7-roundtrip,False,
0,,,Flash-Next (Kaggle),bp35-0a0ad940_p0_events.jsonl,bp35,2,2,,,,,,died,,arc3-job10-action7-roundtrip,False,
10,0.3333333333333333,0.0,Flash-Next (Kaggle),bp35-0a0ad940_p0_events.jsonl,bp35,10,2,10,8.5,0.0,0.4,0.1,truncated,4,arc3-job10-action7-roundtrip,False,0.25
0,,,Flash-Next (Kaggle),bp35-0a0ad940_p0_events.jsonl,bp35,10,2,,,,,,truncated,,arc3-job10-action7-roundtrip,False,
10,1.0,0.0,Flash-Next (Kaggle),bp35-0a0ad940_p1_events.jsonl,bp35,54,1,3,4.0,0.0,0.8,0.8,truncated,0,arc3-job10-action7-roundtrip,False,1.0
20,1.0,0.0,Flash-Next (Kaggle),bp35-0a0ad940_p1_events.jsonl,bp35,54,1,4,4.0,0.0,0.7,0.6,truncated,0,arc3-job10-action7-roundtrip,False,1.0
40,1.0,0.0,Flash-Next (Kaggle),bp35-0a0ad940_p1_events.jsonl,bp35,54,1,4,4.0,0.0,0.6,0.575,truncated,0,arc3-job10-action7-roundtrip,False,1.0
0,,,Flash-Next (Kaggle),bp35-0a0ad940_p1_events.jsonl,bp35,54,1,,,,,,truncated,,arc3-job10-action7-roundtrip,False,
10,0.3333333333333333,0.0,Flash-Next (Kaggle),bp35-0a0ad940_p2_events.jsonl,bp35,41,1,10,8.5,0.0,0.2,0.1,solved,0,arc3-job10-action7-roundtrip,True,0.25
20,1.0,0.0,Flash-Next (Kaggle),bp35-0a0ad940_p2_events.jsonl,bp35,41,1,10,10.0,0.0,0.4,0.35,solved,0,arc3-job10-action7-roundtrip,True,1.0
40,1.0,0.0,Flash-Next (Kaggle),bp35-0a0ad940_p2_events.jsonl,bp35,41,1,10,10.0,0.0,0.375,0.3,solved,0,arc3-job10-action7-roundtrip,True,1.0
0,,,Flash-Next (Kaggle),bp35-0a0ad940_p2_events.jsonl,bp35,41,1,,,,,,solved,,arc3-job10-action7-roundtrip,True,
0,,,Flash-Next (Kaggle),bp35-0a0ad940_p2_events.jsonl,bp35,3,2,,,,,,died,,arc3-job10-action7-roundtrip,False,
0,,,Flash-Next (Kaggle),bp35-0a0ad940_p2_events.jsonl,bp35,2,2,,,,,,truncated,,arc3-job10-action7-roundtrip,False,
10,1.0,0.0,Flash-Next (Kaggle),bp35-0a0ad940_p3_events.jsonl,bp35,28,1,3,5.5,0.0,0.4,0.4,died,0,arc3-job10-action7-roundtrip,False,1.0
20,1.0,0.0,Flash-Next (Kaggle),bp35-0a0ad940_p3_events.jsonl,bp35,28,1,6,5.5,0.0,0.3,0.2,died,0,arc3-job10-action7-roundtrip,False,1.0
0,,,Flash-Next (Kaggle),bp35-0a0ad940_p3_events.jsonl,bp35,28,1,,,,,,died,,arc3-job10-action7-roundtrip,False,
10,0.6,0.1,Flash-Next (Kaggle),g50t-5849a774_p0_events.jsonl,g50t,64,1,6,5.8,0.1,0.5,0.3,truncated,0,arc3-job10-action7-roundtrip,False,0.6
20,1.0,0.25,Flash-Next (Kaggle),g50t-5849a774_p0_events.jsonl,g50t,64,1,7,7.2,0.2,0.45,0.25,truncated,0,arc3-job10-action7-roundtrip,False,1.0
40,1.0,0.575,Flash-Next (Kaggle),g50t-5849a774_p0_events.jsonl,g50t,64,1,7,7.2,0.2,0.3,0.125,truncated,0,arc3-job10-action7-roundtrip,False,1.0
0,,,Flash-Next (Kaggle),g50t-5849a774_p0_events.jsonl,g50t,64,1,,,,,,truncated,,arc3-job10-action7-roundtrip,False,
10,0.6,0.0,Flash-Next (Kaggle),g50t-5849a774_p1_events.jsonl,g50t,30,1,4,7.4,0.0,0.5,0.3,died,0,arc3-job10-action7-roundtrip,False,0.6
20,0.6,0.25,Flash-Next (Kaggle),g50t-5849a774_p1_events.jsonl,g50t,30,1,7,11.4,0.2,0.35,0.15,died,0,arc3-job10-action7-roundtrip,False,0.6
0,,,Flash-Next (Kaggle),g50t-5849a774_p1_events.jsonl,g50t,30,1,,,,,,died,,arc3-job10-action7-roundtrip,False,
10,0.4,0.0,Flash-Next (Kaggle),g50t-5849a774_p1_events.jsonl,g50t,84,1,3,7.6,0.0,0.2,0.2,truncated,2,arc3-job10-action7-roundtrip,False,0.4
20,0.6,0.35,Flash-Next (Kaggle),g50t-5849a774_p1_events.jsonl,g50t,84,1,8,12.0,0.2,0.15,0.15,truncated,2,arc3-job10-action7-roundtrip,False,0.6
40,0.8,0.45,Flash-Next (Kaggle),g50t-5849a774_p1_events.jsonl,g50t,84,1,14,17.2,0.25,0.125,0.1,truncated,2,arc3-job10-action7-roundtrip,False,0.8
0,,,Flash-Next (Kaggle),g50t-5849a774_p1_events.jsonl,g50t,84,1,,,,,,truncated,,arc3-job10-action7-roundtrip,False,
10,0.8,0.0,Flash-Next (Kaggle),g50t-5849a774_p2_events.jsonl,g50t,99,1,3,5.8,0.1,0.4,0.4,truncated,0,arc3-job10-action7-roundtrip,False,0.8
20,0.8,0.2,Flash-Next (Kaggle),g50t-5849a774_p2_events.jsonl,g50t,99,1,4,7.8,0.05,0.35,0.2,truncated,0,arc3-job10-action7-roundtrip,False,0.8
40,1.0,0.25,Flash-Next (Kaggle),g50t-5849a774_p2_events.jsonl,g50t,99,1,5,10.8,0.075,0.25,0.125,truncated,0,arc3-job10-action7-roundtrip,False,1.0
0,,,Flash-Next (Kaggle),g50t-5849a774_p2_events.jsonl,g50t,99,1,,,,,,truncated,,arc3-job10-action7-roundtrip,False,
10,0.6,0.0,Flash-Next (Kaggle),g50t-5849a774_p3_events.jsonl,g50t,18,1,3,6.0,0.0,0.4,0.3,truncated,0,arc3-job10-action7-roundtrip,False,0.6
0,,,Flash-Next (Kaggle),g50t-5849a774_p3_events.jsonl,g50t,18,1,,,,,,truncated,,arc3-job10-action7-roundtrip,False,
10,0.6,0.0,Flash-Next (Kaggle),lf52-271a04aa_p0_events.jsonl,lf52,22,1,1,5.833333333333333,0.0,0.8,0.8,solved,0,arc3-job10-action7-roundtrip,True,0.6666666666666666
20,0.6,0.0,Flash-Next (Kaggle),lf52-271a04aa_p0_events.jsonl,lf52,22,1,1,9.166666666666666,0.0,0.5,0.7,solved,0,arc3-job10-action7-roundtrip,True,0.6666666666666666
0,,,Flash-Next (Kaggle),lf52-271a04aa_p0_events.jsonl,lf52,22,1,,,,,,solved,,arc3-job10-action7-roundtrip,True,
10,0.6,0.0,Flash-Next (Kaggle),lf52-271a04aa_p0_events.jsonl,lf52,37,2,2,8.333333333333334,0.0,0.8,0.8,truncated,0,arc3-job10-action7-roundtrip,False,0.6666666666666666
20,1.0,0.0,Flash-Next (Kaggle),lf52-271a04aa_p0_events.jsonl,lf52,37,2,3,8.5,0.0,0.8,0.5,truncated,0,arc3-job10-action7-roundtrip,False,1.0
0,,,Flash-Next (Kaggle),lf52-271a04aa_p0_events.jsonl,lf52,37,2,,,,,,truncated,,arc3-job10-action7-roundtrip,False,
10,0.4,0.0,Flash-Next (Kaggle),lf52-271a04aa_p1_events.jsonl,lf52,12,1,1,6.666666666666667,0.0,0.7,0.9,solved,0,arc3-job10-action7-roundtrip,True,0.5
0,,,Flash-Next (Kaggle),lf52-271a04aa_p1_events.jsonl,lf52,12,1,,,,,,solved,,arc3-job10-action7-roundtrip,True,
10,0.0,0.0,Flash-Next (Kaggle),lf52-271a04aa_p1_events.jsonl,lf52,144,2,2,9.333333333333334,0.0,0.6,0.8,truncated,0,arc3-job10-action7-roundtrip,False,0.16666666666666666
20,0.4,0.0,Flash-Next (Kaggle),lf52-271a04aa_p1_events.jsonl,lf52,144,2,2,17.166666666666668,0.0,0.45,0.6,truncated,0,arc3-job10-action7-roundtrip,False,0.5
40,0.8,0.0,Flash-Next (Kaggle),lf52-271a04aa_p1_events.jsonl,lf52,144,2,12,20.666666666666668,0.0,0.4,0.35,truncated,0,arc3-job10-action7-roundtrip,False,0.8333333333333334
0,,,Flash-Next (Kaggle),lf52-271a04aa_p1_events.jsonl,lf52,144,2,,,,,,truncated,,arc3-job10-action7-roundtrip,False,
10,0.8,0.0,Flash-Next (Kaggle),lf52-271a04aa_p2_events.jsonl,lf52,14,1,1,4.333333333333333,0.0,0.9,1.0,solved,0,arc3-job10-action7-roundtrip,True,0.8333333333333334
0,,,Flash-Next (Kaggle),lf52-271a04aa_p2_events.jsonl,lf52,14,1,,,,,,solved,,arc3-job10-action7-roundtrip,True,
10,0.0,0.0,Flash-Next (Kaggle),lf52-271a04aa_p2_events.jsonl,lf52,64,2,1,9.333333333333334,0.0,0.6,0.6,solved,0,arc3-job10-action7-roundtrip,True,0.16666666666666666
20,0.2,0.0,Flash-Next (Kaggle),lf52-271a04aa_p2_events.jsonl,lf52,64,2,1,16.166666666666668,0.0,0.5,0.65,solved,0,arc3-job10-action7-roundtrip,True,0.3333333333333333
40,0.8,0.0,Flash-Next (Kaggle),lf52-271a04aa_p2_events.jsonl,lf52,64,2,3,26.0,0.0,0.475,0.45,solved,0,arc3-job10-action7-roundtrip,True,0.8333333333333334
0,,,Flash-Next (Kaggle),lf52-271a04aa_p2_events.jsonl,lf52,64,2,,,,,,solved,,arc3-job10-action7-roundtrip,True,
0,,,Flash-Next (Kaggle),lf52-271a04aa_p2_events.jsonl,lf52,2,3,,,,,,truncated,,arc3-job10-action7-roundtrip,False,
10,0.8,0.0,Flash-Next (Kaggle),lf52-271a04aa_p3_events.jsonl,lf52,14,1,2,4.333333333333333,0.0,0.7,0.8,solved,0,arc3-job10-action7-roundtrip,True,0.8333333333333334
0,,,Flash-Next (Kaggle),lf52-271a04aa_p3_events.jsonl,lf52,14,1,,,,,,solved,,arc3-job10-action7-roundtrip,True,
0,,,Flash-Next (Kaggle),lf52-271a04aa_p3_events.jsonl,lf52,9,2,,,,,,truncated,,arc3-job10-action7-roundtrip,False,
10,0.75,0.0,Flash-Next (Kaggle),ls20-9607627b_p0_events.jsonl,ls20,17,1,5,6.25,0.0,0.3,0.3,solved,0,arc3-job10-action7-roundtrip,True,0.75
0,,,Flash-Next (Kaggle),ls20-9607627b_p0_events.jsonl,ls20,17,1,,,,,,solved,,arc3-job10-action7-roundtrip,True,
10,0.75,0.0,Flash-Next (Kaggle),ls20-9607627b_p0_events.jsonl,ls20,111,2,5,5.5,0.0,0.4,0.3,truncated,0,arc3-job10-action7-roundtrip,False,0.75
20,1.0,0.05,Flash-Next (Kaggle),ls20-9607627b_p0_events.jsonl,ls20,111,2,5,5.5,0.1,0.25,0.2,truncated,0,arc3-job10-action7-roundtrip,False,1.0
40,1.0,0.175,Flash-Next (Kaggle),ls20-9607627b_p0_events.jsonl,ls20,111,2,6,5.5,0.075,0.125,0.1,truncated,0,arc3-job10-action7-roundtrip,False,1.0
0,,,Flash-Next (Kaggle),ls20-9607627b_p0_events.jsonl,ls20,111,2,,,,,,truncated,,arc3-job10-action7-roundtrip,False,
10,0.5,0.0,Flash-Next (Kaggle),ls20-9607627b_p1_events.jsonl,ls20,21,1,7,6.25,0.1,0.2,0.2,solved,0,arc3-job10-action7-roundtrip,True,0.5
20,1.0,0.15,Flash-Next (Kaggle),ls20-9607627b_p1_events.jsonl,ls20,21,1,7,7.5,0.05,0.25,0.2,solved,0,arc3-job10-action7-roundtrip,True,1.0
0,,,Flash-Next (Kaggle),ls20-9607627b_p1_events.jsonl,ls20,21,1,,,,,,solved,,arc3-job10-action7-roundtrip,True,
10,0.75,0.0,Flash-Next (Kaggle),ls20-9607627b_p1_events.jsonl,ls20,70,2,5,5.5,0.0,0.4,0.3,truncated,0,arc3-job10-action7-roundtrip,False,0.75
20,1.0,0.0,Flash-Next (Kaggle),ls20-9607627b_p1_events.jsonl,ls20,70,2,5,5.5,0.05,0.25,0.2,truncated,0,arc3-job10-action7-roundtrip,False,1.0
40,1.0,0.15,Flash-Next (Kaggle),ls20-9607627b_p1_events.jsonl,ls20,70,2,6,5.5,0.025,0.15,0.1,truncated,0,arc3-job10-action7-roundtrip,False,1.0
0,,,Flash-Next (Kaggle),ls20-9607627b_p1_events.jsonl,ls20,70,2,,,,,,truncated,,arc3-job10-action7-roundtrip,False,
10,1.0,0.0,Flash-Next (Kaggle),ls20-9607627b_p2_events.jsonl,ls20,128,1,3,2.5,0.0,0.5,0.4,truncated,0,arc3-job10-action7-roundtrip,False,1.0
20,1.0,0.05,Flash-Next (Kaggle),ls20-9607627b_p2_events.jsonl,ls20,128,1,4,2.5,0.1,0.4,0.2,truncated,0,arc3-job10-action7-roundtrip,False,1.0
40,1.0,0.375,Flash-Next (Kaggle),ls20-9607627b_p2_events.jsonl,ls20,128,1,17,2.5,0.375,0.225,0.1,truncated,0,arc3-job10-action7-roundtrip,False,1.0
0,,,Flash-Next (Kaggle),ls20-9607627b_p2_events.jsonl,ls20,128,1,,,,,,truncated,,arc3-job10-action7-roundtrip,False,
10,1.0,0.0,Flash-Next (Kaggle),ls20-9607627b_p3_events.jsonl,ls20,23,1,7,2.5,0.1,0.4,0.4,solved,0,arc3-job10-action7-roundtrip,True,1.0
20,1.0,0.05,Flash-Next (Kaggle),ls20-9607627b_p3_events.jsonl,ls20,23,1,7,2.5,0.05,0.3,0.2,solved,0,arc3-job10-action7-roundtrip,True,1.0
0,,,Flash-Next (Kaggle),ls20-9607627b_p3_events.jsonl,ls20,23,1,,,,,,solved,,arc3-job10-action7-roundtrip,True,
10,0.75,0.0,Flash-Next (Kaggle),ls20-9607627b_p3_events.jsonl,ls20,17,2,5,6.0,0.0,0.4,0.3,truncated,0,arc3-job10-action7-roundtrip,False,0.75
0,,,Flash-Next (Kaggle),ls20-9607627b_p3_events.jsonl,ls20,17,2,,,,,,truncated,,arc3-job10-action7-roundtrip,False,
10,0.8,0.0,Flash-Next (Kaggle),sk48-d8078629_p0_events.jsonl,sk48,127,1,2,7.166666666666667,0.1,0.4,0.4,solved,0,arc3-job10-action7-roundtrip,True,0.6666666666666666
20,1.0,0.05,Flash-Next (Kaggle),sk48-d8078629_p0_events.jsonl,sk48,127,1,4,10.0,0.1,0.3,0.3,solved,0,arc3-job10-action7-roundtrip,True,1.0
40,1.0,0.05,Flash-Next (Kaggle),sk48-d8078629_p0_events.jsonl,sk48,127,1,6,10.0,0.075,0.15,0.15,solved,0,arc3-job10-action7-roundtrip,True,1.0
0,,,Flash-Next (Kaggle),sk48-d8078629_p0_events.jsonl,sk48,127,1,,,,,,solved,,arc3-job10-action7-roundtrip,True,
10,0.6,0.0,Flash-Next (Kaggle),sk48-d8078629_p0_events.jsonl,sk48,53,2,6,8.5,0.0,0.3,0.3,truncated,0,arc3-job10-action7-roundtrip,False,0.5
20,0.8,0.0,Flash-Next (Kaggle),sk48-d8078629_p0_events.jsonl,sk48,53,2,6,12.166666666666666,0.0,0.2,0.2,truncated,0,arc3-job10-action7-roundtrip,False,0.6666666666666666
40,0.8,0.05,Flash-Next (Kaggle),sk48-d8078629_p0_events.jsonl,sk48,53,2,6,18.833333333333332,0.05,0.1,0.1,truncated,0,arc3-job10-action7-roundtrip,False,0.6666666666666666
0,,,Flash-Next (Kaggle),sk48-d8078629_p0_events.jsonl,sk48,53,2,,,,,,truncated,,arc3-job10-action7-roundtrip,False,
10,0.6,0.0,Flash-Next (Kaggle),sk48-d8078629_p1_events.jsonl,sk48,100,1,3,7.333333333333333,0.0,0.3,0.3,truncated,0,arc3-job10-action7-roundtrip,False,0.5
20,0.8,0.0,Flash-Next (Kaggle),sk48-d8078629_p1_events.jsonl,sk48,100,1,5,11.0,0.0,0.2,0.2,truncated,0,arc3-job10-action7-roundtrip,False,0.6666666666666666
40,1.0,0.025,Flash-Next (Kaggle),sk48-d8078629_p1_events.jsonl,sk48,100,1,6,16.5,0.05,0.15,0.15,truncated,0,arc3-job10-action7-roundtrip,False,1.0
0,,,Flash-Next (Kaggle),sk48-d8078629_p1_events.jsonl,sk48,100,1,,,,,,truncated,,arc3-job10-action7-roundtrip,False,
10,0.6,0.0,Flash-Next (Kaggle),sk48-d8078629_p2_events.jsonl,sk48,112,1,4,6.5,0.0,0.3,0.3,truncated,0,arc3-job10-action7-roundtrip,False,0.5
20,0.8,0.05,Flash-Next (Kaggle),sk48-d8078629_p2_events.jsonl,sk48,112,1,5,10.166666666666666,0.05,0.2,0.2,truncated,0,arc3-job10-action7-roundtrip,False,0.6666666666666666
40,1.0,0.275,Flash-Next (Kaggle),sk48-d8078629_p2_events.jsonl,sk48,112,1,6,15.666666666666666,0.075,0.125,0.125,truncated,0,arc3-job10-action7-roundtrip,False,0.8333333333333334
0,,,Flash-Next (Kaggle),sk48-d8078629_p2_events.jsonl,sk48,112,1,,,,,,truncated,,arc3-job10-action7-roundtrip,False,
10,0.6,0.1,Flash-Next (Kaggle),sk48-d8078629_p3_events.jsonl,sk48,48,1,4,6.833333333333333,0.1,0.3,0.3,truncated,0,arc3-job10-action7-roundtrip,False,0.5
20,0.8,0.25,Flash-Next (Kaggle),sk48-d8078629_p3_events.jsonl,sk48,48,1,5,10.333333333333334,0.1,0.2,0.2,truncated,0,arc3-job10-action7-roundtrip,False,0.6666666666666666
40,0.8,0.45,Flash-Next (Kaggle),sk48-d8078629_p3_events.jsonl,sk48,48,1,6,17.0,0.075,0.1,0.1,truncated,0,arc3-job10-action7-roundtrip,False,0.6666666666666666
0,,,Flash-Next (Kaggle),sk48-d8078629_p3_events.jsonl,sk48,48,1,,,,,,truncated,,arc3-job10-action7-roundtrip,False,
10,,0.0,Flash-Next (Kaggle),tn36-ef4dde99_p0_events.jsonl,tn36,61,1,1,,0.0,0.8,0.9,died,0,arc3-job10-action7-roundtrip,False,
20,,0.0,Flash-Next (Kaggle),tn36-ef4dde99_p0_events.jsonl,tn36,61,1,2,,0.0,0.6,0.7,died,0,arc3-job10-action7-roundtrip,False,
40,,0.0,Flash-Next (Kaggle),tn36-ef4dde99_p0_events.jsonl,tn36,61,1,4,,0.0,0.35,0.525,died,0,arc3-job10-action7-roundtrip,False,
0,,,Flash-Next (Kaggle),tn36-ef4dde99_p0_events.jsonl,tn36,61,1,,,,,,died,,arc3-job10-action7-roundtrip,False,
10,,0.0,Flash-Next (Kaggle),tn36-ef4dde99_p0_events.jsonl,tn36,61,1,1,,0.0,0.3,0.4,died,2,arc3-job10-action7-roundtrip,False,
20,,0.0,Flash-Next (Kaggle),tn36-ef4dde99_p0_events.jsonl,tn36,61,1,1,,0.0,0.2,0.25,died,2,arc3-job10-action7-roundtrip,False,
40,,0.0,Flash-Next (Kaggle),tn36-ef4dde99_p0_events.jsonl,tn36,61,1,1,,0.0,0.1,0.25,died,2,arc3-job10-action7-roundtrip,False,
0,,,Flash-Next (Kaggle),tn36-ef4dde99_p0_events.jsonl,tn36,61,1,,,,,,died,,arc3-job10-action7-roundtrip,False,
10,,0.0,Flash-Next (Kaggle),tn36-ef4dde99_p0_events.jsonl,tn36,61,1,1,,0.0,0.5,1.0,died,4,arc3-job10-action7-roundtrip,False,
20,,0.0,Flash-Next (Kaggle),tn36-ef4dde99_p0_events.jsonl,tn36,61,1,1,,0.0,0.3,0.6,died,4,arc3-job10-action7-roundtrip,False,
40,,0.0,Flash-Next (Kaggle),tn36-ef4dde99_p0_events.jsonl,tn36,61,1,1,,0.0,0.15,0.3,died,4,arc3-job10-action7-roundtrip,False,
0,,,Flash-Next (Kaggle),tn36-ef4dde99_p0_events.jsonl,tn36,61,1,,,,,,died,,arc3-job10-action7-roundtrip,False,
10,,0.0,Flash-Next (Kaggle),tn36-ef4dde99_p0_events.jsonl,tn36,59,1,1,,0.0,0.4,0.8,truncated,6,arc3-job10-action7-roundtrip,False,
20,,0.0,Flash-Next (Kaggle),tn36-ef4dde99_p0_events.jsonl,tn36,59,1,1,,0.0,0.2,0.5,truncated,6,arc3-job10-action7-roundtrip,False,
40,,0.0,Flash-Next (Kaggle),tn36-ef4dde99_p0_events.jsonl,tn36,59,1,1,,0.0,0.2,0.375,truncated,6,arc3-job10-action7-roundtrip,False,
0,,,Flash-Next (Kaggle),tn36-ef4dde99_p0_events.jsonl,tn36,59,1,,,,,,truncated,,arc3-job10-action7-roundtrip,False,
10,,0.0,Flash-Next (Kaggle),tn36-ef4dde99_p1_events.jsonl,tn36,61,1,2,,0.0,0.6,0.7,died,0,arc3-job10-action7-roundtrip,False,
20,,0.0,Flash-Next (Kaggle),tn36-ef4dde99_p1_events.jsonl,tn36,61,1,2,,0.0,0.45,0.75,died,0,arc3-job10-action7-roundtrip,False,
40,,0.0,Flash-Next (Kaggle),tn36-ef4dde99_p1_events.jsonl,tn36,61,1,2,,0.0,0.325,0.625,died,0,arc3-job10-action7-roundtrip,False,
0,,,Flash-Next (Kaggle),tn36-ef4dde99_p1_events.jsonl,tn36,61,1,,,,,,died,,arc3-job10-action7-roundtrip,False,
10,,0.0,Flash-Next (Kaggle),tn36-ef4dde99_p1_events.jsonl,tn36,61,1,2,,0.0,0.7,0.6,died,2,arc3-job10-action7-roundtrip,False,
20,,0.0,Flash-Next (Kaggle),tn36-ef4dde99_p1_events.jsonl,tn36,61,1,2,,0.0,0.4,0.5,died,2,arc3-job10-action7-roundtrip,False,
40,,0.0,Flash-Next (Kaggle),tn36-ef4dde99_p1_events.jsonl,tn36,61,1,2,,0.0,0.225,0.35,died,2,arc3-job10-action7-roundtrip,False,
0,,,Flash-Next (Kaggle),tn36-ef4dde99_p1_events.jsonl,tn36,61,1,,,,,,died,,arc3-job10-action7-roundtrip,False,
10,,0.0,Flash-Next (Kaggle),tn36-ef4dde99_p1_events.jsonl,tn36,61,1,1,,0.0,0.3,0.8,died,4,arc3-job10-action7-roundtrip,False,
20,,0.0,Flash-Next (Kaggle),tn36-ef4dde99_p1_events.jsonl,tn36,61,1,1,,0.0,0.15,0.4,died,4,arc3-job10-action7-roundtrip,False,
40,,0.0,Flash-Next (Kaggle),tn36-ef4dde99_p1_events.jsonl,tn36,61,1,1,,0.0,0.1,0.25,died,4,arc3-job10-action7-roundtrip,False,
0,,,Flash-Next (Kaggle),tn36-ef4dde99_p1_events.jsonl,tn36,61,1,,,,,,died,,arc3-job10-action7-roundtrip,False,
0,,,Flash-Next (Kaggle),tn36-ef4dde99_p1_events.jsonl,tn36,3,1,,,,,,truncated,,arc3-job10-action7-roundtrip,False,
10,,0.0,Flash-Next (Kaggle),tn36-ef4dde99_p2_events.jsonl,tn36,61,1,5,,0.0,0.8,0.5,died,0,arc3-job10-action7-roundtrip,False,
20,,0.0,Flash-Next (Kaggle),tn36-ef4dde99_p2_events.jsonl,tn36,61,1,5,,0.0,0.55,0.4,died,0,arc3-job10-action7-roundtrip,False,
40,,0.0,Flash-Next (Kaggle),tn36-ef4dde99_p2_events.jsonl,tn36,61,1,17,,0.0,0.275,0.2,died,0,arc3-job10-action7-roundtrip,False,
0,,,Flash-Next (Kaggle),tn36-ef4dde99_p2_events.jsonl,tn36,61,1,,,,,,died,,arc3-job10-action7-roundtrip,False,
10,,0.0,Flash-Next (Kaggle),tn36-ef4dde99_p2_events.jsonl,tn36,61,1,3,,0.0,0.7,0.4,died,2,arc3-job10-action7-roundtrip,False,
20,,0.0,Flash-Next (Kaggle),tn36-ef4dde99_p2_events.jsonl,tn36,61,1,5,,0.0,0.45,0.25,died,2,arc3-job10-action7-roundtrip,False,
40,,0.0,Flash-Next (Kaggle),tn36-ef4dde99_p2_events.jsonl,tn36,61,1,5,,0.0,0.3,0.25,died,2,arc3-job10-action7-roundtrip,False,
0,,,Flash-Next (Kaggle),tn36-ef4dde99_p2_events.jsonl,tn36,61,1,,,,,,died,,arc3-job10-action7-roundtrip,False,
10,,0.0,Flash-Next (Kaggle),tn36-ef4dde99_p2_events.jsonl,tn36,61,1,1,,0.0,0.4,1.0,died,4,arc3-job10-action7-roundtrip,False,
20,,0.0,Flash-Next (Kaggle),tn36-ef4dde99_p2_events.jsonl,tn36,61,1,1,,0.0,0.3,1.0,died,4,arc3-job10-action7-roundtrip,False,
40,,0.0,Flash-Next (Kaggle),tn36-ef4dde99_p2_events.jsonl,tn36,61,1,1,,0.0,0.3,1.0,died,4,arc3-job10-action7-roundtrip,False,
0,,,Flash-Next (Kaggle),tn36-ef4dde99_p2_events.jsonl,tn36,61,1,,,,,,died,,arc3-job10-action7-roundtrip,False,
10,,0.0,Flash-Next (Kaggle),tn36-ef4dde99_p2_events.jsonl,tn36,61,1,2,,0.0,0.4,0.5,died,6,arc3-job10-action7-roundtrip,False,
20,,0.0,Flash-Next (Kaggle),tn36-ef4dde99_p2_events.jsonl,tn36,61,1,2,,0.0,0.2,0.3,died,6,arc3-job10-action7-roundtrip,False,
40,,0.0,Flash-Next (Kaggle),tn36-ef4dde99_p2_events.jsonl,tn36,61,1,2,,0.0,0.1,0.15,died,6,arc3-job10-action7-roundtrip,False,
0,,,Flash-Next (Kaggle),tn36-ef4dde99_p2_events.jsonl,tn36,61,1,,,,,,died,,arc3-job10-action7-roundtrip,False,
10,,0.0,Flash-Next (Kaggle),tn36-ef4dde99_p2_events.jsonl,tn36,61,1,4,,0.0,0.4,0.4,died,8,arc3-job10-action7-roundtrip,False,
20,,0.0,Flash-Next (Kaggle),tn36-ef4dde99_p2_events.jsonl,tn36,61,1,14,,0.0,0.2,0.2,died,8,arc3-job10-action7-roundtrip,False,
40,,0.0,Flash-Next (Kaggle),tn36-ef4dde99_p2_events.jsonl,tn36,61,1,24,,0.0,0.325,0.275,died,8,arc3-job10-action7-roundtrip,False,
0,,,Flash-Next (Kaggle),tn36-ef4dde99_p2_events.jsonl,tn36,61,1,,,,,,died,,arc3-job10-action7-roundtrip,False,
10,,0.0,Flash-Next (Kaggle),tn36-ef4dde99_p2_events.jsonl,tn36,61,1,2,,0.0,0.4,0.4,died,10,arc3-job10-action7-roundtrip,False,
20,,0.0,Flash-Next (Kaggle),tn36-ef4dde99_p2_events.jsonl,tn36,61,1,2,,0.0,0.2,0.25,died,10,arc3-job10-action7-roundtrip,False,
40,,0.0,Flash-Next (Kaggle),tn36-ef4dde99_p2_events.jsonl,tn36,61,1,2,,0.0,0.1,0.15,died,10,arc3-job10-action7-roundtrip,False,
0,,,Flash-Next (Kaggle),tn36-ef4dde99_p2_events.jsonl,tn36,61,1,,,,,,died,,arc3-job10-action7-roundtrip,False,
10,,0.0,Flash-Next (Kaggle),tn36-ef4dde99_p2_events.jsonl,tn36,61,1,3,,0.0,0.4,0.5,died,12,arc3-job10-action7-roundtrip,False,
20,,0.0,Flash-Next (Kaggle),tn36-ef4dde99_p2_events.jsonl,tn36,61,1,3,,0.0,0.2,0.3,died,12,arc3-job10-action7-roundtrip,False,
40,,0.0,Flash-Next (Kaggle),tn36-ef4dde99_p2_events.jsonl,tn36,61,1,3,,0.0,0.15,0.225,died,12,arc3-job10-action7-roundtrip,False,
0,,,Flash-Next (Kaggle),tn36-ef4dde99_p2_events.jsonl,tn36,61,1,,,,,,died,,arc3-job10-action7-roundtrip,False,
10,,0.0,Flash-Next (Kaggle),tn36-ef4dde99_p2_events.jsonl,tn36,56,1,3,,0.0,0.6,0.6,truncated,14,arc3-job10-action7-roundtrip,False,
20,,0.0,Flash-Next (Kaggle),tn36-ef4dde99_p2_events.jsonl,tn36,56,1,5,,0.0,0.3,0.4,truncated,14,arc3-job10-action7-roundtrip,False,
40,,0.0,Flash-Next (Kaggle),tn36-ef4dde99_p2_events.jsonl,tn36,56,1,7,,0.0,0.15,0.2,truncated,14,arc3-job10-action7-roundtrip,False,
0,,,Flash-Next (Kaggle),tn36-ef4dde99_p2_events.jsonl,tn36,56,1,,,,,,truncated,,arc3-job10-action7-roundtrip,False,
10,,0.0,Flash-Next (Kaggle),tn36-ef4dde99_p3_events.jsonl,tn36,61,1,3,,0.0,0.6,0.7,died,0,arc3-job10-action7-roundtrip,False,
20,,0.0,Flash-Next (Kaggle),tn36-ef4dde99_p3_events.jsonl,tn36,61,1,4,,0.0,0.45,0.5,died,0,arc3-job10-action7-roundtrip,False,
40,,0.0,Flash-Next (Kaggle),tn36-ef4dde99_p3_events.jsonl,tn36,61,1,4,,0.0,0.3,0.475,died,0,arc3-job10-action7-roundtrip,False,
0,,,Flash-Next (Kaggle),tn36-ef4dde99_p3_events.jsonl,tn36,61,1,,,,,,died,,arc3-job10-action7-roundtrip,False,
10,0.8,0.0,Flash-Next (Kaggle),wa30-ee6fef47_p0_events.jsonl,wa30,150,1,5,5.8,0.1,0.4,0.4,truncated,0,arc3-job10-action7-roundtrip,False,0.8
20,1.0,0.05,Flash-Next (Kaggle),wa30-ee6fef47_p0_events.jsonl,wa30,150,1,5,5.8,0.05,0.25,0.25,truncated,0,arc3-job10-action7-roundtrip,False,1.0
40,1.0,0.1,Flash-Next (Kaggle),wa30-ee6fef47_p0_events.jsonl,wa30,150,1,6,5.8,0.05,0.2,0.125,truncated,0,arc3-job10-action7-roundtrip,False,1.0
0,,,Flash-Next (Kaggle),wa30-ee6fef47_p0_events.jsonl,wa30,150,1,,,,,,truncated,,arc3-job10-action7-roundtrip,False,
10,0.4,0.4,Flash-Next (Kaggle),wa30-ee6fef47_p1_events.jsonl,wa30,113,1,4,7.6,0.1,0.3,0.2,solved,0,arc3-job10-action7-roundtrip,True,0.4
20,0.6,0.55,Flash-Next (Kaggle),wa30-ee6fef47_p1_events.jsonl,wa30,113,1,10,12.8,0.1,0.25,0.15,solved,0,arc3-job10-action7-roundtrip,True,0.6
40,1.0,0.425,Flash-Next (Kaggle),wa30-ee6fef47_p1_events.jsonl,wa30,113,1,10,13.8,0.125,0.2,0.125,solved,0,arc3-job10-action7-roundtrip,True,1.0
0,,,Flash-Next (Kaggle),wa30-ee6fef47_p1_events.jsonl,wa30,113,1,,,,,,solved,,arc3-job10-action7-roundtrip,True,
10,0.4,0.0,Flash-Next (Kaggle),wa30-ee6fef47_p1_events.jsonl,wa30,35,2,6,7.4,0.0,0.3,0.2,truncated,0,arc3-job10-action7-roundtrip,False,0.4
20,1.0,0.0,Flash-Next (Kaggle),wa30-ee6fef47_p1_events.jsonl,wa30,35,2,6,9.6,0.0,0.4,0.25,truncated,0,arc3-job10-action7-roundtrip,False,1.0
0,,,Flash-Next (Kaggle),wa30-ee6fef47_p1_events.jsonl,wa30,35,2,,,,,,truncated,,arc3-job10-action7-roundtrip,False,
10,0.8,0.2,Flash-Next (Kaggle),wa30-ee6fef47_p2_events.jsonl,wa30,56,1,3,4.8,0.1,0.4,0.4,solved,0,arc3-job10-action7-roundtrip,True,0.8
20,1.0,0.25,Flash-Next (Kaggle),wa30-ee6fef47_p2_events.jsonl,wa30,56,1,3,6.2,0.1,0.25,0.25,solved,0,arc3-job10-action7-roundtrip,True,1.0
40,1.0,0.225,Flash-Next (Kaggle),wa30-ee6fef47_p2_events.jsonl,wa30,56,1,4,6.2,0.05,0.125,0.125,solved,0,arc3-job10-action7-roundtrip,True,1.0
0,,,Flash-Next (Kaggle),wa30-ee6fef47_p2_events.jsonl,wa30,56,1,,,,,,solved,,arc3-job10-action7-roundtrip,True,
10,0.6,0.0,Flash-Next (Kaggle),wa30-ee6fef47_p2_events.jsonl,wa30,70,2,7,8.2,0.0,0.3,0.3,died,0,arc3-job10-action7-roundtrip,False,0.6
20,0.6,0.0,Flash-Next (Kaggle),wa30-ee6fef47_p2_events.jsonl,wa30,70,2,7,12.2,0.0,0.3,0.15,died,0,arc3-job10-action7-roundtrip,False,0.6
40,1.0,0.0,Flash-Next (Kaggle),wa30-ee6fef47_p2_events.jsonl,wa30,70,2,7,12.8,0.0,0.3,0.125,died,0,arc3-job10-action7-roundtrip,False,1.0
0,,,Flash-Next (Kaggle),wa30-ee6fef47_p2_events.jsonl,wa30,70,2,,,,,,died,,arc3-job10-action7-roundtrip,False,
10,0.6,0.0,Flash-Next (Kaggle),wa30-ee6fef47_p2_events.jsonl,wa30,16,2,6,7.4,0.0,0.3,0.3,truncated,2,arc3-job10-action7-roundtrip,False,0.6
0,,,Flash-Next (Kaggle),wa30-ee6fef47_p2_events.jsonl,wa30,16,2,,,,,,truncated,,arc3-job10-action7-roundtrip,False,
10,1.0,0.0,Flash-Next (Kaggle),wa30-ee6fef47_p3_events.jsonl,wa30,48,1,3,3.6,0.1,0.5,0.5,truncated,0,arc3-job10-action7-roundtrip,False,1.0
20,1.0,0.0,Flash-Next (Kaggle),wa30-ee6fef47_p3_events.jsonl,wa30,48,1,6,3.6,0.1,0.25,0.25,truncated,0,arc3-job10-action7-roundtrip,False,1.0
40,1.0,0.275,Flash-Next (Kaggle),wa30-ee6fef47_p3_events.jsonl,wa30,48,1,7,3.6,0.125,0.15,0.125,truncated,0,arc3-job10-action7-roundtrip,False,1.0
0,,,Flash-Next (Kaggle),wa30-ee6fef47_p3_events.jsonl,wa30,48,1,,,,,,truncated,,arc3-job10-action7-roundtrip,False,
10,0.3333333333333333,0.0,Flash-Next (Kaggle),bp35-0a0ad940_p0_events.jsonl,bp35,42,1,1,6.25,0.0,0.9,0.9,solved,0,arc3-job2-sparse-deletion,True,0.5
20,0.3333333333333333,0.0,Flash-Next (Kaggle),bp35-0a0ad940_p0_events.jsonl,bp35,42,1,3,11.25,0.0,0.6,0.75,solved,0,arc3-job2-sparse-deletion,True,0.5
40,0.6666666666666666,0.0,Flash-Next (Kaggle),bp35-0a0ad940_p0_events.jsonl,bp35,42,1,7,16.75,0.0,0.55,0.525,solved,0,arc3-job2-sparse-deletion,True,0.75
0,,,Flash-Next (Kaggle),bp35-0a0ad940_p0_events.jsonl,bp35,42,1,,,,,,solved,,arc3-job2-sparse-deletion,True,
10,0.0,0.0,Flash-Next (Kaggle),bp35-0a0ad940_p0_events.jsonl,bp35,20,2,1,8.5,0.0,0.9,1.0,died,0,arc3-job2-sparse-deletion,False,0.25
20,0.3333333333333333,0.0,Flash-Next (Kaggle),bp35-0a0ad940_p0_events.jsonl,bp35,20,2,2,15.75,0.0,0.65,0.95,died,0,arc3-job2-sparse-deletion,False,0.5
0,,,Flash-Next (Kaggle),bp35-0a0ad940_p0_events.jsonl,bp35,20,2,,,,,,died,,arc3-job2-sparse-deletion,False,
0,,,Flash-Next (Kaggle),bp35-0a0ad940_p0_events.jsonl,bp35,2,2,,,,,,died,,arc3-job2-sparse-deletion,False,
0,,,Flash-Next (Kaggle),bp35-0a0ad940_p0_events.jsonl,bp35,8,2,,,,,,died,,arc3-job2-sparse-deletion,False,
0,,,Flash-Next (Kaggle),bp35-0a0ad940_p0_events.jsonl,bp35,4,2,,,,,,died,,arc3-job2-sparse-deletion,False,
0,,,Flash-Next (Kaggle),bp35-0a0ad940_p0_events.jsonl,bp35,2,2,,,,,,died,,arc3-job2-sparse-deletion,False,
0,,,Flash-Next (Kaggle),bp35-0a0ad940_p0_events.jsonl,bp35,2,2,,,,,,died,,arc3-job2-sparse-deletion,False,
0,,,Flash-Next (Kaggle),bp35-0a0ad940_p0_events.jsonl,bp35,2,2,,,,,,died,,arc3-job2-sparse-deletion,False,
0,,,Flash-Next (Kaggle),bp35-0a0ad940_p0_events.jsonl,bp35,2,2,,,,,,died,,arc3-job2-sparse-deletion,False,
10,0.3333333333333333,0.0,Flash-Next (Kaggle),bp35-0a0ad940_p0_events.jsonl,bp35,17,2,2,6.25,0.0,0.9,0.9,died,16,arc3-job2-sparse-deletion,False,0.5
0,,,Flash-Next (Kaggle),bp35-0a0ad940_p0_events.jsonl,bp35,17,2,,,,,,died,,arc3-job2-sparse-deletion,False,
10,0.3333333333333333,0.0,Flash-Next (Kaggle),bp35-0a0ad940_p0_events.jsonl,bp35,11,2,2,6.5,0.0,0.9,0.9,truncated,18,arc3-job2-sparse-deletion,False,0.5
0,,,Flash-Next (Kaggle),bp35-0a0ad940_p0_events.jsonl,bp35,11,2,,,,,,truncated,,arc3-job2-sparse-deletion,False,
10,0.6666666666666666,0.0,Flash-Next (Kaggle),bp35-0a0ad940_p1_events.jsonl,bp35,22,1,2,4.5,0.0,0.6,0.5,truncated,0,arc3-job2-sparse-deletion,False,0.75
20,0.6666666666666666,0.0,Flash-Next (Kaggle),bp35-0a0ad940_p1_events.jsonl,bp35,22,1,3,7.0,0.0,0.55,0.5,truncated,0,arc3-job2-sparse-deletion,False,0.75
0,,,Flash-Next (Kaggle),bp35-0a0ad940_p1_events.jsonl,bp35,22,1,,,,,,truncated,,arc3-job2-sparse-deletion,False,
10,0.6666666666666666,0.0,Flash-Next (Kaggle),bp35-0a0ad940_p2_events.jsonl,bp35,55,1,6,6.25,0.0,0.4,0.3,solved,0,arc3-job2-sparse-deletion,True,0.75
20,0.6666666666666666,0.0,Flash-Next (Kaggle),bp35-0a0ad940_p2_events.jsonl,bp35,55,1,6,8.75,0.0,0.45,0.4,solved,0,arc3-job2-sparse-deletion,True,0.75
40,0.6666666666666666,0.0,Flash-Next (Kaggle),bp35-0a0ad940_p2_events.jsonl,bp35,55,1,6,13.75,0.0,0.425,0.475,solved,0,arc3-job2-sparse-deletion,True,0.75
0,,,Flash-Next (Kaggle),bp35-0a0ad940_p2_events.jsonl,bp35,55,1,,,,,,solved,,arc3-job2-sparse-deletion,True,
0,,,Flash-Next (Kaggle),bp35-0a0ad940_p2_events.jsonl,bp35,9,2,,,,,,died,,arc3-job2-sparse-deletion,False,
0,,,Flash-Next (Kaggle),bp35-0a0ad940_p2_events.jsonl,bp35,9,2,,,,,,died,,arc3-job2-sparse-deletion,False,
0,,,Flash-Next (Kaggle),bp35-0a0ad940_p2_events.jsonl,bp35,9,2,,,,,,died,,arc3-job2-sparse-deletion,False,
10,0.6666666666666666,0.0,Flash-Next (Kaggle),bp35-0a0ad940_p2_events.jsonl,bp35,30,2,4,6.5,0.0,0.6,0.4,died,6,arc3-job2-sparse-deletion,False,0.75
20,0.6666666666666666,0.0,Flash-Next (Kaggle),bp35-0a0ad940_p2_events.jsonl,bp35,30,2,5,9.0,0.0,0.5,0.3,died,6,arc3-job2-sparse-deletion,False,0.75
0,,,Flash-Next (Kaggle),bp35-0a0ad940_p2_events.jsonl,bp35,30,2,,,,,,died,,arc3-job2-sparse-deletion,False,
10,0.3333333333333333,0.0,Flash-Next (Kaggle),bp35-0a0ad940_p2_events.jsonl,bp35,22,2,10,8.5,0.0,0.2,0.1,died,8,arc3-job2-sparse-deletion,False,0.25
20,0.6666666666666666,0.0,Flash-Next (Kaggle),bp35-0a0ad940_p2_events.jsonl,bp35,22,2,10,12.25,0.0,0.45,0.3,died,8,arc3-job2-sparse-deletion,False,0.75
0,,,Flash-Next (Kaggle),bp35-0a0ad940_p2_events.jsonl,bp35,22,2,,,,,,died,,arc3-job2-sparse-deletion,False,
10,0.3333333333333333,0.0,Flash-Next (Kaggle),bp35-0a0ad940_p2_events.jsonl,bp35,10,2,8,8.0,0.0,0.2,0.2,truncated,10,arc3-job2-sparse-deletion,False,0.5
0,,,Flash-Next (Kaggle),bp35-0a0ad940_p2_events.jsonl,bp35,10,2,,,,,,truncated,,arc3-job2-sparse-deletion,False,
10,0.6666666666666666,0.0,Flash-Next (Kaggle),bp35-0a0ad940_p3_events.jsonl,bp35,63,1,5,6.25,0.0,0.3,0.2,truncated,0,arc3-job2-sparse-deletion,False,0.5
20,0.6666666666666666,0.0,Flash-Next (Kaggle),bp35-0a0ad940_p3_events.jsonl,bp35,63,1,5,9.25,0.0,0.45,0.5,truncated,0,arc3-job2-sparse-deletion,False,0.75
40,0.6666666666666666,0.0,Flash-Next (Kaggle),bp35-0a0ad940_p3_events.jsonl,bp35,63,1,10,14.25,0.0,0.425,0.5,truncated,0,arc3-job2-sparse-deletion,False,0.75
0,,,Flash-Next (Kaggle),bp35-0a0ad940_p3_events.jsonl,bp35,63,1,,,,,,truncated,,arc3-job2-sparse-deletion,False,
10,1.0,0.0,Flash-Next (Kaggle),g50t-5849a774_p0_events.jsonl,g50t,84,1,2,4.6,0.0,0.5,0.5,died,0,arc3-job2-sparse-deletion,False,1.0
20,1.0,0.15,Flash-Next (Kaggle),g50t-5849a774_p0_events.jsonl,g50t,84,1,4,4.6,0.1,0.3,0.25,died,0,arc3-job2-sparse-deletion,False,1.0
40,1.0,0.425,Flash-Next (Kaggle),g50t-5849a774_p0_events.jsonl,g50t,84,1,7,4.6,0.15,0.3,0.125,died,0,arc3-job2-sparse-deletion,False,1.0
0,,,Flash-Next (Kaggle),g50t-5849a774_p0_events.jsonl,g50t,84,1,,,,,,died,,arc3-job2-sparse-deletion,False,
10,0.4,0.3,Flash-Next (Kaggle),g50t-5849a774_p0_events.jsonl,g50t,28,1,4,7.2,0.1,0.3,0.2,solved,2,arc3-job2-sparse-deletion,True,0.4
20,0.8,0.15,Flash-Next (Kaggle),g50t-5849a774_p0_events.jsonl,g50t,28,1,4,11.0,0.05,0.3,0.2,solved,2,arc3-job2-sparse-deletion,True,0.8
0,,,Flash-Next (Kaggle),g50t-5849a774_p0_events.jsonl,g50t,28,1,,,,,,solved,,arc3-job2-sparse-deletion,True,
10,0.4,0.3,Flash-Next (Kaggle),g50t-5849a774_p0_events.jsonl,g50t,119,2,8,8.6,0.2,0.2,0.2,truncated,0,arc3-job2-sparse-deletion,False,0.4
20,0.4,0.3,Flash-Next (Kaggle),g50t-5849a774_p0_events.jsonl,g50t,119,2,12,14.6,0.2,0.1,0.1,truncated,0,arc3-job2-sparse-deletion,False,0.4
40,0.8,0.5,Flash-Next (Kaggle),g50t-5849a774_p0_events.jsonl,g50t,119,2,20,22.8,0.275,0.1,0.1,truncated,0,arc3-job2-sparse-deletion,False,0.8
0,,,Flash-Next (Kaggle),g50t-5849a774_p0_events.jsonl,g50t,119,2,,,,,,truncated,,arc3-job2-sparse-deletion,False,
10,0.6,0.0,Flash-Next (Kaggle),g50t-5849a774_p1_events.jsonl,g50t,93,1,5,6.2,0.0,0.4,0.3,solved,0,arc3-job2-sparse-deletion,True,0.6
20,0.8,0.3,Flash-Next (Kaggle),g50t-5849a774_p1_events.jsonl,g50t,93,1,11,9.4,0.15,0.3,0.2,solved,0,arc3-job2-sparse-deletion,True,0.8
40,1.0,0.325,Flash-Next (Kaggle),g50t-5849a774_p1_events.jsonl,g50t,93,1,11,12.4,0.175,0.275,0.125,solved,0,arc3-job2-sparse-deletion,True,1.0
0,,,Flash-Next (Kaggle),g50t-5849a774_p1_events.jsonl,g50t,93,1,,,,,,solved,,arc3-job2-sparse-deletion,True,
0,,,Flash-Next (Kaggle),g50t-5849a774_p1_events.jsonl,g50t,6,2,,,,,,truncated,,arc3-job2-sparse-deletion,False,
10,0.8,0.1,Flash-Next (Kaggle),g50t-5849a774_p2_events.jsonl,g50t,115,1,6,4.2,0.1,0.5,0.4,truncated,0,arc3-job2-sparse-deletion,False,0.8
20,1.0,0.1,Flash-Next (Kaggle),g50t-5849a774_p2_events.jsonl,g50t,115,1,6,6.0,0.1,0.4,0.25,truncated,0,arc3-job2-sparse-deletion,False,1.0
40,1.0,0.225,Flash-Next (Kaggle),g50t-5849a774_p2_events.jsonl,g50t,115,1,6,6.0,0.075,0.225,0.125,truncated,0,arc3-job2-sparse-deletion,False,1.0
0,,,Flash-Next (Kaggle),g50t-5849a774_p2_events.jsonl,g50t,115,1,,,,,,truncated,,arc3-job2-sparse-deletion,False,
10,0.6,0.0,Flash-Next (Kaggle),g50t-5849a774_p3_events.jsonl,g50t,13,1,5,7.2,0.1,0.5,0.3,truncated,0,arc3-job2-sparse-deletion,False,0.6
0,,,Flash-Next (Kaggle),g50t-5849a774_p3_events.jsonl,g50t,13,1,,,,,,truncated,,arc3-job2-sparse-deletion,False,
10,0.4,0.0,Flash-Next (Kaggle),lf52-271a04aa_p0_events.jsonl,lf52,17,1,2,6.833333333333333,0.0,0.6,0.6,solved,0,arc3-job2-sparse-deletion,True,0.5
0,,,Flash-Next (Kaggle),lf52-271a04aa_p0_events.jsonl,lf52,17,1,,,,,,solved,,arc3-job2-sparse-deletion,True,
10,0.0,0.0,Flash-Next (Kaggle),lf52-271a04aa_p0_events.jsonl,lf52,98,2,2,9.333333333333334,0.0,0.6,0.6,truncated,0,arc3-job2-sparse-deletion,False,0.16666666666666666
20,0.4,0.0,Flash-Next (Kaggle),lf52-271a04aa_p0_events.jsonl,lf52,98,2,3,16.5,0.0,0.5,0.4,truncated,0,arc3-job2-sparse-deletion,False,0.5
40,0.8,0.0,Flash-Next (Kaggle),lf52-271a04aa_p0_events.jsonl,lf52,98,2,5,21.5,0.0,0.525,0.3,truncated,0,arc3-job2-sparse-deletion,False,0.8333333333333334
0,,,Flash-Next (Kaggle),lf52-271a04aa_p0_events.jsonl,lf52,98,2,,,,,,truncated,,arc3-job2-sparse-deletion,False,
10,0.8,0.0,Flash-Next (Kaggle),lf52-271a04aa_p1_events.jsonl,lf52,39,1,1,4.333333333333333,0.0,0.9,0.9,solved,0,arc3-job2-sparse-deletion,True,0.8333333333333334
20,0.8,0.0,Flash-Next (Kaggle),lf52-271a04aa_p1_events.jsonl,lf52,39,1,2,6.0,0.0,0.55,0.6,solved,0,arc3-job2-sparse-deletion,True,0.8333333333333334
0,,,Flash-Next (Kaggle),lf52-271a04aa_p1_events.jsonl,lf52,39,1,,,,,,solved,,arc3-job2-sparse-deletion,True,
10,0.0,0.0,Flash-Next (Kaggle),lf52-271a04aa_p1_events.jsonl,lf52,90,2,2,9.333333333333334,0.0,0.6,0.9,solved,0,arc3-job2-sparse-deletion,True,0.16666666666666666
20,0.8,0.0,Flash-Next (Kaggle),lf52-271a04aa_p1_events.jsonl,lf52,90,2,3,13.5,0.0,0.7,0.7,solved,0,arc3-job2-sparse-deletion,True,0.8333333333333334
40,0.8,0.0,Flash-Next (Kaggle),lf52-271a04aa_p1_events.jsonl,lf52,90,2,7,16.833333333333332,0.0,0.55,0.35,solved,0,arc3-job2-sparse-deletion,True,0.8333333333333334
0,,,Flash-Next (Kaggle),lf52-271a04aa_p1_events.jsonl,lf52,90,2,,,,,,solved,,arc3-job2-sparse-deletion,True,
10,0.0,0.0,Flash-Next (Kaggle),lf52-271a04aa_p1_events.jsonl,lf52,22,3,2,9.333333333333334,0.0,0.6,0.9,truncated,0,arc3-job2-sparse-deletion,False,0.16666666666666666
20,0.0,0.0,Flash-Next (Kaggle),lf52-271a04aa_p1_events.jsonl,lf52,22,3,2,17.666666666666668,0.0,0.55,0.9,truncated,0,arc3-job2-sparse-deletion,False,0.16666666666666666
0,,,Flash-Next (Kaggle),lf52-271a04aa_p1_events.jsonl,lf52,22,3,,,,,,truncated,,arc3-job2-sparse-deletion,False,
10,0.4,0.0,Flash-Next (Kaggle),lf52-271a04aa_p2_events.jsonl,lf52,16,1,1,7.333333333333333,0.0,0.8,0.9,solved,0,arc3-job2-sparse-deletion,True,0.5
0,,,Flash-Next (Kaggle),lf52-271a04aa_p2_events.jsonl,lf52,16,1,,,,,,solved,,arc3-job2-sparse-deletion,True,
10,0.2,0.0,Flash-Next (Kaggle),lf52-271a04aa_p2_events.jsonl,lf52,180,2,1,9.166666666666666,0.0,0.8,1.0,truncated,0,arc3-job2-sparse-deletion,False,0.3333333333333333
20,0.8,0.0,Flash-Next (Kaggle),lf52-271a04aa_p2_events.jsonl,lf52,180,2,4,11.333333333333334,0.0,0.8,0.65,truncated,0,arc3-job2-sparse-deletion,False,0.8333333333333334
40,0.8,0.0,Flash-Next (Kaggle),lf52-271a04aa_p2_events.jsonl,lf52,180,2,7,14.666666666666666,0.0,0.6,0.4,truncated,0,arc3-job2-sparse-deletion,False,0.8333333333333334
0,,,Flash-Next (Kaggle),lf52-271a04aa_p2_events.jsonl,lf52,180,2,,,,,,truncated,,arc3-job2-sparse-deletion,False,
10,0.2,0.0,Flash-Next (Kaggle),lf52-271a04aa_p3_events.jsonl,lf52,18,1,2,7.833333333333333,0.0,0.7,0.7,solved,0,arc3-job2-sparse-deletion,True,0.3333333333333333
0,,,Flash-Next (Kaggle),lf52-271a04aa_p3_events.jsonl,lf52,18,1,,,,,,solved,,arc3-job2-sparse-deletion,True,
0,,,Flash-Next (Kaggle),lf52-271a04aa_p3_events.jsonl,lf52,7,2,,,,,,truncated,,arc3-job2-sparse-deletion,False,
10,0.75,0.0,Flash-Next (Kaggle),ls20-9607627b_p0_events.jsonl,ls20,81,1,3,5.75,0.0,0.5,0.3,solved,0,arc3-job2-sparse-deletion,True,0.75
20,1.0,0.0,Flash-Next (Kaggle),ls20-9607627b_p0_events.jsonl,ls20,81,1,4,5.75,0.0,0.4,0.2,solved,0,arc3-job2-sparse-deletion,True,1.0
40,1.0,0.15,Flash-Next (Kaggle),ls20-9607627b_p0_events.jsonl,ls20,81,1,7,5.75,0.05,0.2,0.1,solved,0,arc3-job2-sparse-deletion,True,1.0
0,,,Flash-Next (Kaggle),ls20-9607627b_p0_events.jsonl,ls20,81,1,,,,,,solved,,arc3-job2-sparse-deletion,True,
10,0.75,0.0,Flash-Next (Kaggle),ls20-9607627b_p0_events.jsonl,ls20,41,2,5,6.0,0.0,0.4,0.3,truncated,0,arc3-job2-sparse-deletion,False,0.75
20,0.75,0.0,Flash-Next (Kaggle),ls20-9607627b_p0_events.jsonl,ls20,41,2,6,8.5,0.0,0.3,0.15,truncated,0,arc3-job2-sparse-deletion,False,0.75
40,1.0,0.0,Flash-Next (Kaggle),ls20-9607627b_p0_events.jsonl,ls20,41,2,7,10.5,0.0,0.25,0.1,truncated,0,arc3-job2-sparse-deletion,False,1.0
0,,,Flash-Next (Kaggle),ls20-9607627b_p0_events.jsonl,ls20,41,2,,,,,,truncated,,arc3-job2-sparse-deletion,False,
10,1.0,0.0,Flash-Next (Kaggle),ls20-9607627b_p1_events.jsonl,ls20,71,1,4,3.25,0.0,0.4,0.4,solved,0,arc3-job2-sparse-deletion,True,1.0
20,1.0,0.0,Flash-Next (Kaggle),ls20-9607627b_p1_events.jsonl,ls20,71,1,7,3.25,0.05,0.25,0.2,solved,0,arc3-job2-sparse-deletion,True,1.0
40,1.0,0.175,Flash-Next (Kaggle),ls20-9607627b_p1_events.jsonl,ls20,71,1,7,3.25,0.025,0.2,0.1,solved,0,arc3-job2-sparse-deletion,True,1.0
0,,,Flash-Next (Kaggle),ls20-9607627b_p1_events.jsonl,ls20,71,1,,,,,,solved,,arc3-job2-sparse-deletion,True,
10,0.5,0.1,Flash-Next (Kaggle),ls20-9607627b_p2_events.jsonl,ls20,21,1,8,8.0,0.2,0.2,0.2,solved,0,arc3-job2-sparse-deletion,True,0.5
20,1.0,0.2,Flash-Next (Kaggle),ls20-9607627b_p2_events.jsonl,ls20,21,1,8,9.0,0.1,0.25,0.2,solved,0,arc3-job2-sparse-deletion,True,1.0
0,,,Flash-Next (Kaggle),ls20-9607627b_p2_events.jsonl,ls20,21,1,,,,,,solved,,arc3-job2-sparse-deletion,True,
10,0.75,0.0,Flash-Next (Kaggle),ls20-9607627b_p2_events.jsonl,ls20,100,2,5,6.0,0.0,0.4,0.3,died,0,arc3-job2-sparse-deletion,False,0.75
20,0.75,0.0,Flash-Next (Kaggle),ls20-9607627b_p2_events.jsonl,ls20,100,2,6,8.5,0.0,0.3,0.15,died,0,arc3-job2-sparse-deletion,False,0.75
40,1.0,0.0,Flash-Next (Kaggle),ls20-9607627b_p2_events.jsonl,ls20,100,2,7,11.0,0.025,0.175,0.1,died,0,arc3-job2-sparse-deletion,False,1.0
0,,,Flash-Next (Kaggle),ls20-9607627b_p2_events.jsonl,ls20,100,2,,,,,,died,,arc3-job2-sparse-deletion,False,
10,0.75,0.0,Flash-Next (Kaggle),ls20-9607627b_p2_events.jsonl,ls20,143,2,5,6.0,0.0,0.4,0.3,died,2,arc3-job2-sparse-deletion,False,0.75
20,0.75,0.0,Flash-Next (Kaggle),ls20-9607627b_p2_events.jsonl,ls20,143,2,6,8.5,0.0,0.3,0.15,died,2,arc3-job2-sparse-deletion,False,0.75
40,1.0,0.0,Flash-Next (Kaggle),ls20-9607627b_p2_events.jsonl,ls20,143,2,6,10.75,0.025,0.175,0.1,died,2,arc3-job2-sparse-deletion,False,1.0
0,,,Flash-Next (Kaggle),ls20-9607627b_p2_events.jsonl,ls20,143,2,,,,,,died,,arc3-job2-sparse-deletion,False,
10,0.75,0.0,Flash-Next (Kaggle),ls20-9607627b_p2_events.jsonl,ls20,62,2,5,6.0,0.0,0.4,0.3,truncated,4,arc3-job2-sparse-deletion,False,0.75
20,1.0,0.0,Flash-Next (Kaggle),ls20-9607627b_p2_events.jsonl,ls20,62,2,7,8.0,0.0,0.3,0.2,truncated,4,arc3-job2-sparse-deletion,False,1.0
40,1.0,0.0,Flash-Next (Kaggle),ls20-9607627b_p2_events.jsonl,ls20,62,2,7,8.0,0.0,0.175,0.1,truncated,4,arc3-job2-sparse-deletion,False,1.0
0,,,Flash-Next (Kaggle),ls20-9607627b_p2_events.jsonl,ls20,62,2,,,,,,truncated,,arc3-job2-sparse-deletion,False,
10,1.0,0.0,Flash-Next (Kaggle),ls20-9607627b_p3_events.jsonl,ls20,22,1,6,4.0,0.1,0.4,0.4,truncated,0,arc3-job2-sparse-deletion,False,1.0
20,1.0,0.1,Flash-Next (Kaggle),ls20-9607627b_p3_events.jsonl,ls20,22,1,6,4.0,0.05,0.3,0.2,truncated,0,arc3-job2-sparse-deletion,False,1.0
0,,,Flash-Next (Kaggle),ls20-9607627b_p3_events.jsonl,ls20,22,1,,,,,,truncated,,arc3-job2-sparse-deletion,False,
10,0.8,0.1,Flash-Next (Kaggle),sk48-d8078629_p0_events.jsonl,sk48,58,1,2,5.333333333333333,0.1,0.4,0.4,truncated,0,arc3-job2-sparse-deletion,False,0.6666666666666666
20,0.8,0.15,Flash-Next (Kaggle),sk48-d8078629_p0_events.jsonl,sk48,58,1,4,8.666666666666666,0.05,0.2,0.2,truncated,0,arc3-job2-sparse-deletion,False,0.6666666666666666
40,0.8,0.175,Flash-Next (Kaggle),sk48-d8078629_p0_events.jsonl,sk48,58,1,4,15.333333333333334,0.05,0.1,0.1,truncated,0,arc3-job2-sparse-deletion,False,0.6666666666666666
0,,,Flash-Next (Kaggle),sk48-d8078629_p0_events.jsonl,sk48,58,1,,,,,,truncated,,arc3-job2-sparse-deletion,False,
10,0.6,0.0,Flash-Next (Kaggle),sk48-d8078629_p1_events.jsonl,sk48,124,1,3,6.5,0.1,0.3,0.3,truncated,0,arc3-job2-sparse-deletion,False,0.5
20,0.8,0.1,Flash-Next (Kaggle),sk48-d8078629_p1_events.jsonl,sk48,124,1,6,9.833333333333334,0.05,0.2,0.2,truncated,0,arc3-job2-sparse-deletion,False,0.6666666666666666
40,0.8,0.075,Flash-Next (Kaggle),sk48-d8078629_p1_events.jsonl,sk48,124,1,6,16.5,0.025,0.1,0.1,truncated,0,arc3-job2-sparse-deletion,False,0.6666666666666666
0,,,Flash-Next (Kaggle),sk48-d8078629_p1_events.jsonl,sk48,124,1,,,,,,truncated,,arc3-job2-sparse-deletion,False,
10,0.6,0.0,Flash-Next (Kaggle),sk48-d8078629_p2_events.jsonl,sk48,149,1,4,6.666666666666667,0.2,0.4,0.4,truncated,0,arc3-job2-sparse-deletion,False,0.6666666666666666
20,0.8,0.25,Flash-Next (Kaggle),sk48-d8078629_p2_events.jsonl,sk48,149,1,8,9.333333333333334,0.2,0.25,0.25,truncated,0,arc3-job2-sparse-deletion,False,0.8333333333333334
40,0.8,0.575,Flash-Next (Kaggle),sk48-d8078629_p2_events.jsonl,sk48,149,1,8,12.666666666666666,0.125,0.125,0.125,truncated,0,arc3-job2-sparse-deletion,False,0.8333333333333334
0,,,Flash-Next (Kaggle),sk48-d8078629_p2_events.jsonl,sk48,149,1,,,,,,truncated,,arc3-job2-sparse-deletion,False,
10,0.6,0.0,Flash-Next (Kaggle),sk48-d8078629_p3_events.jsonl,sk48,54,1,5,7.0,0.0,0.3,0.3,truncated,0,arc3-job2-sparse-deletion,False,0.5
20,0.6,0.0,Flash-Next (Kaggle),sk48-d8078629_p3_events.jsonl,sk48,54,1,5,12.0,0.05,0.15,0.15,truncated,0,arc3-job2-sparse-deletion,False,0.5
40,0.8,0.25,Flash-Next (Kaggle),sk48-d8078629_p3_events.jsonl,sk48,54,1,5,19.166666666666668,0.025,0.1,0.1,truncated,0,arc3-job2-sparse-deletion,False,0.6666666666666666
0,,,Flash-Next (Kaggle),sk48-d8078629_p3_events.jsonl,sk48,54,1,,,,,,truncated,,arc3-job2-sparse-deletion,False,
10,,0.0,Flash-Next (Kaggle),tn36-ef4dde99_p0_events.jsonl,tn36,61,1,2,,0.0,0.6,0.7,died,0,arc3-job2-sparse-deletion,False,
20,,0.0,Flash-Next (Kaggle),tn36-ef4dde99_p0_events.jsonl,tn36,61,1,2,,0.0,0.45,0.7,died,0,arc3-job2-sparse-deletion,False,
40,,0.0,Flash-Next (Kaggle),tn36-ef4dde99_p0_events.jsonl,tn36,61,1,4,,0.0,0.325,0.525,died,0,arc3-job2-sparse-deletion,False,
0,,,Flash-Next (Kaggle),tn36-ef4dde99_p0_events.jsonl,tn36,61,1,,,,,,died,,arc3-job2-sparse-deletion,False,
0,,,Flash-Next (Kaggle),tn36-ef4dde99_p0_events.jsonl,tn36,5,1,,,,,,truncated,,arc3-job2-sparse-deletion,False,
10,,0.0,Flash-Next (Kaggle),tn36-ef4dde99_p1_events.jsonl,tn36,61,1,1,,0.0,0.8,1.0,died,0,arc3-job2-sparse-deletion,False,
20,,0.0,Flash-Next (Kaggle),tn36-ef4dde99_p1_events.jsonl,tn36,61,1,1,,0.0,0.6,0.9,died,0,arc3-job2-sparse-deletion,False,
40,,0.0,Flash-Next (Kaggle),tn36-ef4dde99_p1_events.jsonl,tn36,61,1,2,,0.0,0.4,0.65,died,0,arc3-job2-sparse-deletion,False,
0,,,Flash-Next (Kaggle),tn36-ef4dde99_p1_events.jsonl,tn36,61,1,,,,,,died,,arc3-job2-sparse-deletion,False,
10,,0.0,Flash-Next (Kaggle),tn36-ef4dde99_p1_events.jsonl,tn36,45,1,1,,0.0,0.5,0.8,truncated,2,arc3-job2-sparse-deletion,False,
20,,0.0,Flash-Next (Kaggle),tn36-ef4dde99_p1_events.jsonl,tn36,45,1,1,,0.0,0.25,0.55,truncated,2,arc3-job2-sparse-deletion,False,
40,,0.0,Flash-Next (Kaggle),tn36-ef4dde99_p1_events.jsonl,tn36,45,1,1,,0.0,0.125,0.275,truncated,2,arc3-job2-sparse-deletion,False,
0,,,Flash-Next (Kaggle),tn36-ef4dde99_p1_events.jsonl,tn36,45,1,,,,,,truncated,,arc3-job2-sparse-deletion,False,
10,,0.0,Flash-Next (Kaggle),tn36-ef4dde99_p2_events.jsonl,tn36,18,1,1,,0.0,0.7,0.8,solved,0,arc3-job2-sparse-deletion,True,
0,,,Flash-Next (Kaggle),tn36-ef4dde99_p2_events.jsonl,tn36,18,1,,,,,,solved,,arc3-job2-sparse-deletion,True,
10,,0.0,Flash-Next (Kaggle),tn36-ef4dde99_p2_events.jsonl,tn36,13,2,1,,0.0,0.9,1.0,solved,0,arc3-job2-sparse-deletion,True,
0,,,Flash-Next (Kaggle),tn36-ef4dde99_p2_events.jsonl,tn36,13,2,,,,,,solved,,arc3-job2-sparse-deletion,True,
10,,0.0,Flash-Next (Kaggle),tn36-ef4dde99_p2_events.jsonl,tn36,61,3,2,,0.0,0.4,0.9,died,0,arc3-job2-sparse-deletion,False,
20,,0.0,Flash-Next (Kaggle),tn36-ef4dde99_p2_events.jsonl,tn36,61,3,2,,0.0,0.5,0.75,died,0,arc3-job2-sparse-deletion,False,
40,,0.0,Flash-Next (Kaggle),tn36-ef4dde99_p2_events.jsonl,tn36,61,3,2,,0.0,0.325,0.5,died,0,arc3-job2-sparse-deletion,False,
0,,,Flash-Next (Kaggle),tn36-ef4dde99_p2_events.jsonl,tn36,61,3,,,,,,died,,arc3-job2-sparse-deletion,False,
10,,0.0,Flash-Next (Kaggle),tn36-ef4dde99_p2_events.jsonl,tn36,61,3,2,,0.0,0.4,0.5,died,2,arc3-job2-sparse-deletion,False,
20,,0.0,Flash-Next (Kaggle),tn36-ef4dde99_p2_events.jsonl,tn36,61,3,2,,0.0,0.25,0.5,died,2,arc3-job2-sparse-deletion,False,
40,,0.0,Flash-Next (Kaggle),tn36-ef4dde99_p2_events.jsonl,tn36,61,3,2,,0.0,0.15,0.5,died,2,arc3-job2-sparse-deletion,False,
0,,,Flash-Next (Kaggle),tn36-ef4dde99_p2_events.jsonl,tn36,61,3,,,,,,died,,arc3-job2-sparse-deletion,False,
10,,0.0,Flash-Next (Kaggle),tn36-ef4dde99_p2_events.jsonl,tn36,61,3,2,,0.0,0.5,0.9,died,4,arc3-job2-sparse-deletion,False,
20,,0.0,Flash-Next (Kaggle),tn36-ef4dde99_p2_events.jsonl,tn36,61,3,2,,0.0,0.7,0.95,died,4,arc3-job2-sparse-deletion,False,
40,,0.0,Flash-Next (Kaggle),tn36-ef4dde99_p2_events.jsonl,tn36,61,3,2,,0.0,0.45,0.65,died,4,arc3-job2-sparse-deletion,False,
0,,,Flash-Next (Kaggle),tn36-ef4dde99_p2_events.jsonl,tn36,61,3,,,,,,died,,arc3-job2-sparse-deletion,False,
10,,0.0,Flash-Next (Kaggle),tn36-ef4dde99_p2_events.jsonl,tn36,12,3,1,,0.0,0.6,0.8,truncated,6,arc3-job2-sparse-deletion,False,
0,,,Flash-Next (Kaggle),tn36-ef4dde99_p2_events.jsonl,tn36,12,3,,,,,,truncated,,arc3-job2-sparse-deletion,False,
10,,0.0,Flash-Next (Kaggle),tn36-ef4dde99_p3_events.jsonl,tn36,61,1,1,,0.0,0.7,1.0,died,0,arc3-job2-sparse-deletion,False,
20,,0.0,Flash-Next (Kaggle),tn36-ef4dde99_p3_events.jsonl,tn36,61,1,2,,0.0,0.5,0.8,died,0,arc3-job2-sparse-deletion,False,
40,,0.0,Flash-Next (Kaggle),tn36-ef4dde99_p3_events.jsonl,tn36,61,1,2,,0.0,0.275,0.5,died,0,arc3-job2-sparse-deletion,False,
0,,,Flash-Next (Kaggle),tn36-ef4dde99_p3_events.jsonl,tn36,61,1,,,,,,died,,arc3-job2-sparse-deletion,False,
10,,0.0,Flash-Next (Kaggle),tn36-ef4dde99_p3_events.jsonl,tn36,47,1,2,,0.0,0.8,0.8,truncated,2,arc3-job2-sparse-deletion,False,
20,,0.0,Flash-Next (Kaggle),tn36-ef4dde99_p3_events.jsonl,tn36,47,1,2,,0.0,0.45,0.6,truncated,2,arc3-job2-sparse-deletion,False,
40,,0.0,Flash-Next (Kaggle),tn36-ef4dde99_p3_events.jsonl,tn36,47,1,2,,0.0,0.275,0.475,truncated,2,arc3-job2-sparse-deletion,False,
0,,,Flash-Next (Kaggle),tn36-ef4dde99_p3_events.jsonl,tn36,47,1,,,,,,truncated,,arc3-job2-sparse-deletion,False,
10,0.6,0.0,Flash-Next (Kaggle),wa30-ee6fef47_p0_events.jsonl,wa30,40,1,3,6.2,0.0,0.3,0.3,solved,0,arc3-job2-sparse-deletion,True,0.6
20,1.0,0.05,Flash-Next (Kaggle),wa30-ee6fef47_p0_events.jsonl,wa30,40,1,3,8.0,0.05,0.25,0.25,solved,0,arc3-job2-sparse-deletion,True,1.0
40,1.0,0.175,Flash-Next (Kaggle),wa30-ee6fef47_p0_events.jsonl,wa30,40,1,4,8.0,0.025,0.125,0.125,solved,0,arc3-job2-sparse-deletion,True,1.0
0,,,Flash-Next (Kaggle),wa30-ee6fef47_p0_events.jsonl,wa30,40,1,,,,,,solved,,arc3-job2-sparse-deletion,True,
10,0.4,0.0,Flash-Next (Kaggle),wa30-ee6fef47_p0_events.jsonl,wa30,70,2,5,8.0,0.0,0.2,0.2,died,0,arc3-job2-sparse-deletion,False,0.4
20,1.0,0.0,Flash-Next (Kaggle),wa30-ee6fef47_p0_events.jsonl,wa30,70,2,5,8.6,0.0,0.3,0.25,died,0,arc3-job2-sparse-deletion,False,1.0
40,1.0,0.0,Flash-Next (Kaggle),wa30-ee6fef47_p0_events.jsonl,wa30,70,2,5,8.6,0.0,0.15,0.125,died,0,arc3-job2-sparse-deletion,False,1.0
0,,,Flash-Next (Kaggle),wa30-ee6fef47_p0_events.jsonl,wa30,70,2,,,,,,died,,arc3-job2-sparse-deletion,False,
10,0.2,0.0,Flash-Next (Kaggle),wa30-ee6fef47_p0_events.jsonl,wa30,70,2,10,9.0,0.0,0.2,0.1,died,2,arc3-job2-sparse-deletion,False,0.2
20,0.4,0.0,Flash-Next (Kaggle),wa30-ee6fef47_p0_events.jsonl,wa30,70,2,18,16.6,0.0,0.15,0.1,died,2,arc3-job2-sparse-deletion,False,0.4
40,0.6,0.0,Flash-Next (Kaggle),wa30-ee6fef47_p0_events.jsonl,wa30,70,2,18,25.4,0.0,0.15,0.075,died,2,arc3-job2-sparse-deletion,False,0.6
0,,,Flash-Next (Kaggle),wa30-ee6fef47_p0_events.jsonl,wa30,70,2,,,,,,died,,arc3-job2-sparse-deletion,False,
10,0.4,0.0,Flash-Next (Kaggle),wa30-ee6fef47_p0_events.jsonl,wa30,70,2,7,7.2,0.0,0.3,0.2,died,4,arc3-job2-sparse-deletion,False,0.4
20,0.4,0.0,Flash-Next (Kaggle),wa30-ee6fef47_p0_events.jsonl,wa30,70,2,7,13.2,0.0,0.15,0.1,died,4,arc3-job2-sparse-deletion,False,0.4
40,0.4,0.0,Flash-Next (Kaggle),wa30-ee6fef47_p0_events.jsonl,wa30,70,2,10,25.2,0.0,0.1,0.05,died,4,arc3-job2-sparse-deletion,False,0.4
0,,,Flash-Next (Kaggle),wa30-ee6fef47_p0_events.jsonl,wa30,70,2,,,,,,died,,arc3-job2-sparse-deletion,False,
10,0.2,0.0,Flash-Next (Kaggle),wa30-ee6fef47_p0_events.jsonl,wa30,49,2,10,9.0,0.0,0.2,0.1,truncated,6,arc3-job2-sparse-deletion,False,0.2
20,0.2,0.0,Flash-Next (Kaggle),wa30-ee6fef47_p0_events.jsonl,wa30,49,2,20,17.0,0.0,0.1,0.05,truncated,6,arc3-job2-sparse-deletion,False,0.2
40,0.2,0.0,Flash-Next (Kaggle),wa30-ee6fef47_p0_events.jsonl,wa30,49,2,40,33.0,0.0,0.075,0.025,truncated,6,arc3-job2-sparse-deletion,False,0.2
0,,,Flash-Next (Kaggle),wa30-ee6fef47_p0_events.jsonl,wa30,49,2,,,,,,truncated,,arc3-job2-sparse-deletion,False,
10,0.6,0.2,Flash-Next (Kaggle),wa30-ee6fef47_p1_events.jsonl,wa30,60,1,4,6.8,0.2,0.3,0.3,solved,0,arc3-job2-sparse-deletion,True,0.6
20,1.0,0.35,Flash-Next (Kaggle),wa30-ee6fef47_p1_events.jsonl,wa30,60,1,5,8.2,0.1,0.35,0.25,solved,0,arc3-job2-sparse-deletion,True,1.0
40,1.0,0.425,Flash-Next (Kaggle),wa30-ee6fef47_p1_events.jsonl,wa30,60,1,5,8.2,0.125,0.175,0.125,solved,0,arc3-job2-sparse-deletion,True,1.0
0,,,Flash-Next (Kaggle),wa30-ee6fef47_p1_events.jsonl,wa30,60,1,,,,,,solved,,arc3-job2-sparse-deletion,True,
10,0.4,0.0,Flash-Next (Kaggle),wa30-ee6fef47_p1_events.jsonl,wa30,70,2,8,8.6,0.0,0.3,0.2,died,0,arc3-job2-sparse-deletion,False,0.4
20,1.0,0.0,Flash-Next (Kaggle),wa30-ee6fef47_p1_events.jsonl,wa30,70,2,8,12.0,0.0,0.3,0.25,died,0,arc3-job2-sparse-deletion,False,1.0
40,1.0,0.0,Flash-Next (Kaggle),wa30-ee6fef47_p1_events.jsonl,wa30,70,2,8,12.0,0.0,0.175,0.125,died,0,arc3-job2-sparse-deletion,False,1.0
0,,,Flash-Next (Kaggle),wa30-ee6fef47_p1_events.jsonl,wa30,70,2,,,,,,died,,arc3-job2-sparse-deletion,False,
10,0.4,0.0,Flash-Next (Kaggle),wa30-ee6fef47_p1_events.jsonl,wa30,70,2,8,8.6,0.0,0.3,0.2,died,2,arc3-job2-sparse-deletion,False,0.4
20,0.4,0.0,Flash-Next (Kaggle),wa30-ee6fef47_p1_events.jsonl,wa30,70,2,12,14.6,0.0,0.15,0.1,died,2,arc3-job2-sparse-deletion,False,0.4
40,0.4,0.0,Flash-Next (Kaggle),wa30-ee6fef47_p1_events.jsonl,wa30,70,2,32,26.6,0.0,0.125,0.05,died,2,arc3-job2-sparse-deletion,False,0.4
0,,,Flash-Next (Kaggle),wa30-ee6fef47_p1_events.jsonl,wa30,70,2,,,,,,died,,arc3-job2-sparse-deletion,False,
10,0.8,0.4,Flash-Next (Kaggle),wa30-ee6fef47_p2_events.jsonl,wa30,200,1,4,7.0,0.2,0.4,0.4,died,0,arc3-job2-sparse-deletion,False,0.8
20,1.0,0.45,Flash-Next (Kaggle),wa30-ee6fef47_p2_events.jsonl,wa30,200,1,4,7.0,0.2,0.3,0.25,died,0,arc3-job2-sparse-deletion,False,1.0
40,1.0,0.525,Flash-Next (Kaggle),wa30-ee6fef47_p2_events.jsonl,wa30,200,1,5,7.0,0.175,0.15,0.125,died,0,arc3-job2-sparse-deletion,False,1.0
0,,,Flash-Next (Kaggle),wa30-ee6fef47_p2_events.jsonl,wa30,200,1,,,,,,died,,arc3-job2-sparse-deletion,False,
10,0.4,0.6,Flash-Next (Kaggle),wa30-ee6fef47_p2_events.jsonl,wa30,72,1,8,8.6,0.4,0.2,0.2,truncated,2,arc3-job2-sparse-deletion,False,0.4
20,0.8,0.45,Flash-Next (Kaggle),wa30-ee6fef47_p2_events.jsonl,wa30,72,1,8,12.2,0.25,0.2,0.2,truncated,2,arc3-job2-sparse-deletion,False,0.8
40,1.0,0.325,Flash-Next (Kaggle),wa30-ee6fef47_p2_events.jsonl,wa30,72,1,8,12.6,0.15,0.125,0.125,truncated,2,arc3-job2-sparse-deletion,False,1.0
0,,,Flash-Next (Kaggle),wa30-ee6fef47_p2_events.jsonl,wa30,72,1,,,,,,truncated,,arc3-job2-sparse-deletion,False,
10,0.8,0.1,Flash-Next (Kaggle),wa30-ee6fef47_p3_events.jsonl,wa30,59,1,3,5.4,0.3,0.4,0.4,truncated,0,arc3-job2-sparse-deletion,False,0.8
20,1.0,0.25,Flash-Next (Kaggle),wa30-ee6fef47_p3_events.jsonl,wa30,59,1,4,6.2,0.2,0.25,0.25,truncated,0,arc3-job2-sparse-deletion,False,1.0
40,1.0,0.35,Flash-Next (Kaggle),wa30-ee6fef47_p3_events.jsonl,wa30,59,1,8,6.2,0.125,0.125,0.125,truncated,0,arc3-job2-sparse-deletion,False,1.0
0,,,Flash-Next (Kaggle),wa30-ee6fef47_p3_events.jsonl,wa30,59,1,,,,,,truncated,,arc3-job2-sparse-deletion,False,
10,0.6666666666666666,0.0,Flash-Next (Kaggle),bp35-0a0ad940_p0_events.jsonl,bp35,50,1,1,4.25,0.0,0.9,1.0,solved,0,arc3-job4-mechanics-possibility,True,0.75
20,0.6666666666666666,0.0,Flash-Next (Kaggle),bp35-0a0ad940_p0_events.jsonl,bp35,50,1,5,6.75,0.0,0.7,0.6,solved,0,arc3-job4-mechanics-possibility,True,0.75
40,0.6666666666666666,0.0,Flash-Next (Kaggle),bp35-0a0ad940_p0_events.jsonl,bp35,50,1,5,11.75,0.0,0.6,0.55,solved,0,arc3-job4-mechanics-possibility,True,0.75
0,,,Flash-Next (Kaggle),bp35-0a0ad940_p0_events.jsonl,bp35,50,1,,,,,,solved,,arc3-job4-mechanics-possibility,True,
0,,,Flash-Next (Kaggle),bp35-0a0ad940_p0_events.jsonl,bp35,2,2,,,,,,died,,arc3-job4-mechanics-possibility,False,
10,0.3333333333333333,0.0,Flash-Next (Kaggle),bp35-0a0ad940_p0_events.jsonl,bp35,10,2,10,8.5,0.0,0.4,0.1,truncated,2,arc3-job4-mechanics-possibility,False,0.25
0,,,Flash-Next (Kaggle),bp35-0a0ad940_p0_events.jsonl,bp35,10,2,,,,,,truncated,,arc3-job4-mechanics-possibility,False,
10,0.6666666666666666,0.0,Flash-Next (Kaggle),bp35-0a0ad940_p1_events.jsonl,bp35,10,1,4,4.25,0.0,0.6,0.6,truncated,0,arc3-job4-mechanics-possibility,False,0.75
0,,,Flash-Next (Kaggle),bp35-0a0ad940_p1_events.jsonl,bp35,10,1,,,,,,truncated,,arc3-job4-mechanics-possibility,False,
10,0.6666666666666666,0.0,Flash-Next (Kaggle),bp35-0a0ad940_p2_events.jsonl,bp35,22,1,8,6.5,0.0,0.3,0.2,died,0,arc3-job4-mechanics-possibility,False,0.5
20,0.6666666666666666,0.0,Flash-Next (Kaggle),bp35-0a0ad940_p2_events.jsonl,bp35,22,1,10,11.0,0.0,0.4,0.15,died,0,arc3-job4-mechanics-possibility,False,0.75
0,,,Flash-Next (Kaggle),bp35-0a0ad940_p2_events.jsonl,bp35,22,1,,,,,,died,,arc3-job4-mechanics-possibility,False,
10,0.6666666666666666,0.0,Flash-Next (Kaggle),bp35-0a0ad940_p2_events.jsonl,bp35,33,1,4,6.5,0.0,0.4,0.4,truncated,2,arc3-job4-mechanics-possibility,False,0.75
20,0.6666666666666666,0.0,Flash-Next (Kaggle),bp35-0a0ad940_p2_events.jsonl,bp35,33,1,4,9.0,0.0,0.5,0.4,truncated,2,arc3-job4-mechanics-possibility,False,0.75
0,,,Flash-Next (Kaggle),bp35-0a0ad940_p2_events.jsonl,bp35,33,1,,,,,,truncated,,arc3-job4-mechanics-possibility,False,
10,0.6666666666666666,0.0,Flash-Next (Kaggle),bp35-0a0ad940_p3_events.jsonl,bp35,33,1,1,4.25,0.0,0.9,1.0,truncated,0,arc3-job4-mechanics-possibility,False,0.75
20,0.6666666666666666,0.0,Flash-Next (Kaggle),bp35-0a0ad940_p3_events.jsonl,bp35,33,1,9,6.75,0.0,0.6,0.55,truncated,0,arc3-job4-mechanics-possibility,False,0.75
0,,,Flash-Next (Kaggle),bp35-0a0ad940_p3_events.jsonl,bp35,33,1,,,,,,truncated,,arc3-job4-mechanics-possibility,False,
10,0.6,0.1,Flash-Next (Kaggle),g50t-5849a774_p0_events.jsonl,g50t,35,1,5,7.6,0.1,0.5,0.3,truncated,0,arc3-job4-mechanics-possibility,False,0.6
20,1.0,0.2,Flash-Next (Kaggle),g50t-5849a774_p0_events.jsonl,g50t,35,1,5,8.6,0.1,0.45,0.25,truncated,0,arc3-job4-mechanics-possibility,False,1.0
0,,,Flash-Next (Kaggle),g50t-5849a774_p0_events.jsonl,g50t,35,1,,,,,,truncated,,arc3-job4-mechanics-possibility,False,
10,0.8,0.0,Flash-Next (Kaggle),g50t-5849a774_p1_events.jsonl,g50t,69,1,5,5.0,0.1,0.5,0.4,truncated,0,arc3-job4-mechanics-possibility,False,0.8
20,1.0,0.15,Flash-Next (Kaggle),g50t-5849a774_p1_events.jsonl,g50t,69,1,5,6.8,0.15,0.45,0.25,truncated,0,arc3-job4-mechanics-possibility,False,1.0
40,1.0,0.275,Flash-Next (Kaggle),g50t-5849a774_p1_events.jsonl,g50t,69,1,5,6.8,0.175,0.325,0.125,truncated,0,arc3-job4-mechanics-possibility,False,1.0
0,,,Flash-Next (Kaggle),g50t-5849a774_p1_events.jsonl,g50t,69,1,,,,,,truncated,,arc3-job4-mechanics-possibility,False,
10,0.8,0.0,Flash-Next (Kaggle),g50t-5849a774_p2_events.jsonl,g50t,93,1,5,4.8,0.0,0.6,0.4,solved,0,arc3-job4-mechanics-possibility,True,0.8
20,0.8,0.25,Flash-Next (Kaggle),g50t-5849a774_p2_events.jsonl,g50t,93,1,7,6.8,0.2,0.45,0.2,solved,0,arc3-job4-mechanics-possibility,True,0.8
40,1.0,0.5,Flash-Next (Kaggle),g50t-5849a774_p2_events.jsonl,g50t,93,1,7,7.8,0.175,0.3,0.125,solved,0,arc3-job4-mechanics-possibility,True,1.0
0,,,Flash-Next (Kaggle),g50t-5849a774_p2_events.jsonl,g50t,93,1,,,,,,solved,,arc3-job4-mechanics-possibility,True,
10,0.2,0.5,Flash-Next (Kaggle),g50t-5849a774_p2_events.jsonl,g50t,78,2,10,9.0,0.3,0.1,0.1,truncated,0,arc3-job4-mechanics-possibility,False,0.2
20,0.4,0.5,Flash-Next (Kaggle),g50t-5849a774_p2_events.jsonl,g50t,78,2,15,16.0,0.3,0.1,0.1,truncated,0,arc3-job4-mechanics-possibility,False,0.4
40,0.4,0.675,Flash-Next (Kaggle),g50t-5849a774_p2_events.jsonl,g50t,78,2,25,28.0,0.375,0.05,0.05,truncated,0,arc3-job4-mechanics-possibility,False,0.4
0,,,Flash-Next (Kaggle),g50t-5849a774_p2_events.jsonl,g50t,78,2,,,,,,truncated,,arc3-job4-mechanics-possibility,False,
10,0.6,0.0,Flash-Next (Kaggle),g50t-5849a774_p3_events.jsonl,g50t,20,1,3,6.0,0.0,0.4,0.3,truncated,0,arc3-job4-mechanics-possibility,False,0.6
20,1.0,0.0,Flash-Next (Kaggle),g50t-5849a774_p3_events.jsonl,g50t,20,1,3,7.4,0.0,0.35,0.25,truncated,0,arc3-job4-mechanics-possibility,False,1.0
0,,,Flash-Next (Kaggle),g50t-5849a774_p3_events.jsonl,g50t,20,1,,,,,,truncated,,arc3-job4-mechanics-possibility,False,
10,0.8,0.0,Flash-Next (Kaggle),lf52-271a04aa_p0_events.jsonl,lf52,19,1,1,4.333333333333333,0.0,0.7,0.8,solved,0,arc3-job4-mechanics-possibility,True,0.8333333333333334
0,,,Flash-Next (Kaggle),lf52-271a04aa_p0_events.jsonl,lf52,19,1,,,,,,solved,,arc3-job4-mechanics-possibility,True,
10,0.0,0.0,Flash-Next (Kaggle),lf52-271a04aa_p0_events.jsonl,lf52,93,2,2,9.333333333333334,0.0,0.6,0.7,truncated,0,arc3-job4-mechanics-possibility,False,0.16666666666666666
20,0.8,0.0,Flash-Next (Kaggle),lf52-271a04aa_p0_events.jsonl,lf52,93,2,4,13.333333333333334,0.0,0.65,0.65,truncated,0,arc3-job4-mechanics-possibility,False,0.8333333333333334
40,0.8,0.0,Flash-Next (Kaggle),lf52-271a04aa_p0_events.jsonl,lf52,93,2,7,16.666666666666668,0.0,0.525,0.35,truncated,0,arc3-job4-mechanics-possibility,False,0.8333333333333334
0,,,Flash-Next (Kaggle),lf52-271a04aa_p0_events.jsonl,lf52,93,2,,,,,,truncated,,arc3-job4-mechanics-possibility,False,
10,0.2,0.0,Flash-Next (Kaggle),lf52-271a04aa_p1_events.jsonl,lf52,12,1,1,7.833333333333333,0.0,0.5,0.8,solved,0,arc3-job4-mechanics-possibility,True,0.3333333333333333
0,,,Flash-Next (Kaggle),lf52-271a04aa_p1_events.jsonl,lf52,12,1,,,,,,solved,,arc3-job4-mechanics-possibility,True,
10,0.8,0.0,Flash-Next (Kaggle),lf52-271a04aa_p1_events.jsonl,lf52,181,2,2,6.5,0.0,0.6,0.4,solved,0,arc3-job4-mechanics-possibility,True,0.6666666666666666
20,0.8,0.0,Flash-Next (Kaggle),lf52-271a04aa_p1_events.jsonl,lf52,181,2,2,9.833333333333334,0.0,0.75,0.2,solved,0,arc3-job4-mechanics-possibility,True,0.6666666666666666
40,0.8,0.0,Flash-Next (Kaggle),lf52-271a04aa_p1_events.jsonl,lf52,181,2,2,16.5,0.0,0.55,0.1,solved,0,arc3-job4-mechanics-possibility,True,0.6666666666666666
0,,,Flash-Next (Kaggle),lf52-271a04aa_p1_events.jsonl,lf52,181,2,,,,,,solved,,arc3-job4-mechanics-possibility,True,
0,,,Flash-Next (Kaggle),lf52-271a04aa_p1_events.jsonl,lf52,3,3,,,,,,truncated,,arc3-job4-mechanics-possibility,False,
10,0.2,0.0,Flash-Next (Kaggle),lf52-271a04aa_p2_events.jsonl,lf52,10,1,1,7.833333333333333,0.0,0.6,0.9,solved,0,arc3-job4-mechanics-possibility,True,0.3333333333333333
0,,,Flash-Next (Kaggle),lf52-271a04aa_p2_events.jsonl,lf52,10,1,,,,,,solved,,arc3-job4-mechanics-possibility,True,
10,0.8,0.0,Flash-Next (Kaggle),lf52-271a04aa_p2_events.jsonl,lf52,100,2,3,5.333333333333333,0.0,0.7,0.4,truncated,0,arc3-job4-mechanics-possibility,False,0.6666666666666666
20,0.8,0.0,Flash-Next (Kaggle),lf52-271a04aa_p2_events.jsonl,lf52,100,2,4,8.666666666666666,0.0,0.65,0.2,truncated,0,arc3-job4-mechanics-possibility,False,0.6666666666666666
40,0.8,0.0,Flash-Next (Kaggle),lf52-271a04aa_p2_events.jsonl,lf52,100,2,6,13.833333333333334,0.0,0.525,0.25,truncated,0,arc3-job4-mechanics-possibility,False,0.8333333333333334
0,,,Flash-Next (Kaggle),lf52-271a04aa_p2_events.jsonl,lf52,100,2,,,,,,truncated,,arc3-job4-mechanics-possibility,False,
10,0.2,0.0,Flash-Next (Kaggle),lf52-271a04aa_p3_events.jsonl,lf52,14,1,1,7.833333333333333,0.0,0.6,0.8,solved,0,arc3-job4-mechanics-possibility,True,0.3333333333333333
0,,,Flash-Next (Kaggle),lf52-271a04aa_p3_events.jsonl,lf52,14,1,,,,,,solved,,arc3-job4-mechanics-possibility,True,
10,0.8,0.0,Flash-Next (Kaggle),lf52-271a04aa_p3_events.jsonl,lf52,19,2,5,5.333333333333333,0.0,0.8,0.4,truncated,0,arc3-job4-mechanics-possibility,False,0.6666666666666666
0,,,Flash-Next (Kaggle),lf52-271a04aa_p3_events.jsonl,lf52,19,2,,,,,,truncated,,arc3-job4-mechanics-possibility,False,
10,1.0,0.0,Flash-Next (Kaggle),ls20-9607627b_p0_events.jsonl,ls20,32,1,7,4.0,0.1,0.4,0.4,solved,0,arc3-job4-mechanics-possibility,True,1.0
20,1.0,0.05,Flash-Next (Kaggle),ls20-9607627b_p0_events.jsonl,ls20,32,1,7,4.0,0.05,0.4,0.2,solved,0,arc3-job4-mechanics-possibility,True,1.0
0,,,Flash-Next (Kaggle),ls20-9607627b_p0_events.jsonl,ls20,32,1,,,,,,solved,,arc3-job4-mechanics-possibility,True,
10,0.5,0.0,Flash-Next (Kaggle),ls20-9607627b_p0_events.jsonl,ls20,90,2,6,7.5,0.0,0.3,0.2,died,0,arc3-job4-mechanics-possibility,False,0.5
20,0.75,0.0,Flash-Next (Kaggle),ls20-9607627b_p0_events.jsonl,ls20,90,2,6,10.5,0.0,0.3,0.15,died,0,arc3-job4-mechanics-possibility,False,0.75
40,1.0,0.025,Flash-Next (Kaggle),ls20-9607627b_p0_events.jsonl,ls20,90,2,6,12.75,0.05,0.175,0.1,died,0,arc3-job4-mechanics-possibility,False,1.0
0,,,Flash-Next (Kaggle),ls20-9607627b_p0_events.jsonl,ls20,90,2,,,,,,died,,arc3-job4-mechanics-possibility,False,
10,0.75,0.0,Flash-Next (Kaggle),ls20-9607627b_p0_events.jsonl,ls20,141,2,5,6.0,0.0,0.4,0.3,truncated,2,arc3-job4-mechanics-possibility,False,0.75
20,1.0,0.0,Flash-Next (Kaggle),ls20-9607627b_p0_events.jsonl,ls20,141,2,7,8.0,0.0,0.3,0.2,truncated,2,arc3-job4-mechanics-possibility,False,1.0
40,1.0,0.0,Flash-Next (Kaggle),ls20-9607627b_p0_events.jsonl,ls20,141,2,7,8.0,0.0,0.225,0.1,truncated,2,arc3-job4-mechanics-possibility,False,1.0
0,,,Flash-Next (Kaggle),ls20-9607627b_p0_events.jsonl,ls20,141,2,,,,,,truncated,,arc3-job4-mechanics-possibility,False,
10,0.75,0.0,Flash-Next (Kaggle),ls20-9607627b_p1_events.jsonl,ls20,15,1,4,5.0,0.0,0.6,0.3,solved,0,arc3-job4-mechanics-possibility,True,0.75
0,,,Flash-Next (Kaggle),ls20-9607627b_p1_events.jsonl,ls20,15,1,,,,,,solved,,arc3-job4-mechanics-possibility,True,
10,0.75,0.0,Flash-Next (Kaggle),ls20-9607627b_p1_events.jsonl,ls20,121,2,5,5.5,0.0,0.4,0.3,died,0,arc3-job4-mechanics-possibility,False,0.75
20,1.0,0.05,Flash-Next (Kaggle),ls20-9607627b_p1_events.jsonl,ls20,121,2,5,5.5,0.1,0.25,0.2,died,0,arc3-job4-mechanics-possibility,False,1.0
40,1.0,0.15,Flash-Next (Kaggle),ls20-9607627b_p1_events.jsonl,ls20,121,2,5,5.5,0.075,0.125,0.1,died,0,arc3-job4-mechanics-possibility,False,1.0
0,,,Flash-Next (Kaggle),ls20-9607627b_p1_events.jsonl,ls20,121,2,,,,,,died,,arc3-job4-mechanics-possibility,False,
10,0.75,0.0,Flash-Next (Kaggle),ls20-9607627b_p1_events.jsonl,ls20,20,2,5,6.0,0.0,0.4,0.3,truncated,2,arc3-job4-mechanics-possibility,False,0.75
20,1.0,0.0,Flash-Next (Kaggle),ls20-9607627b_p1_events.jsonl,ls20,20,2,7,8.0,0.0,0.3,0.2,truncated,2,arc3-job4-mechanics-possibility,False,1.0
0,,,Flash-Next (Kaggle),ls20-9607627b_p1_events.jsonl,ls20,20,2,,,,,,truncated,,arc3-job4-mechanics-possibility,False,
10,0.5,0.0,Flash-Next (Kaggle),ls20-9607627b_p2_events.jsonl,ls20,18,1,3,6.25,0.0,0.4,0.2,solved,0,arc3-job4-mechanics-possibility,True,0.5
0,,,Flash-Next (Kaggle),ls20-9607627b_p2_events.jsonl,ls20,18,1,,,,,,solved,,arc3-job4-mechanics-possibility,True,
10,0.75,0.0,Flash-Next (Kaggle),ls20-9607627b_p2_events.jsonl,ls20,18,2,5,5.5,0.0,0.4,0.3,truncated,0,arc3-job4-mechanics-possibility,False,0.75
0,,,Flash-Next (Kaggle),ls20-9607627b_p2_events.jsonl,ls20,18,2,,,,,,truncated,,arc3-job4-mechanics-possibility,False,
10,0.75,0.0,Flash-Next (Kaggle),ls20-9607627b_p3_events.jsonl,ls20,17,1,5,5.75,0.0,0.4,0.3,solved,0,arc3-job4-mechanics-possibility,True,0.75
0,,,Flash-Next (Kaggle),ls20-9607627b_p3_events.jsonl,ls20,17,1,,,,,,solved,,arc3-job4-mechanics-possibility,True,
10,0.75,0.0,Flash-Next (Kaggle),ls20-9607627b_p3_events.jsonl,ls20,39,2,5,5.5,0.0,0.4,0.3,truncated,0,arc3-job4-mechanics-possibility,False,0.75
20,1.0,0.0,Flash-Next (Kaggle),ls20-9607627b_p3_events.jsonl,ls20,39,2,5,5.5,0.05,0.25,0.2,truncated,0,arc3-job4-mechanics-possibility,False,1.0
0,,,Flash-Next (Kaggle),ls20-9607627b_p3_events.jsonl,ls20,39,2,,,,,,truncated,,arc3-job4-mechanics-possibility,False,
10,0.6,0.0,Flash-Next (Kaggle),sk48-d8078629_p0_events.jsonl,sk48,134,1,2,6.0,0.4,0.4,0.4,truncated,0,arc3-job4-mechanics-possibility,False,0.6666666666666666
20,0.8,0.2,Flash-Next (Kaggle),sk48-d8078629_p0_events.jsonl,sk48,134,1,4,7.666666666666667,0.2,0.25,0.25,truncated,0,arc3-job4-mechanics-possibility,False,0.8333333333333334
40,0.8,0.45,Flash-Next (Kaggle),sk48-d8078629_p0_events.jsonl,sk48,134,1,6,11.0,0.15,0.125,0.125,truncated,0,arc3-job4-mechanics-possibility,False,0.8333333333333334
0,,,Flash-Next (Kaggle),sk48-d8078629_p0_events.jsonl,sk48,134,1,,,,,,truncated,,arc3-job4-mechanics-possibility,False,
10,0.6,0.0,Flash-Next (Kaggle),sk48-d8078629_p1_events.jsonl,sk48,82,1,3,7.5,0.0,0.3,0.3,solved,0,arc3-job4-mechanics-possibility,True,0.5
20,0.8,0.0,Flash-Next (Kaggle),sk48-d8078629_p1_events.jsonl,sk48,82,1,6,11.333333333333334,0.0,0.2,0.2,solved,0,arc3-job4-mechanics-possibility,True,0.6666666666666666
40,0.8,0.0,Flash-Next (Kaggle),sk48-d8078629_p1_events.jsonl,sk48,82,1,6,18.0,0.0,0.1,0.1,solved,0,arc3-job4-mechanics-possibility,True,0.6666666666666666
0,,,Flash-Next (Kaggle),sk48-d8078629_p1_events.jsonl,sk48,82,1,,,,,,solved,,arc3-job4-mechanics-possibility,True,
10,0.6,0.1,Flash-Next (Kaggle),sk48-d8078629_p1_events.jsonl,sk48,13,2,4,7.5,0.2,0.3,0.3,truncated,0,arc3-job4-mechanics-possibility,False,0.5
0,,,Flash-Next (Kaggle),sk48-d8078629_p1_events.jsonl,sk48,13,2,,,,,,truncated,,arc3-job4-mechanics-possibility,False,
10,0.6,0.0,Flash-Next (Kaggle),sk48-d8078629_p2_events.jsonl,sk48,37,1,3,7.333333333333333,0.0,0.3,0.3,solved,0,arc3-job4-mechanics-possibility,True,0.5
20,0.6,0.0,Flash-Next (Kaggle),sk48-d8078629_p2_events.jsonl,sk48,37,1,5,12.333333333333334,0.05,0.15,0.15,solved,0,arc3-job4-mechanics-possibility,True,0.5
0,,,Flash-Next (Kaggle),sk48-d8078629_p2_events.jsonl,sk48,37,1,,,,,,solved,,arc3-job4-mechanics-possibility,True,
10,0.6,0.0,Flash-Next (Kaggle),sk48-d8078629_p2_events.jsonl,sk48,20,2,4,7.666666666666667,0.0,0.3,0.3,truncated,0,arc3-job4-mechanics-possibility,False,0.5
20,0.6,0.2,Flash-Next (Kaggle),sk48-d8078629_p2_events.jsonl,sk48,20,2,5,12.666666666666666,0.1,0.35,0.15,truncated,0,arc3-job4-mechanics-possibility,False,0.5
0,,,Flash-Next (Kaggle),sk48-d8078629_p2_events.jsonl,sk48,20,2,,,,,,truncated,,arc3-job4-mechanics-possibility,False,
10,0.6,0.0,Flash-Next (Kaggle),sk48-d8078629_p3_events.jsonl,sk48,52,1,3,7.333333333333333,0.0,0.3,0.3,truncated,0,arc3-job4-mechanics-possibility,False,0.5
20,0.8,0.0,Flash-Next (Kaggle),sk48-d8078629_p3_events.jsonl,sk48,52,1,5,11.0,0.0,0.2,0.2,truncated,0,arc3-job4-mechanics-possibility,False,0.6666666666666666
40,0.8,0.2,Flash-Next (Kaggle),sk48-d8078629_p3_events.jsonl,sk48,52,1,5,17.666666666666668,0.025,0.1,0.1,truncated,0,arc3-job4-mechanics-possibility,False,0.6666666666666666
0,,,Flash-Next (Kaggle),sk48-d8078629_p3_events.jsonl,sk48,52,1,,,,,,truncated,,arc3-job4-mechanics-possibility,False,
10,,0.0,Flash-Next (Kaggle),tn36-ef4dde99_p0_events.jsonl,tn36,51,1,2,,0.0,0.6,0.7,solved,0,arc3-job4-mechanics-possibility,True,
20,,0.0,Flash-Next (Kaggle),tn36-ef4dde99_p0_events.jsonl,tn36,51,1,2,,0.0,0.4,0.55,solved,0,arc3-job4-mechanics-possibility,True,
40,,0.0,Flash-Next (Kaggle),tn36-ef4dde99_p0_events.jsonl,tn36,51,1,2,,0.0,0.3,0.45,solved,0,arc3-job4-mechanics-possibility,True,
0,,,Flash-Next (Kaggle),tn36-ef4dde99_p0_events.jsonl,tn36,51,1,,,,,,solved,,arc3-job4-mechanics-possibility,True,
10,,0.0,Flash-Next (Kaggle),tn36-ef4dde99_p0_events.jsonl,tn36,46,2,2,,0.0,0.7,0.9,solved,0,arc3-job4-mechanics-possibility,True,
20,,0.0,Flash-Next (Kaggle),tn36-ef4dde99_p0_events.jsonl,tn36,46,2,4,,0.0,0.35,0.45,solved,0,arc3-job4-mechanics-possibility,True,
40,,0.0,Flash-Next (Kaggle),tn36-ef4dde99_p0_events.jsonl,tn36,46,2,4,,0.0,0.4,0.5,solved,0,arc3-job4-mechanics-possibility,True,
0,,,Flash-Next (Kaggle),tn36-ef4dde99_p0_events.jsonl,tn36,46,2,,,,,,solved,,arc3-job4-mechanics-possibility,True,
0,,,Flash-Next (Kaggle),tn36-ef4dde99_p0_events.jsonl,tn36,3,3,,,,,,truncated,,arc3-job4-mechanics-possibility,False,
10,,0.0,Flash-Next (Kaggle),tn36-ef4dde99_p1_events.jsonl,tn36,61,1,1,,0.0,0.8,0.8,died,0,arc3-job4-mechanics-possibility,False,
20,,0.0,Flash-Next (Kaggle),tn36-ef4dde99_p1_events.jsonl,tn36,61,1,1,,0.0,0.4,0.45,died,0,arc3-job4-mechanics-possibility,False,
40,,0.0,Flash-Next (Kaggle),tn36-ef4dde99_p1_events.jsonl,tn36,61,1,1,,0.0,0.225,0.275,died,0,arc3-job4-mechanics-possibility,False,
0,,,Flash-Next (Kaggle),tn36-ef4dde99_p1_events.jsonl,tn36,61,1,,,,,,died,,arc3-job4-mechanics-possibility,False,
10,,0.0,Flash-Next (Kaggle),tn36-ef4dde99_p1_events.jsonl,tn36,61,1,1,,0.0,0.3,0.7,died,2,arc3-job4-mechanics-possibility,False,
20,,0.0,Flash-Next (Kaggle),tn36-ef4dde99_p1_events.jsonl,tn36,61,1,1,,0.0,0.2,0.45,died,2,arc3-job4-mechanics-possibility,False,
40,,0.0,Flash-Next (Kaggle),tn36-ef4dde99_p1_events.jsonl,tn36,61,1,1,,0.0,0.1,0.225,died,2,arc3-job4-mechanics-possibility,False,
0,,,Flash-Next (Kaggle),tn36-ef4dde99_p1_events.jsonl,tn36,61,1,,,,,,died,,arc3-job4-mechanics-possibility,False,
10,,0.0,Flash-Next (Kaggle),tn36-ef4dde99_p1_events.jsonl,tn36,61,1,2,,0.0,0.4,0.5,died,4,arc3-job4-mechanics-possibility,False,
20,,0.0,Flash-Next (Kaggle),tn36-ef4dde99_p1_events.jsonl,tn36,61,1,2,,0.0,0.2,0.25,died,4,arc3-job4-mechanics-possibility,False,
40,,0.0,Flash-Next (Kaggle),tn36-ef4dde99_p1_events.jsonl,tn36,61,1,2,,0.0,0.1,0.15,died,4,arc3-job4-mechanics-possibility,False,
0,,,Flash-Next (Kaggle),tn36-ef4dde99_p1_events.jsonl,tn36,61,1,,,,,,died,,arc3-job4-mechanics-possibility,False,
10,,0.0,Flash-Next (Kaggle),tn36-ef4dde99_p1_events.jsonl,tn36,37,1,2,,0.0,0.5,0.7,truncated,6,arc3-job4-mechanics-possibility,False,
20,,0.0,Flash-Next (Kaggle),tn36-ef4dde99_p1_events.jsonl,tn36,37,1,2,,0.0,0.25,0.45,truncated,6,arc3-job4-mechanics-possibility,False,
0,,,Flash-Next (Kaggle),tn36-ef4dde99_p1_events.jsonl,tn36,37,1,,,,,,truncated,,arc3-job4-mechanics-possibility,False,
10,,0.0,Flash-Next (Kaggle),tn36-ef4dde99_p2_events.jsonl,tn36,61,1,5,,0.0,0.4,0.5,died,0,arc3-job4-mechanics-possibility,False,
20,,0.0,Flash-Next (Kaggle),tn36-ef4dde99_p2_events.jsonl,tn36,61,1,5,,0.0,0.5,0.55,died,0,arc3-job4-mechanics-possibility,False,
40,,0.0,Flash-Next (Kaggle),tn36-ef4dde99_p2_events.jsonl,tn36,61,1,5,,0.0,0.4,0.625,died,0,arc3-job4-mechanics-possibility,False,
0,,,Flash-Next (Kaggle),tn36-ef4dde99_p2_events.jsonl,tn36,61,1,,,,,,died,,arc3-job4-mechanics-possibility,False,
10,,0.0,Flash-Next (Kaggle),tn36-ef4dde99_p2_events.jsonl,tn36,61,1,1,,0.0,0.4,0.7,died,2,arc3-job4-mechanics-possibility,False,
20,,0.0,Flash-Next (Kaggle),tn36-ef4dde99_p2_events.jsonl,tn36,61,1,1,,0.0,0.25,0.55,died,2,arc3-job4-mechanics-possibility,False,
40,,0.0,Flash-Next (Kaggle),tn36-ef4dde99_p2_events.jsonl,tn36,61,1,1,,0.0,0.125,0.275,died,2,arc3-job4-mechanics-possibility,False,
0,,,Flash-Next (Kaggle),tn36-ef4dde99_p2_events.jsonl,tn36,61,1,,,,,,died,,arc3-job4-mechanics-possibility,False,
10,,0.0,Flash-Next (Kaggle),tn36-ef4dde99_p2_events.jsonl,tn36,61,1,1,,0.0,0.3,0.8,died,4,arc3-job4-mechanics-possibility,False,
20,,0.0,Flash-Next (Kaggle),tn36-ef4dde99_p2_events.jsonl,tn36,61,1,1,,0.0,0.15,0.4,died,4,arc3-job4-mechanics-possibility,False,
40,,0.0,Flash-Next (Kaggle),tn36-ef4dde99_p2_events.jsonl,tn36,61,1,1,,0.0,0.1,0.25,died,4,arc3-job4-mechanics-possibility,False,
0,,,Flash-Next (Kaggle),tn36-ef4dde99_p2_events.jsonl,tn36,61,1,,,,,,died,,arc3-job4-mechanics-possibility,False,
10,,0.0,Flash-Next (Kaggle),tn36-ef4dde99_p2_events.jsonl,tn36,23,1,3,,0.0,0.7,0.6,truncated,6,arc3-job4-mechanics-possibility,False,
20,,0.0,Flash-Next (Kaggle),tn36-ef4dde99_p2_events.jsonl,tn36,23,1,3,,0.0,0.65,0.8,truncated,6,arc3-job4-mechanics-possibility,False,
0,,,Flash-Next (Kaggle),tn36-ef4dde99_p2_events.jsonl,tn36,23,1,,,,,,truncated,,arc3-job4-mechanics-possibility,False,
10,,0.0,Flash-Next (Kaggle),tn36-ef4dde99_p3_events.jsonl,tn36,43,1,2,,0.0,0.6,0.5,truncated,0,arc3-job4-mechanics-possibility,False,
20,,0.0,Flash-Next (Kaggle),tn36-ef4dde99_p3_events.jsonl,tn36,43,1,2,,0.0,0.5,0.55,truncated,0,arc3-job4-mechanics-possibility,False,
40,,0.0,Flash-Next (Kaggle),tn36-ef4dde99_p3_events.jsonl,tn36,43,1,2,,0.0,0.375,0.525,truncated,0,arc3-job4-mechanics-possibility,False,
0,,,Flash-Next (Kaggle),tn36-ef4dde99_p3_events.jsonl,tn36,43,1,,,,,,truncated,,arc3-job4-mechanics-possibility,False,
10,0.6,0.4,Flash-Next (Kaggle),wa30-ee6fef47_p0_events.jsonl,wa30,55,1,4,6.8,0.2,0.3,0.3,solved,0,arc3-job4-mechanics-possibility,True,0.6
20,1.0,0.25,Flash-Next (Kaggle),wa30-ee6fef47_p0_events.jsonl,wa30,55,1,4,7.4,0.1,0.25,0.25,solved,0,arc3-job4-mechanics-possibility,True,1.0
40,1.0,0.375,Flash-Next (Kaggle),wa30-ee6fef47_p0_events.jsonl,wa30,55,1,4,7.4,0.1,0.125,0.125,solved,0,arc3-job4-mechanics-possibility,True,1.0
0,,,Flash-Next (Kaggle),wa30-ee6fef47_p0_events.jsonl,wa30,55,1,,,,,,solved,,arc3-job4-mechanics-possibility,True,
10,1.0,0.0,Flash-Next (Kaggle),wa30-ee6fef47_p0_events.jsonl,wa30,70,2,2,3.2,0.0,0.6,0.5,died,0,arc3-job4-mechanics-possibility,False,1.0
20,1.0,0.0,Flash-Next (Kaggle),wa30-ee6fef47_p0_events.jsonl,wa30,70,2,3,3.2,0.0,0.3,0.25,died,0,arc3-job4-mechanics-possibility,False,1.0
40,1.0,0.0,Flash-Next (Kaggle),wa30-ee6fef47_p0_events.jsonl,wa30,70,2,3,3.2,0.0,0.2,0.125,died,0,arc3-job4-mechanics-possibility,False,1.0
0,,,Flash-Next (Kaggle),wa30-ee6fef47_p0_events.jsonl,wa30,70,2,,,,,,died,,arc3-job4-mechanics-possibility,False,
10,0.4,0.0,Flash-Next (Kaggle),wa30-ee6fef47_p0_events.jsonl,wa30,70,2,2,7.4,0.0,0.3,0.2,died,2,arc3-job4-mechanics-possibility,False,0.4
20,0.4,0.0,Flash-Next (Kaggle),wa30-ee6fef47_p0_events.jsonl,wa30,70,2,2,13.4,0.0,0.2,0.1,died,2,arc3-job4-mechanics-possibility,False,0.4
40,0.4,0.0,Flash-Next (Kaggle),wa30-ee6fef47_p0_events.jsonl,wa30,70,2,2,25.4,0.0,0.125,0.05,died,2,arc3-job4-mechanics-possibility,False,0.4
0,,,Flash-Next (Kaggle),wa30-ee6fef47_p0_events.jsonl,wa30,70,2,,,,,,died,,arc3-job4-mechanics-possibility,False,
10,1.0,0.0,Flash-Next (Kaggle),wa30-ee6fef47_p1_events.jsonl,wa30,61,1,5,5.4,0.1,0.5,0.5,solved,0,arc3-job4-mechanics-possibility,True,1.0
20,1.0,0.15,Flash-Next (Kaggle),wa30-ee6fef47_p1_events.jsonl,wa30,61,1,5,5.4,0.05,0.25,0.25,solved,0,arc3-job4-mechanics-possibility,True,1.0
40,1.0,0.175,Flash-Next (Kaggle),wa30-ee6fef47_p1_events.jsonl,wa30,61,1,5,5.4,0.05,0.3,0.125,solved,0,arc3-job4-mechanics-possibility,True,1.0
0,,,Flash-Next (Kaggle),wa30-ee6fef47_p1_events.jsonl,wa30,61,1,,,,,,solved,,arc3-job4-mechanics-possibility,True,
10,0.4,0.0,Flash-Next (Kaggle),wa30-ee6fef47_p1_events.jsonl,wa30,70,2,7,8.4,0.0,0.3,0.2,died,0,arc3-job4-mechanics-possibility,False,0.4
20,1.0,0.0,Flash-Next (Kaggle),wa30-ee6fef47_p1_events.jsonl,wa30,70,2,7,10.2,0.0,0.4,0.25,died,0,arc3-job4-mechanics-possibility,False,1.0
40,1.0,0.0,Flash-Next (Kaggle),wa30-ee6fef47_p1_events.jsonl,wa30,70,2,9,10.2,0.0,0.25,0.125,died,0,arc3-job4-mechanics-possibility,False,1.0
0,,,Flash-Next (Kaggle),wa30-ee6fef47_p1_events.jsonl,wa30,70,2,,,,,,died,,arc3-job4-mechanics-possibility,False,
10,1.0,0.0,Flash-Next (Kaggle),wa30-ee6fef47_p2_events.jsonl,wa30,88,1,4,4.2,0.0,0.5,0.5,solved,0,arc3-job4-mechanics-possibility,True,1.0
20,1.0,0.1,Flash-Next (Kaggle),wa30-ee6fef47_p2_events.jsonl,wa30,88,1,4,4.2,0.1,0.25,0.25,solved,0,arc3-job4-mechanics-possibility,True,1.0
40,1.0,0.175,Flash-Next (Kaggle),wa30-ee6fef47_p2_events.jsonl,wa30,88,1,7,4.2,0.125,0.125,0.125,solved,0,arc3-job4-mechanics-possibility,True,1.0
0,,,Flash-Next (Kaggle),wa30-ee6fef47_p2_events.jsonl,wa30,88,1,,,,,,solved,,arc3-job4-mechanics-possibility,True,
10,0.4,0.0,Flash-Next (Kaggle),wa30-ee6fef47_p2_events.jsonl,wa30,70,2,6,8.2,0.0,0.3,0.2,died,0,arc3-job4-mechanics-possibility,False,0.4
20,1.0,0.0,Flash-Next (Kaggle),wa30-ee6fef47_p2_events.jsonl,wa30,70,2,6,9.8,0.0,0.35,0.25,died,0,arc3-job4-mechanics-possibility,False,1.0
40,1.0,0.0,Flash-Next (Kaggle),wa30-ee6fef47_p2_events.jsonl,wa30,70,2,14,9.8,0.0,0.2,0.125,died,0,arc3-job4-mechanics-possibility,False,1.0
0,,,Flash-Next (Kaggle),wa30-ee6fef47_p2_events.jsonl,wa30,70,2,,,,,,died,,arc3-job4-mechanics-possibility,False,
10,0.8,0.2,Flash-Next (Kaggle),wa30-ee6fef47_p3_events.jsonl,wa30,42,1,6,4.2,0.2,0.4,0.4,truncated,0,arc3-job4-mechanics-possibility,False,0.8
20,1.0,0.35,Flash-Next (Kaggle),wa30-ee6fef47_p3_events.jsonl,wa30,42,1,6,4.2,0.15,0.25,0.25,truncated,0,arc3-job4-mechanics-possibility,False,1.0
40,1.0,0.325,Flash-Next (Kaggle),wa30-ee6fef47_p3_events.jsonl,wa30,42,1,6,4.2,0.075,0.15,0.125,truncated,0,arc3-job4-mechanics-possibility,False,1.0
0,,,Flash-Next (Kaggle),wa30-ee6fef47_p3_events.jsonl,wa30,42,1,,,,,,truncated,,arc3-job4-mechanics-possibility,False,
10,1.0,0.0,Flash-Next (Kaggle),cd82-fb555c5d_p0_events.jsonl,cd82,92,1,1,3.5,0.2,0.6,0.6,solved,0,arc3-job5-null-control,True,1.0
20,1.0,0.0,Flash-Next (Kaggle),cd82-fb555c5d_p0_events.jsonl,cd82,92,1,2,3.5,0.1,0.5,0.4,solved,0,arc3-job5-null-control,True,1.0
40,1.0,0.075,Flash-Next (Kaggle),cd82-fb555c5d_p0_events.jsonl,cd82,92,1,3,3.5,0.15,0.475,0.225,solved,0,arc3-job5-null-control,True,1.0
0,,,Flash-Next (Kaggle),cd82-fb555c5d_p0_events.jsonl,cd82,92,1,,,,,,solved,,arc3-job5-null-control,True,
10,0.8,0.4,Flash-Next (Kaggle),cd82-fb555c5d_p0_events.jsonl,cd82,12,2,3,5.833333333333333,0.2,0.9,0.5,truncated,0,arc3-job5-null-control,False,0.8333333333333334
0,,,Flash-Next (Kaggle),cd82-fb555c5d_p0_events.jsonl,cd82,12,2,,,,,,truncated,,arc3-job5-null-control,False,
10,1.0,0.0,Flash-Next (Kaggle),cd82-fb555c5d_p1_events.jsonl,cd82,35,1,3,4.833333333333333,0.0,0.7,0.6,solved,0,arc3-job5-null-control,True,1.0
20,1.0,0.0,Flash-Next (Kaggle),cd82-fb555c5d_p1_events.jsonl,cd82,35,1,3,4.833333333333333,0.1,0.75,0.4,solved,0,arc3-job5-null-control,True,1.0
0,,,Flash-Next (Kaggle),cd82-fb555c5d_p1_events.jsonl,cd82,35,1,,,,,,solved,,arc3-job5-null-control,True,
10,0.6,0.0,Flash-Next (Kaggle),cd82-fb555c5d_p1_events.jsonl,cd82,13,2,1,6.0,0.0,0.8,0.6,solved,0,arc3-job5-null-control,True,0.6666666666666666
0,,,Flash-Next (Kaggle),cd82-fb555c5d_p1_events.jsonl,cd82,13,2,,,,,,solved,,arc3-job5-null-control,True,
10,0.4,0.2,Flash-Next (Kaggle),cd82-fb555c5d_p1_events.jsonl,cd82,42,3,1,6.666666666666667,0.2,0.8,0.6,truncated,0,arc3-job5-null-control,False,0.5
20,0.4,0.45,Flash-Next (Kaggle),cd82-fb555c5d_p1_events.jsonl,cd82,42,3,4,11.666666666666666,0.2,0.45,0.3,truncated,0,arc3-job5-null-control,False,0.5
40,1.0,0.6,Flash-Next (Kaggle),cd82-fb555c5d_p1_events.jsonl,cd82,42,3,5,20.666666666666668,0.25,0.325,0.225,truncated,0,arc3-job5-null-control,False,1.0
0,,,Flash-Next (Kaggle),cd82-fb555c5d_p1_events.jsonl,cd82,42,3,,,,,,truncated,,arc3-job5-null-control,False,
10,1.0,0.0,Flash-Next (Kaggle),cd82-fb555c5d_p2_events.jsonl,cd82,83,1,2,5.166666666666667,0.2,0.7,0.7,solved,0,arc3-job5-null-control,True,1.0
20,1.0,0.25,Flash-Next (Kaggle),cd82-fb555c5d_p2_events.jsonl,cd82,83,1,3,5.166666666666667,0.2,0.6,0.35,solved,0,arc3-job5-null-control,True,1.0
40,1.0,0.375,Flash-Next (Kaggle),cd82-fb555c5d_p2_events.jsonl,cd82,83,1,3,5.166666666666667,0.175,0.6,0.225,solved,0,arc3-job5-null-control,True,1.0
0,,,Flash-Next (Kaggle),cd82-fb555c5d_p2_events.jsonl,cd82,83,1,,,,,,solved,,arc3-job5-null-control,True,
10,0.8,0.1,Flash-Next (Kaggle),cd82-fb555c5d_p2_events.jsonl,cd82,17,2,3,5.333333333333333,0.2,0.8,0.4,truncated,0,arc3-job5-null-control,False,0.6666666666666666
0,,,Flash-Next (Kaggle),cd82-fb555c5d_p2_events.jsonl,cd82,17,2,,,,,,truncated,,arc3-job5-null-control,False,
10,1.0,0.0,Flash-Next (Kaggle),cd82-fb555c5d_p3_events.jsonl,cd82,44,1,1,4.833333333333333,0.2,0.9,1.0,solved,0,arc3-job5-null-control,True,1.0
20,1.0,0.0,Flash-Next (Kaggle),cd82-fb555c5d_p3_events.jsonl,cd82,44,1,1,4.833333333333333,0.1,0.6,0.55,solved,0,arc3-job5-null-control,True,1.0
40,1.0,0.2,Flash-Next (Kaggle),cd82-fb555c5d_p3_events.jsonl,cd82,44,1,4,4.833333333333333,0.125,0.625,0.275,solved,0,arc3-job5-null-control,True,1.0
0,,,Flash-Next (Kaggle),cd82-fb555c5d_p3_events.jsonl,cd82,44,1,,,,,,solved,,arc3-job5-null-control,True,
0,,,Flash-Next (Kaggle),cd82-fb555c5d_p3_events.jsonl,cd82,2,2,,,,,,truncated,,arc3-job5-null-control,False,
10,0.6,0.0,Flash-Next (Kaggle),cn04-2fe56bfb_p0_events.jsonl,cn04,14,1,6,6.833333333333333,0.0,0.8,0.3,solved,0,arc3-job5-null-control,True,0.5
0,,,Flash-Next (Kaggle),cn04-2fe56bfb_p0_events.jsonl,cn04,14,1,,,,,,solved,,arc3-job5-null-control,True,
10,0.6,0.0,Flash-Next (Kaggle),cn04-2fe56bfb_p0_events.jsonl,cn04,12,2,6,6.333333333333333,0.0,0.4,0.4,truncated,0,arc3-job5-null-control,False,0.6666666666666666
0,,,Flash-Next (Kaggle),cn04-2fe56bfb_p0_events.jsonl,cn04,12,2,,,,,,truncated,,arc3-job5-null-control,False,
10,0.6,0.0,Flash-Next (Kaggle),cn04-2fe56bfb_p1_events.jsonl,cn04,28,1,6,8.166666666666666,0.0,0.9,0.3,solved,0,arc3-job5-null-control,True,0.5
20,0.6,0.0,Flash-Next (Kaggle),cn04-2fe56bfb_p1_events.jsonl,cn04,28,1,7,13.166666666666666,0.0,0.8,0.15,solved,0,arc3-job5-null-control,True,0.5
0,,,Flash-Next (Kaggle),cn04-2fe56bfb_p1_events.jsonl,cn04,28,1,,,,,,solved,,arc3-job5-null-control,True,
10,0.6,0.0,Flash-Next (Kaggle),cn04-2fe56bfb_p1_events.jsonl,cn04,58,2,8,7.666666666666667,0.0,0.8,0.3,truncated,0,arc3-job5-null-control,False,0.5
20,0.6,0.0,Flash-Next (Kaggle),cn04-2fe56bfb_p1_events.jsonl,cn04,58,2,11,12.666666666666666,0.0,0.9,0.15,truncated,0,arc3-job5-null-control,False,0.5
40,1.0,0.0,Flash-Next (Kaggle),cn04-2fe56bfb_p1_events.jsonl,cn04,58,2,15,18.833333333333332,0.0,0.675,0.125,truncated,0,arc3-job5-null-control,False,0.8333333333333334
0,,,Flash-Next (Kaggle),cn04-2fe56bfb_p1_events.jsonl,cn04,58,2,,,,,,truncated,,arc3-job5-null-control,False,
10,0.6,0.0,Flash-Next (Kaggle),cn04-2fe56bfb_p2_events.jsonl,cn04,15,1,5,5.666666666666667,0.1,0.9,0.4,solved,0,arc3-job5-null-control,True,0.6666666666666666
0,,,Flash-Next (Kaggle),cn04-2fe56bfb_p2_events.jsonl,cn04,15,1,,,,,,solved,,arc3-job5-null-control,True,
10,0.8,0.0,Flash-Next (Kaggle),cn04-2fe56bfb_p2_events.jsonl,cn04,19,2,5,6.0,0.0,0.4,0.4,truncated,0,arc3-job5-null-control,False,0.6666666666666666
0,,,Flash-Next (Kaggle),cn04-2fe56bfb_p2_events.jsonl,cn04,19,2,,,,,,truncated,,arc3-job5-null-control,False,
10,0.6,0.0,Flash-Next (Kaggle),cn04-2fe56bfb_p3_events.jsonl,cn04,24,1,4,7.0,0.0,0.8,0.3,solved,0,arc3-job5-null-control,True,0.5
20,0.8,0.0,Flash-Next (Kaggle),cn04-2fe56bfb_p3_events.jsonl,cn04,24,1,4,11.833333333333334,0.0,0.85,0.2,solved,0,arc3-job5-null-control,True,0.6666666666666666
0,,,Flash-Next (Kaggle),cn04-2fe56bfb_p3_events.jsonl,cn04,24,1,,,,,,solved,,arc3-job5-null-control,True,
0,,,Flash-Next (Kaggle),cn04-2fe56bfb_p3_events.jsonl,cn04,1,2,,,,,,truncated,,arc3-job5-null-control,False,
10,0.75,0.0,Flash-Next (Kaggle),ka59-38d34dbb_p0_events.jsonl,ka59,19,1,5,5.2,0.0,0.4,0.4,solved,0,arc3-job5-null-control,True,0.8
0,,,Flash-Next (Kaggle),ka59-38d34dbb_p0_events.jsonl,ka59,19,1,,,,,,solved,,arc3-job5-null-control,True,
10,0.75,0.0,Flash-Next (Kaggle),ka59-38d34dbb_p0_events.jsonl,ka59,50,2,5,6.8,0.0,0.5,0.4,solved,0,arc3-job5-null-control,True,0.8
20,1.0,0.0,Flash-Next (Kaggle),ka59-38d34dbb_p0_events.jsonl,ka59,50,2,5,7.4,0.0,0.65,0.35,solved,0,arc3-job5-null-control,True,1.0
40,1.0,0.0,Flash-Next (Kaggle),ka59-38d34dbb_p0_events.jsonl,ka59,50,2,6,7.4,0.0,0.475,0.225,solved,0,arc3-job5-null-control,True,1.0
0,,,Flash-Next (Kaggle),ka59-38d34dbb_p0_events.jsonl,ka59,50,2,,,,,,solved,,arc3-job5-null-control,True,
10,0.25,0.0,Flash-Next (Kaggle),ka59-38d34dbb_p0_events.jsonl,ka59,100,3,9,7.2,0.0,0.2,0.2,died,0,arc3-job5-null-control,False,0.4
20,0.5,0.0,Flash-Next (Kaggle),ka59-38d34dbb_p0_events.jsonl,ka59,100,3,10,11.6,0.0,0.2,0.2,died,0,arc3-job5-null-control,False,0.6
40,0.75,0.025,Flash-Next (Kaggle),ka59-38d34dbb_p0_events.jsonl,ka59,100,3,10,15.8,0.075,0.2,0.2,died,0,arc3-job5-null-control,False,0.8
0,,,Flash-Next (Kaggle),ka59-38d34dbb_p0_events.jsonl,ka59,100,3,,,,,,died,,arc3-job5-null-control,False,
10,0.75,0.0,Flash-Next (Kaggle),ka59-38d34dbb_p1_events.jsonl,ka59,49,1,6,7.2,0.1,0.4,0.4,solved,0,arc3-job5-null-control,True,0.8
20,1.0,0.05,Flash-Next (Kaggle),ka59-38d34dbb_p1_events.jsonl,ka59,49,1,6,7.6,0.05,0.25,0.25,solved,0,arc3-job5-null-control,True,1.0
40,1.0,0.125,Flash-Next (Kaggle),ka59-38d34dbb_p1_events.jsonl,ka59,49,1,8,7.6,0.05,0.2,0.2,solved,0,arc3-job5-null-control,True,1.0
0,,,Flash-Next (Kaggle),ka59-38d34dbb_p1_events.jsonl,ka59,49,1,,,,,,solved,,arc3-job5-null-control,True,
10,0.5,0.2,Flash-Next (Kaggle),ka59-38d34dbb_p1_events.jsonl,ka59,36,2,7,6.8,0.3,0.3,0.3,truncated,0,arc3-job5-null-control,False,0.6
20,0.5,0.6,Flash-Next (Kaggle),ka59-38d34dbb_p1_events.jsonl,ka59,36,2,10,10.8,0.4,0.15,0.15,truncated,0,arc3-job5-null-control,False,0.6
0,,,Flash-Next (Kaggle),ka59-38d34dbb_p1_events.jsonl,ka59,36,2,,,,,,truncated,,arc3-job5-null-control,False,
10,0.5,0.0,Flash-Next (Kaggle),ka59-38d34dbb_p2_events.jsonl,ka59,23,1,7,8.2,0.1,0.4,0.4,solved,0,arc3-job5-null-control,True,0.6
20,1.0,0.1,Flash-Next (Kaggle),ka59-38d34dbb_p2_events.jsonl,ka59,23,1,7,8.4,0.05,0.35,0.35,solved,0,arc3-job5-null-control,True,1.0
0,,,Flash-Next (Kaggle),ka59-38d34dbb_p2_events.jsonl,ka59,23,1,,,,,,solved,,arc3-job5-null-control,True,
0,,,Flash-Next (Kaggle),ka59-38d34dbb_p2_events.jsonl,ka59,9,2,,,,,,truncated,,arc3-job5-null-control,False,
10,0.75,0.0,Flash-Next (Kaggle),ka59-38d34dbb_p3_events.jsonl,ka59,21,1,7,8.0,0.1,0.3,0.3,solved,0,arc3-job5-null-control,True,0.6
20,1.0,0.1,Flash-Next (Kaggle),ka59-38d34dbb_p3_events.jsonl,ka59,21,1,8,10.8,0.1,0.25,0.25,solved,0,arc3-job5-null-control,True,1.0
0,,,Flash-Next (Kaggle),ka59-38d34dbb_p3_events.jsonl,ka59,21,1,,,,,,solved,,arc3-job5-null-control,True,
0,,,Flash-Next (Kaggle),ka59-38d34dbb_p3_events.jsonl,ka59,6,2,,,,,,truncated,,arc3-job5-null-control,False,
10,,0.0,Flash-Next (Kaggle),lp85-305b61c3_p0_events.jsonl,lp85,13,1,2,,0.6,0.7,0.8,solved,0,arc3-job5-null-control,True,
0,,,Flash-Next (Kaggle),lp85-305b61c3_p0_events.jsonl,lp85,13,1,,,,,,solved,,arc3-job5-null-control,True,
10,,0.0,Flash-Next (Kaggle),lp85-305b61c3_p0_events.jsonl,lp85,67,2,2,,0.4,0.7,0.7,died,0,arc3-job5-null-control,False,
20,,0.0,Flash-Next (Kaggle),lp85-305b61c3_p0_events.jsonl,lp85,67,2,6,,0.2,0.4,0.4,died,0,arc3-job5-null-control,False,
40,,0.0,Flash-Next (Kaggle),lp85-305b61c3_p0_events.jsonl,lp85,67,2,16,,0.1,0.2,0.2,died,0,arc3-job5-null-control,False,
0,,,Flash-Next (Kaggle),lp85-305b61c3_p0_events.jsonl,lp85,67,2,,,,,,died,,arc3-job5-null-control,False,
10,,0.0,Flash-Next (Kaggle),lp85-305b61c3_p0_events.jsonl,lp85,60,2,2,,0.0,0.2,0.2,died,2,arc3-job5-null-control,False,
20,,0.0,Flash-Next (Kaggle),lp85-305b61c3_p0_events.jsonl,lp85,60,2,2,,0.0,0.1,0.1,died,2,arc3-job5-null-control,False,
40,,0.0,Flash-Next (Kaggle),lp85-305b61c3_p0_events.jsonl,lp85,60,2,2,,0.0,0.05,0.05,died,2,arc3-job5-null-control,False,
0,,,Flash-Next (Kaggle),lp85-305b61c3_p0_events.jsonl,lp85,60,2,,,,,,died,,arc3-job5-null-control,False,
10,,0.3,Flash-Next (Kaggle),lp85-305b61c3_p0_events.jsonl,lp85,64,2,4,,0.4,0.4,0.4,died,4,arc3-job5-null-control,False,
20,,0.15,Flash-Next (Kaggle),lp85-305b61c3_p0_events.jsonl,lp85,64,2,10,,0.2,0.2,0.2,died,4,arc3-job5-null-control,False,
40,,0.075,Flash-Next (Kaggle),lp85-305b61c3_p0_events.jsonl,lp85,64,2,10,,0.1,0.1,0.1,died,4,arc3-job5-null-control,False,
0,,,Flash-Next (Kaggle),lp85-305b61c3_p0_events.jsonl,lp85,64,2,,,,,,died,,arc3-job5-null-control,False,
10,,0.0,Flash-Next (Kaggle),lp85-305b61c3_p0_events.jsonl,lp85,12,2,10,,0.0,0.1,0.1,truncated,6,arc3-job5-null-control,False,
0,,,Flash-Next (Kaggle),lp85-305b61c3_p0_events.jsonl,lp85,12,2,,,,,,truncated,,arc3-job5-null-control,False,
0,,,Flash-Next (Kaggle),lp85-305b61c3_p1_events.jsonl,lp85,8,1,,,,,,solved,,arc3-job5-null-control,True,
10,,0.0,Flash-Next (Kaggle),lp85-305b61c3_p1_events.jsonl,lp85,60,2,3,,0.0,0.4,0.4,died,0,arc3-job5-null-control,False,
20,,0.0,Flash-Next (Kaggle),lp85-305b61c3_p1_events.jsonl,lp85,60,2,9,,0.0,0.2,0.2,died,0,arc3-job5-null-control,False,
40,,0.0,Flash-Next (Kaggle),lp85-305b61c3_p1_events.jsonl,lp85,60,2,20,,0.0,0.1,0.1,died,0,arc3-job5-null-control,False,
0,,,Flash-Next (Kaggle),lp85-305b61c3_p1_events.jsonl,lp85,60,2,,,,,,died,,arc3-job5-null-control,False,
10,,0.0,Flash-Next (Kaggle),lp85-305b61c3_p1_events.jsonl,lp85,32,2,9,,0.0,0.2,0.2,truncated,2,arc3-job5-null-control,False,
20,,0.05,Flash-Next (Kaggle),lp85-305b61c3_p1_events.jsonl,lp85,32,2,10,,0.1,0.25,0.25,truncated,2,arc3-job5-null-control,False,
0,,,Flash-Next (Kaggle),lp85-305b61c3_p1_events.jsonl,lp85,32,2,,,,,,truncated,,arc3-job5-null-control,False,
0,,,Flash-Next (Kaggle),lp85-305b61c3_p2_events.jsonl,lp85,5,1,,,,,,solved,,arc3-job5-null-control,True,
10,,0.0,Flash-Next (Kaggle),lp85-305b61c3_p2_events.jsonl,lp85,19,2,3,,0.0,0.3,0.3,solved,0,arc3-job5-null-control,True,
0,,,Flash-Next (Kaggle),lp85-305b61c3_p2_events.jsonl,lp85,19,2,,,,,,solved,,arc3-job5-null-control,True,
10,,0.0,Flash-Next (Kaggle),lp85-305b61c3_p2_events.jsonl,lp85,17,3,3,,0.0,0.2,0.2,solved,0,arc3-job5-null-control,True,
0,,,Flash-Next (Kaggle),lp85-305b61c3_p2_events.jsonl,lp85,17,3,,,,,,solved,,arc3-job5-null-control,True,
10,,0.0,Flash-Next (Kaggle),lp85-305b61c3_p2_events.jsonl,lp85,25,4,3,,0.0,0.4,0.4,solved,0,arc3-job5-null-control,True,
20,,0.0,Flash-Next (Kaggle),lp85-305b61c3_p2_events.jsonl,lp85,25,4,4,,0.0,0.2,0.2,solved,0,arc3-job5-null-control,True,
0,,,Flash-Next (Kaggle),lp85-305b61c3_p2_events.jsonl,lp85,25,4,,,,,,solved,,arc3-job5-null-control,True,
10,,0.0,Flash-Next (Kaggle),lp85-305b61c3_p2_events.jsonl,lp85,11,5,2,,0.1,0.4,0.5,truncated,0,arc3-job5-null-control,False,
0,,,Flash-Next (Kaggle),lp85-305b61c3_p2_events.jsonl,lp85,11,5,,,,,,truncated,,arc3-job5-null-control,False,
0,,,Flash-Next (Kaggle),lp85-305b61c3_p3_events.jsonl,lp85,8,1,,,,,,solved,,arc3-job5-null-control,True,
10,,0.0,Flash-Next (Kaggle),lp85-305b61c3_p3_events.jsonl,lp85,24,2,1,,0.0,0.6,0.6,solved,0,arc3-job5-null-control,True,
20,,0.0,Flash-Next (Kaggle),lp85-305b61c3_p3_events.jsonl,lp85,24,2,2,,0.0,0.3,0.3,solved,0,arc3-job5-null-control,True,
0,,,Flash-Next (Kaggle),lp85-305b61c3_p3_events.jsonl,lp85,24,2,,,,,,solved,,arc3-job5-null-control,True,
10,,0.0,Flash-Next (Kaggle),lp85-305b61c3_p3_events.jsonl,lp85,16,3,2,,0.0,0.2,0.4,truncated,0,arc3-job5-null-control,False,
0,,,Flash-Next (Kaggle),lp85-305b61c3_p3_events.jsonl,lp85,16,3,,,,,,truncated,,arc3-job5-null-control,False,
10,,0.0,Flash-Next (Kaggle),r11l-495a7899_p0_events.jsonl,r11l,18,1,2,,0.0,0.6,0.9,solved,0,arc3-job5-null-control,True,
0,,,Flash-Next (Kaggle),r11l-495a7899_p0_events.jsonl,r11l,18,1,,,,,,solved,,arc3-job5-null-control,True,
10,,0.0,Flash-Next (Kaggle),r11l-495a7899_p0_events.jsonl,r11l,15,2,5,,0.0,0.4,0.6,truncated,0,arc3-job5-null-control,False,
0,,,Flash-Next (Kaggle),r11l-495a7899_p0_events.jsonl,r11l,15,2,,,,,,truncated,,arc3-job5-null-control,False,
0,,,Flash-Next (Kaggle),r11l-495a7899_p1_events.jsonl,r11l,5,1,,,,,,solved,,arc3-job5-null-control,True,
10,,0.0,Flash-Next (Kaggle),r11l-495a7899_p1_events.jsonl,r11l,19,2,1,,0.0,0.8,0.8,solved,0,arc3-job5-null-control,True,
0,,,Flash-Next (Kaggle),r11l-495a7899_p1_events.jsonl,r11l,19,2,,,,,,solved,,arc3-job5-null-control,True,
0,,,Flash-Next (Kaggle),r11l-495a7899_p1_events.jsonl,r11l,8,3,,,,,,truncated,,arc3-job5-null-control,False,
0,,,Flash-Next (Kaggle),r11l-495a7899_p2_events.jsonl,r11l,6,1,,,,,,solved,,arc3-job5-null-control,True,
10,,0.0,Flash-Next (Kaggle),r11l-495a7899_p2_events.jsonl,r11l,54,2,1,,0.0,0.5,0.8,truncated,0,arc3-job5-null-control,False,
20,,0.0,Flash-Next (Kaggle),r11l-495a7899_p2_events.jsonl,r11l,54,2,1,,0.0,0.6,0.85,truncated,0,arc3-job5-null-control,False,
40,,0.0,Flash-Next (Kaggle),r11l-495a7899_p2_events.jsonl,r11l,54,2,1,,0.0,0.325,0.475,truncated,0,arc3-job5-null-control,False,
0,,,Flash-Next (Kaggle),r11l-495a7899_p2_events.jsonl,r11l,54,2,,,,,,truncated,,arc3-job5-null-control,False,
0,,,Flash-Next (Kaggle),r11l-495a7899_p3_events.jsonl,r11l,8,1,,,,,,solved,,arc3-job5-null-control,True,
0,,,Flash-Next (Kaggle),r11l-495a7899_p3_events.jsonl,r11l,5,2,,,,,,truncated,,arc3-job5-null-control,False,
10,0.0,0.0,Flash-Next (Kaggle),sb26-7fbdac44_p0_events.jsonl,sb26,12,1,1,7.666666666666667,0.1,0.8,0.9,solved,0,arc3-job5-null-control,True,0.3333333333333333
0,,,Flash-Next (Kaggle),sb26-7fbdac44_p0_events.jsonl,sb26,12,1,,,,,,solved,,arc3-job5-null-control,True,
10,0.0,0.0,Flash-Next (Kaggle),sb26-7fbdac44_p0_events.jsonl,sb26,118,2,1,7.666666666666667,0.0,0.9,1.0,truncated,0,arc3-job5-null-control,False,0.3333333333333333
20,0.5,0.0,Flash-Next (Kaggle),sb26-7fbdac44_p0_events.jsonl,sb26,118,2,1,12.333333333333334,0.0,0.7,1.0,truncated,0,arc3-job5-null-control,False,0.6666666666666666
40,0.5,0.0,Flash-Next (Kaggle),sb26-7fbdac44_p0_events.jsonl,sb26,118,2,1,19.0,0.025,0.375,0.575,truncated,0,arc3-job5-null-control,False,0.6666666666666666
0,,,Flash-Next (Kaggle),sb26-7fbdac44_p0_events.jsonl,sb26,118,2,,,,,,truncated,,arc3-job5-null-control,False,
10,0.5,0.0,Flash-Next (Kaggle),sb26-7fbdac44_p1_events.jsonl,sb26,11,1,1,4.666666666666667,0.0,0.9,0.9,solved,0,arc3-job5-null-control,True,0.6666666666666666
0,,,Flash-Next (Kaggle),sb26-7fbdac44_p1_events.jsonl,sb26,11,1,,,,,,solved,,arc3-job5-null-control,True,
10,0.0,0.0,Flash-Next (Kaggle),sb26-7fbdac44_p1_events.jsonl,sb26,71,2,1,7.666666666666667,0.0,0.6,0.8,truncated,0,arc3-job5-null-control,False,0.3333333333333333
20,0.5,0.0,Flash-Next (Kaggle),sb26-7fbdac44_p1_events.jsonl,sb26,71,2,1,13.666666666666666,0.05,0.75,0.9,truncated,0,arc3-job5-null-control,False,0.6666666666666666
40,0.5,0.025,Flash-Next (Kaggle),sb26-7fbdac44_p1_events.jsonl,sb26,71,2,2,20.333333333333332,0.075,0.4,0.625,truncated,0,arc3-job5-null-control,False,0.6666666666666666
0,,,Flash-Next (Kaggle),sb26-7fbdac44_p1_events.jsonl,sb26,71,2,,,,,,truncated,,arc3-job5-null-control,False,
10,0.0,0.0,Flash-Next (Kaggle),sb26-7fbdac44_p2_events.jsonl,sb26,13,1,1,7.666666666666667,0.0,0.6,0.8,solved,0,arc3-job5-null-control,True,0.3333333333333333
0,,,Flash-Next (Kaggle),sb26-7fbdac44_p2_events.jsonl,sb26,13,1,,,,,,solved,,arc3-job5-null-control,True,
10,0.0,0.0,Flash-Next (Kaggle),sb26-7fbdac44_p2_events.jsonl,sb26,95,2,1,7.666666666666667,0.0,0.9,1.0,truncated,0,arc3-job5-null-control,False,0.3333333333333333
20,0.5,0.0,Flash-Next (Kaggle),sb26-7fbdac44_p2_events.jsonl,sb26,95,2,1,12.333333333333334,0.0,0.7,0.95,truncated,0,arc3-job5-null-control,False,0.6666666666666666
40,0.5,0.0,Flash-Next (Kaggle),sb26-7fbdac44_p2_events.jsonl,sb26,95,2,1,19.0,0.0,0.35,0.575,truncated,0,arc3-job5-null-control,False,0.6666666666666666
0,,,Flash-Next (Kaggle),sb26-7fbdac44_p2_events.jsonl,sb26,95,2,,,,,,truncated,,arc3-job5-null-control,False,
10,0.0,0.0,Flash-Next (Kaggle),sb26-7fbdac44_p3_events.jsonl,sb26,13,1,1,7.666666666666667,0.0,0.6,0.8,solved,0,arc3-job5-null-control,True,0.3333333333333333
0,,,Flash-Next (Kaggle),sb26-7fbdac44_p3_events.jsonl,sb26,13,1,,,,,,solved,,arc3-job5-null-control,True,
10,0.0,0.0,Flash-Next (Kaggle),sb26-7fbdac44_p3_events.jsonl,sb26,46,2,1,7.666666666666667,0.1,0.8,0.9,truncated,0,arc3-job5-null-control,False,0.3333333333333333
20,0.5,0.05,Flash-Next (Kaggle),sb26-7fbdac44_p3_events.jsonl,sb26,46,2,1,13.333333333333334,0.1,0.75,0.85,truncated,0,arc3-job5-null-control,False,0.6666666666666666
40,0.5,0.05,Flash-Next (Kaggle),sb26-7fbdac44_p3_events.jsonl,sb26,46,2,1,20.0,0.125,0.425,0.625,truncated,0,arc3-job5-null-control,False,0.6666666666666666
0,,,Flash-Next (Kaggle),sb26-7fbdac44_p3_events.jsonl,sb26,46,2,,,,,,truncated,,arc3-job5-null-control,False,
10,1.0,0.0,Flash-Next (Kaggle),sc25-635fd71a_p0_events.jsonl,sc25,53,1,1,3.0,0.1,0.8,1.0,died,0,arc3-job5-null-control,False,1.0
20,1.0,0.05,Flash-Next (Kaggle),sc25-635fd71a_p0_events.jsonl,sc25,53,1,7,3.0,0.1,0.4,0.6,died,0,arc3-job5-null-control,False,1.0
40,1.0,0.075,Flash-Next (Kaggle),sc25-635fd71a_p0_events.jsonl,sc25,53,1,7,3.0,0.075,0.2,0.325,died,0,arc3-job5-null-control,False,1.0
0,,,Flash-Next (Kaggle),sc25-635fd71a_p0_events.jsonl,sc25,53,1,,,,,,died,,arc3-job5-null-control,False,
10,0.0,0.1,Flash-Next (Kaggle),sc25-635fd71a_p0_events.jsonl,sc25,36,1,1,9.0,0.1,0.4,0.9,truncated,2,arc3-job5-null-control,False,0.2
20,0.25,0.25,Flash-Next (Kaggle),sc25-635fd71a_p0_events.jsonl,sc25,36,1,9,15.2,0.2,0.3,0.55,truncated,2,arc3-job5-null-control,False,0.4
0,,,Flash-Next (Kaggle),sc25-635fd71a_p0_events.jsonl,sc25,36,1,,,,,,truncated,,arc3-job5-null-control,False,
10,0.25,0.0,Flash-Next (Kaggle),sc25-635fd71a_p1_events.jsonl,sc25,43,1,2,7.2,0.1,0.4,0.6,died,0,arc3-job5-null-control,False,0.4
20,0.25,0.0,Flash-Next (Kaggle),sc25-635fd71a_p1_events.jsonl,sc25,43,1,2,13.2,0.05,0.2,0.3,died,0,arc3-job5-null-control,False,0.4
40,0.25,0.0,Flash-Next (Kaggle),sc25-635fd71a_p1_events.jsonl,sc25,43,1,2,25.2,0.025,0.1,0.15,died,0,arc3-job5-null-control,False,0.4
0,,,Flash-Next (Kaggle),sc25-635fd71a_p1_events.jsonl,sc25,43,1,,,,,,died,,arc3-job5-null-control,False,
10,0.75,0.0,Flash-Next (Kaggle),sc25-635fd71a_p1_events.jsonl,sc25,47,1,1,4.2,0.3,0.9,1.0,died,2,arc3-job5-null-control,False,0.8
20,0.75,0.0,Flash-Next (Kaggle),sc25-635fd71a_p1_events.jsonl,sc25,47,1,1,6.2,0.15,0.45,0.7,died,2,arc3-job5-null-control,False,0.8
40,0.75,0.0,Flash-Next (Kaggle),sc25-635fd71a_p1_events.jsonl,sc25,47,1,1,10.2,0.075,0.225,0.35,died,2,arc3-job5-null-control,False,0.8
0,,,Flash-Next (Kaggle),sc25-635fd71a_p1_events.jsonl,sc25,47,1,,,,,,died,,arc3-job5-null-control,False,
10,0.0,0.3,Flash-Next (Kaggle),sc25-635fd71a_p1_events.jsonl,sc25,42,1,2,9.0,0.1,0.3,0.4,died,4,arc3-job5-null-control,False,0.2
20,0.0,0.25,Flash-Next (Kaggle),sc25-635fd71a_p1_events.jsonl,sc25,42,1,2,17.0,0.05,0.15,0.2,died,4,arc3-job5-null-control,False,0.2
40,0.0,0.25,Flash-Next (Kaggle),sc25-635fd71a_p1_events.jsonl,sc25,42,1,2,33.0,0.025,0.075,0.1,died,4,arc3-job5-null-control,False,0.2
0,,,Flash-Next (Kaggle),sc25-635fd71a_p1_events.jsonl,sc25,42,1,,,,,,died,,arc3-job5-null-control,False,
10,0.0,0.3,Flash-Next (Kaggle),sc25-635fd71a_p1_events.jsonl,sc25,42,1,2,9.0,0.1,0.3,0.4,died,6,arc3-job5-null-control,False,0.2
20,0.0,0.25,Flash-Next (Kaggle),sc25-635fd71a_p1_events.jsonl,sc25,42,1,2,17.0,0.05,0.15,0.2,died,6,arc3-job5-null-control,False,0.2
40,0.0,0.25,Flash-Next (Kaggle),sc25-635fd71a_p1_events.jsonl,sc25,42,1,2,33.0,0.025,0.075,0.1,died,6,arc3-job5-null-control,False,0.2
0,,,Flash-Next (Kaggle),sc25-635fd71a_p1_events.jsonl,sc25,42,1,,,,,,died,,arc3-job5-null-control,False,
10,0.0,0.5,Flash-Next (Kaggle),sc25-635fd71a_p1_events.jsonl,sc25,45,1,4,9.0,0.1,0.3,0.5,died,8,arc3-job5-null-control,False,0.2
20,1.0,0.45,Flash-Next (Kaggle),sc25-635fd71a_p1_events.jsonl,sc25,45,1,7,12.6,0.05,0.4,0.45,died,8,arc3-job5-null-control,False,1.0
40,1.0,0.35,Flash-Next (Kaggle),sc25-635fd71a_p1_events.jsonl,sc25,45,1,7,12.6,0.025,0.2,0.225,died,8,arc3-job5-null-control,False,1.0
0,,,Flash-Next (Kaggle),sc25-635fd71a_p1_events.jsonl,sc25,45,1,,,,,,died,,arc3-job5-null-control,False,
10,0.0,0.0,Flash-Next (Kaggle),sc25-635fd71a_p1_events.jsonl,sc25,52,1,1,9.0,0.1,0.4,0.9,died,10,arc3-job5-null-control,False,0.2
20,0.0,0.0,Flash-Next (Kaggle),sc25-635fd71a_p1_events.jsonl,sc25,52,1,1,17.0,0.05,0.2,0.45,died,10,arc3-job5-null-control,False,0.2
40,0.0,0.0,Flash-Next (Kaggle),sc25-635fd71a_p1_events.jsonl,sc25,52,1,1,33.0,0.025,0.1,0.225,died,10,arc3-job5-null-control,False,0.2
0,,,Flash-Next (Kaggle),sc25-635fd71a_p1_events.jsonl,sc25,52,1,,,,,,died,,arc3-job5-null-control,False,
10,0.0,0.2,Flash-Next (Kaggle),sc25-635fd71a_p1_events.jsonl,sc25,42,1,1,9.0,0.1,0.3,0.4,died,12,arc3-job5-null-control,False,0.2
20,0.0,0.2,Flash-Next (Kaggle),sc25-635fd71a_p1_events.jsonl,sc25,42,1,1,17.0,0.05,0.15,0.2,died,12,arc3-job5-null-control,False,0.2
40,0.0,0.225,Flash-Next (Kaggle),sc25-635fd71a_p1_events.jsonl,sc25,42,1,1,33.0,0.025,0.075,0.1,died,12,arc3-job5-null-control,False,0.2
0,,,Flash-Next (Kaggle),sc25-635fd71a_p1_events.jsonl,sc25,42,1,,,,,,died,,arc3-job5-null-control,False,
10,0.0,0.0,Flash-Next (Kaggle),sc25-635fd71a_p1_events.jsonl,sc25,23,1,3,9.0,0.1,0.3,0.7,truncated,14,arc3-job5-null-control,False,0.2
20,0.0,0.05,Flash-Next (Kaggle),sc25-635fd71a_p1_events.jsonl,sc25,23,1,3,17.0,0.05,0.2,0.45,truncated,14,arc3-job5-null-control,False,0.2
0,,,Flash-Next (Kaggle),sc25-635fd71a_p1_events.jsonl,sc25,23,1,,,,,,truncated,,arc3-job5-null-control,False,
10,1.0,0.1,Flash-Next (Kaggle),sc25-635fd71a_p2_events.jsonl,sc25,28,1,1,3.0,0.1,0.5,0.6,solved,0,arc3-job5-null-control,True,1.0
20,1.0,0.05,Flash-Next (Kaggle),sc25-635fd71a_p2_events.jsonl,sc25,28,1,1,3.0,0.25,0.55,0.7,solved,0,arc3-job5-null-control,True,1.0
0,,,Flash-Next (Kaggle),sc25-635fd71a_p2_events.jsonl,sc25,28,1,,,,,,solved,,arc3-job5-null-control,True,
10,0.25,0.0,Flash-Next (Kaggle),sc25-635fd71a_p2_events.jsonl,sc25,17,2,10,9.0,0.0,0.1,0.1,solved,0,arc3-job5-null-control,True,0.2
0,,,Flash-Next (Kaggle),sc25-635fd71a_p2_events.jsonl,sc25,17,2,,,,,,solved,,arc3-job5-null-control,True,
10,0.5,0.0,Flash-Next (Kaggle),sc25-635fd71a_p2_events.jsonl,sc25,40,3,5,7.2,0.1,0.5,0.5,truncated,0,arc3-job5-null-control,False,0.6
20,0.75,0.25,Flash-Next (Kaggle),sc25-635fd71a_p2_events.jsonl,sc25,40,3,5,10.2,0.15,0.5,0.3,truncated,0,arc3-job5-null-control,False,0.8
40,1.0,0.475,Flash-Next (Kaggle),sc25-635fd71a_p2_events.jsonl,sc25,40,3,6,12.2,0.125,0.35,0.2,truncated,0,arc3-job5-null-control,False,1.0
0,,,Flash-Next (Kaggle),sc25-635fd71a_p2_events.jsonl,sc25,40,3,,,,,,truncated,,arc3-job5-null-control,False,
10,0.25,0.0,Flash-Next (Kaggle),sc25-635fd71a_p3_events.jsonl,sc25,54,1,1,7.2,0.1,0.4,0.8,died,0,arc3-job5-null-control,False,0.4
20,0.25,0.0,Flash-Next (Kaggle),sc25-635fd71a_p3_events.jsonl,sc25,54,1,1,13.2,0.25,0.45,0.7,died,0,arc3-job5-null-control,False,0.4
40,1.0,0.125,Flash-Next (Kaggle),sc25-635fd71a_p3_events.jsonl,sc25,54,1,6,14.4,0.175,0.3,0.425,died,0,arc3-job5-null-control,False,1.0
0,,,Flash-Next (Kaggle),sc25-635fd71a_p3_events.jsonl,sc25,54,1,,,,,,died,,arc3-job5-null-control,False,
0,,,Flash-Next (Kaggle),sc25-635fd71a_p3_events.jsonl,sc25,9,1,,,,,,truncated,,arc3-job5-null-control,False,
10,0.3333333333333333,0.0,Flash-Next (Kaggle),bp35-0a0ad940_p0_events.jsonl,bp35,48,1,1,6.25,0.0,0.9,0.9,died,0,arc3-job6-glyph-consonants,False,0.5
20,0.6666666666666666,0.0,Flash-Next (Kaggle),bp35-0a0ad940_p0_events.jsonl,bp35,48,1,7,9.0,0.0,0.6,0.55,died,0,arc3-job6-glyph-consonants,False,0.75
40,0.6666666666666666,0.0,Flash-Next (Kaggle),bp35-0a0ad940_p0_events.jsonl,bp35,48,1,7,14.0,0.0,0.45,0.45,died,0,arc3-job6-glyph-consonants,False,0.75
0,,,Flash-Next (Kaggle),bp35-0a0ad940_p0_events.jsonl,bp35,48,1,,,,,,died,,arc3-job6-glyph-consonants,False,
10,0.3333333333333333,0.0,Flash-Next (Kaggle),bp35-0a0ad940_p0_events.jsonl,bp35,46,1,3,7.75,0.0,0.7,0.8,died,2,arc3-job6-glyph-consonants,False,0.5
20,0.3333333333333333,0.0,Flash-Next (Kaggle),bp35-0a0ad940_p0_events.jsonl,bp35,46,1,8,12.75,0.0,0.55,0.55,died,2,arc3-job6-glyph-consonants,False,0.5
40,0.3333333333333333,0.0,Flash-Next (Kaggle),bp35-0a0ad940_p0_events.jsonl,bp35,46,1,16,22.75,0.0,0.35,0.375,died,2,arc3-job6-glyph-consonants,False,0.5
0,,,Flash-Next (Kaggle),bp35-0a0ad940_p0_events.jsonl,bp35,46,1,,,,,,died,,arc3-job6-glyph-consonants,False,
10,0.6666666666666666,0.0,Flash-Next (Kaggle),bp35-0a0ad940_p0_events.jsonl,bp35,48,1,2,7.25,0.0,0.8,0.9,died,4,arc3-job6-glyph-consonants,False,0.75
20,0.6666666666666666,0.0,Flash-Next (Kaggle),bp35-0a0ad940_p0_events.jsonl,bp35,48,1,5,9.75,0.0,0.6,0.65,died,4,arc3-job6-glyph-consonants,False,0.75
40,0.6666666666666666,0.0,Flash-Next (Kaggle),bp35-0a0ad940_p0_events.jsonl,bp35,48,1,14,14.75,0.0,0.35,0.4,died,4,arc3-job6-glyph-consonants,False,0.75
0,,,Flash-Next (Kaggle),bp35-0a0ad940_p0_events.jsonl,bp35,48,1,,,,,,died,,arc3-job6-glyph-consonants,False,
10,0.6666666666666666,0.0,Flash-Next (Kaggle),bp35-0a0ad940_p0_events.jsonl,bp35,46,1,2,7.25,0.0,0.8,0.9,solved,6,arc3-job6-glyph-consonants,True,0.75
20,0.6666666666666666,0.0,Flash-Next (Kaggle),bp35-0a0ad940_p0_events.jsonl,bp35,46,1,5,9.75,0.0,0.6,0.75,solved,6,arc3-job6-glyph-consonants,True,0.75
40,0.6666666666666666,0.0,Flash-Next (Kaggle),bp35-0a0ad940_p0_events.jsonl,bp35,46,1,6,14.75,0.0,0.525,0.475,solved,6,arc3-job6-glyph-consonants,True,0.75
0,,,Flash-Next (Kaggle),bp35-0a0ad940_p0_events.jsonl,bp35,46,1,,,,,,solved,,arc3-job6-glyph-consonants,True,
10,0.6666666666666666,0.0,Flash-Next (Kaggle),bp35-0a0ad940_p1_events.jsonl,bp35,21,1,4,5.75,0.0,0.6,0.5,solved,0,arc3-job6-glyph-consonants,True,0.75
20,0.6666666666666666,0.0,Flash-Next (Kaggle),bp35-0a0ad940_p1_events.jsonl,bp35,21,1,5,8.25,0.0,0.55,0.4,solved,0,arc3-job6-glyph-consonants,True,0.75
0,,,Flash-Next (Kaggle),bp35-0a0ad940_p1_events.jsonl,bp35,21,1,,,,,,solved,,arc3-job6-glyph-consonants,True,
0,,,Flash-Next (Kaggle),bp35-0a0ad940_p1_events.jsonl,bp35,2,2,,,,,,died,,arc3-job6-glyph-consonants,False,
10,0.6666666666666666,0.0,Flash-Next (Kaggle),bp35-0a0ad940_p2_events.jsonl,bp35,10,1,2,5.25,0.0,0.7,0.6,truncated,0,arc3-job6-glyph-consonants,False,0.75
0,,,Flash-Next (Kaggle),bp35-0a0ad940_p2_events.jsonl,bp35,10,1,,,,,,truncated,,arc3-job6-glyph-consonants,False,
10,0.3333333333333333,0.0,Flash-Next (Kaggle),bp35-0a0ad940_p3_events.jsonl,bp35,18,1,2,6.5,0.0,0.8,0.9,truncated,0,arc3-job6-glyph-consonants,False,0.5
0,,,Flash-Next (Kaggle),bp35-0a0ad940_p3_events.jsonl,bp35,18,1,,,,,,truncated,,arc3-job6-glyph-consonants,False,
10,0.4,0.0,Flash-Next (Kaggle),g50t-5849a774_p0_events.jsonl,g50t,60,1,4,7.8,0.0,0.3,0.2,truncated,0,arc3-job6-glyph-consonants,False,0.4
20,1.0,0.2,Flash-Next (Kaggle),g50t-5849a774_p0_events.jsonl,g50t,60,1,5,9.6,0.1,0.35,0.25,truncated,0,arc3-job6-glyph-consonants,False,1.0
40,1.0,0.4,Flash-Next (Kaggle),g50t-5849a774_p0_events.jsonl,g50t,60,1,7,9.6,0.1,0.25,0.125,truncated,0,arc3-job6-glyph-consonants,False,1.0
0,,,Flash-Next (Kaggle),g50t-5849a774_p0_events.jsonl,g50t,60,1,,,,,,truncated,,arc3-job6-glyph-consonants,False,
10,0.6,0.0,Flash-Next (Kaggle),g50t-5849a774_p1_events.jsonl,g50t,72,1,3,6.0,0.0,0.4,0.3,truncated,0,arc3-job6-glyph-consonants,False,0.6
20,0.8,0.3,Flash-Next (Kaggle),g50t-5849a774_p1_events.jsonl,g50t,72,1,5,9.4,0.2,0.35,0.2,truncated,0,arc3-job6-glyph-consonants,False,0.8
40,0.8,0.5,Flash-Next (Kaggle),g50t-5849a774_p1_events.jsonl,g50t,72,1,5,13.4,0.125,0.225,0.1,truncated,0,arc3-job6-glyph-consonants,False,0.8
0,,,Flash-Next (Kaggle),g50t-5849a774_p1_events.jsonl,g50t,72,1,,,,,,truncated,,arc3-job6-glyph-consonants,False,
10,0.8,0.2,Flash-Next (Kaggle),g50t-5849a774_p2_events.jsonl,g50t,130,1,3,5.8,0.2,0.6,0.4,died,0,arc3-job6-glyph-consonants,False,0.8
20,0.8,0.5,Flash-Next (Kaggle),g50t-5849a774_p2_events.jsonl,g50t,130,1,5,7.8,0.25,0.4,0.2,died,0,arc3-job6-glyph-consonants,False,0.8
40,1.0,0.65,Flash-Next (Kaggle),g50t-5849a774_p2_events.jsonl,g50t,130,1,6,8.0,0.25,0.225,0.125,died,0,arc3-job6-glyph-consonants,False,1.0
0,,,Flash-Next (Kaggle),g50t-5849a774_p2_events.jsonl,g50t,130,1,,,,,,died,,arc3-job6-glyph-consonants,False,
10,0.8,0.5,Flash-Next (Kaggle),g50t-5849a774_p2_events.jsonl,g50t,130,1,6,4.6,0.4,0.4,0.4,died,2,arc3-job6-glyph-consonants,False,0.8
20,0.8,0.7,Flash-Next (Kaggle),g50t-5849a774_p2_events.jsonl,g50t,130,1,14,6.6,0.4,0.2,0.2,died,2,arc3-job6-glyph-consonants,False,0.8
40,1.0,0.65,Flash-Next (Kaggle),g50t-5849a774_p2_events.jsonl,g50t,130,1,14,8.2,0.325,0.125,0.125,died,2,arc3-job6-glyph-consonants,False,1.0
0,,,Flash-Next (Kaggle),g50t-5849a774_p2_events.jsonl,g50t,130,1,,,,,,died,,arc3-job6-glyph-consonants,False,
10,0.8,0.0,Flash-Next (Kaggle),g50t-5849a774_p2_events.jsonl,g50t,35,1,3,5.4,0.1,0.6,0.4,truncated,4,arc3-job6-glyph-consonants,False,0.8
20,0.8,0.35,Flash-Next (Kaggle),g50t-5849a774_p2_events.jsonl,g50t,35,1,10,7.4,0.2,0.3,0.2,truncated,4,arc3-job6-glyph-consonants,False,0.8
0,,,Flash-Next (Kaggle),g50t-5849a774_p2_events.jsonl,g50t,35,1,,,,,,truncated,,arc3-job6-glyph-consonants,False,
10,0.8,0.0,Flash-Next (Kaggle),g50t-5849a774_p3_events.jsonl,g50t,13,1,4,4.8,0.0,0.4,0.4,truncated,0,arc3-job6-glyph-consonants,False,0.8
0,,,Flash-Next (Kaggle),g50t-5849a774_p3_events.jsonl,g50t,13,1,,,,,,truncated,,arc3-job6-glyph-consonants,False,
10,0.8,0.0,Flash-Next (Kaggle),lf52-271a04aa_p0_events.jsonl,lf52,24,1,4,4.666666666666667,0.0,0.7,0.7,solved,0,arc3-job6-glyph-consonants,True,0.8333333333333334
20,0.8,0.0,Flash-Next (Kaggle),lf52-271a04aa_p0_events.jsonl,lf52,24,1,4,6.333333333333333,0.0,0.55,0.65,solved,0,arc3-job6-glyph-consonants,True,0.8333333333333334
0,,,Flash-Next (Kaggle),lf52-271a04aa_p0_events.jsonl,lf52,24,1,,,,,,solved,,arc3-job6-glyph-consonants,True,
10,0.2,0.0,Flash-Next (Kaggle),lf52-271a04aa_p0_events.jsonl,lf52,79,2,1,9.0,0.0,0.7,0.9,truncated,0,arc3-job6-glyph-consonants,False,0.3333333333333333
20,0.8,0.0,Flash-Next (Kaggle),lf52-271a04aa_p0_events.jsonl,lf52,79,2,2,13.5,0.0,0.7,0.7,truncated,0,arc3-job6-glyph-consonants,False,0.8333333333333334
40,0.8,0.0,Flash-Next (Kaggle),lf52-271a04aa_p0_events.jsonl,lf52,79,2,7,16.833333333333332,0.0,0.475,0.35,truncated,0,arc3-job6-glyph-consonants,False,0.8333333333333334
0,,,Flash-Next (Kaggle),lf52-271a04aa_p0_events.jsonl,lf52,79,2,,,,,,truncated,,arc3-job6-glyph-consonants,False,
10,0.2,0.0,Flash-Next (Kaggle),lf52-271a04aa_p1_events.jsonl,lf52,20,1,3,7.833333333333333,0.0,0.4,0.5,solved,0,arc3-job6-glyph-consonants,True,0.3333333333333333
20,0.2,0.0,Flash-Next (Kaggle),lf52-271a04aa_p1_events.jsonl,lf52,20,1,3,14.5,0.0,0.35,0.55,solved,0,arc3-job6-glyph-consonants,True,0.3333333333333333
0,,,Flash-Next (Kaggle),lf52-271a04aa_p1_events.jsonl,lf52,20,1,,,,,,solved,,arc3-job6-glyph-consonants,True,
10,0.0,0.0,Flash-Next (Kaggle),lf52-271a04aa_p1_events.jsonl,lf52,118,2,1,9.333333333333334,0.0,0.7,1.0,truncated,0,arc3-job6-glyph-consonants,False,0.16666666666666666
20,0.8,0.0,Flash-Next (Kaggle),lf52-271a04aa_p1_events.jsonl,lf52,118,2,2,12.5,0.0,0.65,0.7,truncated,0,arc3-job6-glyph-consonants,False,0.8333333333333334
40,0.8,0.0,Flash-Next (Kaggle),lf52-271a04aa_p1_events.jsonl,lf52,118,2,3,15.833333333333334,0.0,0.425,0.35,truncated,0,arc3-job6-glyph-consonants,False,0.8333333333333334
0,,,Flash-Next (Kaggle),lf52-271a04aa_p1_events.jsonl,lf52,118,2,,,,,,truncated,,arc3-job6-glyph-consonants,False,
10,0.2,0.0,Flash-Next (Kaggle),lf52-271a04aa_p2_events.jsonl,lf52,28,1,2,7.833333333333333,0.0,0.6,0.6,solved,0,arc3-job6-glyph-consonants,True,0.3333333333333333
20,0.6,0.0,Flash-Next (Kaggle),lf52-271a04aa_p2_events.jsonl,lf52,28,1,2,14.0,0.0,0.5,0.55,solved,0,arc3-job6-glyph-consonants,True,0.6666666666666666
0,,,Flash-Next (Kaggle),lf52-271a04aa_p2_events.jsonl,lf52,28,1,,,,,,solved,,arc3-job6-glyph-consonants,True,
10,0.8,0.0,Flash-Next (Kaggle),lf52-271a04aa_p2_events.jsonl,lf52,52,2,3,4.333333333333333,0.0,0.8,0.5,truncated,0,arc3-job6-glyph-consonants,False,0.8333333333333334
20,0.8,0.0,Flash-Next (Kaggle),lf52-271a04aa_p2_events.jsonl,lf52,52,2,5,6.0,0.0,0.7,0.25,truncated,0,arc3-job6-glyph-consonants,False,0.8333333333333334
40,0.8,0.0,Flash-Next (Kaggle),lf52-271a04aa_p2_events.jsonl,lf52,52,2,8,9.333333333333334,0.0,0.475,0.125,truncated,0,arc3-job6-glyph-consonants,False,0.8333333333333334
0,,,Flash-Next (Kaggle),lf52-271a04aa_p2_events.jsonl,lf52,52,2,,,,,,truncated,,arc3-job6-glyph-consonants,False,
10,0.8,0.0,Flash-Next (Kaggle),lf52-271a04aa_p3_events.jsonl,lf52,21,1,1,5.666666666666667,0.0,1.0,1.0,solved,0,arc3-job6-glyph-consonants,True,0.8333333333333334
20,0.8,0.0,Flash-Next (Kaggle),lf52-271a04aa_p3_events.jsonl,lf52,21,1,2,7.333333333333333,0.0,0.55,0.8,solved,0,arc3-job6-glyph-consonants,True,0.8333333333333334
0,,,Flash-Next (Kaggle),lf52-271a04aa_p3_events.jsonl,lf52,21,1,,,,,,solved,,arc3-job6-glyph-consonants,True,
10,0.0,0.0,Flash-Next (Kaggle),lf52-271a04aa_p3_events.jsonl,lf52,22,2,1,9.333333333333334,0.0,0.6,0.6,truncated,0,arc3-job6-glyph-consonants,False,0.16666666666666666
20,0.0,0.0,Flash-Next (Kaggle),lf52-271a04aa_p3_events.jsonl,lf52,22,2,1,17.666666666666668,0.0,0.4,0.55,truncated,0,arc3-job6-glyph-consonants,False,0.16666666666666666
0,,,Flash-Next (Kaggle),lf52-271a04aa_p3_events.jsonl,lf52,22,2,,,,,,truncated,,arc3-job6-glyph-consonants,False,
10,1.0,0.0,Flash-Next (Kaggle),ls20-9607627b_p0_events.jsonl,ls20,86,1,4,4.5,0.0,0.4,0.4,solved,0,arc3-job6-glyph-consonants,True,1.0
20,1.0,0.0,Flash-Next (Kaggle),ls20-9607627b_p0_events.jsonl,ls20,86,1,4,4.5,0.05,0.2,0.2,solved,0,arc3-job6-glyph-consonants,True,1.0
40,1.0,0.2,Flash-Next (Kaggle),ls20-9607627b_p0_events.jsonl,ls20,86,1,4,4.5,0.075,0.2,0.1,solved,0,arc3-job6-glyph-consonants,True,1.0
0,,,Flash-Next (Kaggle),ls20-9607627b_p0_events.jsonl,ls20,86,1,,,,,,solved,,arc3-job6-glyph-consonants,True,
10,0.75,0.0,Flash-Next (Kaggle),ls20-9607627b_p0_events.jsonl,ls20,92,2,5,5.5,0.0,0.4,0.3,truncated,0,arc3-job6-glyph-consonants,False,0.75
20,1.0,0.0,Flash-Next (Kaggle),ls20-9607627b_p0_events.jsonl,ls20,92,2,6,5.5,0.0,0.25,0.2,truncated,0,arc3-job6-glyph-consonants,False,1.0
40,1.0,0.0,Flash-Next (Kaggle),ls20-9607627b_p0_events.jsonl,ls20,92,2,7,5.5,0.0,0.175,0.1,truncated,0,arc3-job6-glyph-consonants,False,1.0
0,,,Flash-Next (Kaggle),ls20-9607627b_p0_events.jsonl,ls20,92,2,,,,,,truncated,,arc3-job6-glyph-consonants,False,
10,0.75,0.0,Flash-Next (Kaggle),ls20-9607627b_p1_events.jsonl,ls20,21,1,6,5.75,0.1,0.3,0.3,solved,0,arc3-job6-glyph-consonants,True,0.75
20,1.0,0.15,Flash-Next (Kaggle),ls20-9607627b_p1_events.jsonl,ls20,21,1,6,7.0,0.05,0.25,0.2,solved,0,arc3-job6-glyph-consonants,True,1.0
0,,,Flash-Next (Kaggle),ls20-9607627b_p1_events.jsonl,ls20,21,1,,,,,,solved,,arc3-job6-glyph-consonants,True,
10,0.75,0.0,Flash-Next (Kaggle),ls20-9607627b_p1_events.jsonl,ls20,88,2,5,5.5,0.0,0.4,0.3,died,0,arc3-job6-glyph-consonants,False,0.75
20,1.0,0.0,Flash-Next (Kaggle),ls20-9607627b_p1_events.jsonl,ls20,88,2,5,5.5,0.05,0.25,0.2,died,0,arc3-job6-glyph-consonants,False,1.0
40,1.0,0.175,Flash-Next (Kaggle),ls20-9607627b_p1_events.jsonl,ls20,88,2,6,5.5,0.025,0.175,0.1,died,0,arc3-job6-glyph-consonants,False,1.0
0,,,Flash-Next (Kaggle),ls20-9607627b_p1_events.jsonl,ls20,88,2,,,,,,died,,arc3-job6-glyph-consonants,False,
0,,,Flash-Next (Kaggle),ls20-9607627b_p1_events.jsonl,ls20,6,2,,,,,,truncated,,arc3-job6-glyph-consonants,False,
10,1.0,0.0,Flash-Next (Kaggle),ls20-9607627b_p2_events.jsonl,ls20,21,1,4,4.5,0.0,0.4,0.4,solved,0,arc3-job6-glyph-consonants,True,1.0
20,1.0,0.0,Flash-Next (Kaggle),ls20-9607627b_p2_events.jsonl,ls20,21,1,4,4.5,0.0,0.3,0.2,solved,0,arc3-job6-glyph-consonants,True,1.0
0,,,Flash-Next (Kaggle),ls20-9607627b_p2_events.jsonl,ls20,21,1,,,,,,solved,,arc3-job6-glyph-consonants,True,
10,0.75,0.0,Flash-Next (Kaggle),ls20-9607627b_p2_events.jsonl,ls20,44,2,5,5.5,0.0,0.4,0.3,truncated,0,arc3-job6-glyph-consonants,False,0.75
20,1.0,0.05,Flash-Next (Kaggle),ls20-9607627b_p2_events.jsonl,ls20,44,2,5,5.5,0.1,0.25,0.2,truncated,0,arc3-job6-glyph-consonants,False,1.0
40,1.0,0.225,Flash-Next (Kaggle),ls20-9607627b_p2_events.jsonl,ls20,44,2,7,5.5,0.05,0.15,0.1,truncated,0,arc3-job6-glyph-consonants,False,1.0
0,,,Flash-Next (Kaggle),ls20-9607627b_p2_events.jsonl,ls20,44,2,,,,,,truncated,,arc3-job6-glyph-consonants,False,
10,1.0,0.0,Flash-Next (Kaggle),ls20-9607627b_p3_events.jsonl,ls20,23,1,4,3.25,0.1,0.4,0.4,solved,0,arc3-job6-glyph-consonants,True,1.0
20,1.0,0.05,Flash-Next (Kaggle),ls20-9607627b_p3_events.jsonl,ls20,23,1,4,3.25,0.05,0.3,0.2,solved,0,arc3-job6-glyph-consonants,True,1.0
0,,,Flash-Next (Kaggle),ls20-9607627b_p3_events.jsonl,ls20,23,1,,,,,,solved,,arc3-job6-glyph-consonants,True,
10,0.75,0.0,Flash-Next (Kaggle),ls20-9607627b_p3_events.jsonl,ls20,43,2,5,6.0,0.0,0.4,0.3,truncated,0,arc3-job6-glyph-consonants,False,0.75
20,0.75,0.0,Flash-Next (Kaggle),ls20-9607627b_p3_events.jsonl,ls20,43,2,6,8.5,0.0,0.3,0.15,truncated,0,arc3-job6-glyph-consonants,False,0.75
40,0.75,0.0,Flash-Next (Kaggle),ls20-9607627b_p3_events.jsonl,ls20,43,2,6,13.5,0.0,0.175,0.075,truncated,0,arc3-job6-glyph-consonants,False,0.75
0,,,Flash-Next (Kaggle),ls20-9607627b_p3_events.jsonl,ls20,43,2,,,,,,truncated,,arc3-job6-glyph-consonants,False,
10,0.6,0.0,Flash-Next (Kaggle),sk48-d8078629_p0_events.jsonl,sk48,88,1,4,7.166666666666667,0.1,0.3,0.3,truncated,0,arc3-job6-glyph-consonants,False,0.5
20,0.6,0.35,Flash-Next (Kaggle),sk48-d8078629_p0_events.jsonl,sk48,88,1,6,12.166666666666666,0.1,0.15,0.15,truncated,0,arc3-job6-glyph-consonants,False,0.5
40,0.8,0.6,Flash-Next (Kaggle),sk48-d8078629_p0_events.jsonl,sk48,88,1,6,21.166666666666668,0.05,0.1,0.1,truncated,0,arc3-job6-glyph-consonants,False,0.6666666666666666
0,,,Flash-Next (Kaggle),sk48-d8078629_p0_events.jsonl,sk48,88,1,,,,,,truncated,,arc3-job6-glyph-consonants,False,
10,0.6,0.1,Flash-Next (Kaggle),sk48-d8078629_p1_events.jsonl,sk48,169,1,4,6.5,0.1,0.3,0.3,truncated,0,arc3-job6-glyph-consonants,False,0.5
20,0.8,0.2,Flash-Next (Kaggle),sk48-d8078629_p1_events.jsonl,sk48,169,1,7,10.5,0.25,0.2,0.2,truncated,0,arc3-job6-glyph-consonants,False,0.6666666666666666
40,0.8,0.6,Flash-Next (Kaggle),sk48-d8078629_p1_events.jsonl,sk48,169,1,7,17.166666666666668,0.175,0.1,0.1,truncated,0,arc3-job6-glyph-consonants,False,0.6666666666666666
0,,,Flash-Next (Kaggle),sk48-d8078629_p1_events.jsonl,sk48,169,1,,,,,,truncated,,arc3-job6-glyph-consonants,False,
10,0.6,0.0,Flash-Next (Kaggle),sk48-d8078629_p2_events.jsonl,sk48,66,1,4,7.333333333333333,0.0,0.3,0.3,truncated,0,arc3-job6-glyph-consonants,False,0.5
20,0.6,0.0,Flash-Next (Kaggle),sk48-d8078629_p2_events.jsonl,sk48,66,1,5,11.166666666666666,0.05,0.2,0.2,truncated,0,arc3-job6-glyph-consonants,False,0.6666666666666666
40,0.8,0.0,Flash-Next (Kaggle),sk48-d8078629_p2_events.jsonl,sk48,66,1,5,15.333333333333334,0.025,0.125,0.125,truncated,0,arc3-job6-glyph-consonants,False,0.8333333333333334
0,,,Flash-Next (Kaggle),sk48-d8078629_p2_events.jsonl,sk48,66,1,,,,,,truncated,,arc3-job6-glyph-consonants,False,
10,0.8,0.0,Flash-Next (Kaggle),sk48-d8078629_p3_events.jsonl,sk48,45,1,3,5.5,0.1,0.4,0.4,truncated,0,arc3-job6-glyph-consonants,False,0.6666666666666666
20,0.8,0.15,Flash-Next (Kaggle),sk48-d8078629_p3_events.jsonl,sk48,45,1,4,8.833333333333334,0.1,0.2,0.2,truncated,0,arc3-job6-glyph-consonants,False,0.6666666666666666
40,0.8,0.425,Flash-Next (Kaggle),sk48-d8078629_p3_events.jsonl,sk48,45,1,6,15.5,0.075,0.1,0.1,truncated,0,arc3-job6-glyph-consonants,False,0.6666666666666666
0,,,Flash-Next (Kaggle),sk48-d8078629_p3_events.jsonl,sk48,45,1,,,,,,truncated,,arc3-job6-glyph-consonants,False,
10,,0.0,Flash-Next (Kaggle),tn36-ef4dde99_p0_events.jsonl,tn36,61,1,4,,0.0,0.7,0.5,died,0,arc3-job6-glyph-consonants,False,
20,,0.0,Flash-Next (Kaggle),tn36-ef4dde99_p0_events.jsonl,tn36,61,1,4,,0.0,0.4,0.5,died,0,arc3-job6-glyph-consonants,False,
40,,0.0,Flash-Next (Kaggle),tn36-ef4dde99_p0_events.jsonl,tn36,61,1,4,,0.0,0.275,0.475,died,0,arc3-job6-glyph-consonants,False,
0,,,Flash-Next (Kaggle),tn36-ef4dde99_p0_events.jsonl,tn36,61,1,,,,,,died,,arc3-job6-glyph-consonants,False,
10,,0.0,Flash-Next (Kaggle),tn36-ef4dde99_p0_events.jsonl,tn36,61,1,1,,0.0,0.4,0.8,died,2,arc3-job6-glyph-consonants,False,
20,,0.0,Flash-Next (Kaggle),tn36-ef4dde99_p0_events.jsonl,tn36,61,1,1,,0.0,0.2,0.5,died,2,arc3-job6-glyph-consonants,False,
40,,0.0,Flash-Next (Kaggle),tn36-ef4dde99_p0_events.jsonl,tn36,61,1,1,,0.0,0.1,0.25,died,2,arc3-job6-glyph-consonants,False,
0,,,Flash-Next (Kaggle),tn36-ef4dde99_p0_events.jsonl,tn36,61,1,,,,,,died,,arc3-job6-glyph-consonants,False,
10,,0.0,Flash-Next (Kaggle),tn36-ef4dde99_p0_events.jsonl,tn36,61,1,1,,0.0,0.3,0.8,died,4,arc3-job6-glyph-consonants,False,
20,,0.0,Flash-Next (Kaggle),tn36-ef4dde99_p0_events.jsonl,tn36,61,1,1,,0.0,0.2,0.5,died,4,arc3-job6-glyph-consonants,False,
40,,0.0,Flash-Next (Kaggle),tn36-ef4dde99_p0_events.jsonl,tn36,61,1,1,,0.0,0.1,0.25,died,4,arc3-job6-glyph-consonants,False,
0,,,Flash-Next (Kaggle),tn36-ef4dde99_p0_events.jsonl,tn36,61,1,,,,,,died,,arc3-job6-glyph-consonants,False,
10,,0.0,Flash-Next (Kaggle),tn36-ef4dde99_p0_events.jsonl,tn36,61,1,1,,0.0,0.4,0.7,died,6,arc3-job6-glyph-consonants,False,
20,,0.0,Flash-Next (Kaggle),tn36-ef4dde99_p0_events.jsonl,tn36,61,1,1,,0.0,0.2,0.5,died,6,arc3-job6-glyph-consonants,False,
40,,0.0,Flash-Next (Kaggle),tn36-ef4dde99_p0_events.jsonl,tn36,61,1,1,,0.0,0.1,0.25,died,6,arc3-job6-glyph-consonants,False,
0,,,Flash-Next (Kaggle),tn36-ef4dde99_p0_events.jsonl,tn36,61,1,,,,,,died,,arc3-job6-glyph-consonants,False,
10,,0.0,Flash-Next (Kaggle),tn36-ef4dde99_p0_events.jsonl,tn36,36,1,1,,0.0,0.2,0.5,truncated,8,arc3-job6-glyph-consonants,False,
20,,0.0,Flash-Next (Kaggle),tn36-ef4dde99_p0_events.jsonl,tn36,36,1,1,,0.0,0.2,0.35,truncated,8,arc3-job6-glyph-consonants,False,
0,,,Flash-Next (Kaggle),tn36-ef4dde99_p0_events.jsonl,tn36,36,1,,,,,,truncated,,arc3-job6-glyph-consonants,False,
10,,0.0,Flash-Next (Kaggle),tn36-ef4dde99_p1_events.jsonl,tn36,35,1,1,,0.0,0.8,1.0,solved,0,arc3-job6-glyph-consonants,True,
20,,0.0,Flash-Next (Kaggle),tn36-ef4dde99_p1_events.jsonl,tn36,35,1,4,,0.0,0.55,0.65,solved,0,arc3-job6-glyph-consonants,True,
0,,,Flash-Next (Kaggle),tn36-ef4dde99_p1_events.jsonl,tn36,35,1,,,,,,solved,,arc3-job6-glyph-consonants,True,
10,,0.0,Flash-Next (Kaggle),tn36-ef4dde99_p1_events.jsonl,tn36,35,2,2,,0.0,0.8,0.8,truncated,0,arc3-job6-glyph-consonants,False,
20,,0.0,Flash-Next (Kaggle),tn36-ef4dde99_p1_events.jsonl,tn36,35,2,2,,0.0,0.55,0.55,truncated,0,arc3-job6-glyph-consonants,False,
0,,,Flash-Next (Kaggle),tn36-ef4dde99_p1_events.jsonl,tn36,35,2,,,,,,truncated,,arc3-job6-glyph-consonants,False,
10,,0.0,Flash-Next (Kaggle),tn36-ef4dde99_p2_events.jsonl,tn36,61,1,2,,0.0,0.7,0.7,died,0,arc3-job6-glyph-consonants,False,
20,,0.0,Flash-Next (Kaggle),tn36-ef4dde99_p2_events.jsonl,tn36,61,1,4,,0.0,0.4,0.55,died,0,arc3-job6-glyph-consonants,False,
40,,0.0,Flash-Next (Kaggle),tn36-ef4dde99_p2_events.jsonl,tn36,61,1,4,,0.0,0.35,0.45,died,0,arc3-job6-glyph-consonants,False,
0,,,Flash-Next (Kaggle),tn36-ef4dde99_p2_events.jsonl,tn36,61,1,,,,,,died,,arc3-job6-glyph-consonants,False,
10,,0.0,Flash-Next (Kaggle),tn36-ef4dde99_p2_events.jsonl,tn36,61,1,1,,0.0,0.4,0.5,died,2,arc3-job6-glyph-consonants,False,
20,,0.0,Flash-Next (Kaggle),tn36-ef4dde99_p2_events.jsonl,tn36,61,1,1,,0.0,0.2,0.25,died,2,arc3-job6-glyph-consonants,False,
40,,0.0,Flash-Next (Kaggle),tn36-ef4dde99_p2_events.jsonl,tn36,61,1,1,,0.0,0.125,0.25,died,2,arc3-job6-glyph-consonants,False,
0,,,Flash-Next (Kaggle),tn36-ef4dde99_p2_events.jsonl,tn36,61,1,,,,,,died,,arc3-job6-glyph-consonants,False,
10,,0.0,Flash-Next (Kaggle),tn36-ef4dde99_p2_events.jsonl,tn36,16,1,1,,0.0,0.7,0.6,truncated,4,arc3-job6-glyph-consonants,False,
0,,,Flash-Next (Kaggle),tn36-ef4dde99_p2_events.jsonl,tn36,16,1,,,,,,truncated,,arc3-job6-glyph-consonants,False,
10,,0.0,Flash-Next (Kaggle),tn36-ef4dde99_p3_events.jsonl,tn36,32,1,1,,0.0,0.9,1.0,truncated,0,arc3-job6-glyph-consonants,False,
20,,0.0,Flash-Next (Kaggle),tn36-ef4dde99_p3_events.jsonl,tn36,32,1,2,,0.0,0.7,0.8,truncated,0,arc3-job6-glyph-consonants,False,
0,,,Flash-Next (Kaggle),tn36-ef4dde99_p3_events.jsonl,tn36,32,1,,,,,,truncated,,arc3-job6-glyph-consonants,False,
10,0.6,0.4,Flash-Next (Kaggle),wa30-ee6fef47_p0_events.jsonl,wa30,84,1,6,7.8,0.3,0.3,0.3,solved,0,arc3-job6-glyph-consonants,True,0.6
20,1.0,0.4,Flash-Next (Kaggle),wa30-ee6fef47_p0_events.jsonl,wa30,84,1,6,9.6,0.15,0.25,0.25,solved,0,arc3-job6-glyph-consonants,True,1.0
40,1.0,0.25,Flash-Next (Kaggle),wa30-ee6fef47_p0_events.jsonl,wa30,84,1,6,9.6,0.1,0.125,0.125,solved,0,arc3-job6-glyph-consonants,True,1.0
0,,,Flash-Next (Kaggle),wa30-ee6fef47_p0_events.jsonl,wa30,84,1,,,,,,solved,,arc3-job6-glyph-consonants,True,
10,0.4,0.0,Flash-Next (Kaggle),wa30-ee6fef47_p0_events.jsonl,wa30,70,2,6,8.2,0.0,0.4,0.2,died,0,arc3-job6-glyph-consonants,False,0.4
20,0.8,0.0,Flash-Next (Kaggle),wa30-ee6fef47_p0_events.jsonl,wa30,70,2,6,10.4,0.0,0.45,0.2,died,0,arc3-job6-glyph-consonants,False,0.8
40,0.8,0.0,Flash-Next (Kaggle),wa30-ee6fef47_p0_events.jsonl,wa30,70,2,26,14.4,0.0,0.275,0.1,died,0,arc3-job6-glyph-consonants,False,0.8
0,,,Flash-Next (Kaggle),wa30-ee6fef47_p0_events.jsonl,wa30,70,2,,,,,,died,,arc3-job6-glyph-consonants,False,
10,0.6,0.0,Flash-Next (Kaggle),wa30-ee6fef47_p1_events.jsonl,wa30,45,1,4,7.0,0.0,0.3,0.3,solved,0,arc3-job6-glyph-consonants,True,0.6
20,1.0,0.0,Flash-Next (Kaggle),wa30-ee6fef47_p1_events.jsonl,wa30,45,1,4,7.6,0.0,0.4,0.25,solved,0,arc3-job6-glyph-consonants,True,1.0
40,1.0,0.0,Flash-Next (Kaggle),wa30-ee6fef47_p1_events.jsonl,wa30,45,1,4,7.6,0.0,0.325,0.125,solved,0,arc3-job6-glyph-consonants,True,1.0
0,,,Flash-Next (Kaggle),wa30-ee6fef47_p1_events.jsonl,wa30,45,1,,,,,,solved,,arc3-job6-glyph-consonants,True,
10,0.4,0.0,Flash-Next (Kaggle),wa30-ee6fef47_p1_events.jsonl,wa30,42,2,6,7.8,0.0,0.3,0.2,truncated,0,arc3-job6-glyph-consonants,False,0.4
20,1.0,0.0,Flash-Next (Kaggle),wa30-ee6fef47_p1_events.jsonl,wa30,42,2,7,9.0,0.0,0.3,0.25,truncated,0,arc3-job6-glyph-consonants,False,1.0
40,1.0,0.0,Flash-Next (Kaggle),wa30-ee6fef47_p1_events.jsonl,wa30,42,2,17,9.0,0.0,0.25,0.125,truncated,0,arc3-job6-glyph-consonants,False,1.0
0,,,Flash-Next (Kaggle),wa30-ee6fef47_p1_events.jsonl,wa30,42,2,,,,,,truncated,,arc3-job6-glyph-consonants,False,
10,0.8,0.4,Flash-Next (Kaggle),wa30-ee6fef47_p2_events.jsonl,wa30,70,1,4,6.2,0.3,0.4,0.4,solved,0,arc3-job6-glyph-consonants,True,0.8
20,1.0,0.3,Flash-Next (Kaggle),wa30-ee6fef47_p2_events.jsonl,wa30,70,1,4,6.4,0.15,0.25,0.25,solved,0,arc3-job6-glyph-consonants,True,1.0
40,1.0,0.35,Flash-Next (Kaggle),wa30-ee6fef47_p2_events.jsonl,wa30,70,1,7,6.4,0.15,0.125,0.125,solved,0,arc3-job6-glyph-consonants,True,1.0
0,,,Flash-Next (Kaggle),wa30-ee6fef47_p2_events.jsonl,wa30,70,1,,,,,,solved,,arc3-job6-glyph-consonants,True,
10,0.4,0.0,Flash-Next (Kaggle),wa30-ee6fef47_p2_events.jsonl,wa30,70,2,8,8.6,0.0,0.3,0.2,died,0,arc3-job6-glyph-consonants,False,0.4
20,0.8,0.0,Flash-Next (Kaggle),wa30-ee6fef47_p2_events.jsonl,wa30,70,2,8,12.0,0.0,0.25,0.2,died,0,arc3-job6-glyph-consonants,False,0.8
40,1.0,0.0,Flash-Next (Kaggle),wa30-ee6fef47_p2_events.jsonl,wa30,70,2,8,12.4,0.0,0.225,0.125,died,0,arc3-job6-glyph-consonants,False,1.0
0,,,Flash-Next (Kaggle),wa30-ee6fef47_p2_events.jsonl,wa30,70,2,,,,,,died,,arc3-job6-glyph-consonants,False,
10,0.6,0.0,Flash-Next (Kaggle),wa30-ee6fef47_p2_events.jsonl,wa30,70,2,4,6.8,0.0,0.5,0.3,died,2,arc3-job6-glyph-consonants,False,0.6
20,1.0,0.0,Flash-Next (Kaggle),wa30-ee6fef47_p2_events.jsonl,wa30,70,2,4,8.4,0.0,0.4,0.25,died,2,arc3-job6-glyph-consonants,False,1.0
40,1.0,0.0,Flash-Next (Kaggle),wa30-ee6fef47_p2_events.jsonl,wa30,70,2,6,8.4,0.0,0.25,0.125,died,2,arc3-job6-glyph-consonants,False,1.0
0,,,Flash-Next (Kaggle),wa30-ee6fef47_p2_events.jsonl,wa30,70,2,,,,,,died,,arc3-job6-glyph-consonants,False,
10,0.4,0.0,Flash-Next (Kaggle),wa30-ee6fef47_p2_events.jsonl,wa30,56,2,6,7.8,0.0,0.3,0.2,truncated,4,arc3-job6-glyph-consonants,False,0.4
20,0.6,0.0,Flash-Next (Kaggle),wa30-ee6fef47_p2_events.jsonl,wa30,56,2,10,12.6,0.0,0.2,0.15,truncated,4,arc3-job6-glyph-consonants,False,0.6
40,1.0,0.0,Flash-Next (Kaggle),wa30-ee6fef47_p2_events.jsonl,wa30,56,2,10,16.0,0.0,0.175,0.125,truncated,4,arc3-job6-glyph-consonants,False,1.0
0,,,Flash-Next (Kaggle),wa30-ee6fef47_p2_events.jsonl,wa30,56,2,,,,,,truncated,,arc3-job6-glyph-consonants,False,
10,1.0,0.0,Flash-Next (Kaggle),wa30-ee6fef47_p3_events.jsonl,wa30,33,1,4,5.4,0.2,0.5,0.5,truncated,0,arc3-job6-glyph-consonants,False,1.0
20,1.0,0.0,Flash-Next (Kaggle),wa30-ee6fef47_p3_events.jsonl,wa30,33,1,5,5.4,0.15,0.25,0.25,truncated,0,arc3-job6-glyph-consonants,False,1.0
0,,,Flash-Next (Kaggle),wa30-ee6fef47_p3_events.jsonl,wa30,33,1,,,,,,truncated,,arc3-job6-glyph-consonants,False,
10,0.6666666666666666,0.0,Flash-Next (Kaggle),bp35-0a0ad940_p0_events.jsonl,bp35,50,1,3,5.0,0.0,0.6,0.7,died,0,arc3-job7-image-first-turn,False,0.75
20,0.6666666666666666,0.0,Flash-Next (Kaggle),bp35-0a0ad940_p0_events.jsonl,bp35,50,1,6,7.5,0.0,0.65,0.55,died,0,arc3-job7-image-first-turn,False,0.75
40,0.6666666666666666,0.0,Flash-Next (Kaggle),bp35-0a0ad940_p0_events.jsonl,bp35,50,1,7,12.5,0.0,0.475,0.45,died,0,arc3-job7-image-first-turn,False,0.75
0,,,Flash-Next (Kaggle),bp35-0a0ad940_p0_events.jsonl,bp35,50,1,,,,,,died,,arc3-job7-image-first-turn,False,
10,0.6666666666666666,0.0,Flash-Next (Kaggle),bp35-0a0ad940_p0_events.jsonl,bp35,16,1,5,7.25,0.0,0.4,0.2,died,2,arc3-job7-image-first-turn,False,0.5
0,,,Flash-Next (Kaggle),bp35-0a0ad940_p0_events.jsonl,bp35,16,1,,,,,,died,,arc3-job7-image-first-turn,False,
10,0.3333333333333333,0.0,Flash-Next (Kaggle),bp35-0a0ad940_p0_events.jsonl,bp35,29,1,5,7.25,0.0,0.7,0.6,truncated,4,arc3-job7-image-first-turn,False,0.5
20,0.3333333333333333,0.0,Flash-Next (Kaggle),bp35-0a0ad940_p0_events.jsonl,bp35,29,1,5,12.25,0.0,0.75,0.75,truncated,4,arc3-job7-image-first-turn,False,0.5
0,,,Flash-Next (Kaggle),bp35-0a0ad940_p0_events.jsonl,bp35,29,1,,,,,,truncated,,arc3-job7-image-first-turn,False,
10,0.6666666666666666,0.0,Flash-Next (Kaggle),bp35-0a0ad940_p1_events.jsonl,bp35,19,1,3,4.5,0.0,0.7,0.6,solved,0,arc3-job7-image-first-turn,True,0.75
0,,,Flash-Next (Kaggle),bp35-0a0ad940_p1_events.jsonl,bp35,19,1,,,,,,solved,,arc3-job7-image-first-turn,True,
0,,,Flash-Next (Kaggle),bp35-0a0ad940_p1_events.jsonl,bp35,2,2,,,,,,died,,arc3-job7-image-first-turn,False,
0,,,Flash-Next (Kaggle),bp35-0a0ad940_p1_events.jsonl,bp35,3,2,,,,,,died,,arc3-job7-image-first-turn,False,
0,,,Flash-Next (Kaggle),bp35-0a0ad940_p1_events.jsonl,bp35,9,2,,,,,,died,,arc3-job7-image-first-turn,False,
10,0.3333333333333333,0.0,Flash-Next (Kaggle),bp35-0a0ad940_p1_events.jsonl,bp35,14,2,6,6.25,0.0,0.6,0.4,truncated,6,arc3-job7-image-first-turn,False,0.5
0,,,Flash-Next (Kaggle),bp35-0a0ad940_p1_events.jsonl,bp35,14,2,,,,,,truncated,,arc3-job7-image-first-turn,False,
10,0.6666666666666666,0.0,Flash-Next (Kaggle),bp35-0a0ad940_p2_events.jsonl,bp35,64,1,5,5.25,0.0,0.6,0.5,died,0,arc3-job7-image-first-turn,False,0.75
20,0.6666666666666666,0.0,Flash-Next (Kaggle),bp35-0a0ad940_p2_events.jsonl,bp35,64,1,5,7.75,0.0,0.65,0.75,died,0,arc3-job7-image-first-turn,False,0.75
40,0.6666666666666666,0.0,Flash-Next (Kaggle),bp35-0a0ad940_p2_events.jsonl,bp35,64,1,5,12.75,0.0,0.525,0.6,died,0,arc3-job7-image-first-turn,False,0.75
0,,,Flash-Next (Kaggle),bp35-0a0ad940_p2_events.jsonl,bp35,64,1,,,,,,died,,arc3-job7-image-first-turn,False,
10,0.6666666666666666,0.0,Flash-Next (Kaggle),bp35-0a0ad940_p2_events.jsonl,bp35,30,1,4,6.5,0.0,0.5,0.6,truncated,2,arc3-job7-image-first-turn,False,0.75
20,0.6666666666666666,0.0,Flash-Next (Kaggle),bp35-0a0ad940_p2_events.jsonl,bp35,30,1,6,9.0,0.0,0.45,0.4,truncated,2,arc3-job7-image-first-turn,False,0.75
0,,,Flash-Next (Kaggle),bp35-0a0ad940_p2_events.jsonl,bp35,30,1,,,,,,truncated,,arc3-job7-image-first-turn,False,
10,0.6666666666666666,0.0,Flash-Next (Kaggle),bp35-0a0ad940_p3_events.jsonl,bp35,11,1,5,6.0,0.0,0.5,0.3,truncated,0,arc3-job7-image-first-turn,False,0.75
0,,,Flash-Next (Kaggle),bp35-0a0ad940_p3_events.jsonl,bp35,11,1,,,,,,truncated,,arc3-job7-image-first-turn,False,
10,0.8,0.0,Flash-Next (Kaggle),g50t-5849a774_p0_events.jsonl,g50t,103,1,5,5.2,0.0,0.5,0.4,truncated,0,arc3-job7-image-first-turn,False,0.8
20,0.8,0.0,Flash-Next (Kaggle),g50t-5849a774_p0_events.jsonl,g50t,103,1,5,7.2,0.0,0.4,0.2,truncated,0,arc3-job7-image-first-turn,False,0.8
40,1.0,0.15,Flash-Next (Kaggle),g50t-5849a774_p0_events.jsonl,g50t,103,1,5,7.6,0.125,0.325,0.125,truncated,0,arc3-job7-image-first-turn,False,1.0
0,,,Flash-Next (Kaggle),g50t-5849a774_p0_events.jsonl,g50t,103,1,,,,,,truncated,,arc3-job7-image-first-turn,False,
10,0.6,0.0,Flash-Next (Kaggle),g50t-5849a774_p1_events.jsonl,g50t,49,1,5,7.2,0.1,0.5,0.3,truncated,0,arc3-job7-image-first-turn,False,0.6
20,0.8,0.05,Flash-Next (Kaggle),g50t-5849a774_p1_events.jsonl,g50t,49,1,5,9.8,0.1,0.4,0.2,truncated,0,arc3-job7-image-first-turn,False,0.8
40,1.0,0.15,Flash-Next (Kaggle),g50t-5849a774_p1_events.jsonl,g50t,49,1,5,12.2,0.05,0.25,0.125,truncated,0,arc3-job7-image-first-turn,False,1.0
0,,,Flash-Next (Kaggle),g50t-5849a774_p1_events.jsonl,g50t,49,1,,,,,,truncated,,arc3-job7-image-first-turn,False,
10,0.6,0.1,Flash-Next (Kaggle),g50t-5849a774_p2_events.jsonl,g50t,127,1,6,5.6,0.1,0.4,0.3,died,0,arc3-job7-image-first-turn,False,0.6
20,0.6,0.4,Flash-Next (Kaggle),g50t-5849a774_p2_events.jsonl,g50t,127,1,7,9.6,0.2,0.3,0.15,died,0,arc3-job7-image-first-turn,False,0.6
40,1.0,0.45,Flash-Next (Kaggle),g50t-5849a774_p2_events.jsonl,g50t,127,1,7,11.8,0.1,0.3,0.125,died,0,arc3-job7-image-first-turn,False,1.0
0,,,Flash-Next (Kaggle),g50t-5849a774_p2_events.jsonl,g50t,127,1,,,,,,died,,arc3-job7-image-first-turn,False,
10,0.4,0.3,Flash-Next (Kaggle),g50t-5849a774_p2_events.jsonl,g50t,32,1,6,7.8,0.2,0.3,0.2,truncated,2,arc3-job7-image-first-turn,False,0.4
20,0.8,0.25,Flash-Next (Kaggle),g50t-5849a774_p2_events.jsonl,g50t,32,1,8,11.4,0.15,0.3,0.2,truncated,2,arc3-job7-image-first-turn,False,0.8
0,,,Flash-Next (Kaggle),g50t-5849a774_p2_events.jsonl,g50t,32,1,,,,,,truncated,,arc3-job7-image-first-turn,False,
10,0.8,0.0,Flash-Next (Kaggle),g50t-5849a774_p3_events.jsonl,g50t,21,1,3,5.2,0.0,0.5,0.4,truncated,0,arc3-job7-image-first-turn,False,0.8
20,0.8,0.2,Flash-Next (Kaggle),g50t-5849a774_p3_events.jsonl,g50t,21,1,5,7.2,0.05,0.4,0.2,truncated,0,arc3-job7-image-first-turn,False,0.8
0,,,Flash-Next (Kaggle),g50t-5849a774_p3_events.jsonl,g50t,21,1,,,,,,truncated,,arc3-job7-image-first-turn,False,
10,0.4,0.0,Flash-Next (Kaggle),lf52-271a04aa_p0_events.jsonl,lf52,19,1,1,6.5,0.0,0.7,0.8,solved,0,arc3-job7-image-first-turn,True,0.5
0,,,Flash-Next (Kaggle),lf52-271a04aa_p0_events.jsonl,lf52,19,1,,,,,,solved,,arc3-job7-image-first-turn,True,
10,0.0,0.0,Flash-Next (Kaggle),lf52-271a04aa_p0_events.jsonl,lf52,72,2,2,9.333333333333334,0.0,0.7,0.7,truncated,0,arc3-job7-image-first-turn,False,0.16666666666666666
20,0.4,0.0,Flash-Next (Kaggle),lf52-271a04aa_p0_events.jsonl,lf52,72,2,3,16.5,0.0,0.6,0.65,truncated,0,arc3-job7-image-first-turn,False,0.5
40,0.8,0.0,Flash-Next (Kaggle),lf52-271a04aa_p0_events.jsonl,lf52,72,2,7,20.833333333333332,0.0,0.525,0.375,truncated,0,arc3-job7-image-first-turn,False,0.8333333333333334
0,,,Flash-Next (Kaggle),lf52-271a04aa_p0_events.jsonl,lf52,72,2,,,,,,truncated,,arc3-job7-image-first-turn,False,
10,0.2,0.0,Flash-Next (Kaggle),lf52-271a04aa_p1_events.jsonl,lf52,28,1,3,7.833333333333333,0.0,0.4,0.5,solved,0,arc3-job7-image-first-turn,True,0.3333333333333333
20,0.2,0.0,Flash-Next (Kaggle),lf52-271a04aa_p1_events.jsonl,lf52,28,1,3,14.5,0.0,0.35,0.5,solved,0,arc3-job7-image-first-turn,True,0.3333333333333333
0,,,Flash-Next (Kaggle),lf52-271a04aa_p1_events.jsonl,lf52,28,1,,,,,,solved,,arc3-job7-image-first-turn,True,
10,0.0,0.0,Flash-Next (Kaggle),lf52-271a04aa_p1_events.jsonl,lf52,53,2,2,9.333333333333334,0.0,0.6,0.8,truncated,0,arc3-job7-image-first-turn,False,0.16666666666666666
20,0.4,0.0,Flash-Next (Kaggle),lf52-271a04aa_p1_events.jsonl,lf52,53,2,2,17.166666666666668,0.0,0.5,0.65,truncated,0,arc3-job7-image-first-turn,False,0.5
40,0.8,0.0,Flash-Next (Kaggle),lf52-271a04aa_p1_events.jsonl,lf52,53,2,5,20.666666666666668,0.0,0.55,0.375,truncated,0,arc3-job7-image-first-turn,False,0.8333333333333334
0,,,Flash-Next (Kaggle),lf52-271a04aa_p1_events.jsonl,lf52,53,2,,,,,,truncated,,arc3-job7-image-first-turn,False,
10,0.8,0.0,Flash-Next (Kaggle),lf52-271a04aa_p2_events.jsonl,lf52,24,1,1,4.333333333333333,0.0,0.6,0.6,solved,0,arc3-job7-image-first-turn,True,0.8333333333333334
20,0.8,0.0,Flash-Next (Kaggle),lf52-271a04aa_p2_events.jsonl,lf52,24,1,2,6.0,0.0,0.45,0.55,solved,0,arc3-job7-image-first-turn,True,0.8333333333333334
0,,,Flash-Next (Kaggle),lf52-271a04aa_p2_events.jsonl,lf52,24,1,,,,,,solved,,arc3-job7-image-first-turn,True,
10,0.6,0.0,Flash-Next (Kaggle),lf52-271a04aa_p2_events.jsonl,lf52,75,2,2,7.666666666666667,0.0,0.8,0.8,truncated,0,arc3-job7-image-first-turn,False,0.6666666666666666
20,0.8,0.0,Flash-Next (Kaggle),lf52-271a04aa_p2_events.jsonl,lf52,75,2,4,9.666666666666666,0.0,0.5,0.45,truncated,0,arc3-job7-image-first-turn,False,0.8333333333333334
40,0.8,0.0,Flash-Next (Kaggle),lf52-271a04aa_p2_events.jsonl,lf52,75,2,4,13.0,0.0,0.45,0.25,truncated,0,arc3-job7-image-first-turn,False,0.8333333333333334
0,,,Flash-Next (Kaggle),lf52-271a04aa_p2_events.jsonl,lf52,75,2,,,,,,truncated,,arc3-job7-image-first-turn,False,
10,0.4,0.0,Flash-Next (Kaggle),lf52-271a04aa_p3_events.jsonl,lf52,10,1,1,6.5,0.0,0.7,1.0,solved,0,arc3-job7-image-first-turn,True,0.5
0,,,Flash-Next (Kaggle),lf52-271a04aa_p3_events.jsonl,lf52,10,1,,,,,,solved,,arc3-job7-image-first-turn,True,
10,0.2,0.0,Flash-Next (Kaggle),lf52-271a04aa_p3_events.jsonl,lf52,11,2,1,9.166666666666666,0.0,0.7,0.9,truncated,0,arc3-job7-image-first-turn,False,0.3333333333333333
0,,,Flash-Next (Kaggle),lf52-271a04aa_p3_events.jsonl,lf52,11,2,,,,,,truncated,,arc3-job7-image-first-turn,False,
10,1.0,0.0,Flash-Next (Kaggle),ls20-9607627b_p0_events.jsonl,ls20,135,1,6,4.0,0.1,0.4,0.4,died,0,arc3-job7-image-first-turn,False,1.0
20,1.0,0.0,Flash-Next (Kaggle),ls20-9607627b_p0_events.jsonl,ls20,135,1,6,4.0,0.05,0.3,0.2,died,0,arc3-job7-image-first-turn,False,1.0
40,1.0,0.175,Flash-Next (Kaggle),ls20-9607627b_p0_events.jsonl,ls20,135,1,7,4.0,0.05,0.175,0.1,died,0,arc3-job7-image-first-turn,False,1.0
0,,,Flash-Next (Kaggle),ls20-9607627b_p0_events.jsonl,ls20,135,1,,,,,,died,,arc3-job7-image-first-turn,False,
10,0.75,0.0,Flash-Next (Kaggle),ls20-9607627b_p0_events.jsonl,ls20,53,1,3,5.5,0.0,0.4,0.3,truncated,2,arc3-job7-image-first-turn,False,0.75
20,0.75,0.0,Flash-Next (Kaggle),ls20-9607627b_p0_events.jsonl,ls20,53,1,3,8.0,0.0,0.2,0.15,truncated,2,arc3-job7-image-first-turn,False,0.75
40,0.75,0.0,Flash-Next (Kaggle),ls20-9607627b_p0_events.jsonl,ls20,53,1,3,13.0,0.0,0.1,0.075,truncated,2,arc3-job7-image-first-turn,False,0.75
0,,,Flash-Next (Kaggle),ls20-9607627b_p0_events.jsonl,ls20,53,1,,,,,,truncated,,arc3-job7-image-first-turn,False,
10,1.0,0.0,Flash-Next (Kaggle),ls20-9607627b_p1_events.jsonl,ls20,21,1,4,5.0,0.0,0.4,0.4,solved,0,arc3-job7-image-first-turn,True,1.0
20,1.0,0.0,Flash-Next (Kaggle),ls20-9607627b_p1_events.jsonl,ls20,21,1,4,5.0,0.0,0.3,0.2,solved,0,arc3-job7-image-first-turn,True,1.0
0,,,Flash-Next (Kaggle),ls20-9607627b_p1_events.jsonl,ls20,21,1,,,,,,solved,,arc3-job7-image-first-turn,True,
10,0.75,0.0,Flash-Next (Kaggle),ls20-9607627b_p1_events.jsonl,ls20,108,2,5,5.5,0.0,0.4,0.3,died,0,arc3-job7-image-first-turn,False,0.75
20,1.0,0.05,Flash-Next (Kaggle),ls20-9607627b_p1_events.jsonl,ls20,108,2,5,5.5,0.1,0.25,0.2,died,0,arc3-job7-image-first-turn,False,1.0
40,1.0,0.225,Flash-Next (Kaggle),ls20-9607627b_p1_events.jsonl,ls20,108,2,7,5.5,0.05,0.15,0.1,died,0,arc3-job7-image-first-turn,False,1.0
0,,,Flash-Next (Kaggle),ls20-9607627b_p1_events.jsonl,ls20,108,2,,,,,,died,,arc3-job7-image-first-turn,False,
10,1.0,0.0,Flash-Next (Kaggle),ls20-9607627b_p1_events.jsonl,ls20,66,2,2,3.5,0.0,0.6,0.4,died,2,arc3-job7-image-first-turn,False,1.0
20,1.0,0.0,Flash-Next (Kaggle),ls20-9607627b_p1_events.jsonl,ls20,66,2,2,3.5,0.0,0.3,0.2,died,2,arc3-job7-image-first-turn,False,1.0
40,1.0,0.0,Flash-Next (Kaggle),ls20-9607627b_p1_events.jsonl,ls20,66,2,2,3.5,0.0,0.2,0.1,died,2,arc3-job7-image-first-turn,False,1.0
0,,,Flash-Next (Kaggle),ls20-9607627b_p1_events.jsonl,ls20,66,2,,,,,,died,,arc3-job7-image-first-turn,False,
10,0.75,0.0,Flash-Next (Kaggle),ls20-9607627b_p1_events.jsonl,ls20,67,2,4,5.75,0.0,0.4,0.3,died,4,arc3-job7-image-first-turn,False,0.75
20,1.0,0.0,Flash-Next (Kaggle),ls20-9607627b_p1_events.jsonl,ls20,67,2,5,6.0,0.0,0.3,0.2,died,4,arc3-job7-image-first-turn,False,1.0
40,1.0,0.15,Flash-Next (Kaggle),ls20-9607627b_p1_events.jsonl,ls20,67,2,5,6.0,0.025,0.15,0.1,died,4,arc3-job7-image-first-turn,False,1.0
0,,,Flash-Next (Kaggle),ls20-9607627b_p1_events.jsonl,ls20,67,2,,,,,,died,,arc3-job7-image-first-turn,False,
10,0.75,0.0,Flash-Next (Kaggle),ls20-9607627b_p1_events.jsonl,ls20,94,2,5,5.5,0.0,0.4,0.3,truncated,6,arc3-job7-image-first-turn,False,0.75
20,1.0,0.0,Flash-Next (Kaggle),ls20-9607627b_p1_events.jsonl,ls20,94,2,5,5.5,0.0,0.25,0.2,truncated,6,arc3-job7-image-first-turn,False,1.0
40,1.0,0.0,Flash-Next (Kaggle),ls20-9607627b_p1_events.jsonl,ls20,94,2,5,5.5,0.0,0.15,0.1,truncated,6,arc3-job7-image-first-turn,False,1.0
0,,,Flash-Next (Kaggle),ls20-9607627b_p1_events.jsonl,ls20,94,2,,,,,,truncated,,arc3-job7-image-first-turn,False,
10,0.75,0.0,Flash-Next (Kaggle),ls20-9607627b_p2_events.jsonl,ls20,15,1,4,5.0,0.0,0.6,0.3,solved,0,arc3-job7-image-first-turn,True,0.75
0,,,Flash-Next (Kaggle),ls20-9607627b_p2_events.jsonl,ls20,15,1,,,,,,solved,,arc3-job7-image-first-turn,True,
10,0.75,0.0,Flash-Next (Kaggle),ls20-9607627b_p2_events.jsonl,ls20,153,2,5,5.5,0.0,0.4,0.3,died,0,arc3-job7-image-first-turn,False,0.75
20,1.0,0.0,Flash-Next (Kaggle),ls20-9607627b_p2_events.jsonl,ls20,153,2,5,5.5,0.05,0.25,0.2,died,0,arc3-job7-image-first-turn,False,1.0
40,1.0,0.15,Flash-Next (Kaggle),ls20-9607627b_p2_events.jsonl,ls20,153,2,6,5.5,0.025,0.125,0.1,died,0,arc3-job7-image-first-turn,False,1.0
0,,,Flash-Next (Kaggle),ls20-9607627b_p2_events.jsonl,ls20,153,2,,,,,,died,,arc3-job7-image-first-turn,False,
10,0.75,0.0,Flash-Next (Kaggle),ls20-9607627b_p2_events.jsonl,ls20,172,2,5,6.0,0.0,0.4,0.3,truncated,2,arc3-job7-image-first-turn,False,0.75
20,1.0,0.0,Flash-Next (Kaggle),ls20-9607627b_p2_events.jsonl,ls20,172,2,7,8.0,0.0,0.3,0.2,truncated,2,arc3-job7-image-first-turn,False,1.0
40,1.0,0.0,Flash-Next (Kaggle),ls20-9607627b_p2_events.jsonl,ls20,172,2,7,8.0,0.0,0.175,0.1,truncated,2,arc3-job7-image-first-turn,False,1.0
0,,,Flash-Next (Kaggle),ls20-9607627b_p2_events.jsonl,ls20,172,2,,,,,,truncated,,arc3-job7-image-first-turn,False,
10,1.0,0.0,Flash-Next (Kaggle),ls20-9607627b_p3_events.jsonl,ls20,15,1,4,6.0,0.0,0.5,0.4,solved,0,arc3-job7-image-first-turn,True,1.0
0,,,Flash-Next (Kaggle),ls20-9607627b_p3_events.jsonl,ls20,15,1,,,,,,solved,,arc3-job7-image-first-turn,True,
10,0.75,0.0,Flash-Next (Kaggle),ls20-9607627b_p3_events.jsonl,ls20,43,2,5,5.5,0.0,0.4,0.3,truncated,0,arc3-job7-image-first-turn,False,0.75
20,1.0,0.0,Flash-Next (Kaggle),ls20-9607627b_p3_events.jsonl,ls20,43,2,5,5.5,0.05,0.25,0.2,truncated,0,arc3-job7-image-first-turn,False,1.0
40,1.0,0.2,Flash-Next (Kaggle),ls20-9607627b_p3_events.jsonl,ls20,43,2,7,5.5,0.025,0.15,0.1,truncated,0,arc3-job7-image-first-turn,False,1.0
0,,,Flash-Next (Kaggle),ls20-9607627b_p3_events.jsonl,ls20,43,2,,,,,,truncated,,arc3-job7-image-first-turn,False,
10,0.8,0.0,Flash-Next (Kaggle),sk48-d8078629_p0_events.jsonl,sk48,110,1,4,6.333333333333333,0.2,0.4,0.4,truncated,0,arc3-job7-image-first-turn,False,0.6666666666666666
20,0.8,0.2,Flash-Next (Kaggle),sk48-d8078629_p0_events.jsonl,sk48,110,1,5,8.833333333333334,0.15,0.25,0.25,truncated,0,arc3-job7-image-first-turn,False,0.8333333333333334
40,0.8,0.375,Flash-Next (Kaggle),sk48-d8078629_p0_events.jsonl,sk48,110,1,5,12.166666666666666,0.1,0.125,0.125,truncated,0,arc3-job7-image-first-turn,False,0.8333333333333334
0,,,Flash-Next (Kaggle),sk48-d8078629_p0_events.jsonl,sk48,110,1,,,,,,truncated,,arc3-job7-image-first-turn,False,
10,0.6,0.0,Flash-Next (Kaggle),sk48-d8078629_p1_events.jsonl,sk48,51,1,3,7.333333333333333,0.1,0.3,0.3,truncated,0,arc3-job7-image-first-turn,False,0.5
20,0.8,0.15,Flash-Next (Kaggle),sk48-d8078629_p1_events.jsonl,sk48,51,1,3,10.666666666666666,0.05,0.2,0.2,truncated,0,arc3-job7-image-first-turn,False,0.6666666666666666
40,0.8,0.125,Flash-Next (Kaggle),sk48-d8078629_p1_events.jsonl,sk48,51,1,4,17.333333333333332,0.05,0.1,0.1,truncated,0,arc3-job7-image-first-turn,False,0.6666666666666666
0,,,Flash-Next (Kaggle),sk48-d8078629_p1_events.jsonl,sk48,51,1,,,,,,truncated,,arc3-job7-image-first-turn,False,
10,0.6,0.0,Flash-Next (Kaggle),sk48-d8078629_p2_events.jsonl,sk48,73,1,2,7.166666666666667,0.1,0.4,0.4,truncated,0,arc3-job7-image-first-turn,False,0.6666666666666666
20,0.8,0.1,Flash-Next (Kaggle),sk48-d8078629_p2_events.jsonl,sk48,73,1,5,10.0,0.15,0.25,0.25,truncated,0,arc3-job7-image-first-turn,False,0.8333333333333334
40,0.8,0.275,Flash-Next (Kaggle),sk48-d8078629_p2_events.jsonl,sk48,73,1,5,13.333333333333334,0.075,0.125,0.125,truncated,0,arc3-job7-image-first-turn,False,0.8333333333333334
0,,,Flash-Next (Kaggle),sk48-d8078629_p2_events.jsonl,sk48,73,1,,,,,,truncated,,arc3-job7-image-first-turn,False,
10,0.8,0.0,Flash-Next (Kaggle),sk48-d8078629_p3_events.jsonl,sk48,41,1,3,5.666666666666667,0.1,0.4,0.4,truncated,0,arc3-job7-image-first-turn,False,0.6666666666666666
20,0.8,0.1,Flash-Next (Kaggle),sk48-d8078629_p3_events.jsonl,sk48,41,1,5,9.0,0.05,0.2,0.2,truncated,0,arc3-job7-image-first-turn,False,0.6666666666666666
40,0.8,0.075,Flash-Next (Kaggle),sk48-d8078629_p3_events.jsonl,sk48,41,1,5,15.666666666666666,0.025,0.1,0.1,truncated,0,arc3-job7-image-first-turn,False,0.6666666666666666
0,,,Flash-Next (Kaggle),sk48-d8078629_p3_events.jsonl,sk48,41,1,,,,,,truncated,,arc3-job7-image-first-turn,False,
10,,0.0,Flash-Next (Kaggle),tn36-ef4dde99_p0_events.jsonl,tn36,38,1,2,,0.0,0.8,0.8,solved,0,arc3-job7-image-first-turn,True,
20,,0.0,Flash-Next (Kaggle),tn36-ef4dde99_p0_events.jsonl,tn36,38,1,2,,0.0,0.65,0.7,solved,0,arc3-job7-image-first-turn,True,
0,,,Flash-Next (Kaggle),tn36-ef4dde99_p0_events.jsonl,tn36,38,1,,,,,,solved,,arc3-job7-image-first-turn,True,
10,,0.0,Flash-Next (Kaggle),tn36-ef4dde99_p0_events.jsonl,tn36,61,2,1,,0.0,0.7,1.0,died,0,arc3-job7-image-first-turn,False,
20,,0.0,Flash-Next (Kaggle),tn36-ef4dde99_p0_events.jsonl,tn36,61,2,2,,0.0,0.5,0.7,died,0,arc3-job7-image-first-turn,False,
40,,0.0,Flash-Next (Kaggle),tn36-ef4dde99_p0_events.jsonl,tn36,61,2,2,,0.0,0.4,0.55,died,0,arc3-job7-image-first-turn,False,
0,,,Flash-Next (Kaggle),tn36-ef4dde99_p0_events.jsonl,tn36,61,2,,,,,,died,,arc3-job7-image-first-turn,False,
10,,0.0,Flash-Next (Kaggle),tn36-ef4dde99_p1_events.jsonl,tn36,61,1,1,,0.0,0.9,0.9,died,0,arc3-job7-image-first-turn,False,
20,,0.0,Flash-Next (Kaggle),tn36-ef4dde99_p1_events.jsonl,tn36,61,1,2,,0.0,0.55,0.7,died,0,arc3-job7-image-first-turn,False,
40,,0.0,Flash-Next (Kaggle),tn36-ef4dde99_p1_events.jsonl,tn36,61,1,2,,0.0,0.35,0.45,died,0,arc3-job7-image-first-turn,False,
0,,,Flash-Next (Kaggle),tn36-ef4dde99_p1_events.jsonl,tn36,61,1,,,,,,died,,arc3-job7-image-first-turn,False,
10,,0.0,Flash-Next (Kaggle),tn36-ef4dde99_p1_events.jsonl,tn36,61,1,1,,0.0,0.4,1.0,died,2,arc3-job7-image-first-turn,False,
20,,0.0,Flash-Next (Kaggle),tn36-ef4dde99_p1_events.jsonl,tn36,61,1,1,,0.0,0.2,0.5,died,2,arc3-job7-image-first-turn,False,
40,,0.0,Flash-Next (Kaggle),tn36-ef4dde99_p1_events.jsonl,tn36,61,1,1,,0.0,0.1,0.25,died,2,arc3-job7-image-first-turn,False,
0,,,Flash-Next (Kaggle),tn36-ef4dde99_p1_events.jsonl,tn36,61,1,,,,,,died,,arc3-job7-image-first-turn,False,
10,,0.0,Flash-Next (Kaggle),tn36-ef4dde99_p1_events.jsonl,tn36,61,1,1,,0.0,0.3,0.8,died,4,arc3-job7-image-first-turn,False,
20,,0.0,Flash-Next (Kaggle),tn36-ef4dde99_p1_events.jsonl,tn36,61,1,1,,0.0,0.2,0.5,died,4,arc3-job7-image-first-turn,False,
40,,0.0,Flash-Next (Kaggle),tn36-ef4dde99_p1_events.jsonl,tn36,61,1,1,,0.0,0.15,0.3,died,4,arc3-job7-image-first-turn,False,
0,,,Flash-Next (Kaggle),tn36-ef4dde99_p1_events.jsonl,tn36,61,1,,,,,,died,,arc3-job7-image-first-turn,False,
10,,0.0,Flash-Next (Kaggle),tn36-ef4dde99_p2_events.jsonl,tn36,25,1,1,,0.0,0.8,0.9,solved,0,arc3-job7-image-first-turn,True,
20,,0.0,Flash-Next (Kaggle),tn36-ef4dde99_p2_events.jsonl,tn36,25,1,1,,0.0,0.45,0.75,solved,0,arc3-job7-image-first-turn,True,
0,,,Flash-Next (Kaggle),tn36-ef4dde99_p2_events.jsonl,tn36,25,1,,,,,,solved,,arc3-job7-image-first-turn,True,
10,,0.0,Flash-Next (Kaggle),tn36-ef4dde99_p2_events.jsonl,tn36,61,2,2,,0.0,0.6,0.8,died,0,arc3-job7-image-first-turn,False,
20,,0.0,Flash-Next (Kaggle),tn36-ef4dde99_p2_events.jsonl,tn36,61,2,2,,0.0,0.55,0.7,died,0,arc3-job7-image-first-turn,False,
40,,0.0,Flash-Next (Kaggle),tn36-ef4dde99_p2_events.jsonl,tn36,61,2,2,,0.0,0.375,0.7,died,0,arc3-job7-image-first-turn,False,
0,,,Flash-Next (Kaggle),tn36-ef4dde99_p2_events.jsonl,tn36,61,2,,,,,,died,,arc3-job7-image-first-turn,False,
10,,0.0,Flash-Next (Kaggle),tn36-ef4dde99_p2_events.jsonl,tn36,29,2,4,,0.0,0.5,0.7,truncated,2,arc3-job7-image-first-turn,False,
20,,0.0,Flash-Next (Kaggle),tn36-ef4dde99_p2_events.jsonl,tn36,29,2,4,,0.0,0.6,0.85,truncated,2,arc3-job7-image-first-turn,False,
0,,,Flash-Next (Kaggle),tn36-ef4dde99_p2_events.jsonl,tn36,29,2,,,,,,truncated,,arc3-job7-image-first-turn,False,
10,,0.0,Flash-Next (Kaggle),tn36-ef4dde99_p3_events.jsonl,tn36,26,1,2,,0.0,1.0,0.9,truncated,0,arc3-job7-image-first-turn,False,
20,,0.0,Flash-Next (Kaggle),tn36-ef4dde99_p3_events.jsonl,tn36,26,1,2,,0.0,0.65,0.8,truncated,0,arc3-job7-image-first-turn,False,
0,,,Flash-Next (Kaggle),tn36-ef4dde99_p3_events.jsonl,tn36,26,1,,,,,,truncated,,arc3-job7-image-first-turn,False,
10,0.6,0.2,Flash-Next (Kaggle),wa30-ee6fef47_p0_events.jsonl,wa30,57,1,4,6.4,0.2,0.3,0.3,solved,0,arc3-job7-image-first-turn,True,0.6
20,0.8,0.15,Flash-Next (Kaggle),wa30-ee6fef47_p0_events.jsonl,wa30,57,1,4,8.8,0.1,0.2,0.2,solved,0,arc3-job7-image-first-turn,True,0.8
40,1.0,0.15,Flash-Next (Kaggle),wa30-ee6fef47_p0_events.jsonl,wa30,57,1,5,9.4,0.075,0.125,0.125,solved,0,arc3-job7-image-first-turn,True,1.0
0,,,Flash-Next (Kaggle),wa30-ee6fef47_p0_events.jsonl,wa30,57,1,,,,,,solved,,arc3-job7-image-first-turn,True,
10,0.8,0.0,Flash-Next (Kaggle),wa30-ee6fef47_p0_events.jsonl,wa30,70,2,7,7.8,0.0,0.4,0.4,died,0,arc3-job7-image-first-turn,False,0.8
20,0.8,0.0,Flash-Next (Kaggle),wa30-ee6fef47_p0_events.jsonl,wa30,70,2,7,9.8,0.0,0.35,0.2,died,0,arc3-job7-image-first-turn,False,0.8
40,0.8,0.0,Flash-Next (Kaggle),wa30-ee6fef47_p0_events.jsonl,wa30,70,2,10,13.8,0.0,0.225,0.1,died,0,arc3-job7-image-first-turn,False,0.8
0,,,Flash-Next (Kaggle),wa30-ee6fef47_p0_events.jsonl,wa30,70,2,,,,,,died,,arc3-job7-image-first-turn,False,
10,0.4,0.0,Flash-Next (Kaggle),wa30-ee6fef47_p0_events.jsonl,wa30,70,2,6,8.2,0.0,0.3,0.2,died,2,arc3-job7-image-first-turn,False,0.4
20,1.0,0.0,Flash-Next (Kaggle),wa30-ee6fef47_p0_events.jsonl,wa30,70,2,6,9.4,0.0,0.3,0.25,died,2,arc3-job7-image-first-turn,False,1.0
40,1.0,0.0,Flash-Next (Kaggle),wa30-ee6fef47_p0_events.jsonl,wa30,70,2,6,9.4,0.0,0.225,0.125,died,2,arc3-job7-image-first-turn,False,1.0
0,,,Flash-Next (Kaggle),wa30-ee6fef47_p0_events.jsonl,wa30,70,2,,,,,,died,,arc3-job7-image-first-turn,False,
10,0.8,0.0,Flash-Next (Kaggle),wa30-ee6fef47_p0_events.jsonl,wa30,70,2,6,6.2,0.0,0.5,0.4,died,4,arc3-job7-image-first-turn,False,0.8
20,0.8,0.0,Flash-Next (Kaggle),wa30-ee6fef47_p0_events.jsonl,wa30,70,2,12,8.2,0.0,0.25,0.2,died,4,arc3-job7-image-first-turn,False,0.8
40,0.8,0.0,Flash-Next (Kaggle),wa30-ee6fef47_p0_events.jsonl,wa30,70,2,32,12.2,0.0,0.15,0.1,died,4,arc3-job7-image-first-turn,False,0.8
0,,,Flash-Next (Kaggle),wa30-ee6fef47_p0_events.jsonl,wa30,70,2,,,,,,died,,arc3-job7-image-first-turn,False,
10,0.6,0.3,Flash-Next (Kaggle),wa30-ee6fef47_p1_events.jsonl,wa30,35,1,3,6.4,0.1,0.3,0.3,solved,0,arc3-job7-image-first-turn,True,0.6
20,0.8,0.25,Flash-Next (Kaggle),wa30-ee6fef47_p1_events.jsonl,wa30,35,1,4,9.2,0.1,0.2,0.2,solved,0,arc3-job7-image-first-turn,True,0.8
0,,,Flash-Next (Kaggle),wa30-ee6fef47_p1_events.jsonl,wa30,35,1,,,,,,solved,,arc3-job7-image-first-turn,True,
10,0.4,0.0,Flash-Next (Kaggle),wa30-ee6fef47_p1_events.jsonl,wa30,70,2,6,7.6,0.0,0.2,0.2,died,0,arc3-job7-image-first-turn,False,0.4
20,0.8,0.0,Flash-Next (Kaggle),wa30-ee6fef47_p1_events.jsonl,wa30,70,2,6,11.0,0.0,0.25,0.2,died,0,arc3-job7-image-first-turn,False,0.8
40,1.0,0.0,Flash-Next (Kaggle),wa30-ee6fef47_p1_events.jsonl,wa30,70,2,6,13.6,0.0,0.2,0.125,died,0,arc3-job7-image-first-turn,False,1.0
0,,,Flash-Next (Kaggle),wa30-ee6fef47_p1_events.jsonl,wa30,70,2,,,,,,died,,arc3-job7-image-first-turn,False,
10,0.4,0.0,Flash-Next (Kaggle),wa30-ee6fef47_p1_events.jsonl,wa30,70,2,7,7.4,0.0,0.3,0.2,died,2,arc3-job7-image-first-turn,False,0.4
20,1.0,0.0,Flash-Next (Kaggle),wa30-ee6fef47_p1_events.jsonl,wa30,70,2,7,8.0,0.0,0.35,0.25,died,2,arc3-job7-image-first-turn,False,1.0
40,1.0,0.0,Flash-Next (Kaggle),wa30-ee6fef47_p1_events.jsonl,wa30,70,2,7,8.0,0.0,0.25,0.125,died,2,arc3-job7-image-first-turn,False,1.0
0,,,Flash-Next (Kaggle),wa30-ee6fef47_p1_events.jsonl,wa30,70,2,,,,,,died,,arc3-job7-image-first-turn,False,
10,0.6,0.3,Flash-Next (Kaggle),wa30-ee6fef47_p2_events.jsonl,wa30,66,1,3,6.6,0.2,0.3,0.3,solved,0,arc3-job7-image-first-turn,True,0.6
20,1.0,0.3,Flash-Next (Kaggle),wa30-ee6fef47_p2_events.jsonl,wa30,66,1,5,8.4,0.15,0.25,0.25,solved,0,arc3-job7-image-first-turn,True,1.0
40,1.0,0.5,Flash-Next (Kaggle),wa30-ee6fef47_p2_events.jsonl,wa30,66,1,5,8.4,0.1,0.125,0.125,solved,0,arc3-job7-image-first-turn,True,1.0
0,,,Flash-Next (Kaggle),wa30-ee6fef47_p2_events.jsonl,wa30,66,1,,,,,,solved,,arc3-job7-image-first-turn,True,
10,0.4,0.0,Flash-Next (Kaggle),wa30-ee6fef47_p2_events.jsonl,wa30,48,2,5,8.0,0.0,0.3,0.2,truncated,0,arc3-job7-image-first-turn,False,0.4
20,0.8,0.0,Flash-Next (Kaggle),wa30-ee6fef47_p2_events.jsonl,wa30,48,2,7,11.0,0.0,0.3,0.2,truncated,0,arc3-job7-image-first-turn,False,0.8
40,1.0,0.0,Flash-Next (Kaggle),wa30-ee6fef47_p2_events.jsonl,wa30,48,2,7,11.8,0.0,0.225,0.125,truncated,0,arc3-job7-image-first-turn,False,1.0
0,,,Flash-Next (Kaggle),wa30-ee6fef47_p2_events.jsonl,wa30,48,2,,,,,,truncated,,arc3-job7-image-first-turn,False,
10,0.6,0.0,Flash-Next (Kaggle),wa30-ee6fef47_p3_events.jsonl,wa30,195,1,4,6.2,0.0,0.3,0.3,truncated,0,arc3-job7-image-first-turn,False,0.6
20,0.8,0.05,Flash-Next (Kaggle),wa30-ee6fef47_p3_events.jsonl,wa30,195,1,6,8.8,0.05,0.2,0.2,truncated,0,arc3-job7-image-first-turn,False,0.8
40,1.0,0.05,Flash-Next (Kaggle),wa30-ee6fef47_p3_events.jsonl,wa30,195,1,7,9.4,0.025,0.125,0.125,truncated,0,arc3-job7-image-first-turn,False,1.0
0,,,Flash-Next (Kaggle),wa30-ee6fef47_p3_events.jsonl,wa30,195,1,,,,,,truncated,,arc3-job7-image-first-turn,False,
10,0.6666666666666666,0.0,Flash-Next (Kaggle),bp35-0a0ad940_p0_events.jsonl,bp35,51,1,4,6.0,0.0,0.5,0.4,solved,0,arc3-job8-commit-prompt,True,0.75
20,0.6666666666666666,0.0,Flash-Next (Kaggle),bp35-0a0ad940_p0_events.jsonl,bp35,51,1,4,8.5,0.0,0.55,0.4,solved,0,arc3-job8-commit-prompt,True,0.75
40,0.6666666666666666,0.0,Flash-Next (Kaggle),bp35-0a0ad940_p0_events.jsonl,bp35,51,1,4,13.5,0.0,0.55,0.55,solved,0,arc3-job8-commit-prompt,True,0.75
0,,,Flash-Next (Kaggle),bp35-0a0ad940_p0_events.jsonl,bp35,51,1,,,,,,solved,,arc3-job8-commit-prompt,True,
0,,,Flash-Next (Kaggle),bp35-0a0ad940_p0_events.jsonl,bp35,9,2,,,,,,died,,arc3-job8-commit-prompt,False,
10,0.3333333333333333,0.0,Flash-Next (Kaggle),bp35-0a0ad940_p0_events.jsonl,bp35,16,2,6,7.5,0.0,0.7,0.5,died,2,arc3-job8-commit-prompt,False,0.5
0,,,Flash-Next (Kaggle),bp35-0a0ad940_p0_events.jsonl,bp35,16,2,,,,,,died,,arc3-job8-commit-prompt,False,
0,,,Flash-Next (Kaggle),bp35-0a0ad940_p0_events.jsonl,bp35,5,2,,,,,,died,,arc3-job8-commit-prompt,False,
10,0.3333333333333333,0.0,Flash-Next (Kaggle),bp35-0a0ad940_p0_events.jsonl,bp35,20,2,7,7.75,0.0,0.6,0.4,truncated,6,arc3-job8-commit-prompt,False,0.5
20,0.3333333333333333,0.0,Flash-Next (Kaggle),bp35-0a0ad940_p0_events.jsonl,bp35,20,2,7,12.75,0.0,0.7,0.7,truncated,6,arc3-job8-commit-prompt,False,0.5
0,,,Flash-Next (Kaggle),bp35-0a0ad940_p0_events.jsonl,bp35,20,2,,,,,,truncated,,arc3-job8-commit-prompt,False,
10,0.6666666666666666,0.0,Flash-Next (Kaggle),bp35-0a0ad940_p1_events.jsonl,bp35,24,1,6,4.25,0.0,0.5,0.4,solved,0,arc3-job8-commit-prompt,True,0.75
20,0.6666666666666666,0.0,Flash-Next (Kaggle),bp35-0a0ad940_p1_events.jsonl,bp35,24,1,6,6.75,0.0,0.55,0.4,solved,0,arc3-job8-commit-prompt,True,0.75
0,,,Flash-Next (Kaggle),bp35-0a0ad940_p1_events.jsonl,bp35,24,1,,,,,,solved,,arc3-job8-commit-prompt,True,
0,,,Flash-Next (Kaggle),bp35-0a0ad940_p1_events.jsonl,bp35,2,2,,,,,,died,,arc3-job8-commit-prompt,False,
0,,,Flash-Next (Kaggle),bp35-0a0ad940_p1_events.jsonl,bp35,5,2,,,,,,truncated,,arc3-job8-commit-prompt,False,
10,0.6666666666666666,0.0,Flash-Next (Kaggle),bp35-0a0ad940_p2_events.jsonl,bp35,35,1,5,4.25,0.0,0.7,0.5,solved,0,arc3-job8-commit-prompt,True,0.75
20,0.6666666666666666,0.0,Flash-Next (Kaggle),bp35-0a0ad940_p2_events.jsonl,bp35,35,1,5,6.75,0.0,0.65,0.75,solved,0,arc3-job8-commit-prompt,True,0.75
0,,,Flash-Next (Kaggle),bp35-0a0ad940_p2_events.jsonl,bp35,35,1,,,,,,solved,,arc3-job8-commit-prompt,True,
0,,,Flash-Next (Kaggle),bp35-0a0ad940_p2_events.jsonl,bp35,2,2,,,,,,died,,arc3-job8-commit-prompt,False,
0,,,Flash-Next (Kaggle),bp35-0a0ad940_p2_events.jsonl,bp35,6,2,,,,,,died,,arc3-job8-commit-prompt,False,
10,0.6666666666666666,0.0,Flash-Next (Kaggle),bp35-0a0ad940_p3_events.jsonl,bp35,17,1,4,4.25,0.0,0.4,0.3,truncated,0,arc3-job8-commit-prompt,False,0.75
0,,,Flash-Next (Kaggle),bp35-0a0ad940_p3_events.jsonl,bp35,17,1,,,,,,truncated,,arc3-job8-commit-prompt,False,
10,0.6,0.1,Flash-Next (Kaggle),g50t-5849a774_p0_events.jsonl,g50t,52,1,5,6.2,0.1,0.4,0.3,truncated,0,arc3-job8-commit-prompt,False,0.6
20,0.8,0.4,Flash-Next (Kaggle),g50t-5849a774_p0_events.jsonl,g50t,52,1,5,9.2,0.25,0.3,0.2,truncated,0,arc3-job8-commit-prompt,False,0.8
40,1.0,0.575,Flash-Next (Kaggle),g50t-5849a774_p0_events.jsonl,g50t,52,1,5,12.4,0.125,0.225,0.125,truncated,0,arc3-job8-commit-prompt,False,1.0
0,,,Flash-Next (Kaggle),g50t-5849a774_p0_events.jsonl,g50t,52,1,,,,,,truncated,,arc3-job8-commit-prompt,False,
10,1.0,0.0,Flash-Next (Kaggle),g50t-5849a774_p1_events.jsonl,g50t,130,1,4,3.4,0.0,0.5,0.5,died,0,arc3-job8-commit-prompt,False,1.0
20,1.0,0.0,Flash-Next (Kaggle),g50t-5849a774_p1_events.jsonl,g50t,130,1,5,3.4,0.1,0.45,0.25,died,0,arc3-job8-commit-prompt,False,1.0
40,1.0,0.275,Flash-Next (Kaggle),g50t-5849a774_p1_events.jsonl,g50t,130,1,5,3.4,0.05,0.25,0.125,died,0,arc3-job8-commit-prompt,False,1.0
0,,,Flash-Next (Kaggle),g50t-5849a774_p1_events.jsonl,g50t,130,1,,,,,,died,,arc3-job8-commit-prompt,False,
0,,,Flash-Next (Kaggle),g50t-5849a774_p1_events.jsonl,g50t,8,1,,,,,,truncated,,arc3-job8-commit-prompt,False,
10,0.6,0.1,Flash-Next (Kaggle),g50t-5849a774_p2_events.jsonl,g50t,69,1,5,7.4,0.2,0.5,0.3,truncated,0,arc3-job8-commit-prompt,False,0.6
20,0.6,0.3,Flash-Next (Kaggle),g50t-5849a774_p2_events.jsonl,g50t,69,1,5,11.4,0.15,0.3,0.15,truncated,0,arc3-job8-commit-prompt,False,0.6
40,0.8,0.35,Flash-Next (Kaggle),g50t-5849a774_p2_events.jsonl,g50t,69,1,5,18.4,0.1,0.225,0.1,truncated,0,arc3-job8-commit-prompt,False,0.8
0,,,Flash-Next (Kaggle),g50t-5849a774_p2_events.jsonl,g50t,69,1,,,,,,truncated,,arc3-job8-commit-prompt,False,
10,0.8,0.0,Flash-Next (Kaggle),g50t-5849a774_p3_events.jsonl,g50t,11,1,5,7.0,0.1,0.5,0.4,truncated,0,arc3-job8-commit-prompt,False,0.8
0,,,Flash-Next (Kaggle),g50t-5849a774_p3_events.jsonl,g50t,11,1,,,,,,truncated,,arc3-job8-commit-prompt,False,
10,0.6,0.0,Flash-Next (Kaggle),lf52-271a04aa_p0_events.jsonl,lf52,27,1,1,5.333333333333333,0.0,0.8,0.9,solved,0,arc3-job8-commit-prompt,True,0.6666666666666666
20,0.6,0.0,Flash-Next (Kaggle),lf52-271a04aa_p0_events.jsonl,lf52,27,1,1,8.666666666666666,0.0,0.5,0.7,solved,0,arc3-job8-commit-prompt,True,0.6666666666666666
0,,,Flash-Next (Kaggle),lf52-271a04aa_p0_events.jsonl,lf52,27,1,,,,,,solved,,arc3-job8-commit-prompt,True,
10,0.0,0.0,Flash-Next (Kaggle),lf52-271a04aa_p0_events.jsonl,lf52,191,2,1,9.333333333333334,0.0,0.6,0.9,truncated,0,arc3-job8-commit-prompt,False,0.16666666666666666
20,0.0,0.0,Flash-Next (Kaggle),lf52-271a04aa_p0_events.jsonl,lf52,191,2,2,17.666666666666668,0.0,0.35,0.6,truncated,0,arc3-job8-commit-prompt,False,0.16666666666666666
40,0.2,0.0,Flash-Next (Kaggle),lf52-271a04aa_p0_events.jsonl,lf52,191,2,2,33.5,0.0,0.275,0.425,truncated,0,arc3-job8-commit-prompt,False,0.3333333333333333
0,,,Flash-Next (Kaggle),lf52-271a04aa_p0_events.jsonl,lf52,191,2,,,,,,truncated,,arc3-job8-commit-prompt,False,
10,0.2,0.0,Flash-Next (Kaggle),lf52-271a04aa_p1_events.jsonl,lf52,13,1,2,7.833333333333333,0.0,0.6,0.8,solved,0,arc3-job8-commit-prompt,True,0.3333333333333333
0,,,Flash-Next (Kaggle),lf52-271a04aa_p1_events.jsonl,lf52,13,1,,,,,,solved,,arc3-job8-commit-prompt,True,
10,0.0,0.0,Flash-Next (Kaggle),lf52-271a04aa_p1_events.jsonl,lf52,78,2,1,9.333333333333334,0.0,0.6,0.9,solved,0,arc3-job8-commit-prompt,True,0.16666666666666666
20,0.8,0.0,Flash-Next (Kaggle),lf52-271a04aa_p1_events.jsonl,lf52,78,2,3,12.0,0.0,0.7,0.65,solved,0,arc3-job8-commit-prompt,True,0.8333333333333334
40,0.8,0.0,Flash-Next (Kaggle),lf52-271a04aa_p1_events.jsonl,lf52,78,2,10,15.333333333333334,0.0,0.55,0.375,solved,0,arc3-job8-commit-prompt,True,0.8333333333333334
0,,,Flash-Next (Kaggle),lf52-271a04aa_p1_events.jsonl,lf52,78,2,,,,,,solved,,arc3-job8-commit-prompt,True,
10,0.8,0.0,Flash-Next (Kaggle),lf52-271a04aa_p1_events.jsonl,lf52,36,3,3,4.833333333333333,0.0,0.7,0.5,truncated,0,arc3-job8-commit-prompt,False,0.8333333333333334
20,0.8,0.0,Flash-Next (Kaggle),lf52-271a04aa_p1_events.jsonl,lf52,36,3,4,6.5,0.0,0.75,0.55,truncated,0,arc3-job8-commit-prompt,False,0.8333333333333334
0,,,Flash-Next (Kaggle),lf52-271a04aa_p1_events.jsonl,lf52,36,3,,,,,,truncated,,arc3-job8-commit-prompt,False,
10,0.2,0.0,Flash-Next (Kaggle),lf52-271a04aa_p2_events.jsonl,lf52,20,1,1,8.0,0.0,0.6,0.6,solved,0,arc3-job8-commit-prompt,True,0.3333333333333333
20,0.2,0.0,Flash-Next (Kaggle),lf52-271a04aa_p2_events.jsonl,lf52,20,1,2,14.666666666666666,0.0,0.4,0.65,solved,0,arc3-job8-commit-prompt,True,0.3333333333333333
0,,,Flash-Next (Kaggle),lf52-271a04aa_p2_events.jsonl,lf52,20,1,,,,,,solved,,arc3-job8-commit-prompt,True,
10,0.4,0.0,Flash-Next (Kaggle),lf52-271a04aa_p2_events.jsonl,lf52,64,2,1,8.833333333333334,0.0,0.8,1.0,truncated,0,arc3-job8-commit-prompt,False,0.5
20,0.8,0.0,Flash-Next (Kaggle),lf52-271a04aa_p2_events.jsonl,lf52,64,2,2,10.666666666666666,0.0,0.55,0.7,truncated,0,arc3-job8-commit-prompt,False,0.8333333333333334
40,0.8,0.0,Flash-Next (Kaggle),lf52-271a04aa_p2_events.jsonl,lf52,64,2,2,14.0,0.0,0.4,0.425,truncated,0,arc3-job8-commit-prompt,False,0.8333333333333334
0,,,Flash-Next (Kaggle),lf52-271a04aa_p2_events.jsonl,lf52,64,2,,,,,,truncated,,arc3-job8-commit-prompt,False,
10,0.2,0.0,Flash-Next (Kaggle),lf52-271a04aa_p3_events.jsonl,lf52,20,1,1,7.833333333333333,0.0,0.7,0.7,solved,0,arc3-job8-commit-prompt,True,0.3333333333333333
20,0.2,0.0,Flash-Next (Kaggle),lf52-271a04aa_p3_events.jsonl,lf52,20,1,1,14.5,0.0,0.4,0.65,solved,0,arc3-job8-commit-prompt,True,0.3333333333333333
0,,,Flash-Next (Kaggle),lf52-271a04aa_p3_events.jsonl,lf52,20,1,,,,,,solved,,arc3-job8-commit-prompt,True,
0,,,Flash-Next (Kaggle),lf52-271a04aa_p3_events.jsonl,lf52,8,2,,,,,,truncated,,arc3-job8-commit-prompt,False,
10,1.0,0.0,Flash-Next (Kaggle),ls20-9607627b_p0_events.jsonl,ls20,28,1,4,5.0,0.1,0.4,0.4,solved,0,arc3-job8-commit-prompt,True,1.0
20,1.0,0.0,Flash-Next (Kaggle),ls20-9607627b_p0_events.jsonl,ls20,28,1,4,5.0,0.05,0.25,0.2,solved,0,arc3-job8-commit-prompt,True,1.0
0,,,Flash-Next (Kaggle),ls20-9607627b_p0_events.jsonl,ls20,28,1,,,,,,solved,,arc3-job8-commit-prompt,True,
10,0.75,0.0,Flash-Next (Kaggle),ls20-9607627b_p0_events.jsonl,ls20,66,2,5,5.75,0.0,0.5,0.3,died,0,arc3-job8-commit-prompt,False,0.75
20,0.75,0.0,Flash-Next (Kaggle),ls20-9607627b_p0_events.jsonl,ls20,66,2,6,8.25,0.0,0.3,0.15,died,0,arc3-job8-commit-prompt,False,0.75
40,1.0,0.0,Flash-Next (Kaggle),ls20-9607627b_p0_events.jsonl,ls20,66,2,7,9.0,0.0,0.2,0.1,died,0,arc3-job8-commit-prompt,False,1.0
0,,,Flash-Next (Kaggle),ls20-9607627b_p0_events.jsonl,ls20,66,2,,,,,,died,,arc3-job8-commit-prompt,False,
10,0.75,0.0,Flash-Next (Kaggle),ls20-9607627b_p0_events.jsonl,ls20,168,2,5,6.0,0.0,0.4,0.3,died,2,arc3-job8-commit-prompt,False,0.75
20,1.0,0.0,Flash-Next (Kaggle),ls20-9607627b_p0_events.jsonl,ls20,168,2,7,8.0,0.0,0.3,0.2,died,2,arc3-job8-commit-prompt,False,1.0
40,1.0,0.0,Flash-Next (Kaggle),ls20-9607627b_p0_events.jsonl,ls20,168,2,7,8.0,0.0,0.25,0.1,died,2,arc3-job8-commit-prompt,False,1.0
0,,,Flash-Next (Kaggle),ls20-9607627b_p0_events.jsonl,ls20,168,2,,,,,,died,,arc3-job8-commit-prompt,False,
10,0.75,0.0,Flash-Next (Kaggle),ls20-9607627b_p1_events.jsonl,ls20,24,1,5,4.25,0.0,0.3,0.3,solved,0,arc3-job8-commit-prompt,True,0.75
20,1.0,0.05,Flash-Next (Kaggle),ls20-9607627b_p1_events.jsonl,ls20,24,1,6,4.5,0.05,0.3,0.2,solved,0,arc3-job8-commit-prompt,True,1.0
0,,,Flash-Next (Kaggle),ls20-9607627b_p1_events.jsonl,ls20,24,1,,,,,,solved,,arc3-job8-commit-prompt,True,
10,0.75,0.0,Flash-Next (Kaggle),ls20-9607627b_p1_events.jsonl,ls20,125,2,5,6.0,0.0,0.4,0.3,died,0,arc3-job8-commit-prompt,False,0.75
20,1.0,0.0,Flash-Next (Kaggle),ls20-9607627b_p1_events.jsonl,ls20,125,2,7,8.0,0.0,0.3,0.2,died,0,arc3-job8-commit-prompt,False,1.0
40,1.0,0.0,Flash-Next (Kaggle),ls20-9607627b_p1_events.jsonl,ls20,125,2,7,8.0,0.0,0.175,0.1,died,0,arc3-job8-commit-prompt,False,1.0
0,,,Flash-Next (Kaggle),ls20-9607627b_p1_events.jsonl,ls20,125,2,,,,,,died,,arc3-job8-commit-prompt,False,
10,0.75,0.0,Flash-Next (Kaggle),ls20-9607627b_p1_events.jsonl,ls20,17,2,5,5.5,0.0,0.4,0.3,truncated,2,arc3-job8-commit-prompt,False,0.75
0,,,Flash-Next (Kaggle),ls20-9607627b_p1_events.jsonl,ls20,17,2,,,,,,truncated,,arc3-job8-commit-prompt,False,
10,1.0,0.0,Flash-Next (Kaggle),ls20-9607627b_p2_events.jsonl,ls20,57,1,3,2.75,0.0,0.4,0.4,truncated,0,arc3-job8-commit-prompt,False,1.0
20,1.0,0.0,Flash-Next (Kaggle),ls20-9607627b_p2_events.jsonl,ls20,57,1,7,2.75,0.05,0.2,0.2,truncated,0,arc3-job8-commit-prompt,False,1.0
40,1.0,0.2,Flash-Next (Kaggle),ls20-9607627b_p2_events.jsonl,ls20,57,1,7,2.75,0.05,0.175,0.1,truncated,0,arc3-job8-commit-prompt,False,1.0
0,,,Flash-Next (Kaggle),ls20-9607627b_p2_events.jsonl,ls20,57,1,,,,,,truncated,,arc3-job8-commit-prompt,False,
10,1.0,0.0,Flash-Next (Kaggle),ls20-9607627b_p3_events.jsonl,ls20,18,1,4,2.5,0.0,0.4,0.4,solved,0,arc3-job8-commit-prompt,True,1.0
0,,,Flash-Next (Kaggle),ls20-9607627b_p3_events.jsonl,ls20,18,1,,,,,,solved,,arc3-job8-commit-prompt,True,
10,0.75,0.0,Flash-Next (Kaggle),ls20-9607627b_p3_events.jsonl,ls20,40,2,5,5.5,0.0,0.4,0.3,truncated,0,arc3-job8-commit-prompt,False,0.75
20,1.0,0.05,Flash-Next (Kaggle),ls20-9607627b_p3_events.jsonl,ls20,40,2,5,5.5,0.1,0.25,0.2,truncated,0,arc3-job8-commit-prompt,False,1.0
40,1.0,0.225,Flash-Next (Kaggle),ls20-9607627b_p3_events.jsonl,ls20,40,2,7,5.5,0.05,0.15,0.1,truncated,0,arc3-job8-commit-prompt,False,1.0
0,,,Flash-Next (Kaggle),ls20-9607627b_p3_events.jsonl,ls20,40,2,,,,,,truncated,,arc3-job8-commit-prompt,False,
10,0.8,0.0,Flash-Next (Kaggle),sk48-d8078629_p0_events.jsonl,sk48,16,1,3,7.333333333333333,0.0,0.4,0.4,solved,0,arc3-job8-commit-prompt,True,0.6666666666666666
0,,,Flash-Next (Kaggle),sk48-d8078629_p0_events.jsonl,sk48,16,1,,,,,,solved,,arc3-job8-commit-prompt,True,
10,0.6,0.0,Flash-Next (Kaggle),sk48-d8078629_p0_events.jsonl,sk48,61,2,6,8.0,0.0,0.3,0.3,truncated,0,arc3-job8-commit-prompt,False,0.5
20,0.6,0.15,Flash-Next (Kaggle),sk48-d8078629_p0_events.jsonl,sk48,61,2,6,11.333333333333334,0.1,0.3,0.2,truncated,0,arc3-job8-commit-prompt,False,0.6666666666666666
40,0.8,0.2,Flash-Next (Kaggle),sk48-d8078629_p0_events.jsonl,sk48,61,2,8,14.666666666666666,0.15,0.25,0.175,truncated,0,arc3-job8-commit-prompt,False,0.8333333333333334
0,,,Flash-Next (Kaggle),sk48-d8078629_p0_events.jsonl,sk48,61,2,,,,,,truncated,,arc3-job8-commit-prompt,False,
10,0.4,0.3,Flash-Next (Kaggle),sk48-d8078629_p1_events.jsonl,sk48,99,1,7,7.833333333333333,0.3,0.2,0.2,truncated,0,arc3-job8-commit-prompt,False,0.3333333333333333
20,0.6,0.3,Flash-Next (Kaggle),sk48-d8078629_p1_events.jsonl,sk48,99,1,7,13.0,0.3,0.15,0.15,truncated,0,arc3-job8-commit-prompt,False,0.5
40,0.8,0.625,Flash-Next (Kaggle),sk48-d8078629_p1_events.jsonl,sk48,99,1,7,21.166666666666668,0.175,0.1,0.1,truncated,0,arc3-job8-commit-prompt,False,0.6666666666666666
0,,,Flash-Next (Kaggle),sk48-d8078629_p1_events.jsonl,sk48,99,1,,,,,,truncated,,arc3-job8-commit-prompt,False,
10,0.6,0.0,Flash-Next (Kaggle),sk48-d8078629_p2_events.jsonl,sk48,59,1,2,6.5,0.1,0.3,0.3,truncated,0,arc3-job8-commit-prompt,False,0.5
20,0.8,0.05,Flash-Next (Kaggle),sk48-d8078629_p2_events.jsonl,sk48,59,1,6,9.833333333333334,0.05,0.2,0.2,truncated,0,arc3-job8-commit-prompt,False,0.6666666666666666
40,0.8,0.075,Flash-Next (Kaggle),sk48-d8078629_p2_events.jsonl,sk48,59,1,6,14.166666666666666,0.075,0.125,0.125,truncated,0,arc3-job8-commit-prompt,False,0.8333333333333334
0,,,Flash-Next (Kaggle),sk48-d8078629_p2_events.jsonl,sk48,59,1,,,,,,truncated,,arc3-job8-commit-prompt,False,
10,0.6,0.0,Flash-Next (Kaggle),sk48-d8078629_p3_events.jsonl,sk48,57,1,5,6.5,0.1,0.3,0.3,truncated,0,arc3-job8-commit-prompt,False,0.5
20,0.8,0.1,Flash-Next (Kaggle),sk48-d8078629_p3_events.jsonl,sk48,57,1,6,10.0,0.2,0.2,0.2,truncated,0,arc3-job8-commit-prompt,False,0.6666666666666666
40,0.8,0.55,Flash-Next (Kaggle),sk48-d8078629_p3_events.jsonl,sk48,57,1,6,16.666666666666668,0.1,0.1,0.1,truncated,0,arc3-job8-commit-prompt,False,0.6666666666666666
0,,,Flash-Next (Kaggle),sk48-d8078629_p3_events.jsonl,sk48,57,1,,,,,,truncated,,arc3-job8-commit-prompt,False,
10,,0.0,Flash-Next (Kaggle),tn36-ef4dde99_p0_events.jsonl,tn36,61,1,1,,0.0,0.8,0.9,died,0,arc3-job8-commit-prompt,False,
20,,0.0,Flash-Next (Kaggle),tn36-ef4dde99_p0_events.jsonl,tn36,61,1,1,,0.0,0.6,0.75,died,0,arc3-job8-commit-prompt,False,
40,,0.0,Flash-Next (Kaggle),tn36-ef4dde99_p0_events.jsonl,tn36,61,1,1,,0.0,0.325,0.575,died,0,arc3-job8-commit-prompt,False,
0,,,Flash-Next (Kaggle),tn36-ef4dde99_p0_events.jsonl,tn36,61,1,,,,,,died,,arc3-job8-commit-prompt,False,
10,,0.0,Flash-Next (Kaggle),tn36-ef4dde99_p0_events.jsonl,tn36,52,1,2,,0.0,0.5,0.8,truncated,2,arc3-job8-commit-prompt,False,
20,,0.0,Flash-Next (Kaggle),tn36-ef4dde99_p0_events.jsonl,tn36,52,1,2,,0.0,0.25,0.45,truncated,2,arc3-job8-commit-prompt,False,
40,,0.0,Flash-Next (Kaggle),tn36-ef4dde99_p0_events.jsonl,tn36,52,1,2,,0.0,0.2,0.35,truncated,2,arc3-job8-commit-prompt,False,
0,,,Flash-Next (Kaggle),tn36-ef4dde99_p0_events.jsonl,tn36,52,1,,,,,,truncated,,arc3-job8-commit-prompt,False,
10,,0.0,Flash-Next (Kaggle),tn36-ef4dde99_p1_events.jsonl,tn36,61,1,4,,0.0,0.3,0.5,died,0,arc3-job8-commit-prompt,False,
20,,0.0,Flash-Next (Kaggle),tn36-ef4dde99_p1_events.jsonl,tn36,61,1,4,,0.0,0.2,0.35,died,0,arc3-job8-commit-prompt,False,
40,,0.0,Flash-Next (Kaggle),tn36-ef4dde99_p1_events.jsonl,tn36,61,1,4,,0.0,0.3,0.5,died,0,arc3-job8-commit-prompt,False,
0,,,Flash-Next (Kaggle),tn36-ef4dde99_p1_events.jsonl,tn36,61,1,,,,,,died,,arc3-job8-commit-prompt,False,
10,,0.0,Flash-Next (Kaggle),tn36-ef4dde99_p1_events.jsonl,tn36,61,1,1,,0.0,0.6,0.8,died,2,arc3-job8-commit-prompt,False,
20,,0.0,Flash-Next (Kaggle),tn36-ef4dde99_p1_events.jsonl,tn36,61,1,1,,0.0,0.5,0.8,died,2,arc3-job8-commit-prompt,False,
40,,0.0,Flash-Next (Kaggle),tn36-ef4dde99_p1_events.jsonl,tn36,61,1,2,,0.0,0.275,0.425,died,2,arc3-job8-commit-prompt,False,
0,,,Flash-Next (Kaggle),tn36-ef4dde99_p1_events.jsonl,tn36,61,1,,,,,,died,,arc3-job8-commit-prompt,False,
10,,0.0,Flash-Next (Kaggle),tn36-ef4dde99_p1_events.jsonl,tn36,34,1,1,,0.0,0.5,0.5,truncated,4,arc3-job8-commit-prompt,False,
20,,0.0,Flash-Next (Kaggle),tn36-ef4dde99_p1_events.jsonl,tn36,34,1,1,,0.0,0.25,0.3,truncated,4,arc3-job8-commit-prompt,False,
0,,,Flash-Next (Kaggle),tn36-ef4dde99_p1_events.jsonl,tn36,34,1,,,,,,truncated,,arc3-job8-commit-prompt,False,
10,,0.0,Flash-Next (Kaggle),tn36-ef4dde99_p2_events.jsonl,tn36,61,1,1,,0.0,0.7,0.8,died,0,arc3-job8-commit-prompt,False,
20,,0.0,Flash-Next (Kaggle),tn36-ef4dde99_p2_events.jsonl,tn36,61,1,1,,0.0,0.4,0.55,died,0,arc3-job8-commit-prompt,False,
40,,0.0,Flash-Next (Kaggle),tn36-ef4dde99_p2_events.jsonl,tn36,61,1,2,,0.0,0.2,0.275,died,0,arc3-job8-commit-prompt,False,
0,,,Flash-Next (Kaggle),tn36-ef4dde99_p2_events.jsonl,tn36,61,1,,,,,,died,,arc3-job8-commit-prompt,False,
10,,0.0,Flash-Next (Kaggle),tn36-ef4dde99_p2_events.jsonl,tn36,61,1,1,,0.0,0.4,0.6,died,2,arc3-job8-commit-prompt,False,
20,,0.0,Flash-Next (Kaggle),tn36-ef4dde99_p2_events.jsonl,tn36,61,1,1,,0.0,0.2,0.35,died,2,arc3-job8-commit-prompt,False,
40,,0.0,Flash-Next (Kaggle),tn36-ef4dde99_p2_events.jsonl,tn36,61,1,1,,0.0,0.2,0.325,died,2,arc3-job8-commit-prompt,False,
0,,,Flash-Next (Kaggle),tn36-ef4dde99_p2_events.jsonl,tn36,61,1,,,,,,died,,arc3-job8-commit-prompt,False,
10,,0.0,Flash-Next (Kaggle),tn36-ef4dde99_p2_events.jsonl,tn36,61,1,2,,0.0,0.4,0.6,died,4,arc3-job8-commit-prompt,False,
20,,0.0,Flash-Next (Kaggle),tn36-ef4dde99_p2_events.jsonl,tn36,61,1,2,,0.0,0.2,0.35,died,4,arc3-job8-commit-prompt,False,
40,,0.0,Flash-Next (Kaggle),tn36-ef4dde99_p2_events.jsonl,tn36,61,1,2,,0.0,0.1,0.225,died,4,arc3-job8-commit-prompt,False,
0,,,Flash-Next (Kaggle),tn36-ef4dde99_p2_events.jsonl,tn36,61,1,,,,,,died,,arc3-job8-commit-prompt,False,
10,,0.0,Flash-Next (Kaggle),tn36-ef4dde99_p2_events.jsonl,tn36,58,1,1,,0.0,0.4,0.5,truncated,6,arc3-job8-commit-prompt,False,
20,,0.0,Flash-Next (Kaggle),tn36-ef4dde99_p2_events.jsonl,tn36,58,1,1,,0.0,0.2,0.35,truncated,6,arc3-job8-commit-prompt,False,
40,,0.0,Flash-Next (Kaggle),tn36-ef4dde99_p2_events.jsonl,tn36,58,1,1,,0.0,0.1,0.2,truncated,6,arc3-job8-commit-prompt,False,
0,,,Flash-Next (Kaggle),tn36-ef4dde99_p2_events.jsonl,tn36,58,1,,,,,,truncated,,arc3-job8-commit-prompt,False,
10,,0.0,Flash-Next (Kaggle),tn36-ef4dde99_p3_events.jsonl,tn36,61,1,1,,0.0,0.6,0.7,died,0,arc3-job8-commit-prompt,False,
20,,0.0,Flash-Next (Kaggle),tn36-ef4dde99_p3_events.jsonl,tn36,61,1,1,,0.0,0.35,0.4,died,0,arc3-job8-commit-prompt,False,
40,,0.0,Flash-Next (Kaggle),tn36-ef4dde99_p3_events.jsonl,tn36,61,1,1,,0.0,0.225,0.225,died,0,arc3-job8-commit-prompt,False,
0,,,Flash-Next (Kaggle),tn36-ef4dde99_p3_events.jsonl,tn36,61,1,,,,,,died,,arc3-job8-commit-prompt,False,
10,,0.0,Flash-Next (Kaggle),tn36-ef4dde99_p3_events.jsonl,tn36,61,1,1,,0.0,0.4,0.7,died,2,arc3-job8-commit-prompt,False,
20,,0.0,Flash-Next (Kaggle),tn36-ef4dde99_p3_events.jsonl,tn36,61,1,1,,0.0,0.2,0.5,died,2,arc3-job8-commit-prompt,False,
40,,0.0,Flash-Next (Kaggle),tn36-ef4dde99_p3_events.jsonl,tn36,61,1,1,,0.0,0.1,0.25,died,2,arc3-job8-commit-prompt,False,
0,,,Flash-Next (Kaggle),tn36-ef4dde99_p3_events.jsonl,tn36,61,1,,,,,,died,,arc3-job8-commit-prompt,False,
10,0.8,0.4,Flash-Next (Kaggle),wa30-ee6fef47_p0_events.jsonl,wa30,72,1,4,6.2,0.2,0.4,0.4,solved,0,arc3-job8-commit-prompt,True,0.8
20,1.0,0.4,Flash-Next (Kaggle),wa30-ee6fef47_p0_events.jsonl,wa30,72,1,4,6.2,0.1,0.25,0.25,solved,0,arc3-job8-commit-prompt,True,1.0
40,1.0,0.375,Flash-Next (Kaggle),wa30-ee6fef47_p0_events.jsonl,wa30,72,1,5,6.2,0.075,0.15,0.125,solved,0,arc3-job8-commit-prompt,True,1.0
0,,,Flash-Next (Kaggle),wa30-ee6fef47_p0_events.jsonl,wa30,72,1,,,,,,solved,,arc3-job8-commit-prompt,True,
10,0.4,0.0,Flash-Next (Kaggle),wa30-ee6fef47_p0_events.jsonl,wa30,70,2,7,8.4,0.0,0.3,0.2,died,0,arc3-job8-commit-prompt,False,0.4
20,1.0,0.0,Flash-Next (Kaggle),wa30-ee6fef47_p0_events.jsonl,wa30,70,2,7,10.6,0.0,0.4,0.25,died,0,arc3-job8-commit-prompt,False,1.0
40,1.0,0.0,Flash-Next (Kaggle),wa30-ee6fef47_p0_events.jsonl,wa30,70,2,7,10.6,0.0,0.225,0.125,died,0,arc3-job8-commit-prompt,False,1.0
0,,,Flash-Next (Kaggle),wa30-ee6fef47_p0_events.jsonl,wa30,70,2,,,,,,died,,arc3-job8-commit-prompt,False,
10,0.6,0.0,Flash-Next (Kaggle),wa30-ee6fef47_p0_events.jsonl,wa30,18,2,5,6.4,0.0,0.3,0.3,truncated,2,arc3-job8-commit-prompt,False,0.6
0,,,Flash-Next (Kaggle),wa30-ee6fef47_p0_events.jsonl,wa30,18,2,,,,,,truncated,,arc3-job8-commit-prompt,False,
10,0.8,0.3,Flash-Next (Kaggle),wa30-ee6fef47_p1_events.jsonl,wa30,37,1,3,6.2,0.1,0.4,0.4,solved,0,arc3-job8-commit-prompt,True,0.8
20,1.0,0.3,Flash-Next (Kaggle),wa30-ee6fef47_p1_events.jsonl,wa30,37,1,4,7.4,0.1,0.25,0.25,solved,0,arc3-job8-commit-prompt,True,1.0
0,,,Flash-Next (Kaggle),wa30-ee6fef47_p1_events.jsonl,wa30,37,1,,,,,,solved,,arc3-job8-commit-prompt,True,
10,0.8,0.0,Flash-Next (Kaggle),wa30-ee6fef47_p1_events.jsonl,wa30,70,2,3,6.2,0.0,0.5,0.4,died,0,arc3-job8-commit-prompt,False,0.8
20,1.0,0.0,Flash-Next (Kaggle),wa30-ee6fef47_p1_events.jsonl,wa30,70,2,3,6.6,0.0,0.45,0.25,died,0,arc3-job8-commit-prompt,False,1.0
40,1.0,0.0,Flash-Next (Kaggle),wa30-ee6fef47_p1_events.jsonl,wa30,70,2,5,6.6,0.0,0.25,0.125,died,0,arc3-job8-commit-prompt,False,1.0
0,,,Flash-Next (Kaggle),wa30-ee6fef47_p1_events.jsonl,wa30,70,2,,,,,,died,,arc3-job8-commit-prompt,False,
10,0.4,0.0,Flash-Next (Kaggle),wa30-ee6fef47_p1_events.jsonl,wa30,57,2,6,7.8,0.0,0.3,0.2,truncated,2,arc3-job8-commit-prompt,False,0.4
20,1.0,0.0,Flash-Next (Kaggle),wa30-ee6fef47_p1_events.jsonl,wa30,57,2,10,10.8,0.0,0.3,0.25,truncated,2,arc3-job8-commit-prompt,False,1.0
40,1.0,0.0,Flash-Next (Kaggle),wa30-ee6fef47_p1_events.jsonl,wa30,57,2,10,10.8,0.0,0.2,0.125,truncated,2,arc3-job8-commit-prompt,False,1.0
0,,,Flash-Next (Kaggle),wa30-ee6fef47_p1_events.jsonl,wa30,57,2,,,,,,truncated,,arc3-job8-commit-prompt,False,
10,0.8,0.3,Flash-Next (Kaggle),wa30-ee6fef47_p2_events.jsonl,wa30,73,1,3,5.6,0.1,0.4,0.4,solved,0,arc3-job8-commit-prompt,True,0.8
20,1.0,0.3,Flash-Next (Kaggle),wa30-ee6fef47_p2_events.jsonl,wa30,73,1,4,6.8,0.1,0.25,0.25,solved,0,arc3-job8-commit-prompt,True,1.0
40,1.0,0.425,Flash-Next (Kaggle),wa30-ee6fef47_p2_events.jsonl,wa30,73,1,4,6.8,0.075,0.125,0.125,solved,0,arc3-job8-commit-prompt,True,1.0
0,,,Flash-Next (Kaggle),wa30-ee6fef47_p2_events.jsonl,wa30,73,1,,,,,,solved,,arc3-job8-commit-prompt,True,
10,0.4,0.0,Flash-Next (Kaggle),wa30-ee6fef47_p2_events.jsonl,wa30,70,2,6,8.2,0.0,0.3,0.2,died,0,arc3-job8-commit-prompt,False,0.4
20,0.8,0.0,Flash-Next (Kaggle),wa30-ee6fef47_p2_events.jsonl,wa30,70,2,6,11.6,0.0,0.3,0.2,died,0,arc3-job8-commit-prompt,False,0.8
40,1.0,0.0,Flash-Next (Kaggle),wa30-ee6fef47_p2_events.jsonl,wa30,70,2,6,12.4,0.0,0.2,0.125,died,0,arc3-job8-commit-prompt,False,1.0
0,,,Flash-Next (Kaggle),wa30-ee6fef47_p2_events.jsonl,wa30,70,2,,,,,,died,,arc3-job8-commit-prompt,False,
10,0.4,0.0,Flash-Next (Kaggle),wa30-ee6fef47_p2_events.jsonl,wa30,70,2,5,8.0,0.0,0.3,0.2,died,2,arc3-job8-commit-prompt,False,0.4
20,0.4,0.0,Flash-Next (Kaggle),wa30-ee6fef47_p2_events.jsonl,wa30,70,2,9,14.0,0.0,0.15,0.1,died,2,arc3-job8-commit-prompt,False,0.4
40,0.8,0.0,Flash-Next (Kaggle),wa30-ee6fef47_p2_events.jsonl,wa30,70,2,18,23.8,0.0,0.15,0.1,died,2,arc3-job8-commit-prompt,False,0.8
0,,,Flash-Next (Kaggle),wa30-ee6fef47_p2_events.jsonl,wa30,70,2,,,,,,died,,arc3-job8-commit-prompt,False,
10,0.8,0.1,Flash-Next (Kaggle),wa30-ee6fef47_p3_events.jsonl,wa30,39,1,4,7.0,0.2,0.4,0.4,solved,0,arc3-job8-commit-prompt,True,0.8
20,1.0,0.3,Flash-Next (Kaggle),wa30-ee6fef47_p3_events.jsonl,wa30,39,1,4,7.2,0.1,0.25,0.25,solved,0,arc3-job8-commit-prompt,True,1.0
0,,,Flash-Next (Kaggle),wa30-ee6fef47_p3_events.jsonl,wa30,39,1,,,,,,solved,,arc3-job8-commit-prompt,True,
10,0.4,0.0,Flash-Next (Kaggle),wa30-ee6fef47_p3_events.jsonl,wa30,13,2,5,8.0,0.0,0.3,0.2,truncated,0,arc3-job8-commit-prompt,False,0.4
0,,,Flash-Next (Kaggle),wa30-ee6fef47_p3_events.jsonl,wa30,13,2,,,,,,truncated,,arc3-job8-commit-prompt,False,
10,0.6666666666666666,0.0,Flash-Next (Kaggle),bp35-0a0ad940_p0_events.jsonl,bp35,55,1,3,5.25,0.0,0.5,0.7,solved,0,arc3-job9-visual-first,True,0.75
20,0.6666666666666666,0.0,Flash-Next (Kaggle),bp35-0a0ad940_p0_events.jsonl,bp35,55,1,3,7.75,0.0,0.7,0.7,solved,0,arc3-job9-visual-first,True,0.75
40,0.6666666666666666,0.0,Flash-Next (Kaggle),bp35-0a0ad940_p0_events.jsonl,bp35,55,1,5,12.75,0.0,0.5,0.5,solved,0,arc3-job9-visual-first,True,0.75
0,,,Flash-Next (Kaggle),bp35-0a0ad940_p0_events.jsonl,bp35,55,1,,,,,,solved,,arc3-job9-visual-first,True,
0,,,Flash-Next (Kaggle),bp35-0a0ad940_p0_events.jsonl,bp35,9,2,,,,,,died,,arc3-job9-visual-first,False,
10,0.6666666666666666,0.0,Flash-Next (Kaggle),bp35-0a0ad940_p1_events.jsonl,bp35,35,1,6,5.75,0.0,0.4,0.3,solved,0,arc3-job9-visual-first,True,0.75
20,0.6666666666666666,0.0,Flash-Next (Kaggle),bp35-0a0ad940_p1_events.jsonl,bp35,35,1,6,8.25,0.0,0.45,0.35,solved,0,arc3-job9-visual-first,True,0.75
0,,,Flash-Next (Kaggle),bp35-0a0ad940_p1_events.jsonl,bp35,35,1,,,,,,solved,,arc3-job9-visual-first,True,
0,,,Flash-Next (Kaggle),bp35-0a0ad940_p1_events.jsonl,bp35,9,2,,,,,,died,,arc3-job9-visual-first,False,
0,,,Flash-Next (Kaggle),bp35-0a0ad940_p1_events.jsonl,bp35,4,2,,,,,,truncated,,arc3-job9-visual-first,False,
10,0.6666666666666666,0.0,Flash-Next (Kaggle),bp35-0a0ad940_p2_events.jsonl,bp35,51,1,1,4.75,0.0,0.9,1.0,solved,0,arc3-job9-visual-first,True,0.75
20,0.6666666666666666,0.0,Flash-Next (Kaggle),bp35-0a0ad940_p2_events.jsonl,bp35,51,1,6,7.25,0.0,0.6,0.5,solved,0,arc3-job9-visual-first,True,0.75
40,0.6666666666666666,0.0,Flash-Next (Kaggle),bp35-0a0ad940_p2_events.jsonl,bp35,51,1,6,12.25,0.0,0.45,0.425,solved,0,arc3-job9-visual-first,True,0.75
0,,,Flash-Next (Kaggle),bp35-0a0ad940_p2_events.jsonl,bp35,51,1,,,,,,solved,,arc3-job9-visual-first,True,
0,,,Flash-Next (Kaggle),bp35-0a0ad940_p2_events.jsonl,bp35,3,2,,,,,,died,,arc3-job9-visual-first,False,
0,,,Flash-Next (Kaggle),bp35-0a0ad940_p2_events.jsonl,bp35,4,2,,,,,,died,,arc3-job9-visual-first,False,
0,,,Flash-Next (Kaggle),bp35-0a0ad940_p2_events.jsonl,bp35,3,2,,,,,,died,,arc3-job9-visual-first,False,
0,,,Flash-Next (Kaggle),bp35-0a0ad940_p2_events.jsonl,bp35,5,2,,,,,,died,,arc3-job9-visual-first,False,
10,0.3333333333333333,0.0,Flash-Next (Kaggle),bp35-0a0ad940_p3_events.jsonl,bp35,23,1,2,6.5,0.0,0.8,0.9,truncated,0,arc3-job9-visual-first,False,0.5
20,0.6666666666666666,0.0,Flash-Next (Kaggle),bp35-0a0ad940_p3_events.jsonl,bp35,23,1,4,9.5,0.0,0.6,0.55,truncated,0,arc3-job9-visual-first,False,0.75
0,,,Flash-Next (Kaggle),bp35-0a0ad940_p3_events.jsonl,bp35,23,1,,,,,,truncated,,arc3-job9-visual-first,False,
10,1.0,0.1,Flash-Next (Kaggle),g50t-5849a774_p0_events.jsonl,g50t,41,1,1,3.0,0.3,0.5,0.5,died,0,arc3-job9-visual-first,False,1.0
20,1.0,0.3,Flash-Next (Kaggle),g50t-5849a774_p0_events.jsonl,g50t,41,1,5,3.0,0.15,0.4,0.25,died,0,arc3-job9-visual-first,False,1.0
40,1.0,0.475,Flash-Next (Kaggle),g50t-5849a774_p0_events.jsonl,g50t,41,1,7,3.0,0.175,0.275,0.125,died,0,arc3-job9-visual-first,False,1.0
0,,,Flash-Next (Kaggle),g50t-5849a774_p0_events.jsonl,g50t,41,1,,,,,,died,,arc3-job9-visual-first,False,
10,0.8,0.5,Flash-Next (Kaggle),g50t-5849a774_p0_events.jsonl,g50t,56,1,4,4.2,0.3,0.5,0.4,solved,2,arc3-job9-visual-first,True,0.8
20,0.8,0.75,Flash-Next (Kaggle),g50t-5849a774_p0_events.jsonl,g50t,56,1,6,6.2,0.3,0.3,0.2,solved,2,arc3-job9-visual-first,True,0.8
40,1.0,0.725,Flash-Next (Kaggle),g50t-5849a774_p0_events.jsonl,g50t,56,1,14,9.8,0.275,0.25,0.125,solved,2,arc3-job9-visual-first,True,1.0
0,,,Flash-Next (Kaggle),g50t-5849a774_p0_events.jsonl,g50t,56,1,,,,,,solved,,arc3-job9-visual-first,True,
10,0.4,0.3,Flash-Next (Kaggle),g50t-5849a774_p1_events.jsonl,g50t,88,1,7,8.4,0.3,0.3,0.2,solved,0,arc3-job9-visual-first,True,0.4
20,0.8,0.5,Flash-Next (Kaggle),g50t-5849a774_p1_events.jsonl,g50t,88,1,7,11.4,0.35,0.25,0.2,solved,0,arc3-job9-visual-first,True,0.8
40,1.0,0.7,Flash-Next (Kaggle),g50t-5849a774_p1_events.jsonl,g50t,88,1,12,15.0,0.25,0.25,0.125,solved,0,arc3-job9-visual-first,True,1.0
0,,,Flash-Next (Kaggle),g50t-5849a774_p1_events.jsonl,g50t,88,1,,,,,,solved,,arc3-job9-visual-first,True,
10,0.6,0.0,Flash-Next (Kaggle),g50t-5849a774_p1_events.jsonl,g50t,40,2,3,7.0,0.0,0.3,0.3,truncated,0,arc3-job9-visual-first,False,0.6
20,0.6,0.1,Flash-Next (Kaggle),g50t-5849a774_p1_events.jsonl,g50t,40,2,3,11.0,0.05,0.15,0.15,truncated,0,arc3-job9-visual-first,False,0.6
40,1.0,0.275,Flash-Next (Kaggle),g50t-5849a774_p1_events.jsonl,g50t,40,2,4,17.2,0.125,0.15,0.125,truncated,0,arc3-job9-visual-first,False,1.0
0,,,Flash-Next (Kaggle),g50t-5849a774_p1_events.jsonl,g50t,40,2,,,,,,truncated,,arc3-job9-visual-first,False,
10,0.6,0.0,Flash-Next (Kaggle),g50t-5849a774_p2_events.jsonl,g50t,63,1,5,7.2,0.1,0.5,0.3,solved,0,arc3-job9-visual-first,True,0.6
20,0.8,0.25,Flash-Next (Kaggle),g50t-5849a774_p2_events.jsonl,g50t,63,1,5,9.4,0.1,0.45,0.2,solved,0,arc3-job9-visual-first,True,0.8
40,1.0,0.325,Flash-Next (Kaggle),g50t-5849a774_p2_events.jsonl,g50t,63,1,5,10.4,0.05,0.3,0.125,solved,0,arc3-job9-visual-first,True,1.0
0,,,Flash-Next (Kaggle),g50t-5849a774_p2_events.jsonl,g50t,63,1,,,,,,solved,,arc3-job9-visual-first,True,
10,0.6,0.0,Flash-Next (Kaggle),g50t-5849a774_p3_events.jsonl,g50t,41,1,5,7.2,0.1,0.5,0.3,truncated,0,arc3-job9-visual-first,False,0.6
20,0.6,0.25,Flash-Next (Kaggle),g50t-5849a774_p3_events.jsonl,g50t,41,1,5,11.2,0.2,0.35,0.15,truncated,0,arc3-job9-visual-first,False,0.6
40,1.0,0.45,Flash-Next (Kaggle),g50t-5849a774_p3_events.jsonl,g50t,41,1,5,13.2,0.15,0.25,0.125,truncated,0,arc3-job9-visual-first,False,1.0
0,,,Flash-Next (Kaggle),g50t-5849a774_p3_events.jsonl,g50t,41,1,,,,,,truncated,,arc3-job9-visual-first,False,
0,,,Flash-Next (Kaggle),lf52-271a04aa_p0_events.jsonl,lf52,9,1,,,,,,solved,,arc3-job9-visual-first,True,
10,0.4,0.0,Flash-Next (Kaggle),lf52-271a04aa_p0_events.jsonl,lf52,96,2,2,8.833333333333334,0.0,0.7,0.9,truncated,0,arc3-job9-visual-first,False,0.5
20,0.6,0.0,Flash-Next (Kaggle),lf52-271a04aa_p0_events.jsonl,lf52,96,2,4,12.166666666666666,0.0,0.7,0.55,truncated,0,arc3-job9-visual-first,False,0.6666666666666666
40,0.8,0.0,Flash-Next (Kaggle),lf52-271a04aa_p0_events.jsonl,lf52,96,2,4,17.0,0.0,0.5,0.3,truncated,0,arc3-job9-visual-first,False,0.8333333333333334
0,,,Flash-Next (Kaggle),lf52-271a04aa_p0_events.jsonl,lf52,96,2,,,,,,truncated,,arc3-job9-visual-first,False,
10,0.2,0.0,Flash-Next (Kaggle),lf52-271a04aa_p1_events.jsonl,lf52,16,1,1,8.0,0.0,0.7,0.8,solved,0,arc3-job9-visual-first,True,0.3333333333333333
0,,,Flash-Next (Kaggle),lf52-271a04aa_p1_events.jsonl,lf52,16,1,,,,,,solved,,arc3-job9-visual-first,True,
10,0.6,0.0,Flash-Next (Kaggle),lf52-271a04aa_p1_events.jsonl,lf52,59,2,1,8.333333333333334,0.0,0.8,1.0,truncated,0,arc3-job9-visual-first,False,0.6666666666666666
20,0.8,0.0,Flash-Next (Kaggle),lf52-271a04aa_p1_events.jsonl,lf52,59,2,4,10.166666666666666,0.0,0.7,0.55,truncated,0,arc3-job9-visual-first,False,0.8333333333333334
40,0.8,0.0,Flash-Next (Kaggle),lf52-271a04aa_p1_events.jsonl,lf52,59,2,5,13.5,0.0,0.575,0.35,truncated,0,arc3-job9-visual-first,False,0.8333333333333334
0,,,Flash-Next (Kaggle),lf52-271a04aa_p1_events.jsonl,lf52,59,2,,,,,,truncated,,arc3-job9-visual-first,False,
0,,,Flash-Next (Kaggle),lf52-271a04aa_p2_events.jsonl,lf52,9,1,,,,,,solved,,arc3-job9-visual-first,True,
10,0.0,0.0,Flash-Next (Kaggle),lf52-271a04aa_p2_events.jsonl,lf52,66,2,1,9.333333333333334,0.0,0.6,0.9,solved,0,arc3-job9-visual-first,True,0.16666666666666666
20,0.0,0.0,Flash-Next (Kaggle),lf52-271a04aa_p2_events.jsonl,lf52,66,2,1,17.666666666666668,0.0,0.35,0.55,solved,0,arc3-job9-visual-first,True,0.16666666666666666
40,0.8,0.0,Flash-Next (Kaggle),lf52-271a04aa_p2_events.jsonl,lf52,66,2,5,22.666666666666668,0.0,0.425,0.4,solved,0,arc3-job9-visual-first,True,0.8333333333333334
0,,,Flash-Next (Kaggle),lf52-271a04aa_p2_events.jsonl,lf52,66,2,,,,,,solved,,arc3-job9-visual-first,True,
0,,,Flash-Next (Kaggle),lf52-271a04aa_p2_events.jsonl,lf52,9,3,,,,,,truncated,,arc3-job9-visual-first,False,
10,0.2,0.0,Flash-Next (Kaggle),lf52-271a04aa_p3_events.jsonl,lf52,19,1,1,7.833333333333333,0.0,0.9,1.0,truncated,0,arc3-job9-visual-first,False,0.3333333333333333
0,,,Flash-Next (Kaggle),lf52-271a04aa_p3_events.jsonl,lf52,19,1,,,,,,truncated,,arc3-job9-visual-first,False,
10,0.75,0.0,Flash-Next (Kaggle),ls20-9607627b_p0_events.jsonl,ls20,26,1,5,4.75,0.0,0.3,0.3,solved,0,arc3-job9-visual-first,True,0.75
20,1.0,0.05,Flash-Next (Kaggle),ls20-9607627b_p0_events.jsonl,ls20,26,1,7,5.25,0.1,0.25,0.2,solved,0,arc3-job9-visual-first,True,1.0
0,,,Flash-Next (Kaggle),ls20-9607627b_p0_events.jsonl,ls20,26,1,,,,,,solved,,arc3-job9-visual-first,True,
10,0.75,0.0,Flash-Next (Kaggle),ls20-9607627b_p0_events.jsonl,ls20,61,2,5,6.0,0.0,0.4,0.3,truncated,0,arc3-job9-visual-first,False,0.75
20,0.75,0.0,Flash-Next (Kaggle),ls20-9607627b_p0_events.jsonl,ls20,61,2,6,8.5,0.0,0.3,0.15,truncated,0,arc3-job9-visual-first,False,0.75
40,1.0,0.0,Flash-Next (Kaggle),ls20-9607627b_p0_events.jsonl,ls20,61,2,7,9.5,0.0,0.225,0.1,truncated,0,arc3-job9-visual-first,False,1.0
0,,,Flash-Next (Kaggle),ls20-9607627b_p0_events.jsonl,ls20,61,2,,,,,,truncated,,arc3-job9-visual-first,False,
10,0.75,0.0,Flash-Next (Kaggle),ls20-9607627b_p1_events.jsonl,ls20,86,1,7,7.5,0.1,0.3,0.3,truncated,0,arc3-job9-visual-first,False,0.75
20,1.0,0.05,Flash-Next (Kaggle),ls20-9607627b_p1_events.jsonl,ls20,86,1,7,9.75,0.05,0.4,0.2,truncated,0,arc3-job9-visual-first,False,1.0
40,1.0,0.2,Flash-Next (Kaggle),ls20-9607627b_p1_events.jsonl,ls20,86,1,7,9.75,0.05,0.225,0.1,truncated,0,arc3-job9-visual-first,False,1.0
0,,,Flash-Next (Kaggle),ls20-9607627b_p1_events.jsonl,ls20,86,1,,,,,,truncated,,arc3-job9-visual-first,False,
10,1.0,0.0,Flash-Next (Kaggle),ls20-9607627b_p2_events.jsonl,ls20,22,1,7,4.0,0.1,0.4,0.4,solved,0,arc3-job9-visual-first,True,1.0
20,1.0,0.1,Flash-Next (Kaggle),ls20-9607627b_p2_events.jsonl,ls20,22,1,7,4.0,0.05,0.3,0.2,solved,0,arc3-job9-visual-first,True,1.0
0,,,Flash-Next (Kaggle),ls20-9607627b_p2_events.jsonl,ls20,22,1,,,,,,solved,,arc3-job9-visual-first,True,
10,0.75,0.0,Flash-Next (Kaggle),ls20-9607627b_p2_events.jsonl,ls20,88,2,5,6.0,0.0,0.4,0.3,died,0,arc3-job9-visual-first,False,0.75
20,0.75,0.0,Flash-Next (Kaggle),ls20-9607627b_p2_events.jsonl,ls20,88,2,6,8.5,0.0,0.3,0.15,died,0,arc3-job9-visual-first,False,0.75
40,0.75,0.0,Flash-Next (Kaggle),ls20-9607627b_p2_events.jsonl,ls20,88,2,6,13.5,0.0,0.15,0.075,died,0,arc3-job9-visual-first,False,0.75
0,,,Flash-Next (Kaggle),ls20-9607627b_p2_events.jsonl,ls20,88,2,,,,,,died,,arc3-job9-visual-first,False,
10,0.75,0.0,Flash-Next (Kaggle),ls20-9607627b_p2_events.jsonl,ls20,87,2,5,6.0,0.0,0.4,0.3,truncated,2,arc3-job9-visual-first,False,0.75
20,0.75,0.0,Flash-Next (Kaggle),ls20-9607627b_p2_events.jsonl,ls20,87,2,6,8.5,0.0,0.3,0.15,truncated,2,arc3-job9-visual-first,False,0.75
40,1.0,0.0,Flash-Next (Kaggle),ls20-9607627b_p2_events.jsonl,ls20,87,2,7,9.5,0.0,0.225,0.1,truncated,2,arc3-job9-visual-first,False,1.0
0,,,Flash-Next (Kaggle),ls20-9607627b_p2_events.jsonl,ls20,87,2,,,,,,truncated,,arc3-job9-visual-first,False,
10,0.75,0.0,Flash-Next (Kaggle),ls20-9607627b_p3_events.jsonl,ls20,22,1,5,4.5,0.1,0.3,0.3,truncated,0,arc3-job9-visual-first,False,0.75
20,1.0,0.05,Flash-Next (Kaggle),ls20-9607627b_p3_events.jsonl,ls20,22,1,5,5.0,0.1,0.3,0.2,truncated,0,arc3-job9-visual-first,False,1.0
0,,,Flash-Next (Kaggle),ls20-9607627b_p3_events.jsonl,ls20,22,1,,,,,,truncated,,arc3-job9-visual-first,False,
10,0.4,0.0,Flash-Next (Kaggle),sk48-d8078629_p0_events.jsonl,sk48,35,1,5,7.833333333333333,0.2,0.3,0.3,solved,0,arc3-job9-visual-first,True,0.5
20,0.8,0.1,Flash-Next (Kaggle),sk48-d8078629_p0_events.jsonl,sk48,35,1,5,9.666666666666666,0.1,0.25,0.25,solved,0,arc3-job9-visual-first,True,0.8333333333333334
0,,,Flash-Next (Kaggle),sk48-d8078629_p0_events.jsonl,sk48,35,1,,,,,,solved,,arc3-job9-visual-first,True,
10,0.6,0.0,Flash-Next (Kaggle),sk48-d8078629_p0_events.jsonl,sk48,82,2,3,7.5,0.0,0.3,0.3,truncated,0,arc3-job9-visual-first,False,0.5
20,0.6,0.0,Flash-Next (Kaggle),sk48-d8078629_p0_events.jsonl,sk48,82,2,3,11.833333333333334,0.1,0.3,0.25,truncated,0,arc3-job9-visual-first,False,0.6666666666666666
40,0.6,0.0,Flash-Next (Kaggle),sk48-d8078629_p0_events.jsonl,sk48,82,2,4,18.5,0.075,0.175,0.15,truncated,0,arc3-job9-visual-first,False,0.6666666666666666
0,,,Flash-Next (Kaggle),sk48-d8078629_p0_events.jsonl,sk48,82,2,,,,,,truncated,,arc3-job9-visual-first,False,
10,0.6,0.0,Flash-Next (Kaggle),sk48-d8078629_p1_events.jsonl,sk48,75,1,3,7.333333333333333,0.0,0.3,0.3,truncated,0,arc3-job9-visual-first,False,0.5
20,0.8,0.0,Flash-Next (Kaggle),sk48-d8078629_p1_events.jsonl,sk48,75,1,6,11.333333333333334,0.0,0.2,0.2,truncated,0,arc3-job9-visual-first,False,0.6666666666666666
40,0.8,0.0,Flash-Next (Kaggle),sk48-d8078629_p1_events.jsonl,sk48,75,1,6,18.0,0.0,0.1,0.1,truncated,0,arc3-job9-visual-first,False,0.6666666666666666
0,,,Flash-Next (Kaggle),sk48-d8078629_p1_events.jsonl,sk48,75,1,,,,,,truncated,,arc3-job9-visual-first,False,
10,0.8,0.0,Flash-Next (Kaggle),sk48-d8078629_p2_events.jsonl,sk48,80,1,4,6.333333333333333,0.0,0.4,0.4,truncated,0,arc3-job9-visual-first,False,0.6666666666666666
20,0.8,0.15,Flash-Next (Kaggle),sk48-d8078629_p2_events.jsonl,sk48,80,1,5,9.666666666666666,0.15,0.2,0.2,truncated,0,arc3-job9-visual-first,False,0.6666666666666666
40,0.8,0.35,Flash-Next (Kaggle),sk48-d8078629_p2_events.jsonl,sk48,80,1,5,16.333333333333332,0.075,0.1,0.1,truncated,0,arc3-job9-visual-first,False,0.6666666666666666
0,,,Flash-Next (Kaggle),sk48-d8078629_p2_events.jsonl,sk48,80,1,,,,,,truncated,,arc3-job9-visual-first,False,
10,0.6,0.0,Flash-Next (Kaggle),sk48-d8078629_p3_events.jsonl,sk48,19,1,2,7.333333333333333,0.1,0.3,0.3,truncated,0,arc3-job9-visual-first,False,0.5
0,,,Flash-Next (Kaggle),sk48-d8078629_p3_events.jsonl,sk48,19,1,,,,,,truncated,,arc3-job9-visual-first,False,
10,,0.0,Flash-Next (Kaggle),tn36-ef4dde99_p0_events.jsonl,tn36,61,1,2,,0.0,0.9,0.8,died,0,arc3-job9-visual-first,False,
20,,0.0,Flash-Next (Kaggle),tn36-ef4dde99_p0_events.jsonl,tn36,61,1,2,,0.0,0.55,0.45,died,0,arc3-job9-visual-first,False,
40,,0.0,Flash-Next (Kaggle),tn36-ef4dde99_p0_events.jsonl,tn36,61,1,10,,0.0,0.3,0.35,died,0,arc3-job9-visual-first,False,
0,,,Flash-Next (Kaggle),tn36-ef4dde99_p0_events.jsonl,tn36,61,1,,,,,,died,,arc3-job9-visual-first,False,
10,,0.0,Flash-Next (Kaggle),tn36-ef4dde99_p0_events.jsonl,tn36,55,1,1,,0.0,0.4,0.8,truncated,2,arc3-job9-visual-first,False,
20,,0.0,Flash-Next (Kaggle),tn36-ef4dde99_p0_events.jsonl,tn36,55,1,1,,0.0,0.3,0.6,truncated,2,arc3-job9-visual-first,False,
40,,0.0,Flash-Next (Kaggle),tn36-ef4dde99_p0_events.jsonl,tn36,55,1,2,,0.0,0.2,0.375,truncated,2,arc3-job9-visual-first,False,
0,,,Flash-Next (Kaggle),tn36-ef4dde99_p0_events.jsonl,tn36,55,1,,,,,,truncated,,arc3-job9-visual-first,False,
10,,0.0,Flash-Next (Kaggle),tn36-ef4dde99_p1_events.jsonl,tn36,61,1,1,,0.0,0.5,0.6,died,0,arc3-job9-visual-first,False,
20,,0.0,Flash-Next (Kaggle),tn36-ef4dde99_p1_events.jsonl,tn36,61,1,1,,0.0,0.3,0.35,died,0,arc3-job9-visual-first,False,
40,,0.0,Flash-Next (Kaggle),tn36-ef4dde99_p1_events.jsonl,tn36,61,1,1,,0.0,0.225,0.275,died,0,arc3-job9-visual-first,False,
0,,,Flash-Next (Kaggle),tn36-ef4dde99_p1_events.jsonl,tn36,61,1,,,,,,died,,arc3-job9-visual-first,False,
10,,0.0,Flash-Next (Kaggle),tn36-ef4dde99_p1_events.jsonl,tn36,61,1,1,,0.0,0.5,0.7,died,2,arc3-job9-visual-first,False,
20,,0.0,Flash-Next (Kaggle),tn36-ef4dde99_p1_events.jsonl,tn36,61,1,2,,0.0,0.3,0.55,died,2,arc3-job9-visual-first,False,
40,,0.0,Flash-Next (Kaggle),tn36-ef4dde99_p1_events.jsonl,tn36,61,1,2,,0.0,0.15,0.3,died,2,arc3-job9-visual-first,False,
0,,,Flash-Next (Kaggle),tn36-ef4dde99_p1_events.jsonl,tn36,61,1,,,,,,died,,arc3-job9-visual-first,False,
10,,0.0,Flash-Next (Kaggle),tn36-ef4dde99_p1_events.jsonl,tn36,41,1,2,,0.0,0.7,0.6,truncated,4,arc3-job9-visual-first,False,
20,,0.0,Flash-Next (Kaggle),tn36-ef4dde99_p1_events.jsonl,tn36,41,1,2,,0.0,0.4,0.55,truncated,4,arc3-job9-visual-first,False,
40,,0.0,Flash-Next (Kaggle),tn36-ef4dde99_p1_events.jsonl,tn36,41,1,2,,0.0,0.2,0.3,truncated,4,arc3-job9-visual-first,False,
0,,,Flash-Next (Kaggle),tn36-ef4dde99_p1_events.jsonl,tn36,41,1,,,,,,truncated,,arc3-job9-visual-first,False,
10,,0.0,Flash-Next (Kaggle),tn36-ef4dde99_p2_events.jsonl,tn36,61,1,1,,0.0,0.7,0.9,died,0,arc3-job9-visual-first,False,
20,,0.0,Flash-Next (Kaggle),tn36-ef4dde99_p2_events.jsonl,tn36,61,1,2,,0.0,0.55,0.75,died,0,arc3-job9-visual-first,False,
40,,0.0,Flash-Next (Kaggle),tn36-ef4dde99_p2_events.jsonl,tn36,61,1,3,,0.0,0.3,0.5,died,0,arc3-job9-visual-first,False,
0,,,Flash-Next (Kaggle),tn36-ef4dde99_p2_events.jsonl,tn36,61,1,,,,,,died,,arc3-job9-visual-first,False,
10,,0.0,Flash-Next (Kaggle),tn36-ef4dde99_p2_events.jsonl,tn36,60,1,1,,0.0,0.3,0.8,truncated,2,arc3-job9-visual-first,False,
20,,0.0,Flash-Next (Kaggle),tn36-ef4dde99_p2_events.jsonl,tn36,60,1,1,,0.0,0.2,0.5,truncated,2,arc3-job9-visual-first,False,
40,,0.0,Flash-Next (Kaggle),tn36-ef4dde99_p2_events.jsonl,tn36,60,1,1,,0.0,0.1,0.25,truncated,2,arc3-job9-visual-first,False,
0,,,Flash-Next (Kaggle),tn36-ef4dde99_p2_events.jsonl,tn36,60,1,,,,,,truncated,,arc3-job9-visual-first,False,
10,,0.0,Flash-Next (Kaggle),tn36-ef4dde99_p3_events.jsonl,tn36,33,1,1,,0.0,0.8,0.9,truncated,0,arc3-job9-visual-first,False,
20,,0.0,Flash-Next (Kaggle),tn36-ef4dde99_p3_events.jsonl,tn36,33,1,1,,0.0,0.5,0.75,truncated,0,arc3-job9-visual-first,False,
0,,,Flash-Next (Kaggle),tn36-ef4dde99_p3_events.jsonl,tn36,33,1,,,,,,truncated,,arc3-job9-visual-first,False,
10,0.6,0.0,Flash-Next (Kaggle),wa30-ee6fef47_p0_events.jsonl,wa30,80,1,2,6.4,0.0,0.3,0.3,solved,0,arc3-job9-visual-first,True,0.6
20,1.0,0.0,Flash-Next (Kaggle),wa30-ee6fef47_p0_events.jsonl,wa30,80,1,2,7.0,0.0,0.25,0.25,solved,0,arc3-job9-visual-first,True,1.0
40,1.0,0.075,Flash-Next (Kaggle),wa30-ee6fef47_p0_events.jsonl,wa30,80,1,5,7.0,0.05,0.125,0.125,solved,0,arc3-job9-visual-first,True,1.0
0,,,Flash-Next (Kaggle),wa30-ee6fef47_p0_events.jsonl,wa30,80,1,,,,,,solved,,arc3-job9-visual-first,True,
10,0.4,0.0,Flash-Next (Kaggle),wa30-ee6fef47_p0_events.jsonl,wa30,70,2,7,8.4,0.0,0.3,0.2,died,0,arc3-job9-visual-first,False,0.4
20,0.8,0.0,Flash-Next (Kaggle),wa30-ee6fef47_p0_events.jsonl,wa30,70,2,7,11.6,0.0,0.3,0.2,died,0,arc3-job9-visual-first,False,0.8
40,1.0,0.0,Flash-Next (Kaggle),wa30-ee6fef47_p0_events.jsonl,wa30,70,2,7,11.8,0.0,0.225,0.125,died,0,arc3-job9-visual-first,False,1.0
0,,,Flash-Next (Kaggle),wa30-ee6fef47_p0_events.jsonl,wa30,70,2,,,,,,died,,arc3-job9-visual-first,False,
0,,,Flash-Next (Kaggle),wa30-ee6fef47_p0_events.jsonl,wa30,1,2,,,,,,truncated,,arc3-job9-visual-first,False,
10,0.2,0.7,Flash-Next (Kaggle),wa30-ee6fef47_p1_events.jsonl,wa30,171,1,10,9.0,0.6,0.1,0.1,truncated,0,arc3-job9-visual-first,False,0.2
20,1.0,0.6,Flash-Next (Kaggle),wa30-ee6fef47_p1_events.jsonl,wa30,171,1,10,10.2,0.4,0.25,0.25,truncated,0,arc3-job9-visual-first,False,1.0
40,1.0,0.475,Flash-Next (Kaggle),wa30-ee6fef47_p1_events.jsonl,wa30,171,1,10,10.2,0.25,0.175,0.125,truncated,0,arc3-job9-visual-first,False,1.0
0,,,Flash-Next (Kaggle),wa30-ee6fef47_p1_events.jsonl,wa30,171,1,,,,,,truncated,,arc3-job9-visual-first,False,
10,0.8,0.3,Flash-Next (Kaggle),wa30-ee6fef47_p2_events.jsonl,wa30,89,1,3,5.8,0.1,0.4,0.4,solved,0,arc3-job9-visual-first,True,0.8
20,1.0,0.25,Flash-Next (Kaggle),wa30-ee6fef47_p2_events.jsonl,wa30,89,1,5,6.6,0.15,0.3,0.25,solved,0,arc3-job9-visual-first,True,1.0
40,1.0,0.275,Flash-Next (Kaggle),wa30-ee6fef47_p2_events.jsonl,wa30,89,1,6,6.6,0.125,0.15,0.125,solved,0,arc3-job9-visual-first,True,1.0
0,,,Flash-Next (Kaggle),wa30-ee6fef47_p2_events.jsonl,wa30,89,1,,,,,,solved,,arc3-job9-visual-first,True,
10,0.4,0.0,Flash-Next (Kaggle),wa30-ee6fef47_p2_events.jsonl,wa30,70,2,6,8.2,0.0,0.3,0.2,died,0,arc3-job9-visual-first,False,0.4
20,1.0,0.0,Flash-Next (Kaggle),wa30-ee6fef47_p2_events.jsonl,wa30,70,2,6,10.8,0.0,0.3,0.25,died,0,arc3-job9-visual-first,False,1.0
40,1.0,0.0,Flash-Next (Kaggle),wa30-ee6fef47_p2_events.jsonl,wa30,70,2,20,10.8,0.0,0.225,0.125,died,0,arc3-job9-visual-first,False,1.0
0,,,Flash-Next (Kaggle),wa30-ee6fef47_p2_events.jsonl,wa30,70,2,,,,,,died,,arc3-job9-visual-first,False,
10,0.4,0.0,Flash-Next (Kaggle),wa30-ee6fef47_p2_events.jsonl,wa30,70,2,5,8.0,0.0,0.2,0.2,died,2,arc3-job9-visual-first,False,0.4
20,0.6,0.0,Flash-Next (Kaggle),wa30-ee6fef47_p2_events.jsonl,wa30,70,2,6,12.2,0.0,0.2,0.15,died,2,arc3-job9-visual-first,False,0.6
40,0.8,0.0,Flash-Next (Kaggle),wa30-ee6fef47_p2_events.jsonl,wa30,70,2,8,17.8,0.0,0.15,0.1,died,2,arc3-job9-visual-first,False,0.8
0,,,Flash-Next (Kaggle),wa30-ee6fef47_p2_events.jsonl,wa30,70,2,,,,,,died,,arc3-job9-visual-first,False,
10,0.4,0.0,Flash-Next (Kaggle),wa30-ee6fef47_p2_events.jsonl,wa30,16,2,6,7.8,0.0,0.3,0.2,truncated,4,arc3-job9-visual-first,False,0.4
0,,,Flash-Next (Kaggle),wa30-ee6fef47_p2_events.jsonl,wa30,16,2,,,,,,truncated,,arc3-job9-visual-first,False,
10,0.6,0.0,Flash-Next (Kaggle),wa30-ee6fef47_p3_events.jsonl,wa30,42,1,4,7.2,0.1,0.3,0.3,truncated,0,arc3-job9-visual-first,False,0.6
20,0.8,0.15,Flash-Next (Kaggle),wa30-ee6fef47_p3_events.jsonl,wa30,42,1,4,10.0,0.1,0.2,0.2,truncated,0,arc3-job9-visual-first,False,0.8
40,1.0,0.175,Flash-Next (Kaggle),wa30-ee6fef47_p3_events.jsonl,wa30,42,1,4,10.6,0.075,0.125,0.125,truncated,0,arc3-job9-visual-first,False,1.0
0,,,Flash-Next (Kaggle),wa30-ee6fef47_p3_events.jsonl,wa30,42,1,,,,,,truncated,,arc3-job9-visual-first,False,
10,0.6666666666666666,0.0,Flash-Next (Kaggle),bp35-0a0ad940_p0_events.jsonl,bp35,42,1,2,4.5,0.0,0.8,0.9,solved,0,best-7.36,True,0.75
20,0.6666666666666666,0.0,Flash-Next (Kaggle),bp35-0a0ad940_p0_events.jsonl,bp35,42,1,3,7.0,0.0,0.7,0.65,solved,0,best-7.36,True,0.75
40,0.6666666666666666,0.0,Flash-Next (Kaggle),bp35-0a0ad940_p0_events.jsonl,bp35,42,1,3,12.0,0.0,0.55,0.625,solved,0,best-7.36,True,0.75
0,,,Flash-Next (Kaggle),bp35-0a0ad940_p0_events.jsonl,bp35,42,1,,,,,,solved,,best-7.36,True,
0,,,Flash-Next (Kaggle),bp35-0a0ad940_p0_events.jsonl,bp35,4,2,,,,,,died,,best-7.36,False,
0,,,Flash-Next (Kaggle),bp35-0a0ad940_p0_events.jsonl,bp35,7,2,,,,,,died,,best-7.36,False,
10,0.4,0.0,Flash-Next (Kaggle),cn04-2fe56bfb_p0_events.jsonl,cn04,22,1,4,7.833333333333333,0.0,0.6,0.2,solved,0,best-7.36,True,0.3333333333333333
20,1.0,0.0,Flash-Next (Kaggle),cn04-2fe56bfb_p0_events.jsonl,cn04,22,1,5,11.166666666666666,0.0,0.8,0.25,solved,0,best-7.36,True,0.8333333333333334
0,,,Flash-Next (Kaggle),cn04-2fe56bfb_p0_events.jsonl,cn04,22,1,,,,,,solved,,best-7.36,True,
10,0.6,0.0,Flash-Next (Kaggle),cn04-2fe56bfb_p0_events.jsonl,cn04,29,2,7,6.666666666666667,0.0,0.6,0.3,truncated,0,best-7.36,False,0.5
20,1.0,0.0,Flash-Next (Kaggle),cn04-2fe56bfb_p0_events.jsonl,cn04,29,2,9,9.0,0.0,0.7,0.3,truncated,0,best-7.36,False,1.0
0,,,Flash-Next (Kaggle),cn04-2fe56bfb_p0_events.jsonl,cn04,29,2,,,,,,truncated,,best-7.36,False,
10,1.0,0.0,Flash-Next (Kaggle),dc22-fdcac232_p0_events.jsonl,dc22,84,1,3,4.2,0.1,0.5,0.5,truncated,0,best-7.36,False,1.0
20,1.0,0.15,Flash-Next (Kaggle),dc22-fdcac232_p0_events.jsonl,dc22,84,1,3,4.2,0.1,0.3,0.3,truncated,0,best-7.36,False,1.0
40,1.0,0.15,Flash-Next (Kaggle),dc22-fdcac232_p0_events.jsonl,dc22,84,1,3,4.2,0.125,0.375,0.3,truncated,0,best-7.36,False,1.0
0,,,Flash-Next (Kaggle),dc22-fdcac232_p0_events.jsonl,dc22,84,1,,,,,,truncated,,best-7.36,False,
10,1.0,0.0,Flash-Next (Kaggle),m0r0-492f87ba_p0_events.jsonl,m0r0,35,1,3,5.333333333333333,0.2,0.7,0.5,solved,0,best-7.36,True,0.8333333333333334
20,1.0,0.15,Flash-Next (Kaggle),m0r0-492f87ba_p0_events.jsonl,m0r0,35,1,4,7.0,0.15,0.45,0.25,solved,0,best-7.36,True,0.8333333333333334
0,,,Flash-Next (Kaggle),m0r0-492f87ba_p0_events.jsonl,m0r0,35,1,,,,,,solved,,best-7.36,True,
10,0.6,0.0,Flash-Next (Kaggle),m0r0-492f87ba_p0_events.jsonl,m0r0,48,2,4,7.666666666666667,0.0,0.3,0.3,truncated,0,best-7.36,False,0.5
20,0.8,0.1,Flash-Next (Kaggle),m0r0-492f87ba_p0_events.jsonl,m0r0,48,2,4,12.5,0.1,0.25,0.2,truncated,0,best-7.36,False,0.6666666666666666
40,0.8,0.375,Flash-Next (Kaggle),m0r0-492f87ba_p0_events.jsonl,m0r0,48,2,4,19.166666666666668,0.125,0.15,0.1,truncated,0,best-7.36,False,0.6666666666666666
0,,,Flash-Next (Kaggle),m0r0-492f87ba_p0_events.jsonl,m0r0,48,2,,,,,,truncated,,best-7.36,False,
10,0.6,0.1,Flash-Next (Kaggle),sk48-d8078629_p0_events.jsonl,sk48,63,1,4,7.666666666666667,0.1,0.3,0.3,truncated,0,best-7.36,False,0.5
20,0.8,0.1,Flash-Next (Kaggle),sk48-d8078629_p0_events.jsonl,sk48,63,1,6,10.666666666666666,0.1,0.25,0.25,truncated,0,best-7.36,False,0.8333333333333334
40,0.8,0.075,Flash-Next (Kaggle),sk48-d8078629_p0_events.jsonl,sk48,63,1,6,14.0,0.05,0.125,0.125,truncated,0,best-7.36,False,0.8333333333333334
0,,,Flash-Next (Kaggle),sk48-d8078629_p0_events.jsonl,sk48,63,1,,,,,,truncated,,best-7.36,False,
10,,0.0,Flash-Next (Kaggle),tn36-ef4dde99_p0_events.jsonl,tn36,23,1,1,,0.0,0.5,0.8,solved,0,best-7.36,True,
20,,0.0,Flash-Next (Kaggle),tn36-ef4dde99_p0_events.jsonl,tn36,23,1,2,,0.0,0.45,0.7,solved,0,best-7.36,True,
0,,,Flash-Next (Kaggle),tn36-ef4dde99_p0_events.jsonl,tn36,23,1,,,,,,solved,,best-7.36,True,
10,,0.0,Flash-Next (Kaggle),tn36-ef4dde99_p0_events.jsonl,tn36,61,2,1,,0.0,0.6,0.9,died,0,best-7.36,False,
20,,0.0,Flash-Next (Kaggle),tn36-ef4dde99_p0_events.jsonl,tn36,61,2,2,,0.0,0.45,0.85,died,0,best-7.36,False,
40,,0.0,Flash-Next (Kaggle),tn36-ef4dde99_p0_events.jsonl,tn36,61,2,2,,0.0,0.4,0.875,died,0,best-7.36,False,
0,,,Flash-Next (Kaggle),tn36-ef4dde99_p0_events.jsonl,tn36,61,2,,,,,,died,,best-7.36,False,
10,1.0,0.0,Flash-Next (Kaggle),tu93-0768757b_p0_events.jsonl,tu93,19,1,2,5.0,0.0,0.4,0.4,solved,0,best-7.36,True,1.0
0,,,Flash-Next (Kaggle),tu93-0768757b_p0_events.jsonl,tu93,19,1,,,,,,solved,,best-7.36,True,
0,,,Flash-Next (Kaggle),tu93-0768757b_p0_events.jsonl,tu93,4,2,,,,,,died,,best-7.36,False,
0,,,Flash-Next (Kaggle),tu93-0768757b_p0_events.jsonl,tu93,8,2,,,,,,died,,best-7.36,False,
10,0.75,0.0,Flash-Next (Kaggle),tu93-0768757b_p0_events.jsonl,tu93,10,2,2,4.5,0.0,0.3,0.3,solved,4,best-7.36,True,0.75
0,,,Flash-Next (Kaggle),tu93-0768757b_p0_events.jsonl,tu93,10,2,,,,,,solved,,best-7.36,True,
0,,,Flash-Next (Kaggle),tu93-0768757b_p0_events.jsonl,tu93,4,3,,,,,,died,,best-7.36,False,
0,,,Flash-Next (Kaggle),tu93-0768757b_p0_events.jsonl,tu93,7,3,,,,,,died,,best-7.36,False,
10,1.0,0.0,Flash-Next (Kaggle),tu93-0768757b_p0_events.jsonl,tu93,19,3,2,4.75,0.0,0.4,0.4,solved,4,best-7.36,True,1.0
0,,,Flash-Next (Kaggle),tu93-0768757b_p0_events.jsonl,tu93,19,3,,,,,,solved,,best-7.36,True,
10,0.6666666666666666,0.0,Flash-Next (Kaggle),bp35-0a0ad940_p0_events.jsonl,bp35,22,1,4,4.25,0.0,0.5,0.3,died,0,armA,False,0.75
20,0.6666666666666666,0.0,Flash-Next (Kaggle),bp35-0a0ad940_p0_events.jsonl,bp35,22,1,5,6.75,0.0,0.5,0.15,died,0,armA,False,0.75
0,,,Flash-Next (Kaggle),bp35-0a0ad940_p0_events.jsonl,bp35,22,1,,,,,,died,,armA,False,
10,0.3333333333333333,0.0,Flash-Next (Kaggle),bp35-0a0ad940_p0_events.jsonl,bp35,18,1,4,7.0,0.0,0.6,0.7,solved,2,armA,True,0.5
0,,,Flash-Next (Kaggle),bp35-0a0ad940_p0_events.jsonl,bp35,18,1,,,,,,solved,,armA,True,
0,,,Flash-Next (Kaggle),bp35-0a0ad940_p0_events.jsonl,bp35,2,2,,,,,,died,,armA,False,
0,,,Flash-Next (Kaggle),bp35-0a0ad940_p0_events.jsonl,bp35,7,2,,,,,,died,,armA,False,
10,0.3333333333333333,0.0,Flash-Next (Kaggle),bp35-0a0ad940_p0_events.jsonl,bp35,11,2,4,6.25,0.0,0.6,0.3,truncated,4,armA,False,0.5
0,,,Flash-Next (Kaggle),bp35-0a0ad940_p0_events.jsonl,bp35,11,2,,,,,,truncated,,armA,False,
10,0.6666666666666666,0.0,Flash-Next (Kaggle),bp35-0a0ad940_p1_events.jsonl,bp35,26,1,1,6.0,0.0,0.9,1.0,solved,0,armA,True,0.75
20,0.6666666666666666,0.0,Flash-Next (Kaggle),bp35-0a0ad940_p1_events.jsonl,bp35,26,1,5,8.5,0.0,0.65,0.65,solved,0,armA,True,0.75
0,,,Flash-Next (Kaggle),bp35-0a0ad940_p1_events.jsonl,bp35,26,1,,,,,,solved,,armA,True,
0,,,Flash-Next (Kaggle),bp35-0a0ad940_p1_events.jsonl,bp35,4,2,,,,,,died,,armA,False,
0,,,Flash-Next (Kaggle),bp35-0a0ad940_p1_events.jsonl,bp35,5,2,,,,,,died,,armA,False,
0,,,Flash-Next (Kaggle),bp35-0a0ad940_p1_events.jsonl,bp35,7,2,,,,,,died,,armA,False,
0,,,Flash-Next (Kaggle),bp35-0a0ad940_p1_events.jsonl,bp35,8,2,,,,,,died,,armA,False,
10,0.6666666666666666,0.0,Flash-Next (Kaggle),bp35-0a0ad940_p1_events.jsonl,bp35,12,2,2,5.75,0.0,0.7,0.5,truncated,8,armA,False,0.75
0,,,Flash-Next (Kaggle),bp35-0a0ad940_p1_events.jsonl,bp35,12,2,,,,,,truncated,,armA,False,
0,,,Flash-Next (Kaggle),ft09-0d8bbf25_p0_events.jsonl,ft09,4,1,,,,,,solved,,armA,True,
0,,,Flash-Next (Kaggle),ft09-0d8bbf25_p0_events.jsonl,ft09,7,2,,,,,,solved,,armA,True,
10,,0.0,Flash-Next (Kaggle),ft09-0d8bbf25_p0_events.jsonl,ft09,27,3,1,,0.0,1.0,1.0,solved,0,armA,True,
20,,0.0,Flash-Next (Kaggle),ft09-0d8bbf25_p0_events.jsonl,ft09,27,3,1,,0.05,0.8,0.8,solved,0,armA,True,
0,,,Flash-Next (Kaggle),ft09-0d8bbf25_p0_events.jsonl,ft09,27,3,,,,,,solved,,armA,True,
10,,0.0,Flash-Next (Kaggle),ft09-0d8bbf25_p0_events.jsonl,ft09,22,4,3,,0.0,0.6,0.6,solved,0,armA,True,
20,,0.0,Flash-Next (Kaggle),ft09-0d8bbf25_p0_events.jsonl,ft09,22,4,3,,0.0,0.6,0.6,solved,0,armA,True,
0,,,Flash-Next (Kaggle),ft09-0d8bbf25_p0_events.jsonl,ft09,22,4,,,,,,solved,,armA,True,
10,,0.0,Flash-Next (Kaggle),ft09-0d8bbf25_p0_events.jsonl,ft09,31,5,2,,0.0,0.9,0.9,truncated,0,armA,False,
20,,0.0,Flash-Next (Kaggle),ft09-0d8bbf25_p0_events.jsonl,ft09,31,5,2,,0.0,0.7,0.7,truncated,0,armA,False,
0,,,Flash-Next (Kaggle),ft09-0d8bbf25_p0_events.jsonl,ft09,31,5,,,,,,truncated,,armA,False,
0,,,Flash-Next (Kaggle),ft09-0d8bbf25_p1_events.jsonl,ft09,6,1,,,,,,solved,,armA,True,
0,,,Flash-Next (Kaggle),ft09-0d8bbf25_p1_events.jsonl,ft09,7,2,,,,,,solved,,armA,True,
10,,0.0,Flash-Next (Kaggle),ft09-0d8bbf25_p1_events.jsonl,ft09,41,3,5,,0.0,0.6,0.6,solved,0,armA,True,
20,,0.0,Flash-Next (Kaggle),ft09-0d8bbf25_p1_events.jsonl,ft09,41,3,5,,0.05,0.65,0.65,solved,0,armA,True,
40,,0.0,Flash-Next (Kaggle),ft09-0d8bbf25_p1_events.jsonl,ft09,41,3,5,,0.025,0.525,0.525,solved,0,armA,True,
0,,,Flash-Next (Kaggle),ft09-0d8bbf25_p1_events.jsonl,ft09,41,3,,,,,,solved,,armA,True,
10,,0.0,Flash-Next (Kaggle),ft09-0d8bbf25_p1_events.jsonl,ft09,19,4,3,,0.0,0.5,0.5,solved,0,armA,True,
0,,,Flash-Next (Kaggle),ft09-0d8bbf25_p1_events.jsonl,ft09,19,4,,,,,,solved,,armA,True,
10,,0.0,Flash-Next (Kaggle),ft09-0d8bbf25_p1_events.jsonl,ft09,28,5,4,,0.0,0.7,0.7,solved,0,armA,True,
20,,0.0,Flash-Next (Kaggle),ft09-0d8bbf25_p1_events.jsonl,ft09,28,5,4,,0.05,0.75,0.75,solved,0,armA,True,
0,,,Flash-Next (Kaggle),ft09-0d8bbf25_p1_events.jsonl,ft09,28,5,,,,,,solved,,armA,True,
10,,0.0,Flash-Next (Kaggle),ft09-0d8bbf25_p1_events.jsonl,ft09,13,6,1,,0.0,1.0,1.0,truncated,0,armA,False,
0,,,Flash-Next (Kaggle),ft09-0d8bbf25_p1_events.jsonl,ft09,13,6,,,,,,truncated,,armA,False,
10,1.0,0.0,Flash-Next (Kaggle),ls20-9607627b_p0_events.jsonl,ls20,31,1,7,7.0,0.1,0.4,0.4,solved,0,armA,True,1.0
20,1.0,0.0,Flash-Next (Kaggle),ls20-9607627b_p0_events.jsonl,ls20,31,1,7,7.0,0.05,0.2,0.2,solved,0,armA,True,1.0
0,,,Flash-Next (Kaggle),ls20-9607627b_p0_events.jsonl,ls20,31,1,,,,,,solved,,armA,True,
10,0.75,0.0,Flash-Next (Kaggle),ls20-9607627b_p0_events.jsonl,ls20,112,2,5,6.0,0.0,0.4,0.3,solved,0,armA,True,0.75
20,0.75,0.0,Flash-Next (Kaggle),ls20-9607627b_p0_events.jsonl,ls20,112,2,6,8.5,0.0,0.3,0.15,solved,0,armA,True,0.75
40,1.0,0.0,Flash-Next (Kaggle),ls20-9607627b_p0_events.jsonl,ls20,112,2,7,8.5,0.0,0.25,0.1,solved,0,armA,True,1.0
0,,,Flash-Next (Kaggle),ls20-9607627b_p0_events.jsonl,ls20,112,2,,,,,,solved,,armA,True,
0,,,Flash-Next (Kaggle),ls20-9607627b_p0_events.jsonl,ls20,8,3,,,,,,truncated,,armA,False,
10,1.0,0.0,Flash-Next (Kaggle),ls20-9607627b_p1_events.jsonl,ls20,18,1,3,2.5,0.0,0.5,0.4,solved,0,armA,True,1.0
0,,,Flash-Next (Kaggle),ls20-9607627b_p1_events.jsonl,ls20,18,1,,,,,,solved,,armA,True,
10,0.75,0.0,Flash-Next (Kaggle),ls20-9607627b_p1_events.jsonl,ls20,157,2,5,5.5,0.0,0.4,0.3,died,0,armA,False,0.75
20,1.0,0.0,Flash-Next (Kaggle),ls20-9607627b_p1_events.jsonl,ls20,157,2,5,5.5,0.0,0.25,0.2,died,0,armA,False,1.0
40,1.0,0.0,Flash-Next (Kaggle),ls20-9607627b_p1_events.jsonl,ls20,157,2,7,5.5,0.0,0.2,0.1,died,0,armA,False,1.0
0,,,Flash-Next (Kaggle),ls20-9607627b_p1_events.jsonl,ls20,157,2,,,,,,died,,armA,False,
10,0.75,0.0,Flash-Next (Kaggle),ls20-9607627b_p1_events.jsonl,ls20,72,2,5,6.0,0.0,0.4,0.3,truncated,2,armA,False,0.75
20,1.0,0.0,Flash-Next (Kaggle),ls20-9607627b_p1_events.jsonl,ls20,72,2,7,8.0,0.0,0.3,0.2,truncated,2,armA,False,1.0
40,1.0,0.0,Flash-Next (Kaggle),ls20-9607627b_p1_events.jsonl,ls20,72,2,7,8.0,0.0,0.175,0.1,truncated,2,armA,False,1.0
0,,,Flash-Next (Kaggle),ls20-9607627b_p1_events.jsonl,ls20,72,2,,,,,,truncated,,armA,False,
10,,0.0,Flash-Next (Kaggle),s5i5-18d95033_p0_events.jsonl,s5i5,34,1,3,,0.0,0.4,0.4,solved,0,armA,True,
20,,0.0,Flash-Next (Kaggle),s5i5-18d95033_p0_events.jsonl,s5i5,34,1,3,,0.0,0.5,0.65,solved,0,armA,True,
0,,,Flash-Next (Kaggle),s5i5-18d95033_p0_events.jsonl,s5i5,34,1,,,,,,solved,,armA,True,
10,,0.0,Flash-Next (Kaggle),s5i5-18d95033_p0_events.jsonl,s5i5,47,2,3,,0.0,0.4,0.4,truncated,0,armA,False,
20,,0.0,Flash-Next (Kaggle),s5i5-18d95033_p0_events.jsonl,s5i5,47,2,4,,0.0,0.25,0.25,truncated,0,armA,False,
40,,0.125,Flash-Next (Kaggle),s5i5-18d95033_p0_events.jsonl,s5i5,47,2,6,,0.125,0.225,0.225,truncated,0,armA,False,
0,,,Flash-Next (Kaggle),s5i5-18d95033_p0_events.jsonl,s5i5,47,2,,,,,,truncated,,armA,False,
10,,0.0,Flash-Next (Kaggle),s5i5-18d95033_p1_events.jsonl,s5i5,22,1,3,,0.0,0.7,0.7,solved,0,armA,True,
20,,0.0,Flash-Next (Kaggle),s5i5-18d95033_p1_events.jsonl,s5i5,22,1,7,,0.0,0.35,0.35,solved,0,armA,True,
0,,,Flash-Next (Kaggle),s5i5-18d95033_p1_events.jsonl,s5i5,22,1,,,,,,solved,,armA,True,
10,,0.0,Flash-Next (Kaggle),s5i5-18d95033_p1_events.jsonl,s5i5,72,2,2,,0.4,0.8,0.8,solved,0,armA,True,
20,,0.1,Flash-Next (Kaggle),s5i5-18d95033_p1_events.jsonl,s5i5,72,2,7,,0.3,0.55,0.55,solved,0,armA,True,
40,,0.4,Flash-Next (Kaggle),s5i5-18d95033_p1_events.jsonl,s5i5,72,2,7,,0.3,0.35,0.325,solved,0,armA,True,
0,,,Flash-Next (Kaggle),s5i5-18d95033_p1_events.jsonl,s5i5,72,2,,,,,,solved,,armA,True,
10,,0.1,Flash-Next (Kaggle),s5i5-18d95033_p1_events.jsonl,s5i5,16,3,4,,0.1,0.6,0.6,truncated,0,armA,False,
0,,,Flash-Next (Kaggle),s5i5-18d95033_p1_events.jsonl,s5i5,16,3,,,,,,truncated,,armA,False,
10,0.6,0.0,Flash-Next (Kaggle),sk48-d8078629_p0_events.jsonl,sk48,118,1,5,6.5,0.0,0.3,0.3,truncated,0,armA,False,0.5
20,0.8,0.0,Flash-Next (Kaggle),sk48-d8078629_p0_events.jsonl,sk48,118,1,6,10.833333333333334,0.0,0.2,0.2,truncated,0,armA,False,0.6666666666666666
40,0.8,0.0,Flash-Next (Kaggle),sk48-d8078629_p0_events.jsonl,sk48,118,1,6,17.333333333333332,0.025,0.125,0.125,truncated,0,armA,False,0.8333333333333334
0,,,Flash-Next (Kaggle),sk48-d8078629_p0_events.jsonl,sk48,118,1,,,,,,truncated,,armA,False,
10,0.6,0.1,Flash-Next (Kaggle),sk48-d8078629_p1_events.jsonl,sk48,89,1,6,6.333333333333333,0.4,0.4,0.4,truncated,0,armA,False,0.6666666666666666
20,0.8,0.1,Flash-Next (Kaggle),sk48-d8078629_p1_events.jsonl,sk48,89,1,6,8.166666666666666,0.3,0.3,0.3,truncated,0,armA,False,0.8333333333333334
40,0.8,0.55,Flash-Next (Kaggle),sk48-d8078629_p1_events.jsonl,sk48,89,1,6,11.5,0.2,0.15,0.15,truncated,0,armA,False,0.8333333333333334
0,,,Flash-Next (Kaggle),sk48-d8078629_p1_events.jsonl,sk48,89,1,,,,,,truncated,,armA,False,
10,0.6,0.0,Flash-Next (Kaggle),sp80-589a99af_p0_events.jsonl,sp80,30,1,7,6.5,0.0,0.7,0.3,died,0,armA,False,0.5
20,1.0,0.0,Flash-Next (Kaggle),sp80-589a99af_p0_events.jsonl,sp80,30,1,8,8.5,0.0,0.6,0.3,died,0,armA,False,1.0
0,,,Flash-Next (Kaggle),sp80-589a99af_p0_events.jsonl,sp80,30,1,,,,,,died,,armA,False,
10,0.8,0.0,Flash-Next (Kaggle),sp80-589a99af_p0_events.jsonl,sp80,30,1,4,5.5,0.0,0.7,0.5,died,2,armA,False,0.8333333333333334
20,0.8,0.0,Flash-Next (Kaggle),sp80-589a99af_p0_events.jsonl,sp80,30,1,8,7.166666666666667,0.0,0.6,0.25,died,2,armA,False,0.8333333333333334
0,,,Flash-Next (Kaggle),sp80-589a99af_p0_events.jsonl,sp80,30,1,,,,,,died,,armA,False,
10,0.6,0.0,Flash-Next (Kaggle),sp80-589a99af_p0_events.jsonl,sp80,30,1,6,8.333333333333334,0.0,0.7,0.3,died,4,armA,False,0.5
20,0.8,0.0,Flash-Next (Kaggle),sp80-589a99af_p0_events.jsonl,sp80,30,1,9,12.833333333333334,0.0,0.65,0.2,died,4,armA,False,0.6666666666666666
0,,,Flash-Next (Kaggle),sp80-589a99af_p0_events.jsonl,sp80,30,1,,,,,,died,,armA,False,
10,0.4,0.0,Flash-Next (Kaggle),sp80-589a99af_p0_events.jsonl,sp80,30,1,8,8.0,0.0,0.6,0.2,died,6,armA,False,0.3333333333333333
20,0.6,0.0,Flash-Next (Kaggle),sp80-589a99af_p0_events.jsonl,sp80,30,1,9,13.166666666666666,0.0,0.45,0.15,died,6,armA,False,0.5
0,,,Flash-Next (Kaggle),sp80-589a99af_p0_events.jsonl,sp80,30,1,,,,,,died,,armA,False,
10,0.6,0.0,Flash-Next (Kaggle),sp80-589a99af_p0_events.jsonl,sp80,30,1,5,7.0,0.0,0.6,0.3,died,8,armA,False,0.5
20,0.6,0.0,Flash-Next (Kaggle),sp80-589a99af_p0_events.jsonl,sp80,30,1,9,12.0,0.0,0.45,0.15,died,8,armA,False,0.5
0,,,Flash-Next (Kaggle),sp80-589a99af_p0_events.jsonl,sp80,30,1,,,,,,died,,armA,False,
10,0.6,0.0,Flash-Next (Kaggle),sp80-589a99af_p0_events.jsonl,sp80,26,1,7,7.5,0.0,0.4,0.3,solved,10,armA,True,0.5
20,0.6,0.0,Flash-Next (Kaggle),sp80-589a99af_p0_events.jsonl,sp80,26,1,7,11.0,0.0,0.55,0.35,solved,10,armA,True,0.6666666666666666
0,,,Flash-Next (Kaggle),sp80-589a99af_p0_events.jsonl,sp80,26,1,,,,,,solved,,armA,True,
10,0.8,0.0,Flash-Next (Kaggle),sp80-589a99af_p0_events.jsonl,sp80,22,2,6,8.0,0.0,0.9,0.4,died,0,armA,False,0.6666666666666666
20,0.8,0.0,Flash-Next (Kaggle),sp80-589a99af_p0_events.jsonl,sp80,22,2,6,11.333333333333334,0.0,0.7,0.2,died,0,armA,False,0.6666666666666666
0,,,Flash-Next (Kaggle),sp80-589a99af_p0_events.jsonl,sp80,22,2,,,,,,died,,armA,False,
10,0.6,0.0,Flash-Next (Kaggle),sp80-589a99af_p1_events.jsonl,sp80,30,1,7,6.5,0.0,0.7,0.3,died,0,armA,False,0.5
20,1.0,0.0,Flash-Next (Kaggle),sp80-589a99af_p1_events.jsonl,sp80,30,1,8,8.166666666666666,0.0,0.65,0.3,died,0,armA,False,1.0
0,,,Flash-Next (Kaggle),sp80-589a99af_p1_events.jsonl,sp80,30,1,,,,,,died,,armA,False,
10,0.6,0.0,Flash-Next (Kaggle),sp80-589a99af_p1_events.jsonl,sp80,17,1,5,7.0,0.0,0.6,0.3,solved,2,armA,True,0.5
0,,,Flash-Next (Kaggle),sp80-589a99af_p1_events.jsonl,sp80,17,1,,,,,,solved,,armA,True,
10,0.6,0.0,Flash-Next (Kaggle),sp80-589a99af_p1_events.jsonl,sp80,16,2,3,7.5,0.0,0.4,0.3,died,0,armA,False,0.5
0,,,Flash-Next (Kaggle),sp80-589a99af_p1_events.jsonl,sp80,16,2,,,,,,died,,armA,False,
10,0.8,0.0,Flash-Next (Kaggle),sp80-589a99af_p1_events.jsonl,sp80,13,2,4,5.333333333333333,0.0,0.7,0.4,truncated,2,armA,False,0.6666666666666666
0,,,Flash-Next (Kaggle),sp80-589a99af_p1_events.jsonl,sp80,13,2,,,,,,truncated,,armA,False,
10,,0.0,Flash-Next (Kaggle),tn36-ef4dde99_p0_events.jsonl,tn36,61,1,2,,0.0,0.6,0.7,died,0,armA,False,
20,,0.0,Flash-Next (Kaggle),tn36-ef4dde99_p0_events.jsonl,tn36,61,1,2,,0.0,0.5,0.6,died,0,armA,False,
40,,0.0,Flash-Next (Kaggle),tn36-ef4dde99_p0_events.jsonl,tn36,61,1,2,,0.0,0.3,0.5,died,0,armA,False,
0,,,Flash-Next (Kaggle),tn36-ef4dde99_p0_events.jsonl,tn36,61,1,,,,,,died,,armA,False,
10,,0.0,Flash-Next (Kaggle),tn36-ef4dde99_p0_events.jsonl,tn36,61,1,1,,0.0,0.4,0.8,died,2,armA,False,
20,,0.0,Flash-Next (Kaggle),tn36-ef4dde99_p0_events.jsonl,tn36,61,1,1,,0.0,0.3,0.6,died,2,armA,False,
40,,0.0,Flash-Next (Kaggle),tn36-ef4dde99_p0_events.jsonl,tn36,61,1,3,,0.0,0.15,0.325,died,2,armA,False,
0,,,Flash-Next (Kaggle),tn36-ef4dde99_p0_events.jsonl,tn36,61,1,,,,,,died,,armA,False,
0,,,Flash-Next (Kaggle),tn36-ef4dde99_p0_events.jsonl,tn36,8,1,,,,,,truncated,,armA,False,
10,,0.0,Flash-Next (Kaggle),tn36-ef4dde99_p1_events.jsonl,tn36,61,1,1,,0.0,0.8,0.9,died,0,armA,False,
20,,0.0,Flash-Next (Kaggle),tn36-ef4dde99_p1_events.jsonl,tn36,61,1,2,,0.0,0.65,0.8,died,0,armA,False,
40,,0.0,Flash-Next (Kaggle),tn36-ef4dde99_p1_events.jsonl,tn36,61,1,2,,0.0,0.375,0.5,died,0,armA,False,
0,,,Flash-Next (Kaggle),tn36-ef4dde99_p1_events.jsonl,tn36,61,1,,,,,,died,,armA,False,
10,,0.0,Flash-Next (Kaggle),tn36-ef4dde99_p1_events.jsonl,tn36,61,1,1,,0.0,0.3,0.6,died,2,armA,False,
20,,0.0,Flash-Next (Kaggle),tn36-ef4dde99_p1_events.jsonl,tn36,61,1,1,,0.0,0.2,0.5,died,2,armA,False,
40,,0.0,Flash-Next (Kaggle),tn36-ef4dde99_p1_events.jsonl,tn36,61,1,1,,0.0,0.1,0.25,died,2,armA,False,
0,,,Flash-Next (Kaggle),tn36-ef4dde99_p1_events.jsonl,tn36,61,1,,,,,,died,,armA,False,
10,,0.0,Flash-Next (Kaggle),tn36-ef4dde99_p1_events.jsonl,tn36,61,1,4,,0.0,0.7,0.4,died,4,armA,False,
20,,0.0,Flash-Next (Kaggle),tn36-ef4dde99_p1_events.jsonl,tn36,61,1,4,,0.0,0.55,0.55,died,4,armA,False,
40,,0.0,Flash-Next (Kaggle),tn36-ef4dde99_p1_events.jsonl,tn36,61,1,4,,0.0,0.275,0.35,died,4,armA,False,
0,,,Flash-Next (Kaggle),tn36-ef4dde99_p1_events.jsonl,tn36,61,1,,,,,,died,,armA,False,
10,,0.0,Flash-Next (Kaggle),tn36-ef4dde99_p1_events.jsonl,tn36,61,1,2,,0.0,0.4,0.5,died,6,armA,False,
20,,0.0,Flash-Next (Kaggle),tn36-ef4dde99_p1_events.jsonl,tn36,61,1,2,,0.0,0.2,0.45,died,6,armA,False,
40,,0.0,Flash-Next (Kaggle),tn36-ef4dde99_p1_events.jsonl,tn36,61,1,2,,0.0,0.1,0.25,died,6,armA,False,
0,,,Flash-Next (Kaggle),tn36-ef4dde99_p1_events.jsonl,tn36,61,1,,,,,,died,,armA,False,
0,,,Flash-Next (Kaggle),tn36-ef4dde99_p1_events.jsonl,tn36,8,1,,,,,,truncated,,armA,False,
10,0.3333333333333333,0.0,Flash-Next (Kaggle),bp35-0a0ad940_p0_events.jsonl,bp35,40,1,7,7.75,0.0,0.5,0.4,solved,0,armB,True,0.5
20,0.3333333333333333,0.0,Flash-Next (Kaggle),bp35-0a0ad940_p0_events.jsonl,bp35,40,1,7,12.75,0.0,0.55,0.7,solved,0,armB,True,0.5
40,0.6666666666666666,0.0,Flash-Next (Kaggle),bp35-0a0ad940_p0_events.jsonl,bp35,40,1,7,18.5,0.0,0.4,0.45,solved,0,armB,True,0.75
0,,,Flash-Next (Kaggle),bp35-0a0ad940_p0_events.jsonl,bp35,40,1,,,,,,solved,,armB,True,
0,,,Flash-Next (Kaggle),bp35-0a0ad940_p0_events.jsonl,bp35,8,2,,,,,,died,,armB,False,
0,,,Flash-Next (Kaggle),bp35-0a0ad940_p0_events.jsonl,bp35,3,2,,,,,,died,,armB,False,
0,,,Flash-Next (Kaggle),bp35-0a0ad940_p0_events.jsonl,bp35,5,2,,,,,,died,,armB,False,
10,0.6666666666666666,0.0,Flash-Next (Kaggle),bp35-0a0ad940_p0_events.jsonl,bp35,14,2,6,5.5,0.0,0.7,0.4,died,6,armB,False,0.75
0,,,Flash-Next (Kaggle),bp35-0a0ad940_p0_events.jsonl,bp35,14,2,,,,,,died,,armB,False,
10,0.6666666666666666,0.0,Flash-Next (Kaggle),bp35-0a0ad940_p0_events.jsonl,bp35,18,2,2,4.25,0.0,1.0,0.6,died,8,armB,False,0.75
0,,,Flash-Next (Kaggle),bp35-0a0ad940_p0_events.jsonl,bp35,18,2,,,,,,died,,armB,False,
10,0.6666666666666666,0.0,Flash-Next (Kaggle),bp35-0a0ad940_p0_events.jsonl,bp35,11,2,6,4.5,0.0,0.7,0.5,died,10,armB,False,0.75
0,,,Flash-Next (Kaggle),bp35-0a0ad940_p0_events.jsonl,bp35,11,2,,,,,,died,,armB,False,
0,,,Flash-Next (Kaggle),bp35-0a0ad940_p0_events.jsonl,bp35,5,2,,,,,,died,,armB,False,
10,0.6666666666666666,0.0,Flash-Next (Kaggle),bp35-0a0ad940_p0_events.jsonl,bp35,17,2,1,6.0,0.0,1.0,1.0,died,14,armB,False,0.75
0,,,Flash-Next (Kaggle),bp35-0a0ad940_p0_events.jsonl,bp35,17,2,,,,,,died,,armB,False,
10,0.3333333333333333,0.0,Flash-Next (Kaggle),bp35-0a0ad940_p0_events.jsonl,bp35,14,2,1,6.25,0.0,0.9,1.0,died,16,armB,False,0.5
0,,,Flash-Next (Kaggle),bp35-0a0ad940_p0_events.jsonl,bp35,14,2,,,,,,died,,armB,False,
10,0.6666666666666666,0.0,Flash-Next (Kaggle),bp35-0a0ad940_p0_events.jsonl,bp35,28,2,6,4.75,0.0,0.7,0.5,truncated,18,armB,False,0.75
20,0.6666666666666666,0.0,Flash-Next (Kaggle),bp35-0a0ad940_p0_events.jsonl,bp35,28,2,6,7.25,0.0,0.6,0.45,truncated,18,armB,False,0.75
0,,,Flash-Next (Kaggle),bp35-0a0ad940_p0_events.jsonl,bp35,28,2,,,,,,truncated,,armB,False,
10,0.3333333333333333,0.0,Flash-Next (Kaggle),bp35-0a0ad940_p1_events.jsonl,bp35,28,1,2,6.5,0.0,0.8,0.9,solved,0,armB,True,0.5
20,0.6666666666666666,0.0,Flash-Next (Kaggle),bp35-0a0ad940_p1_events.jsonl,bp35,28,1,4,10.5,0.0,0.7,0.7,solved,0,armB,True,0.75
0,,,Flash-Next (Kaggle),bp35-0a0ad940_p1_events.jsonl,bp35,28,1,,,,,,solved,,armB,True,
0,,,Flash-Next (Kaggle),bp35-0a0ad940_p1_events.jsonl,bp35,2,2,,,,,,died,,armB,False,
0,,,Flash-Next (Kaggle),bp35-0a0ad940_p1_events.jsonl,bp35,4,2,,,,,,died,,armB,False,
10,0.0,0.0,Flash-Next (Kaggle),bp35-0a0ad940_p1_events.jsonl,bp35,18,2,1,8.5,0.0,0.8,1.0,died,4,armB,False,0.25
0,,,Flash-Next (Kaggle),bp35-0a0ad940_p1_events.jsonl,bp35,18,2,,,,,,died,,armB,False,
0,,,Flash-Next (Kaggle),bp35-0a0ad940_p1_events.jsonl,bp35,3,2,,,,,,died,,armB,False,
0,,,Flash-Next (Kaggle),ft09-0d8bbf25_p0_events.jsonl,ft09,4,1,,,,,,solved,,armB,True,
0,,,Flash-Next (Kaggle),ft09-0d8bbf25_p0_events.jsonl,ft09,7,2,,,,,,solved,,armB,True,
10,,0.0,Flash-Next (Kaggle),ft09-0d8bbf25_p0_events.jsonl,ft09,81,3,1,,0.0,1.0,1.0,solved,0,armB,True,
20,,0.0,Flash-Next (Kaggle),ft09-0d8bbf25_p0_events.jsonl,ft09,81,3,2,,0.0,0.95,0.95,solved,0,armB,True,
40,,0.0,Flash-Next (Kaggle),ft09-0d8bbf25_p0_events.jsonl,ft09,81,3,3,,0.025,0.6,0.6,solved,0,armB,True,
0,,,Flash-Next (Kaggle),ft09-0d8bbf25_p0_events.jsonl,ft09,81,3,,,,,,solved,,armB,True,
10,,0.0,Flash-Next (Kaggle),ft09-0d8bbf25_p0_events.jsonl,ft09,64,4,1,,0.0,0.6,0.6,truncated,0,armB,False,
20,,0.0,Flash-Next (Kaggle),ft09-0d8bbf25_p0_events.jsonl,ft09,64,4,1,,0.0,0.55,0.55,truncated,0,armB,False,
40,,0.0,Flash-Next (Kaggle),ft09-0d8bbf25_p0_events.jsonl,ft09,64,4,2,,0.0,0.45,0.45,truncated,0,armB,False,
0,,,Flash-Next (Kaggle),ft09-0d8bbf25_p0_events.jsonl,ft09,64,4,,,,,,truncated,,armB,False,
10,,0.0,Flash-Next (Kaggle),ft09-0d8bbf25_p1_events.jsonl,ft09,39,1,2,,0.3,0.7,0.7,died,0,armB,False,
20,,0.0,Flash-Next (Kaggle),ft09-0d8bbf25_p1_events.jsonl,ft09,39,1,2,,0.15,0.55,0.55,died,0,armB,False,
0,,,Flash-Next (Kaggle),ft09-0d8bbf25_p1_events.jsonl,ft09,39,1,,,,,,died,,armB,False,
10,,0.0,Flash-Next (Kaggle),ft09-0d8bbf25_p1_events.jsonl,ft09,34,1,1,,0.0,0.5,0.5,died,2,armB,False,
20,,0.0,Flash-Next (Kaggle),ft09-0d8bbf25_p1_events.jsonl,ft09,34,1,1,,0.0,0.3,0.3,died,2,armB,False,
0,,,Flash-Next (Kaggle),ft09-0d8bbf25_p1_events.jsonl,ft09,34,1,,,,,,died,,armB,False,
10,,0.0,Flash-Next (Kaggle),ft09-0d8bbf25_p1_events.jsonl,ft09,32,1,1,,0.0,0.4,0.4,died,4,armB,False,
20,,0.0,Flash-Next (Kaggle),ft09-0d8bbf25_p1_events.jsonl,ft09,32,1,1,,0.0,0.25,0.25,died,4,armB,False,
0,,,Flash-Next (Kaggle),ft09-0d8bbf25_p1_events.jsonl,ft09,32,1,,,,,,died,,armB,False,
10,,0.0,Flash-Next (Kaggle),ft09-0d8bbf25_p1_events.jsonl,ft09,32,1,1,,0.0,0.4,0.4,died,6,armB,False,
20,,0.0,Flash-Next (Kaggle),ft09-0d8bbf25_p1_events.jsonl,ft09,32,1,2,,0.0,0.3,0.3,died,6,armB,False,
0,,,Flash-Next (Kaggle),ft09-0d8bbf25_p1_events.jsonl,ft09,32,1,,,,,,died,,armB,False,
10,,0.0,Flash-Next (Kaggle),ft09-0d8bbf25_p1_events.jsonl,ft09,32,1,1,,0.0,0.6,0.6,died,8,armB,False,
20,,0.0,Flash-Next (Kaggle),ft09-0d8bbf25_p1_events.jsonl,ft09,32,1,1,,0.0,0.35,0.35,died,8,armB,False,
0,,,Flash-Next (Kaggle),ft09-0d8bbf25_p1_events.jsonl,ft09,32,1,,,,,,died,,armB,False,
10,,0.0,Flash-Next (Kaggle),ft09-0d8bbf25_p1_events.jsonl,ft09,30,1,1,,0.0,0.6,0.6,solved,10,armB,True,
20,,0.0,Flash-Next (Kaggle),ft09-0d8bbf25_p1_events.jsonl,ft09,30,1,1,,0.0,0.3,0.3,solved,10,armB,True,
0,,,Flash-Next (Kaggle),ft09-0d8bbf25_p1_events.jsonl,ft09,30,1,,,,,,solved,,armB,True,
0,,,Flash-Next (Kaggle),ft09-0d8bbf25_p1_events.jsonl,ft09,9,2,,,,,,solved,,armB,True,
10,,0.0,Flash-Next (Kaggle),ft09-0d8bbf25_p1_events.jsonl,ft09,96,3,1,,0.0,1.0,1.0,died,0,armB,False,
20,,0.0,Flash-Next (Kaggle),ft09-0d8bbf25_p1_events.jsonl,ft09,96,3,1,,0.0,0.65,0.65,died,0,armB,False,
40,,0.0,Flash-Next (Kaggle),ft09-0d8bbf25_p1_events.jsonl,ft09,96,3,1,,0.0,0.475,0.475,died,0,armB,False,
0,,,Flash-Next (Kaggle),ft09-0d8bbf25_p1_events.jsonl,ft09,96,3,,,,,,died,,armB,False,
10,,0.0,Flash-Next (Kaggle),ft09-0d8bbf25_p1_events.jsonl,ft09,20,3,1,,0.0,1.0,1.0,truncated,2,armB,False,
20,,0.0,Flash-Next (Kaggle),ft09-0d8bbf25_p1_events.jsonl,ft09,20,3,1,,0.0,1.0,1.0,truncated,2,armB,False,
0,,,Flash-Next (Kaggle),ft09-0d8bbf25_p1_events.jsonl,ft09,20,3,,,,,,truncated,,armB,False,
10,1.0,0.0,Flash-Next (Kaggle),ls20-9607627b_p0_events.jsonl,ls20,24,1,3,2.75,0.0,0.5,0.4,solved,0,armB,True,1.0
20,1.0,0.0,Flash-Next (Kaggle),ls20-9607627b_p0_events.jsonl,ls20,24,1,5,2.75,0.0,0.35,0.2,solved,0,armB,True,1.0
0,,,Flash-Next (Kaggle),ls20-9607627b_p0_events.jsonl,ls20,24,1,,,,,,solved,,armB,True,
10,0.75,0.0,Flash-Next (Kaggle),ls20-9607627b_p0_events.jsonl,ls20,88,2,5,5.5,0.0,0.4,0.3,died,0,armB,False,0.75
20,1.0,0.0,Flash-Next (Kaggle),ls20-9607627b_p0_events.jsonl,ls20,88,2,5,5.5,0.05,0.25,0.2,died,0,armB,False,1.0
40,1.0,0.175,Flash-Next (Kaggle),ls20-9607627b_p0_events.jsonl,ls20,88,2,6,5.5,0.05,0.125,0.1,died,0,armB,False,1.0
0,,,Flash-Next (Kaggle),ls20-9607627b_p0_events.jsonl,ls20,88,2,,,,,,died,,armB,False,
10,0.5,0.0,Flash-Next (Kaggle),ls20-9607627b_p0_events.jsonl,ls20,97,2,6,6.25,0.0,0.4,0.2,truncated,2,armB,False,0.5
20,1.0,0.0,Flash-Next (Kaggle),ls20-9607627b_p0_events.jsonl,ls20,97,2,8,8.25,0.0,0.35,0.2,truncated,2,armB,False,1.0
40,1.0,0.0,Flash-Next (Kaggle),ls20-9607627b_p0_events.jsonl,ls20,97,2,8,8.25,0.0,0.175,0.1,truncated,2,armB,False,1.0
0,,,Flash-Next (Kaggle),ls20-9607627b_p0_events.jsonl,ls20,97,2,,,,,,truncated,,armB,False,
10,1.0,0.0,Flash-Next (Kaggle),ls20-9607627b_p1_events.jsonl,ls20,116,1,4,5.0,0.1,0.4,0.4,truncated,0,armB,False,1.0
20,1.0,0.1,Flash-Next (Kaggle),ls20-9607627b_p1_events.jsonl,ls20,116,1,6,5.0,0.05,0.25,0.2,truncated,0,armB,False,1.0
40,1.0,0.15,Flash-Next (Kaggle),ls20-9607627b_p1_events.jsonl,ls20,116,1,7,5.0,0.025,0.225,0.1,truncated,0,armB,False,1.0
0,,,Flash-Next (Kaggle),ls20-9607627b_p1_events.jsonl,ls20,116,1,,,,,,truncated,,armB,False,
10,,0.0,Flash-Next (Kaggle),s5i5-18d95033_p0_events.jsonl,s5i5,25,1,1,,0.0,0.7,0.7,solved,0,armB,True,
20,,0.0,Flash-Next (Kaggle),s5i5-18d95033_p0_events.jsonl,s5i5,25,1,7,,0.0,0.45,0.45,solved,0,armB,True,
0,,,Flash-Next (Kaggle),s5i5-18d95033_p0_events.jsonl,s5i5,25,1,,,,,,solved,,armB,True,
10,,0.0,Flash-Next (Kaggle),s5i5-18d95033_p0_events.jsonl,s5i5,53,2,8,,0.1,0.2,0.2,truncated,0,armB,False,
20,,0.0,Flash-Next (Kaggle),s5i5-18d95033_p0_events.jsonl,s5i5,53,2,8,,0.15,0.4,0.4,truncated,0,armB,False,
40,,0.125,Flash-Next (Kaggle),s5i5-18d95033_p0_events.jsonl,s5i5,53,2,9,,0.175,0.3,0.275,truncated,0,armB,False,
0,,,Flash-Next (Kaggle),s5i5-18d95033_p0_events.jsonl,s5i5,53,2,,,,,,truncated,,armB,False,
10,,0.0,Flash-Next (Kaggle),s5i5-18d95033_p1_events.jsonl,s5i5,24,1,2,,0.0,0.6,0.6,solved,0,armB,True,
20,,0.0,Flash-Next (Kaggle),s5i5-18d95033_p1_events.jsonl,s5i5,24,1,8,,0.0,0.3,0.3,solved,0,armB,True,
0,,,Flash-Next (Kaggle),s5i5-18d95033_p1_events.jsonl,s5i5,24,1,,,,,,solved,,armB,True,
10,,0.0,Flash-Next (Kaggle),s5i5-18d95033_p1_events.jsonl,s5i5,127,2,5,,0.0,0.6,0.6,truncated,0,armB,False,
20,,0.15,Flash-Next (Kaggle),s5i5-18d95033_p1_events.jsonl,s5i5,127,2,8,,0.1,0.3,0.3,truncated,0,armB,False,
40,,0.15,Flash-Next (Kaggle),s5i5-18d95033_p1_events.jsonl,s5i5,127,2,8,,0.2,0.25,0.25,truncated,0,armB,False,
0,,,Flash-Next (Kaggle),s5i5-18d95033_p1_events.jsonl,s5i5,127,2,,,,,,truncated,,armB,False,
10,0.6,0.0,Flash-Next (Kaggle),sk48-d8078629_p0_events.jsonl,sk48,197,1,5,7.166666666666667,0.1,0.3,0.3,died,0,armB,False,0.5
20,0.6,0.35,Flash-Next (Kaggle),sk48-d8078629_p0_events.jsonl,sk48,197,1,6,12.166666666666666,0.1,0.15,0.15,died,0,armB,False,0.5
40,0.6,0.675,Flash-Next (Kaggle),sk48-d8078629_p0_events.jsonl,sk48,197,1,6,22.166666666666668,0.1,0.075,0.075,died,0,armB,False,0.5
0,,,Flash-Next (Kaggle),sk48-d8078629_p0_events.jsonl,sk48,197,1,,,,,,died,,armB,False,
10,0.4,0.5,Flash-Next (Kaggle),sk48-d8078629_p0_events.jsonl,sk48,114,1,2,8.0,0.3,0.2,0.2,truncated,2,armB,False,0.3333333333333333
20,0.6,0.55,Flash-Next (Kaggle),sk48-d8078629_p0_events.jsonl,sk48,114,1,5,13.166666666666666,0.25,0.15,0.15,truncated,2,armB,False,0.5
40,0.8,0.6,Flash-Next (Kaggle),sk48-d8078629_p0_events.jsonl,sk48,114,1,8,22.0,0.275,0.1,0.1,truncated,2,armB,False,0.6666666666666666
0,,,Flash-Next (Kaggle),sk48-d8078629_p0_events.jsonl,sk48,114,1,,,,,,truncated,,armB,False,
10,0.6,0.0,Flash-Next (Kaggle),sk48-d8078629_p1_events.jsonl,sk48,212,1,5,7.166666666666667,0.1,0.3,0.3,died,0,armB,False,0.5
20,0.6,0.35,Flash-Next (Kaggle),sk48-d8078629_p1_events.jsonl,sk48,212,1,7,12.166666666666666,0.15,0.15,0.15,died,0,armB,False,0.5
40,0.6,0.65,Flash-Next (Kaggle),sk48-d8078629_p1_events.jsonl,sk48,212,1,8,22.166666666666668,0.175,0.075,0.075,died,0,armB,False,0.5
0,,,Flash-Next (Kaggle),sk48-d8078629_p1_events.jsonl,sk48,212,1,,,,,,died,,armB,False,
10,0.4,0.2,Flash-Next (Kaggle),sk48-d8078629_p1_events.jsonl,sk48,52,1,7,8.166666666666666,0.2,0.2,0.2,truncated,2,armB,False,0.3333333333333333
20,0.6,0.25,Flash-Next (Kaggle),sk48-d8078629_p1_events.jsonl,sk48,52,1,10,13.166666666666666,0.25,0.15,0.15,truncated,2,armB,False,0.5
40,0.8,0.55,Flash-Next (Kaggle),sk48-d8078629_p1_events.jsonl,sk48,52,1,11,20.0,0.2,0.1,0.1,truncated,2,armB,False,0.6666666666666666
0,,,Flash-Next (Kaggle),sk48-d8078629_p1_events.jsonl,sk48,52,1,,,,,,truncated,,armB,False,
10,0.6,0.0,Flash-Next (Kaggle),sp80-589a99af_p0_events.jsonl,sp80,17,1,6,6.833333333333333,0.0,0.7,0.3,solved,0,armB,True,0.5
0,,,Flash-Next (Kaggle),sp80-589a99af_p0_events.jsonl,sp80,17,1,,,,,,solved,,armB,True,
10,0.6,0.0,Flash-Next (Kaggle),sp80-589a99af_p0_events.jsonl,sp80,27,2,8,7.666666666666667,0.0,0.3,0.3,died,0,armB,False,0.5
20,0.8,0.0,Flash-Next (Kaggle),sp80-589a99af_p0_events.jsonl,sp80,27,2,8,12.0,0.0,0.35,0.2,died,0,armB,False,0.6666666666666666
0,,,Flash-Next (Kaggle),sp80-589a99af_p0_events.jsonl,sp80,27,2,,,,,,died,,armB,False,
0,,,Flash-Next (Kaggle),sp80-589a99af_p0_events.jsonl,sp80,7,2,,,,,,truncated,,armB,False,
10,1.0,0.0,Flash-Next (Kaggle),sp80-589a99af_p1_events.jsonl,sp80,30,1,4,4.833333333333333,0.0,0.6,0.5,died,0,armB,False,0.8333333333333334
20,1.0,0.0,Flash-Next (Kaggle),sp80-589a99af_p1_events.jsonl,sp80,30,1,6,5.333333333333333,0.0,0.4,0.3,died,0,armB,False,1.0
0,,,Flash-Next (Kaggle),sp80-589a99af_p1_events.jsonl,sp80,30,1,,,,,,died,,armB,False,
0,,,Flash-Next (Kaggle),sp80-589a99af_p1_events.jsonl,sp80,4,1,,,,,,solved,,armB,True,
10,0.8,0.0,Flash-Next (Kaggle),sp80-589a99af_p1_events.jsonl,sp80,16,2,3,6.5,0.0,0.6,0.4,died,0,armB,False,0.6666666666666666
0,,,Flash-Next (Kaggle),sp80-589a99af_p1_events.jsonl,sp80,16,2,,,,,,died,,armB,False,
10,0.6,0.0,Flash-Next (Kaggle),sp80-589a99af_p1_events.jsonl,sp80,24,2,7,6.5,0.0,0.3,0.3,died,2,armB,False,0.5
20,0.8,0.0,Flash-Next (Kaggle),sp80-589a99af_p1_events.jsonl,sp80,24,2,7,10.0,0.0,0.3,0.2,died,2,armB,False,0.6666666666666666
0,,,Flash-Next (Kaggle),sp80-589a99af_p1_events.jsonl,sp80,24,2,,,,,,died,,armB,False,
0,,,Flash-Next (Kaggle),sp80-589a99af_p1_events.jsonl,sp80,2,2,,,,,,truncated,,armB,False,
10,,0.0,Flash-Next (Kaggle),tn36-ef4dde99_p0_events.jsonl,tn36,61,1,1,,0.0,0.6,0.7,died,0,armB,False,
20,,0.0,Flash-Next (Kaggle),tn36-ef4dde99_p0_events.jsonl,tn36,61,1,1,,0.0,0.45,0.7,died,0,armB,False,
40,,0.0,Flash-Next (Kaggle),tn36-ef4dde99_p0_events.jsonl,tn36,61,1,2,,0.0,0.35,0.525,died,0,armB,False,
0,,,Flash-Next (Kaggle),tn36-ef4dde99_p0_events.jsonl,tn36,61,1,,,,,,died,,armB,False,
10,,0.0,Flash-Next (Kaggle),tn36-ef4dde99_p0_events.jsonl,tn36,61,1,1,,0.0,0.3,0.8,died,2,armB,False,
20,,0.0,Flash-Next (Kaggle),tn36-ef4dde99_p0_events.jsonl,tn36,61,1,1,,0.0,0.2,0.5,died,2,armB,False,
40,,0.0,Flash-Next (Kaggle),tn36-ef4dde99_p0_events.jsonl,tn36,61,1,2,,0.0,0.1,0.275,died,2,armB,False,
0,,,Flash-Next (Kaggle),tn36-ef4dde99_p0_events.jsonl,tn36,61,1,,,,,,died,,armB,False,
0,,,Flash-Next (Kaggle),tn36-ef4dde99_p0_events.jsonl,tn36,7,1,,,,,,solved,,armB,True,
10,,0.0,Flash-Next (Kaggle),tn36-ef4dde99_p0_events.jsonl,tn36,29,2,1,,0.0,0.6,1.0,truncated,0,armB,False,
20,,0.0,Flash-Next (Kaggle),tn36-ef4dde99_p0_events.jsonl,tn36,29,2,1,,0.0,0.45,1.0,truncated,0,armB,False,
0,,,Flash-Next (Kaggle),tn36-ef4dde99_p0_events.jsonl,tn36,29,2,,,,,,truncated,,armB,False,
10,,0.0,Flash-Next (Kaggle),tn36-ef4dde99_p1_events.jsonl,tn36,39,1,2,,0.0,0.5,0.6,solved,0,armB,True,
20,,0.0,Flash-Next (Kaggle),tn36-ef4dde99_p1_events.jsonl,tn36,39,1,2,,0.0,0.5,0.6,solved,0,armB,True,
0,,,Flash-Next (Kaggle),tn36-ef4dde99_p1_events.jsonl,tn36,39,1,,,,,,solved,,armB,True,
10,,0.0,Flash-Next (Kaggle),tn36-ef4dde99_p1_events.jsonl,tn36,61,2,1,,0.0,0.5,1.0,died,0,armB,False,
20,,0.0,Flash-Next (Kaggle),tn36-ef4dde99_p1_events.jsonl,tn36,61,2,1,,0.0,0.4,1.0,died,0,armB,False,
40,,0.0,Flash-Next (Kaggle),tn36-ef4dde99_p1_events.jsonl,tn36,61,2,1,,0.0,0.325,0.75,died,0,armB,False,
0,,,Flash-Next (Kaggle),tn36-ef4dde99_p1_events.jsonl,tn36,61,2,,,,,,died,,armB,False,
10,,0.0,Flash-Next (Kaggle),tn36-ef4dde99_p1_events.jsonl,tn36,41,2,1,,0.0,0.4,0.6,truncated,2,armB,False,
20,,0.0,Flash-Next (Kaggle),tn36-ef4dde99_p1_events.jsonl,tn36,41,2,1,,0.0,0.5,0.65,truncated,2,armB,False,
40,,0.0,Flash-Next (Kaggle),tn36-ef4dde99_p1_events.jsonl,tn36,41,2,1,,0.0,0.275,0.475,truncated,2,armB,False,
0,,,Flash-Next (Kaggle),tn36-ef4dde99_p1_events.jsonl,tn36,41,2,,,,,,truncated,,armB,False,
10,0.6666666666666666,0.0,Flash-Next (Kaggle),bp35-0a0ad940_p0_events.jsonl,bp35,23,1,5,5.25,0.0,0.4,0.6,solved,0,armC,True,0.75
20,0.6666666666666666,0.0,Flash-Next (Kaggle),bp35-0a0ad940_p0_events.jsonl,bp35,23,1,5,7.75,0.0,0.5,0.4,solved,0,armC,True,0.75
0,,,Flash-Next (Kaggle),bp35-0a0ad940_p0_events.jsonl,bp35,23,1,,,,,,solved,,armC,True,
0,,,Flash-Next (Kaggle),bp35-0a0ad940_p0_events.jsonl,bp35,2,2,,,,,,died,,armC,False,
0,,,Flash-Next (Kaggle),bp35-0a0ad940_p0_events.jsonl,bp35,3,2,,,,,,died,,armC,False,
0,,,Flash-Next (Kaggle),bp35-0a0ad940_p0_events.jsonl,bp35,8,2,,,,,,died,,armC,False,
0,,,Flash-Next (Kaggle),bp35-0a0ad940_p0_events.jsonl,bp35,3,2,,,,,,truncated,,armC,False,
10,0.6666666666666666,0.0,Flash-Next (Kaggle),bp35-0a0ad940_p1_events.jsonl,bp35,22,1,5,6.25,0.0,0.6,0.4,solved,0,armC,True,0.75
20,0.6666666666666666,0.0,Flash-Next (Kaggle),bp35-0a0ad940_p1_events.jsonl,bp35,22,1,5,8.75,0.0,0.6,0.35,solved,0,armC,True,0.75
0,,,Flash-Next (Kaggle),bp35-0a0ad940_p1_events.jsonl,bp35,22,1,,,,,,solved,,armC,True,
0,,,Flash-Next (Kaggle),bp35-0a0ad940_p1_events.jsonl,bp35,2,2,,,,,,died,,armC,False,
10,0.6666666666666666,0.0,Flash-Next (Kaggle),bp35-0a0ad940_p1_events.jsonl,bp35,10,2,5,4.5,0.0,0.8,0.5,died,2,armC,False,0.75
0,,,Flash-Next (Kaggle),bp35-0a0ad940_p1_events.jsonl,bp35,10,2,,,,,,died,,armC,False,
0,,,Flash-Next (Kaggle),bp35-0a0ad940_p1_events.jsonl,bp35,2,2,,,,,,died,,armC,False,
0,,,Flash-Next (Kaggle),bp35-0a0ad940_p1_events.jsonl,bp35,4,2,,,,,,truncated,,armC,False,
10,,0.0,Flash-Next (Kaggle),ft09-0d8bbf25_p0_events.jsonl,ft09,10,1,2,,0.2,0.7,0.7,solved,0,armC,True,
0,,,Flash-Next (Kaggle),ft09-0d8bbf25_p0_events.jsonl,ft09,10,1,,,,,,solved,,armC,True,
0,,,Flash-Next (Kaggle),ft09-0d8bbf25_p0_events.jsonl,ft09,7,2,,,,,,solved,,armC,True,
10,,0.0,Flash-Next (Kaggle),ft09-0d8bbf25_p0_events.jsonl,ft09,18,3,3,,0.0,0.8,0.8,solved,0,armC,True,
0,,,Flash-Next (Kaggle),ft09-0d8bbf25_p0_events.jsonl,ft09,18,3,,,,,,solved,,armC,True,
10,,0.0,Flash-Next (Kaggle),ft09-0d8bbf25_p0_events.jsonl,ft09,21,4,2,,0.0,0.9,0.9,solved,0,armC,True,
20,,0.0,Flash-Next (Kaggle),ft09-0d8bbf25_p0_events.jsonl,ft09,21,4,2,,0.0,0.8,0.8,solved,0,armC,True,
0,,,Flash-Next (Kaggle),ft09-0d8bbf25_p0_events.jsonl,ft09,21,4,,,,,,solved,,armC,True,
10,,0.0,Flash-Next (Kaggle),ft09-0d8bbf25_p0_events.jsonl,ft09,122,5,2,,0.0,0.9,0.9,truncated,0,armC,False,
20,,0.0,Flash-Next (Kaggle),ft09-0d8bbf25_p0_events.jsonl,ft09,122,5,2,,0.05,0.6,0.6,truncated,0,armC,False,
40,,0.0,Flash-Next (Kaggle),ft09-0d8bbf25_p0_events.jsonl,ft09,122,5,2,,0.025,0.625,0.625,truncated,0,armC,False,
0,,,Flash-Next (Kaggle),ft09-0d8bbf25_p0_events.jsonl,ft09,122,5,,,,,,truncated,,armC,False,
0,,,Flash-Next (Kaggle),ft09-0d8bbf25_p1_events.jsonl,ft09,4,1,,,,,,solved,,armC,True,
0,,,Flash-Next (Kaggle),ft09-0d8bbf25_p1_events.jsonl,ft09,7,2,,,,,,solved,,armC,True,
10,,0.0,Flash-Next (Kaggle),ft09-0d8bbf25_p1_events.jsonl,ft09,16,3,1,,0.0,1.0,1.0,solved,0,armC,True,
0,,,Flash-Next (Kaggle),ft09-0d8bbf25_p1_events.jsonl,ft09,16,3,,,,,,solved,,armC,True,
10,,0.0,Flash-Next (Kaggle),ft09-0d8bbf25_p1_events.jsonl,ft09,16,4,1,,0.0,1.0,1.0,solved,0,armC,True,
0,,,Flash-Next (Kaggle),ft09-0d8bbf25_p1_events.jsonl,ft09,16,4,,,,,,solved,,armC,True,
10,,0.0,Flash-Next (Kaggle),ft09-0d8bbf25_p1_events.jsonl,ft09,73,5,8,,0.0,0.3,0.3,truncated,0,armC,False,
20,,0.0,Flash-Next (Kaggle),ft09-0d8bbf25_p1_events.jsonl,ft09,73,5,8,,0.0,0.55,0.55,truncated,0,armC,False,
40,,0.0,Flash-Next (Kaggle),ft09-0d8bbf25_p1_events.jsonl,ft09,73,5,8,,0.0,0.625,0.625,truncated,0,armC,False,
0,,,Flash-Next (Kaggle),ft09-0d8bbf25_p1_events.jsonl,ft09,73,5,,,,,,truncated,,armC,False,
10,0.75,0.0,Flash-Next (Kaggle),ls20-9607627b_p0_events.jsonl,ls20,132,1,7,7.5,0.1,0.3,0.3,died,0,armC,False,0.75
20,1.0,0.15,Flash-Next (Kaggle),ls20-9607627b_p0_events.jsonl,ls20,132,1,7,8.5,0.05,0.4,0.2,died,0,armC,False,1.0
40,1.0,0.125,Flash-Next (Kaggle),ls20-9607627b_p0_events.jsonl,ls20,132,1,7,8.5,0.025,0.325,0.1,died,0,armC,False,1.0
0,,,Flash-Next (Kaggle),ls20-9607627b_p0_events.jsonl,ls20,132,1,,,,,,died,,armC,False,
10,1.0,0.0,Flash-Next (Kaggle),ls20-9607627b_p0_events.jsonl,ls20,134,1,3,4.75,0.0,0.4,0.4,died,2,armC,False,1.0
20,1.0,0.0,Flash-Next (Kaggle),ls20-9607627b_p0_events.jsonl,ls20,134,1,5,4.75,0.0,0.3,0.2,died,2,armC,False,1.0
40,1.0,0.0,Flash-Next (Kaggle),ls20-9607627b_p0_events.jsonl,ls20,134,1,5,4.75,0.0,0.375,0.1,died,2,armC,False,1.0
0,,,Flash-Next (Kaggle),ls20-9607627b_p0_events.jsonl,ls20,134,1,,,,,,died,,armC,False,
10,1.0,0.0,Flash-Next (Kaggle),ls20-9607627b_p0_events.jsonl,ls20,68,1,7,7.0,0.1,0.4,0.4,solved,4,armC,True,1.0
20,1.0,0.15,Flash-Next (Kaggle),ls20-9607627b_p0_events.jsonl,ls20,68,1,7,7.0,0.05,0.2,0.2,solved,4,armC,True,1.0
40,1.0,0.275,Flash-Next (Kaggle),ls20-9607627b_p0_events.jsonl,ls20,68,1,7,7.0,0.025,0.1,0.1,solved,4,armC,True,1.0
0,,,Flash-Next (Kaggle),ls20-9607627b_p0_events.jsonl,ls20,68,1,,,,,,solved,,armC,True,
0,,,Flash-Next (Kaggle),ls20-9607627b_p0_events.jsonl,ls20,1,2,,,,,,truncated,,armC,False,
10,1.0,0.0,Flash-Next (Kaggle),ls20-9607627b_p1_events.jsonl,ls20,113,1,3,5.25,0.0,0.7,0.4,truncated,0,armC,False,1.0
20,1.0,0.05,Flash-Next (Kaggle),ls20-9607627b_p1_events.jsonl,ls20,113,1,3,5.25,0.1,0.4,0.2,truncated,0,armC,False,1.0
40,1.0,0.125,Flash-Next (Kaggle),ls20-9607627b_p1_events.jsonl,ls20,113,1,4,5.25,0.05,0.25,0.1,truncated,0,armC,False,1.0
0,,,Flash-Next (Kaggle),ls20-9607627b_p1_events.jsonl,ls20,113,1,,,,,,truncated,,armC,False,
10,,0.0,Flash-Next (Kaggle),s5i5-18d95033_p0_events.jsonl,s5i5,18,1,5,,0.0,0.5,0.6,solved,0,armC,True,
0,,,Flash-Next (Kaggle),s5i5-18d95033_p0_events.jsonl,s5i5,18,1,,,,,,solved,,armC,True,
10,,0.0,Flash-Next (Kaggle),s5i5-18d95033_p0_events.jsonl,s5i5,31,2,6,,0.0,0.4,0.4,solved,0,armC,True,
20,,0.0,Flash-Next (Kaggle),s5i5-18d95033_p0_events.jsonl,s5i5,31,2,7,,0.0,0.25,0.3,solved,0,armC,True,
0,,,Flash-Next (Kaggle),s5i5-18d95033_p0_events.jsonl,s5i5,31,2,,,,,,solved,,armC,True,
10,,0.3,Flash-Next (Kaggle),s5i5-18d95033_p0_events.jsonl,s5i5,19,3,4,,0.2,0.4,0.4,truncated,0,armC,False,
0,,,Flash-Next (Kaggle),s5i5-18d95033_p0_events.jsonl,s5i5,19,3,,,,,,truncated,,armC,False,
10,,0.0,Flash-Next (Kaggle),s5i5-18d95033_p1_events.jsonl,s5i5,37,1,3,,0.0,0.6,0.7,solved,0,armC,True,
20,,0.0,Flash-Next (Kaggle),s5i5-18d95033_p1_events.jsonl,s5i5,37,1,5,,0.0,0.45,0.6,solved,0,armC,True,
0,,,Flash-Next (Kaggle),s5i5-18d95033_p1_events.jsonl,s5i5,37,1,,,,,,solved,,armC,True,
10,,0.1,Flash-Next (Kaggle),s5i5-18d95033_p1_events.jsonl,s5i5,37,2,4,,0.2,0.4,0.4,solved,0,armC,True,
20,,0.05,Flash-Next (Kaggle),s5i5-18d95033_p1_events.jsonl,s5i5,37,2,8,,0.2,0.3,0.3,solved,0,armC,True,
0,,,Flash-Next (Kaggle),s5i5-18d95033_p1_events.jsonl,s5i5,37,2,,,,,,solved,,armC,True,
10,,0.1,Flash-Next (Kaggle),s5i5-18d95033_p1_events.jsonl,s5i5,23,3,4,,0.3,0.3,0.3,truncated,0,armC,False,
20,,0.15,Flash-Next (Kaggle),s5i5-18d95033_p1_events.jsonl,s5i5,23,3,6,,0.3,0.25,0.25,truncated,0,armC,False,
0,,,Flash-Next (Kaggle),s5i5-18d95033_p1_events.jsonl,s5i5,23,3,,,,,,truncated,,armC,False,
10,0.6,0.0,Flash-Next (Kaggle),sk48-d8078629_p0_events.jsonl,sk48,130,1,5,7.833333333333333,0.1,0.3,0.3,truncated,0,armC,False,0.5
20,0.8,0.2,Flash-Next (Kaggle),sk48-d8078629_p0_events.jsonl,sk48,130,1,6,11.833333333333334,0.1,0.2,0.2,truncated,0,armC,False,0.6666666666666666
40,0.8,0.5,Flash-Next (Kaggle),sk48-d8078629_p0_events.jsonl,sk48,130,1,6,18.5,0.05,0.1,0.1,truncated,0,armC,False,0.6666666666666666
0,,,Flash-Next (Kaggle),sk48-d8078629_p0_events.jsonl,sk48,130,1,,,,,,truncated,,armC,False,
10,0.6,0.0,Flash-Next (Kaggle),sk48-d8078629_p1_events.jsonl,sk48,28,1,3,7.666666666666667,0.1,0.3,0.3,solved,0,armC,True,0.5
20,0.8,0.05,Flash-Next (Kaggle),sk48-d8078629_p1_events.jsonl,sk48,28,1,4,11.166666666666666,0.05,0.2,0.2,solved,0,armC,True,0.6666666666666666
0,,,Flash-Next (Kaggle),sk48-d8078629_p1_events.jsonl,sk48,28,1,,,,,,solved,,armC,True,
10,0.6,0.0,Flash-Next (Kaggle),sk48-d8078629_p1_events.jsonl,sk48,105,2,6,8.0,0.0,0.3,0.3,truncated,0,armC,False,0.5
20,0.6,0.1,Flash-Next (Kaggle),sk48-d8078629_p1_events.jsonl,sk48,105,2,6,11.5,0.15,0.3,0.2,truncated,0,armC,False,0.6666666666666666
40,0.8,0.25,Flash-Next (Kaggle),sk48-d8078629_p1_events.jsonl,sk48,105,2,6,16.166666666666668,0.075,0.175,0.125,truncated,0,armC,False,0.8333333333333334
0,,,Flash-Next (Kaggle),sk48-d8078629_p1_events.jsonl,sk48,105,2,,,,,,truncated,,armC,False,
0,,,Flash-Next (Kaggle),sp80-589a99af_p0_events.jsonl,sp80,9,1,,,,,,solved,,armC,True,
10,0.6,0.0,Flash-Next (Kaggle),sp80-589a99af_p0_events.jsonl,sp80,24,2,4,5.333333333333333,0.0,0.9,0.4,died,0,armC,False,0.6666666666666666
20,0.8,0.0,Flash-Next (Kaggle),sp80-589a99af_p0_events.jsonl,sp80,24,2,8,7.333333333333333,0.0,0.75,0.25,died,0,armC,False,0.8333333333333334
0,,,Flash-Next (Kaggle),sp80-589a99af_p0_events.jsonl,sp80,24,2,,,,,,died,,armC,False,
10,0.8,0.0,Flash-Next (Kaggle),sp80-589a99af_p0_events.jsonl,sp80,32,2,3,5.5,0.0,0.8,0.4,died,2,armC,False,0.6666666666666666
20,1.0,0.0,Flash-Next (Kaggle),sp80-589a99af_p0_events.jsonl,sp80,32,2,8,7.5,0.0,0.7,0.25,died,2,armC,False,0.8333333333333334
0,,,Flash-Next (Kaggle),sp80-589a99af_p0_events.jsonl,sp80,32,2,,,,,,died,,armC,False,
10,0.8,0.0,Flash-Next (Kaggle),sp80-589a99af_p0_events.jsonl,sp80,22,2,6,5.666666666666667,0.0,0.8,0.4,died,4,armC,False,0.6666666666666666
20,1.0,0.0,Flash-Next (Kaggle),sp80-589a99af_p0_events.jsonl,sp80,22,2,6,7.666666666666667,0.0,0.7,0.25,died,4,armC,False,0.8333333333333334
0,,,Flash-Next (Kaggle),sp80-589a99af_p0_events.jsonl,sp80,22,2,,,,,,died,,armC,False,
10,0.8,0.0,Flash-Next (Kaggle),sp80-589a99af_p0_events.jsonl,sp80,19,2,4,5.666666666666667,0.0,0.5,0.4,truncated,6,armC,False,0.6666666666666666
0,,,Flash-Next (Kaggle),sp80-589a99af_p0_events.jsonl,sp80,19,2,,,,,,truncated,,armC,False,
10,0.8,0.0,Flash-Next (Kaggle),sp80-589a99af_p1_events.jsonl,sp80,30,1,3,5.0,0.0,0.8,0.5,died,0,armC,False,0.8333333333333334
20,0.8,0.0,Flash-Next (Kaggle),sp80-589a99af_p1_events.jsonl,sp80,30,1,9,6.666666666666667,0.0,0.6,0.25,died,0,armC,False,0.8333333333333334
0,,,Flash-Next (Kaggle),sp80-589a99af_p1_events.jsonl,sp80,30,1,,,,,,died,,armC,False,
10,0.4,0.0,Flash-Next (Kaggle),sp80-589a99af_p1_events.jsonl,sp80,25,1,7,8.166666666666666,0.0,0.6,0.2,solved,2,armC,True,0.3333333333333333
20,0.8,0.0,Flash-Next (Kaggle),sp80-589a99af_p1_events.jsonl,sp80,25,1,8,12.0,0.0,0.55,0.2,solved,2,armC,True,0.6666666666666666
0,,,Flash-Next (Kaggle),sp80-589a99af_p1_events.jsonl,sp80,25,1,,,,,,solved,,armC,True,
10,0.6,0.0,Flash-Next (Kaggle),sp80-589a99af_p1_events.jsonl,sp80,18,2,3,6.833333333333333,0.0,0.3,0.3,died,0,armC,False,0.5
0,,,Flash-Next (Kaggle),sp80-589a99af_p1_events.jsonl,sp80,18,2,,,,,,died,,armC,False,
10,0.8,0.0,Flash-Next (Kaggle),sp80-589a99af_p1_events.jsonl,sp80,18,2,4,7.166666666666667,0.0,0.5,0.4,died,2,armC,False,0.6666666666666666
0,,,Flash-Next (Kaggle),sp80-589a99af_p1_events.jsonl,sp80,18,2,,,,,,died,,armC,False,
0,,,Flash-Next (Kaggle),sp80-589a99af_p1_events.jsonl,sp80,9,2,,,,,,truncated,,armC,False,
10,,0.0,Flash-Next (Kaggle),tn36-ef4dde99_p0_events.jsonl,tn36,18,1,1,,0.0,0.7,0.9,solved,0,armC,True,
0,,,Flash-Next (Kaggle),tn36-ef4dde99_p0_events.jsonl,tn36,18,1,,,,,,solved,,armC,True,
10,,0.0,Flash-Next (Kaggle),tn36-ef4dde99_p0_events.jsonl,tn36,20,2,2,,0.0,0.7,0.9,solved,0,armC,True,
20,,0.0,Flash-Next (Kaggle),tn36-ef4dde99_p0_events.jsonl,tn36,20,2,2,,0.0,0.55,0.8,solved,0,armC,True,
0,,,Flash-Next (Kaggle),tn36-ef4dde99_p0_events.jsonl,tn36,20,2,,,,,,solved,,armC,True,
10,,0.0,Flash-Next (Kaggle),tn36-ef4dde99_p0_events.jsonl,tn36,61,3,1,,0.0,0.3,1.0,died,0,armC,False,
20,,0.0,Flash-Next (Kaggle),tn36-ef4dde99_p0_events.jsonl,tn36,61,3,1,,0.0,0.35,0.75,died,0,armC,False,
40,,0.0,Flash-Next (Kaggle),tn36-ef4dde99_p0_events.jsonl,tn36,61,3,1,,0.0,0.225,0.45,died,0,armC,False,
0,,,Flash-Next (Kaggle),tn36-ef4dde99_p0_events.jsonl,tn36,61,3,,,,,,died,,armC,False,
10,,0.0,Flash-Next (Kaggle),tn36-ef4dde99_p0_events.jsonl,tn36,10,3,1,,0.0,0.7,0.9,truncated,2,armC,False,
0,,,Flash-Next (Kaggle),tn36-ef4dde99_p0_events.jsonl,tn36,10,3,,,,,,truncated,,armC,False,
10,,0.0,Flash-Next (Kaggle),tn36-ef4dde99_p1_events.jsonl,tn36,39,1,1,,0.0,0.7,0.9,solved,0,armC,True,
20,,0.0,Flash-Next (Kaggle),tn36-ef4dde99_p1_events.jsonl,tn36,39,1,1,,0.0,0.4,0.65,solved,0,armC,True,
0,,,Flash-Next (Kaggle),tn36-ef4dde99_p1_events.jsonl,tn36,39,1,,,,,,solved,,armC,True,
10,,0.0,Flash-Next (Kaggle),tn36-ef4dde99_p1_events.jsonl,tn36,61,2,2,,0.0,0.7,0.9,died,0,armC,False,
20,,0.0,Flash-Next (Kaggle),tn36-ef4dde99_p1_events.jsonl,tn36,61,2,2,,0.0,0.55,0.85,died,0,armC,False,
40,,0.0,Flash-Next (Kaggle),tn36-ef4dde99_p1_events.jsonl,tn36,61,2,2,,0.0,0.375,0.775,died,0,armC,False,
0,,,Flash-Next (Kaggle),tn36-ef4dde99_p1_events.jsonl,tn36,61,2,,,,,,died,,armC,False,
10,,0.0,Flash-Next (Kaggle),tn36-ef4dde99_p1_events.jsonl,tn36,15,2,1,,0.0,0.7,0.9,truncated,2,armC,False,
0,,,Flash-Next (Kaggle),tn36-ef4dde99_p1_events.jsonl,tn36,15,2,,,,,,truncated,,armC,False,
0,,,dense 27B (Jethro / Mini),bp35-0a0ad940_p0_events.jsonl,bp35,1,1,,,,,,truncated,,20260921_225308_20260921_boss-prompt-two-games,False,
0,,,dense 27B (Jethro / Mini),m0r0-492f87ba_p0_events.jsonl,m0r0,1,1,,,,,,truncated,,20260922_010430_20260921_nosp-a424-bf16-stripped,False,
0,,,dense 27B (Jethro / Mini),sp80-589a99af_p0_events.jsonl,sp80,1,1,,,,,,truncated,,20260922_010430_20260921_nosp-a424-bf16-stripped,False,
0,,,dense 27B (Jethro / Mini),wa30-ee6fef47_p0_events.jsonl,wa30,2,1,,,,,,truncated,,20260922_010430_20260921_nosp-a424-bf16-stripped,False,
10,0.6666666666666666,0.0,dense 27B (Jethro / Mini),bp35-0a0ad940_p0_events.jsonl,bp35,38,1,3,5.25,0.0,0.6,0.7,reset,0,20260922_170936_20260921_boss-prompt-two-games,False,0.75
20,0.6666666666666666,0.0,dense 27B (Jethro / Mini),bp35-0a0ad940_p0_events.jsonl,bp35,38,1,7,7.75,0.0,0.6,0.5,reset,0,20260922_170936_20260921_boss-prompt-two-games,False,0.75
0,,,dense 27B (Jethro / Mini),bp35-0a0ad940_p0_events.jsonl,bp35,38,1,,,,,,reset,,20260922_170936_20260921_boss-prompt-two-games,False,
10,0.3333333333333333,0.0,dense 27B (Jethro / Mini),bp35-0a0ad940_p0_events.jsonl,bp35,39,1,3,7.75,0.0,0.7,0.8,solved,1,20260922_170936_20260921_boss-prompt-two-games,True,0.5
20,0.3333333333333333,0.0,dense 27B (Jethro / Mini),bp35-0a0ad940_p0_events.jsonl,bp35,39,1,7,12.75,0.0,0.6,0.6,solved,1,20260922_170936_20260921_boss-prompt-two-games,True,0.5
0,,,dense 27B (Jethro / Mini),bp35-0a0ad940_p0_events.jsonl,bp35,39,1,,,,,,solved,,20260922_170936_20260921_boss-prompt-two-games,True,
0,,,dense 27B (Jethro / Mini),bp35-0a0ad940_p0_events.jsonl,bp35,9,2,,,,,,died,,20260922_170936_20260921_boss-prompt-two-games,False,
10,0.3333333333333333,0.0,dense 27B (Jethro / Mini),bp35-0a0ad940_p0_events.jsonl,bp35,27,2,2,6.5,0.0,0.9,0.9,truncated,2,20260922_170936_20260921_boss-prompt-two-games,False,0.5
20,0.3333333333333333,0.0,dense 27B (Jethro / Mini),bp35-0a0ad940_p0_events.jsonl,bp35,27,2,2,11.5,0.0,0.9,0.95,truncated,2,20260922_170936_20260921_boss-prompt-two-games,False,0.5
0,,,dense 27B (Jethro / Mini),bp35-0a0ad940_p0_events.jsonl,bp35,27,2,,,,,,truncated,,20260922_170936_20260921_boss-prompt-two-games,False,
10,0.6,0.0,dense 27B (Jethro / Mini),sk48-d8078629_p0_events.jsonl,sk48,42,1,4,7.5,0.0,0.3,0.3,truncated,0,20260922_170936_20260921_boss-prompt-two-games,False,0.5
20,0.8,0.2,dense 27B (Jethro / Mini),sk48-d8078629_p0_events.jsonl,sk48,42,1,4,11.166666666666666,0.1,0.2,0.2,truncated,0,20260922_170936_20260921_boss-prompt-two-games,False,0.6666666666666666
40,0.8,0.3,dense 27B (Jethro / Mini),sk48-d8078629_p0_events.jsonl,sk48,42,1,5,17.833333333333332,0.05,0.1,0.1,truncated,0,20260922_170936_20260921_boss-prompt-two-games,False,0.6666666666666666
0,,,dense 27B (Jethro / Mini),sk48-d8078629_p0_events.jsonl,sk48,42,1,,,,,,truncated,,20260922_170936_20260921_boss-prompt-two-games,False,
10,0.6666666666666666,0.0,dense 27B (Jethro / Mini),bp35-0a0ad940_p0_events.jsonl,bp35,12,1,4,5.75,0.0,0.5,0.3,reset,0,20260922_224300_20260922_harvest-train18,False,0.75
0,,,dense 27B (Jethro / Mini),bp35-0a0ad940_p0_events.jsonl,bp35,12,1,,,,,,reset,,20260922_224300_20260922_harvest-train18,False,
0,,,dense 27B (Jethro / Mini),cd82-fb555c5d_p0_events.jsonl,cd82,6,1,,,,,,reset,,20260922_224300_20260922_harvest-train18,False,
10,0.4,0.3,dense 27B (Jethro / Mini),cn04-2fe56bfb_p0_events.jsonl,cn04,18,1,7,7.5,0.4,0.5,0.3,truncated,0,20260922_224300_20260922_harvest-train18,False,0.5
0,,,dense 27B (Jethro / Mini),cn04-2fe56bfb_p0_events.jsonl,cn04,18,1,,,,,,truncated,,20260922_224300_20260922_harvest-train18,False,
10,0.5,0.0,dense 27B (Jethro / Mini),dc22-fdcac232_p0_events.jsonl,dc22,11,1,2,5.8,0.2,0.8,0.8,truncated,0,20260922_224300_20260922_harvest-train18,False,0.6
0,,,dense 27B (Jethro / Mini),dc22-fdcac232_p0_events.jsonl,dc22,11,1,,,,,,truncated,,20260922_224300_20260922_harvest-train18,False,
0,,,dense 27B (Jethro / Mini),ft09-0d8bbf25_p0_events.jsonl,ft09,6,1,,,,,,truncated,,20260922_224300_20260922_harvest-train18,False,
0,,,dense 27B (Jethro / Mini),g50t-5849a774_p0_events.jsonl,g50t,2,1,,,,,,truncated,,20260922_224300_20260922_harvest-train18,False,
10,0.75,0.0,dense 27B (Jethro / Mini),ka59-38d34dbb_p0_events.jsonl,ka59,13,1,3,6.6,0.1,0.4,0.4,truncated,0,20260922_224300_20260922_harvest-train18,False,0.8
0,,,dense 27B (Jethro / Mini),ka59-38d34dbb_p0_events.jsonl,ka59,13,1,,,,,,truncated,,20260922_224300_20260922_harvest-train18,False,
10,0.4,0.0,dense 27B (Jethro / Mini),lf52-271a04aa_p0_events.jsonl,lf52,16,1,1,7.166666666666667,0.0,0.6,0.7,solved,0,20260922_224300_20260922_harvest-train18,True,0.5
0,,,dense 27B (Jethro / Mini),lf52-271a04aa_p0_events.jsonl,lf52,16,1,,,,,,solved,,20260922_224300_20260922_harvest-train18,True,
0,,,dense 27B (Jethro / Mini),lp85-305b61c3_p0_events.jsonl,lp85,8,1,,,,,,solved,,20260922_224300_20260922_harvest-train18,True,
10,0.6666666666666666,0.0,dense 27B (Jethro / Mini),bp35-0a0ad940_p0_events.jsonl,bp35,22,1,5,6.25,0.0,0.4,0.2,reset,0,20260922_233055_20260922_harvest-train18-bossfull,False,0.5
20,0.6666666666666666,0.0,dense 27B (Jethro / Mini),bp35-0a0ad940_p0_events.jsonl,bp35,22,1,8,11.25,0.0,0.3,0.1,reset,0,20260922_233055_20260922_harvest-train18-bossfull,False,0.5
0,,,dense 27B (Jethro / Mini),bp35-0a0ad940_p0_events.jsonl,bp35,22,1,,,,,,reset,,20260922_233055_20260922_harvest-train18-bossfull,False,
10,0.6666666666666666,0.0,dense 27B (Jethro / Mini),bp35-0a0ad940_p0_events.jsonl,bp35,32,1,6,6.25,0.0,0.3,0.2,reset,1,20260922_233055_20260922_harvest-train18-bossfull,False,0.5
20,0.6666666666666666,0.0,dense 27B (Jethro / Mini),bp35-0a0ad940_p0_events.jsonl,bp35,32,1,13,11.25,0.0,0.35,0.1,reset,1,20260922_233055_20260922_harvest-train18-bossfull,False,0.5
0,,,dense 27B (Jethro / Mini),bp35-0a0ad940_p0_events.jsonl,bp35,32,1,,,,,,reset,,20260922_233055_20260922_harvest-train18-bossfull,False,
10,0.6666666666666666,0.0,dense 27B (Jethro / Mini),bp35-0a0ad940_p0_events.jsonl,bp35,47,1,2,7.5,0.0,0.8,0.9,solved,2,20260922_233055_20260922_harvest-train18-bossfull,True,0.75
20,0.6666666666666666,0.0,dense 27B (Jethro / Mini),bp35-0a0ad940_p0_events.jsonl,bp35,47,1,5,10.0,0.0,0.6,0.65,solved,2,20260922_233055_20260922_harvest-train18-bossfull,True,0.75
40,0.6666666666666666,0.0,dense 27B (Jethro / Mini),bp35-0a0ad940_p0_events.jsonl,bp35,47,1,5,15.0,0.0,0.475,0.475,solved,2,20260922_233055_20260922_harvest-train18-bossfull,True,0.75
0,,,dense 27B (Jethro / Mini),bp35-0a0ad940_p0_events.jsonl,bp35,47,1,,,,,,solved,,20260922_233055_20260922_harvest-train18-bossfull,True,
0,,,dense 27B (Jethro / Mini),bp35-0a0ad940_p0_events.jsonl,bp35,9,2,,,,,,died,,20260922_233055_20260922_harvest-train18-bossfull,False,
0,,,dense 27B (Jethro / Mini),bp35-0a0ad940_p0_events.jsonl,bp35,9,2,,,,,,died,,20260922_233055_20260922_harvest-train18-bossfull,False,
10,0.8,0.2,dense 27B (Jethro / Mini),cd82-fb555c5d_p0_events.jsonl,cd82,11,1,3,4.666666666666667,0.2,0.9,0.5,reset,0,20260922_233055_20260922_harvest-train18-bossfull,False,0.8333333333333334
0,,,dense 27B (Jethro / Mini),cd82-fb555c5d_p0_events.jsonl,cd82,11,1,,,,,,reset,,20260922_233055_20260922_harvest-train18-bossfull,False,
10,0.6,0.3,dense 27B (Jethro / Mini),cd82-fb555c5d_p0_events.jsonl,cd82,21,1,2,7.0,0.2,0.7,0.3,reset,1,20260922_233055_20260922_harvest-train18-bossfull,False,0.5
20,0.6,0.3,dense 27B (Jethro / Mini),cd82-fb555c5d_p0_events.jsonl,cd82,21,1,2,12.0,0.2,0.4,0.15,reset,1,20260922_233055_20260922_harvest-train18-bossfull,False,0.5
0,,,dense 27B (Jethro / Mini),cd82-fb555c5d_p0_events.jsonl,cd82,21,1,,,,,,reset,,20260922_233055_20260922_harvest-train18-bossfull,False,
10,0.8,0.0,dense 27B (Jethro / Mini),cd82-fb555c5d_p0_events.jsonl,cd82,20,1,2,5.333333333333333,0.0,1.0,0.5,truncated,2,20260922_233055_20260922_harvest-train18-bossfull,False,0.8333333333333334
20,1.0,0.0,dense 27B (Jethro / Mini),cd82-fb555c5d_p0_events.jsonl,cd82,20,1,2,6.333333333333333,0.0,0.75,0.35,truncated,2,20260922_233055_20260922_harvest-train18-bossfull,False,1.0
0,,,dense 27B (Jethro / Mini),cd82-fb555c5d_p0_events.jsonl,cd82,20,1,,,,,,truncated,,20260922_233055_20260922_harvest-train18-bossfull,False,
10,0.6,0.0,dense 27B (Jethro / Mini),cn04-2fe56bfb_p0_events.jsonl,cn04,19,1,6,5.5,0.1,0.8,0.4,truncated,0,20260922_233055_20260922_harvest-train18-bossfull,False,0.6666666666666666
0,,,dense 27B (Jethro / Mini),cn04-2fe56bfb_p0_events.jsonl,cn04,19,1,,,,,,truncated,,20260922_233055_20260922_harvest-train18-bossfull,False,
0,,,dense 27B (Jethro / Mini),dc22-fdcac232_p0_events.jsonl,dc22,9,1,,,,,,reset,,20260922_233055_20260922_harvest-train18-bossfull,False,
10,0.0,0.0,dense 27B (Jethro / Mini),dc22-fdcac232_p0_events.jsonl,dc22,21,1,3,9.0,0.0,0.2,0.2,reset,1,20260922_233055_20260922_harvest-train18-bossfull,False,0.2
20,1.0,0.0,dense 27B (Jethro / Mini),dc22-fdcac232_p0_events.jsonl,dc22,21,1,3,10.4,0.1,0.45,0.45,reset,1,20260922_233055_20260922_harvest-train18-bossfull,False,1.0
0,,,dense 27B (Jethro / Mini),dc22-fdcac232_p0_events.jsonl,dc22,21,1,,,,,,reset,,20260922_233055_20260922_harvest-train18-bossfull,False,
10,1.0,0.0,dense 27B (Jethro / Mini),dc22-fdcac232_p0_events.jsonl,dc22,33,1,2,3.6,0.0,0.7,0.5,reset,2,20260922_233055_20260922_harvest-train18-bossfull,False,1.0
20,1.0,0.0,dense 27B (Jethro / Mini),dc22-fdcac232_p0_events.jsonl,dc22,33,1,2,3.6,0.0,0.45,0.3,reset,2,20260922_233055_20260922_harvest-train18-bossfull,False,1.0
0,,,dense 27B (Jethro / Mini),dc22-fdcac232_p0_events.jsonl,dc22,33,1,,,,,,reset,,20260922_233055_20260922_harvest-train18-bossfull,False,
10,0.75,0.4,dense 27B (Jethro / Mini),dc22-fdcac232_p0_events.jsonl,dc22,16,1,5,7.8,0.3,0.3,0.3,truncated,3,20260922_233055_20260922_harvest-train18-bossfull,False,0.6
0,,,dense 27B (Jethro / Mini),dc22-fdcac232_p0_events.jsonl,dc22,16,1,,,,,,truncated,,20260922_233055_20260922_harvest-train18-bossfull,False,
10,,0.0,dense 27B (Jethro / Mini),ft09-0d8bbf25_p0_events.jsonl,ft09,17,1,1,,1.0,0.9,1.0,reset,0,20260922_233055_20260922_harvest-train18-bossfull,False,
0,,,dense 27B (Jethro / Mini),ft09-0d8bbf25_p0_events.jsonl,ft09,17,1,,,,,,reset,,20260922_233055_20260922_harvest-train18-bossfull,False,
0,,,dense 27B (Jethro / Mini),ft09-0d8bbf25_p0_events.jsonl,ft09,5,1,,,,,,solved,,20260922_233055_20260922_harvest-train18-bossfull,True,
10,,0.0,dense 27B (Jethro / Mini),ft09-0d8bbf25_p0_events.jsonl,ft09,24,2,1,,0.0,1.0,1.0,solved,0,20260922_233055_20260922_harvest-train18-bossfull,True,
20,,0.0,dense 27B (Jethro / Mini),ft09-0d8bbf25_p0_events.jsonl,ft09,24,2,1,,0.15,0.8,0.8,solved,0,20260922_233055_20260922_harvest-train18-bossfull,True,
0,,,dense 27B (Jethro / Mini),ft09-0d8bbf25_p0_events.jsonl,ft09,24,2,,,,,,solved,,20260922_233055_20260922_harvest-train18-bossfull,True,
10,,0.0,dense 27B (Jethro / Mini),ft09-0d8bbf25_p0_events.jsonl,ft09,13,3,1,,0.0,1.0,1.0,truncated,0,20260922_233055_20260922_harvest-train18-bossfull,False,
0,,,dense 27B (Jethro / Mini),ft09-0d8bbf25_p0_events.jsonl,ft09,13,3,,,,,,truncated,,20260922_233055_20260922_harvest-train18-bossfull,False,
10,0.6,0.1,dense 27B (Jethro / Mini),g50t-5849a774_p0_events.jsonl,g50t,19,1,2,5.6,0.1,0.3,0.3,truncated,0,20260922_233055_20260922_harvest-train18-bossfull,False,0.6
0,,,dense 27B (Jethro / Mini),g50t-5849a774_p0_events.jsonl,g50t,19,1,,,,,,truncated,,20260922_233055_20260922_harvest-train18-bossfull,False,
10,0.75,0.0,dense 27B (Jethro / Mini),ka59-38d34dbb_p0_events.jsonl,ka59,21,1,3,5.4,0.0,0.4,0.4,solved,0,20260922_233055_20260922_harvest-train18-bossfull,True,0.8
20,1.0,0.0,dense 27B (Jethro / Mini),ka59-38d34dbb_p0_events.jsonl,ka59,21,1,6,6.2,0.0,0.3,0.3,solved,0,20260922_233055_20260922_harvest-train18-bossfull,True,1.0
0,,,dense 27B (Jethro / Mini),ka59-38d34dbb_p0_events.jsonl,ka59,21,1,,,,,,solved,,20260922_233055_20260922_harvest-train18-bossfull,True,
10,0.75,0.0,dense 27B (Jethro / Mini),ka59-38d34dbb_p0_events.jsonl,ka59,15,2,5,5.2,0.0,0.5,0.5,truncated,0,20260922_233055_20260922_harvest-train18-bossfull,False,0.8
0,,,dense 27B (Jethro / Mini),ka59-38d34dbb_p0_events.jsonl,ka59,15,2,,,,,,truncated,,20260922_233055_20260922_harvest-train18-bossfull,False,
10,0.4,0.0,dense 27B (Jethro / Mini),lf52-271a04aa_p0_events.jsonl,lf52,28,1,1,7.0,0.0,0.6,0.7,truncated,0,20260922_233055_20260922_harvest-train18-bossfull,False,0.5
20,0.8,0.0,dense 27B (Jethro / Mini),lf52-271a04aa_p0_events.jsonl,lf52,28,1,4,9.333333333333334,0.0,0.5,0.65,truncated,0,20260922_233055_20260922_harvest-train18-bossfull,False,0.8333333333333334
0,,,dense 27B (Jethro / Mini),lf52-271a04aa_p0_events.jsonl,lf52,28,1,,,,,,truncated,,20260922_233055_20260922_harvest-train18-bossfull,False,
0,,,dense 27B (Jethro / Mini),lp85-305b61c3_p0_events.jsonl,lp85,5,1,,,,,,solved,,20260922_233055_20260922_harvest-train18-bossfull,True,
0,,,dense 27B (Jethro / Mini),lp85-305b61c3_p0_events.jsonl,lp85,4,2,,,,,,truncated,,20260922_233055_20260922_harvest-train18-bossfull,False,
10,1.0,0.0,dense 27B (Jethro / Mini),ls20-9607627b_p0_events.jsonl,ls20,25,1,3,2.5,0.0,0.4,0.4,solved,0,20260922_233055_20260922_harvest-train18-bossfull,True,1.0
20,1.0,0.0,dense 27B (Jethro / Mini),ls20-9607627b_p0_events.jsonl,ls20,25,1,4,2.5,0.0,0.4,0.2,solved,0,20260922_233055_20260922_harvest-train18-bossfull,True,1.0
0,,,dense 27B (Jethro / Mini),ls20-9607627b_p0_events.jsonl,ls20,25,1,,,,,,solved,,20260922_233055_20260922_harvest-train18-bossfull,True,
10,0.75,0.0,dense 27B (Jethro / Mini),ls20-9607627b_p0_events.jsonl,ls20,47,2,5,5.5,0.0,0.4,0.3,truncated,0,20260922_233055_20260922_harvest-train18-bossfull,False,0.75
20,1.0,0.0,dense 27B (Jethro / Mini),ls20-9607627b_p0_events.jsonl,ls20,47,2,6,5.5,0.0,0.25,0.2,truncated,0,20260922_233055_20260922_harvest-train18-bossfull,False,1.0
40,1.0,0.0,dense 27B (Jethro / Mini),ls20-9607627b_p0_events.jsonl,ls20,47,2,7,5.5,0.0,0.2,0.1,truncated,0,20260922_233055_20260922_harvest-train18-bossfull,False,1.0
0,,,dense 27B (Jethro / Mini),ls20-9607627b_p0_events.jsonl,ls20,47,2,,,,,,truncated,,20260922_233055_20260922_harvest-train18-bossfull,False,
10,1.0,0.1,dense 27B (Jethro / Mini),m0r0-492f87ba_p0_events.jsonl,m0r0,40,1,3,4.166666666666667,0.3,0.8,0.6,reset,0,20260922_233055_20260922_harvest-train18-bossfull,False,1.0
20,1.0,0.1,dense 27B (Jethro / Mini),m0r0-492f87ba_p0_events.jsonl,m0r0,40,1,4,4.166666666666667,0.3,0.65,0.4,reset,0,20260922_233055_20260922_harvest-train18-bossfull,False,1.0
40,1.0,0.4,dense 27B (Jethro / Mini),m0r0-492f87ba_p0_events.jsonl,m0r0,40,1,4,4.166666666666667,0.35,0.55,0.275,reset,0,20260922_233055_20260922_harvest-train18-bossfull,False,1.0
0,,,dense 27B (Jethro / Mini),m0r0-492f87ba_p0_events.jsonl,m0r0,40,1,,,,,,reset,,20260922_233055_20260922_harvest-train18-bossfull,False,
10,0.6,0.0,dense 27B (Jethro / Mini),m0r0-492f87ba_p0_events.jsonl,m0r0,151,1,2,6.666666666666667,0.3,0.6,0.6,died,1,20260922_233055_20260922_harvest-train18-bossfull,False,0.6666666666666666
20,0.6,0.0,dense 27B (Jethro / Mini),m0r0-492f87ba_p0_events.jsonl,m0r0,151,1,2,10.0,0.15,0.3,0.3,died,1,20260922_233055_20260922_harvest-train18-bossfull,False,0.6666666666666666
40,0.6,0.0,dense 27B (Jethro / Mini),m0r0-492f87ba_p0_events.jsonl,m0r0,151,1,2,16.666666666666668,0.075,0.175,0.15,died,1,20260922_233055_20260922_harvest-train18-bossfull,False,0.6666666666666666
0,,,dense 27B (Jethro / Mini),m0r0-492f87ba_p0_events.jsonl,m0r0,151,1,,,,,,died,,20260922_233055_20260922_harvest-train18-bossfull,False,
10,1.0,0.0,dense 27B (Jethro / Mini),m0r0-492f87ba_p0_events.jsonl,m0r0,130,1,1,3.6666666666666665,0.1,0.6,0.6,truncated,3,20260922_233055_20260922_harvest-train18-bossfull,False,1.0
20,1.0,0.0,dense 27B (Jethro / Mini),m0r0-492f87ba_p0_events.jsonl,m0r0,130,1,7,3.6666666666666665,0.05,0.45,0.3,truncated,3,20260922_233055_20260922_harvest-train18-bossfull,False,1.0
40,1.0,0.475,dense 27B (Jethro / Mini),m0r0-492f87ba_p0_events.jsonl,m0r0,130,1,27,3.6666666666666665,0.325,0.25,0.15,truncated,3,20260922_233055_20260922_harvest-train18-bossfull,False,1.0
0,,,dense 27B (Jethro / Mini),m0r0-492f87ba_p0_events.jsonl,m0r0,130,1,,,,,,truncated,,20260922_233055_20260922_harvest-train18-bossfull,False,
0,,,dense 27B (Jethro / Mini),r11l-495a7899_p0_events.jsonl,r11l,3,1,,,,,,truncated,,20260922_233055_20260922_harvest-train18-bossfull,False,
10,,0.0,dense 27B (Jethro / Mini),s5i5-18d95033_p0_events.jsonl,s5i5,22,1,1,,0.0,0.8,0.9,solved,0,20260922_233055_20260922_harvest-train18-bossfull,True,
20,,0.0,dense 27B (Jethro / Mini),s5i5-18d95033_p0_events.jsonl,s5i5,22,1,7,,0.0,0.4,0.45,solved,0,20260922_233055_20260922_harvest-train18-bossfull,True,
0,,,dense 27B (Jethro / Mini),s5i5-18d95033_p0_events.jsonl,s5i5,22,1,,,,,,solved,,20260922_233055_20260922_harvest-train18-bossfull,True,
10,,0.0,dense 27B (Jethro / Mini),s5i5-18d95033_p0_events.jsonl,s5i5,24,2,2,,0.0,0.8,0.8,truncated,0,20260922_233055_20260922_harvest-train18-bossfull,False,
20,,0.05,dense 27B (Jethro / Mini),s5i5-18d95033_p0_events.jsonl,s5i5,24,2,9,,0.05,0.4,0.4,truncated,0,20260922_233055_20260922_harvest-train18-bossfull,False,
0,,,dense 27B (Jethro / Mini),s5i5-18d95033_p0_events.jsonl,s5i5,24,2,,,,,,truncated,,20260922_233055_20260922_harvest-train18-bossfull,False,
10,1.0,0.1,dense 27B (Jethro / Mini),sc25-635fd71a_p0_events.jsonl,sc25,23,1,4,4.2,0.1,0.4,0.4,truncated,0,20260922_233055_20260922_harvest-train18-bossfull,False,0.8
20,1.0,0.2,dense 27B (Jethro / Mini),sc25-635fd71a_p0_events.jsonl,sc25,23,1,6,6.0,0.15,0.25,0.25,truncated,0,20260922_233055_20260922_harvest-train18-bossfull,False,1.0
0,,,dense 27B (Jethro / Mini),sc25-635fd71a_p0_events.jsonl,sc25,23,1,,,,,,truncated,,20260922_233055_20260922_harvest-train18-bossfull,False,
10,0.6,0.0,dense 27B (Jethro / Mini),sk48-d8078629_p0_events.jsonl,sk48,12,1,5,7.833333333333333,0.2,0.3,0.3,reset,0,20260922_233055_20260922_harvest-train18-bossfull,False,0.5
0,,,dense 27B (Jethro / Mini),sk48-d8078629_p0_events.jsonl,sk48,12,1,,,,,,reset,,20260922_233055_20260922_harvest-train18-bossfull,False,
10,0.8,0.0,dense 27B (Jethro / Mini),sk48-d8078629_p0_events.jsonl,sk48,21,1,5,5.0,0.1,0.5,0.5,truncated,1,20260922_233055_20260922_harvest-train18-bossfull,False,0.8333333333333334
20,0.8,0.0,dense 27B (Jethro / Mini),sk48-d8078629_p0_events.jsonl,sk48,21,1,5,6.666666666666667,0.05,0.25,0.25,truncated,1,20260922_233055_20260922_harvest-train18-bossfull,False,0.8333333333333334
0,,,dense 27B (Jethro / Mini),sk48-d8078629_p0_events.jsonl,sk48,21,1,,,,,,truncated,,20260922_233055_20260922_harvest-train18-bossfull,False,
10,0.4,0.0,dense 27B (Jethro / Mini),sp80-589a99af_p0_events.jsonl,sp80,30,1,9,7.833333333333333,0.0,0.6,0.2,died,0,20260922_233055_20260922_harvest-train18-bossfull,False,0.3333333333333333
20,0.8,0.0,dense 27B (Jethro / Mini),sp80-589a99af_p0_events.jsonl,sp80,30,1,11,12.333333333333334,0.0,0.5,0.2,died,0,20260922_233055_20260922_harvest-train18-bossfull,False,0.6666666666666666
0,,,dense 27B (Jethro / Mini),sp80-589a99af_p0_events.jsonl,sp80,30,1,,,,,,died,,20260922_233055_20260922_harvest-train18-bossfull,False,
10,0.6,0.0,dense 27B (Jethro / Mini),sp80-589a99af_p0_events.jsonl,sp80,30,1,6,6.833333333333333,0.0,0.4,0.3,died,2,20260922_233055_20260922_harvest-train18-bossfull,False,0.5
20,0.8,0.0,dense 27B (Jethro / Mini),sp80-589a99af_p0_events.jsonl,sp80,30,1,7,10.666666666666666,0.0,0.45,0.2,died,2,20260922_233055_20260922_harvest-train18-bossfull,False,0.6666666666666666
0,,,dense 27B (Jethro / Mini),sp80-589a99af_p0_events.jsonl,sp80,30,1,,,,,,died,,20260922_233055_20260922_harvest-train18-bossfull,False,
10,0.4,0.0,dense 27B (Jethro / Mini),sp80-589a99af_p0_events.jsonl,sp80,30,1,9,7.833333333333333,0.0,0.6,0.2,died,4,20260922_233055_20260922_harvest-train18-bossfull,False,0.3333333333333333
20,0.4,0.0,dense 27B (Jethro / Mini),sp80-589a99af_p0_events.jsonl,sp80,30,1,19,14.5,0.0,0.3,0.1,died,4,20260922_233055_20260922_harvest-train18-bossfull,False,0.3333333333333333
0,,,dense 27B (Jethro / Mini),sp80-589a99af_p0_events.jsonl,sp80,30,1,,,,,,died,,20260922_233055_20260922_harvest-train18-bossfull,False,
10,0.4,0.0,dense 27B (Jethro / Mini),sp80-589a99af_p0_events.jsonl,sp80,30,1,9,7.833333333333333,0.0,0.6,0.2,died,6,20260922_233055_20260922_harvest-train18-bossfull,False,0.3333333333333333
20,0.6,0.0,dense 27B (Jethro / Mini),sp80-589a99af_p0_events.jsonl,sp80,30,1,12,13.333333333333334,0.0,0.55,0.15,died,6,20260922_233055_20260922_harvest-train18-bossfull,False,0.5
0,,,dense 27B (Jethro / Mini),sp80-589a99af_p0_events.jsonl,sp80,30,1,,,,,,died,,20260922_233055_20260922_harvest-train18-bossfull,False,
10,,0.0,dense 27B (Jethro / Mini),tn36-ef4dde99_p0_events.jsonl,tn36,47,1,2,,0.0,0.7,0.8,reset,0,20260922_233055_20260922_harvest-train18-bossfull,False,
20,,0.0,dense 27B (Jethro / Mini),tn36-ef4dde99_p0_events.jsonl,tn36,47,1,2,,0.0,0.4,0.45,reset,0,20260922_233055_20260922_harvest-train18-bossfull,False,
40,,0.0,dense 27B (Jethro / Mini),tn36-ef4dde99_p0_events.jsonl,tn36,47,1,2,,0.0,0.275,0.325,reset,0,20260922_233055_20260922_harvest-train18-bossfull,False,
0,,,dense 27B (Jethro / Mini),tn36-ef4dde99_p0_events.jsonl,tn36,47,1,,,,,,reset,,20260922_233055_20260922_harvest-train18-bossfull,False,
10,,0.0,dense 27B (Jethro / Mini),tn36-ef4dde99_p0_events.jsonl,tn36,61,1,1,,0.0,0.4,0.4,died,1,20260922_233055_20260922_harvest-train18-bossfull,False,
20,,0.0,dense 27B (Jethro / Mini),tn36-ef4dde99_p0_events.jsonl,tn36,61,1,1,,0.0,0.25,0.25,died,1,20260922_233055_20260922_harvest-train18-bossfull,False,
40,,0.0,dense 27B (Jethro / Mini),tn36-ef4dde99_p0_events.jsonl,tn36,61,1,1,,0.0,0.125,0.15,died,1,20260922_233055_20260922_harvest-train18-bossfull,False,
0,,,dense 27B (Jethro / Mini),tn36-ef4dde99_p0_events.jsonl,tn36,61,1,,,,,,died,,20260922_233055_20260922_harvest-train18-bossfull,False,
0,,,dense 27B (Jethro / Mini),tn36-ef4dde99_p0_events.jsonl,tn36,2,1,,,,,,truncated,,20260922_233055_20260922_harvest-train18-bossfull,False,
10,0.8,0.2,dense 27B (Jethro / Mini),wa30-ee6fef47_p0_events.jsonl,wa30,29,1,3,5.4,0.3,0.4,0.4,reset,0,20260922_233055_20260922_harvest-train18-bossfull,False,0.8
20,1.0,0.2,dense 27B (Jethro / Mini),wa30-ee6fef47_p0_events.jsonl,wa30,29,1,3,5.6,0.25,0.25,0.25,reset,0,20260922_233055_20260922_harvest-train18-bossfull,False,1.0
0,,,dense 27B (Jethro / Mini),wa30-ee6fef47_p0_events.jsonl,wa30,29,1,,,,,,reset,,20260922_233055_20260922_harvest-train18-bossfull,False,
10,1.0,0.0,dense 27B (Jethro / Mini),wa30-ee6fef47_p0_events.jsonl,wa30,28,1,2,4.0,0.0,0.5,0.5,truncated,1,20260922_233055_20260922_harvest-train18-bossfull,False,1.0
20,1.0,0.0,dense 27B (Jethro / Mini),wa30-ee6fef47_p0_events.jsonl,wa30,28,1,4,4.0,0.0,0.25,0.25,truncated,1,20260922_233055_20260922_harvest-train18-bossfull,False,1.0
0,,,dense 27B (Jethro / Mini),wa30-ee6fef47_p0_events.jsonl,wa30,28,1,,,,,,truncated,,20260922_233055_20260922_harvest-train18-bossfull,False,
10,0.6666666666666666,0.0,dense 27B (Jethro / Mini),bp35-0a0ad940_p0_events.jsonl,bp35,23,1,3,6.5,0.0,0.7,0.6,solved,0,20260923_101741_20260923_harvest-train18-bossfull-pass2,True,0.75
20,0.6666666666666666,0.0,dense 27B (Jethro / Mini),bp35-0a0ad940_p0_events.jsonl,bp35,23,1,4,9.0,0.0,0.65,0.5,solved,0,20260923_101741_20260923_harvest-train18-bossfull-pass2,True,0.75
0,,,dense 27B (Jethro / Mini),bp35-0a0ad940_p0_events.jsonl,bp35,23,1,,,,,,solved,,20260923_101741_20260923_harvest-train18-bossfull-pass2,True,
0,,,dense 27B (Jethro / Mini),cd82-fb555c5d_p0_events.jsonl,cd82,5,1,,,,,,reset,,20260923_101741_20260923_harvest-train18-bossfull-pass2,False,
10,1.0,0.1,dense 27B (Jethro / Mini),cd82-fb555c5d_p0_events.jsonl,cd82,27,1,2,4.333333333333333,0.2,0.6,0.6,truncated,1,20260923_101741_20260923_harvest-train18-bossfull-pass2,False,1.0
20,1.0,0.3,dense 27B (Jethro / Mini),cd82-fb555c5d_p0_events.jsonl,cd82,27,1,6,4.333333333333333,0.25,0.4,0.3,truncated,1,20260923_101741_20260923_harvest-train18-bossfull-pass2,False,1.0
0,,,dense 27B (Jethro / Mini),cd82-fb555c5d_p0_events.jsonl,cd82,27,1,,,,,,truncated,,20260923_101741_20260923_harvest-train18-bossfull-pass2,False,
10,0.6,0.0,dense 27B (Jethro / Mini),cn04-2fe56bfb_p0_events.jsonl,cn04,16,1,4,8.0,0.0,0.9,0.3,solved,0,20260923_101741_20260923_harvest-train18-bossfull-pass2,True,0.5
0,,,dense 27B (Jethro / Mini),cn04-2fe56bfb_p0_events.jsonl,cn04,16,1,,,,,,solved,,20260923_101741_20260923_harvest-train18-bossfull-pass2,True,
10,0.2,0.0,dense 27B (Jethro / Mini),cn04-2fe56bfb_p0_events.jsonl,cn04,12,2,10,9.333333333333334,0.0,0.3,0.1,truncated,0,20260923_101741_20260923_harvest-train18-bossfull-pass2,False,0.16666666666666666
0,,,dense 27B (Jethro / Mini),cn04-2fe56bfb_p0_events.jsonl,cn04,12,2,,,,,,truncated,,20260923_101741_20260923_harvest-train18-bossfull-pass2,False,
10,0.75,0.0,dense 27B (Jethro / Mini),dc22-fdcac232_p0_events.jsonl,dc22,49,1,1,4.2,0.2,0.6,0.6,truncated,0,20260923_101741_20260923_harvest-train18-bossfull-pass2,False,0.8
20,1.0,0.0,dense 27B (Jethro / Mini),dc22-fdcac232_p0_events.jsonl,dc22,49,1,3,5.4,0.2,0.45,0.5,truncated,0,20260923_101741_20260923_harvest-train18-bossfull-pass2,False,1.0
40,1.0,0.175,dense 27B (Jethro / Mini),dc22-fdcac232_p0_events.jsonl,dc22,49,1,3,5.4,0.15,0.4,0.325,truncated,0,20260923_101741_20260923_harvest-train18-bossfull-pass2,False,1.0
0,,,dense 27B (Jethro / Mini),dc22-fdcac232_p0_events.jsonl,dc22,49,1,,,,,,truncated,,20260923_101741_20260923_harvest-train18-bossfull-pass2,False,
10,,0.0,dense 27B (Jethro / Mini),ft09-0d8bbf25_p0_events.jsonl,ft09,23,1,2,,0.2,0.7,0.7,solved,0,20260923_101741_20260923_harvest-train18-bossfull-pass2,True,
20,,0.0,dense 27B (Jethro / Mini),ft09-0d8bbf25_p0_events.jsonl,ft09,23,1,2,,0.15,0.45,0.45,solved,0,20260923_101741_20260923_harvest-train18-bossfull-pass2,True,
0,,,dense 27B (Jethro / Mini),ft09-0d8bbf25_p0_events.jsonl,ft09,23,1,,,,,,solved,,20260923_101741_20260923_harvest-train18-bossfull-pass2,True,
0,,,dense 27B (Jethro / Mini),ft09-0d8bbf25_p0_events.jsonl,ft09,7,2,,,,,,solved,,20260923_101741_20260923_harvest-train18-bossfull-pass2,True,
10,,0.0,dense 27B (Jethro / Mini),ft09-0d8bbf25_p0_events.jsonl,ft09,16,3,1,,0.1,1.0,1.0,truncated,0,20260923_101741_20260923_harvest-train18-bossfull-pass2,False,
0,,,dense 27B (Jethro / Mini),ft09-0d8bbf25_p0_events.jsonl,ft09,16,3,,,,,,truncated,,20260923_101741_20260923_harvest-train18-bossfull-pass2,False,
10,0.6,0.4,dense 27B (Jethro / Mini),g50t-5849a774_p0_events.jsonl,g50t,47,1,5,7.6,0.3,0.4,0.3,truncated,0,20260923_101741_20260923_harvest-train18-bossfull-pass2,False,0.6
20,0.6,0.35,dense 27B (Jethro / Mini),g50t-5849a774_p0_events.jsonl,g50t,47,1,5,11.6,0.2,0.25,0.15,truncated,0,20260923_101741_20260923_harvest-train18-bossfull-pass2,False,0.6
40,1.0,0.475,dense 27B (Jethro / Mini),g50t-5849a774_p0_events.jsonl,g50t,47,1,5,12.4,0.15,0.225,0.125,truncated,0,20260923_101741_20260923_harvest-train18-bossfull-pass2,False,1.0
0,,,dense 27B (Jethro / Mini),g50t-5849a774_p0_events.jsonl,g50t,47,1,,,,,,truncated,,20260923_101741_20260923_harvest-train18-bossfull-pass2,False,
10,0.5,0.1,dense 27B (Jethro / Mini),ka59-38d34dbb_p0_events.jsonl,ka59,25,1,3,7.0,0.1,0.4,0.4,truncated,0,20260923_101741_20260923_harvest-train18-bossfull-pass2,False,0.6
20,1.0,0.05,dense 27B (Jethro / Mini),ka59-38d34dbb_p0_events.jsonl,ka59,25,1,6,7.6,0.1,0.3,0.35,truncated,0,20260923_101741_20260923_harvest-train18-bossfull-pass2,False,1.0
0,,,dense 27B (Jethro / Mini),ka59-38d34dbb_p0_events.jsonl,ka59,25,1,,,,,,truncated,,20260923_101741_20260923_harvest-train18-bossfull-pass2,False,
10,0.6,0.0,dense 27B (Jethro / Mini),lf52-271a04aa_p0_events.jsonl,lf52,27,1,1,5.333333333333333,0.0,0.7,0.8,truncated,0,20260923_101741_20260923_harvest-train18-bossfull-pass2,False,0.6666666666666666
20,1.0,0.0,dense 27B (Jethro / Mini),lf52-271a04aa_p0_events.jsonl,lf52,27,1,1,6.5,0.0,0.55,0.65,truncated,0,20260923_101741_20260923_harvest-train18-bossfull-pass2,False,1.0
0,,,dense 27B (Jethro / Mini),lf52-271a04aa_p0_events.jsonl,lf52,27,1,,,,,,truncated,,20260923_101741_20260923_harvest-train18-bossfull-pass2,False,
0,,,dense 27B (Jethro / Mini),lp85-305b61c3_p0_events.jsonl,lp85,8,1,,,,,,solved,,20260923_101741_20260923_harvest-train18-bossfull-pass2,True,
0,,,dense 27B (Jethro / Mini),lp85-305b61c3_p0_events.jsonl,lp85,3,2,,,,,,reset,,20260923_101741_20260923_harvest-train18-bossfull-pass2,False,
10,,0.0,dense 27B (Jethro / Mini),lp85-305b61c3_p0_events.jsonl,lp85,23,2,3,,0.0,0.6,0.6,truncated,1,20260923_101741_20260923_harvest-train18-bossfull-pass2,False,
20,,0.0,dense 27B (Jethro / Mini),lp85-305b61c3_p0_events.jsonl,lp85,23,2,13,,0.0,0.3,0.3,truncated,1,20260923_101741_20260923_harvest-train18-bossfull-pass2,False,
0,,,dense 27B (Jethro / Mini),lp85-305b61c3_p0_events.jsonl,lp85,23,2,,,,,,truncated,,20260923_101741_20260923_harvest-train18-bossfull-pass2,False,
10,0.75,0.0,dense 27B (Jethro / Mini),ls20-9607627b_p0_events.jsonl,ls20,18,1,3,5.75,0.0,0.3,0.3,solved,0,20260923_101741_20260923_harvest-train18-bossfull-pass2,True,0.75
0,,,dense 27B (Jethro / Mini),ls20-9607627b_p0_events.jsonl,ls20,18,1,,,,,,solved,,20260923_101741_20260923_harvest-train18-bossfull-pass2,True,
10,1.0,0.0,dense 27B (Jethro / Mini),m0r0-492f87ba_p0_events.jsonl,m0r0,47,1,4,3.5,0.3,0.6,0.6,truncated,0,20260923_101741_20260923_harvest-train18-bossfull-pass2,False,1.0
20,1.0,0.15,dense 27B (Jethro / Mini),m0r0-492f87ba_p0_events.jsonl,m0r0,47,1,7,3.5,0.3,0.35,0.3,truncated,0,20260923_101741_20260923_harvest-train18-bossfull-pass2,False,1.0
40,1.0,0.5,dense 27B (Jethro / Mini),m0r0-492f87ba_p0_events.jsonl,m0r0,47,1,9,3.5,0.35,0.325,0.15,truncated,0,20260923_101741_20260923_harvest-train18-bossfull-pass2,False,1.0
0,,,dense 27B (Jethro / Mini),m0r0-492f87ba_p0_events.jsonl,m0r0,47,1,,,,,,truncated,,20260923_101741_20260923_harvest-train18-bossfull-pass2,False,
10,,0.0,dense 27B (Jethro / Mini),r11l-495a7899_p0_events.jsonl,r11l,60,1,1,,0.0,0.6,1.0,died,0,20260923_101741_20260923_harvest-train18-bossfull-pass2,False,
20,,0.0,dense 27B (Jethro / Mini),r11l-495a7899_p0_events.jsonl,r11l,60,1,1,,0.0,0.3,0.8,died,0,20260923_101741_20260923_harvest-train18-bossfull-pass2,False,
40,,0.0,dense 27B (Jethro / Mini),r11l-495a7899_p0_events.jsonl,r11l,60,1,1,,0.0,0.15,0.4,died,0,20260923_101741_20260923_harvest-train18-bossfull-pass2,False,
0,,,dense 27B (Jethro / Mini),r11l-495a7899_p0_events.jsonl,r11l,60,1,,,,,,died,,20260923_101741_20260923_harvest-train18-bossfull-pass2,False,
0,,,dense 27B (Jethro / Mini),r11l-495a7899_p0_events.jsonl,r11l,1,1,,,,,,truncated,,20260923_101741_20260923_harvest-train18-bossfull-pass2,False,
10,,0.0,dense 27B (Jethro / Mini),s5i5-18d95033_p0_events.jsonl,s5i5,25,1,2,,0.0,0.6,0.7,solved,0,20260923_101741_20260923_harvest-train18-bossfull-pass2,True,
20,,0.0,dense 27B (Jethro / Mini),s5i5-18d95033_p0_events.jsonl,s5i5,25,1,7,,0.0,0.4,0.5,solved,0,20260923_101741_20260923_harvest-train18-bossfull-pass2,True,
0,,,dense 27B (Jethro / Mini),s5i5-18d95033_p0_events.jsonl,s5i5,25,1,,,,,,solved,,20260923_101741_20260923_harvest-train18-bossfull-pass2,True,
0,,,dense 27B (Jethro / Mini),s5i5-18d95033_p0_events.jsonl,s5i5,3,2,,,,,,truncated,,20260923_101741_20260923_harvest-train18-bossfull-pass2,False,
10,1.0,0.2,dense 27B (Jethro / Mini),sc25-635fd71a_p0_events.jsonl,sc25,27,1,1,4.2,0.4,0.7,0.7,reset,0,20260923_101741_20260923_harvest-train18-bossfull-pass2,False,1.0
20,1.0,0.35,dense 27B (Jethro / Mini),sc25-635fd71a_p0_events.jsonl,sc25,27,1,1,4.2,0.2,0.35,0.35,reset,0,20260923_101741_20260923_harvest-train18-bossfull-pass2,False,1.0
0,,,dense 27B (Jethro / Mini),sc25-635fd71a_p0_events.jsonl,sc25,27,1,,,,,,reset,,20260923_101741_20260923_harvest-train18-bossfull-pass2,False,
10,0.0,0.0,dense 27B (Jethro / Mini),sc25-635fd71a_p0_events.jsonl,sc25,61,1,2,9.0,0.4,0.7,0.9,died,1,20260923_101741_20260923_harvest-train18-bossfull-pass2,False,0.2
20,0.75,0.0,dense 27B (Jethro / Mini),sc25-635fd71a_p0_events.jsonl,sc25,61,1,3,12.4,0.2,0.5,0.6,died,1,20260923_101741_20260923_harvest-train18-bossfull-pass2,False,0.8
40,1.0,0.05,dense 27B (Jethro / Mini),sc25-635fd71a_p0_events.jsonl,sc25,61,1,3,14.8,0.25,0.35,0.425,died,1,20260923_101741_20260923_harvest-train18-bossfull-pass2,False,1.0
0,,,dense 27B (Jethro / Mini),sc25-635fd71a_p0_events.jsonl,sc25,61,1,,,,,,died,,20260923_101741_20260923_harvest-train18-bossfull-pass2,False,
10,0.6,0.0,dense 27B (Jethro / Mini),sk48-d8078629_p0_events.jsonl,sk48,43,1,3,7.166666666666667,0.2,0.4,0.4,truncated,0,20260923_101741_20260923_harvest-train18-bossfull-pass2,False,0.6666666666666666
20,0.8,0.1,dense 27B (Jethro / Mini),sk48-d8078629_p0_events.jsonl,sk48,43,1,5,8.833333333333334,0.1,0.25,0.25,truncated,0,20260923_101741_20260923_harvest-train18-bossfull-pass2,False,0.8333333333333334
40,0.8,0.2,dense 27B (Jethro / Mini),sk48-d8078629_p0_events.jsonl,sk48,43,1,6,12.166666666666666,0.1,0.125,0.125,truncated,0,20260923_101741_20260923_harvest-train18-bossfull-pass2,False,0.8333333333333334
0,,,dense 27B (Jethro / Mini),sk48-d8078629_p0_events.jsonl,sk48,43,1,,,,,,truncated,,20260923_101741_20260923_harvest-train18-bossfull-pass2,False,
10,0.6,0.0,dense 27B (Jethro / Mini),sp80-589a99af_p0_events.jsonl,sp80,25,1,3,7.166666666666667,0.0,0.4,0.3,died,0,20260923_101741_20260923_harvest-train18-bossfull-pass2,False,0.5
20,1.0,0.0,dense 27B (Jethro / Mini),sp80-589a99af_p0_events.jsonl,sp80,25,1,6,8.0,0.0,0.5,0.3,died,0,20260923_101741_20260923_harvest-train18-bossfull-pass2,False,1.0
0,,,dense 27B (Jethro / Mini),sp80-589a99af_p0_events.jsonl,sp80,25,1,,,,,,died,,20260923_101741_20260923_harvest-train18-bossfull-pass2,False,
10,0.4,0.0,dense 27B (Jethro / Mini),sp80-589a99af_p0_events.jsonl,sp80,17,1,3,8.166666666666666,0.0,0.8,0.6,solved,2,20260923_101741_20260923_harvest-train18-bossfull-pass2,True,0.5
0,,,dense 27B (Jethro / Mini),sp80-589a99af_p0_events.jsonl,sp80,17,1,,,,,,solved,,20260923_101741_20260923_harvest-train18-bossfull-pass2,True,
10,0.4,0.0,dense 27B (Jethro / Mini),sp80-589a99af_p0_events.jsonl,sp80,14,2,9,7.833333333333333,0.0,0.6,0.2,truncated,0,20260923_101741_20260923_harvest-train18-bossfull-pass2,False,0.3333333333333333
0,,,dense 27B (Jethro / Mini),sp80-589a99af_p0_events.jsonl,sp80,14,2,,,,,,truncated,,20260923_101741_20260923_harvest-train18-bossfull-pass2,False,
10,,0.0,dense 27B (Jethro / Mini),tn36-ef4dde99_p0_events.jsonl,tn36,17,1,2,,0.0,0.6,0.8,reset,0,20260923_101741_20260923_harvest-train18-bossfull-pass2,False,
0,,,dense 27B (Jethro / Mini),tn36-ef4dde99_p0_events.jsonl,tn36,17,1,,,,,,reset,,20260923_101741_20260923_harvest-train18-bossfull-pass2,False,
0,,,dense 27B (Jethro / Mini),tn36-ef4dde99_p0_events.jsonl,tn36,7,1,,,,,,solved,,20260923_101741_20260923_harvest-train18-bossfull-pass2,True,
0,,,dense 27B (Jethro / Mini),tn36-ef4dde99_p0_events.jsonl,tn36,5,2,,,,,,truncated,,20260923_101741_20260923_harvest-train18-bossfull-pass2,False,
10,0.6,0.0,dense 27B (Jethro / Mini),wa30-ee6fef47_p0_events.jsonl,wa30,23,1,5,6.0,0.1,0.3,0.3,truncated,0,20260923_101741_20260923_harvest-train18-bossfull-pass2,False,0.6
20,1.0,0.15,dense 27B (Jethro / Mini),wa30-ee6fef47_p0_events.jsonl,wa30,23,1,5,7.6,0.05,0.25,0.25,truncated,0,20260923_101741_20260923_harvest-train18-bossfull-pass2,False,1.0
0,,,dense 27B (Jethro / Mini),wa30-ee6fef47_p0_events.jsonl,wa30,23,1,,,,,,truncated,,20260923_101741_20260923_harvest-train18-bossfull-pass2,False,
10,1.0,0.0,dense 27B (Jethro / Mini),bp35-0a0ad940_p0_events.jsonl,bp35,14,1,4,2.5,0.0,0.7,0.5,reset,0,20260923_142036_20260923_harvest-train18-control,False,1.0
0,,,dense 27B (Jethro / Mini),bp35-0a0ad940_p0_events.jsonl,bp35,14,1,,,,,,reset,,20260923_142036_20260923_harvest-train18-control,False,
0,,,dense 27B (Jethro / Mini),bp35-0a0ad940_p0_events.jsonl,bp35,2,1,,,,,,truncated,,20260923_142036_20260923_harvest-train18-control,False,
10,0.6,0.5,dense 27B (Jethro / Mini),cd82-fb555c5d_p0_events.jsonl,cd82,20,1,8,6.5,0.3,0.5,0.3,solved,0,20260923_142036_20260923_harvest-train18-control,True,0.5
20,1.0,0.5,dense 27B (Jethro / Mini),cd82-fb555c5d_p0_events.jsonl,cd82,20,1,9,10.166666666666666,0.2,0.6,0.25,solved,0,20260923_142036_20260923_harvest-train18-control,True,0.8333333333333334
0,,,dense 27B (Jethro / Mini),cd82-fb555c5d_p0_events.jsonl,cd82,20,1,,,,,,solved,,20260923_142036_20260923_harvest-train18-control,True,
0,,,dense 27B (Jethro / Mini),cd82-fb555c5d_p0_events.jsonl,cd82,7,2,,,,,,truncated,,20260923_142036_20260923_harvest-train18-control,False,
10,0.8,0.0,dense 27B (Jethro / Mini),cn04-2fe56bfb_p0_events.jsonl,cn04,18,1,4,6.5,0.0,0.7,0.4,solved,0,20260923_142036_20260923_harvest-train18-control,True,0.6666666666666666
0,,,dense 27B (Jethro / Mini),cn04-2fe56bfb_p0_events.jsonl,cn04,18,1,,,,,,solved,,20260923_142036_20260923_harvest-train18-control,True,
0,,,dense 27B (Jethro / Mini),cn04-2fe56bfb_p0_events.jsonl,cn04,2,2,,,,,,truncated,,20260923_142036_20260923_harvest-train18-control,False,
10,0.75,0.2,dense 27B (Jethro / Mini),dc22-fdcac232_p0_events.jsonl,dc22,32,1,3,5.0,0.2,0.5,0.5,reset,0,20260923_142036_20260923_harvest-train18-control,False,0.8
20,1.0,0.25,dense 27B (Jethro / Mini),dc22-fdcac232_p0_events.jsonl,dc22,32,1,3,5.0,0.2,0.35,0.35,reset,0,20260923_142036_20260923_harvest-train18-control,False,1.0
0,,,dense 27B (Jethro / Mini),dc22-fdcac232_p0_events.jsonl,dc22,32,1,,,,,,reset,,20260923_142036_20260923_harvest-train18-control,False,
10,0.5,0.0,dense 27B (Jethro / Mini),dc22-fdcac232_p0_events.jsonl,dc22,22,1,1,6.4,0.1,0.7,0.7,truncated,1,20260923_142036_20260923_harvest-train18-control,False,0.6
20,1.0,0.0,dense 27B (Jethro / Mini),dc22-fdcac232_p0_events.jsonl,dc22,22,1,2,8.6,0.1,0.5,0.5,truncated,1,20260923_142036_20260923_harvest-train18-control,False,1.0
0,,,dense 27B (Jethro / Mini),dc22-fdcac232_p0_events.jsonl,dc22,22,1,,,,,,truncated,,20260923_142036_20260923_harvest-train18-control,False,
10,,0.0,dense 27B (Jethro / Mini),ft09-0d8bbf25_p0_events.jsonl,ft09,22,1,1,,1.0,1.0,1.0,solved,0,20260923_142036_20260923_harvest-train18-control,True,
20,,0.05,dense 27B (Jethro / Mini),ft09-0d8bbf25_p0_events.jsonl,ft09,22,1,1,,0.6,0.75,0.8,solved,0,20260923_142036_20260923_harvest-train18-control,True,
0,,,dense 27B (Jethro / Mini),ft09-0d8bbf25_p0_events.jsonl,ft09,22,1,,,,,,solved,,20260923_142036_20260923_harvest-train18-control,True,
10,,0.0,dense 27B (Jethro / Mini),ft09-0d8bbf25_p0_events.jsonl,ft09,24,2,1,,0.0,0.8,0.8,truncated,0,20260923_142036_20260923_harvest-train18-control,False,
20,,0.0,dense 27B (Jethro / Mini),ft09-0d8bbf25_p0_events.jsonl,ft09,24,2,1,,0.0,0.45,0.45,truncated,0,20260923_142036_20260923_harvest-train18-control,False,
0,,,dense 27B (Jethro / Mini),ft09-0d8bbf25_p0_events.jsonl,ft09,24,2,,,,,,truncated,,20260923_142036_20260923_harvest-train18-control,False,
10,1.0,0.0,dense 27B (Jethro / Mini),g50t-5849a774_p0_events.jsonl,g50t,19,1,5,3.4,0.2,0.6,0.5,truncated,0,20260923_142036_20260923_harvest-train18-control,False,1.0
0,,,dense 27B (Jethro / Mini),g50t-5849a774_p0_events.jsonl,g50t,19,1,,,,,,truncated,,20260923_142036_20260923_harvest-train18-control,False,
10,0.75,0.0,dense 27B (Jethro / Mini),ka59-38d34dbb_p0_events.jsonl,ka59,23,1,3,5.6,0.1,0.4,0.6,truncated,0,20260923_142036_20260923_harvest-train18-control,False,0.8
20,0.75,0.0,dense 27B (Jethro / Mini),ka59-38d34dbb_p0_events.jsonl,ka59,23,1,3,7.6,0.1,0.3,0.45,truncated,0,20260923_142036_20260923_harvest-train18-control,False,0.8
0,,,dense 27B (Jethro / Mini),ka59-38d34dbb_p0_events.jsonl,ka59,23,1,,,,,,truncated,,20260923_142036_20260923_harvest-train18-control,False,
10,1.0,0.0,dense 27B (Jethro / Mini),lf52-271a04aa_p0_events.jsonl,lf52,17,1,1,3.6666666666666665,0.0,0.9,0.9,truncated,0,20260923_142036_20260923_harvest-train18-control,False,1.0
0,,,dense 27B (Jethro / Mini),lf52-271a04aa_p0_events.jsonl,lf52,17,1,,,,,,truncated,,20260923_142036_20260923_harvest-train18-control,False,
0,,,dense 27B (Jethro / Mini),lp85-305b61c3_p0_events.jsonl,lp85,5,1,,,,,,solved,,20260923_142036_20260923_harvest-train18-control,True,
0,,,dense 27B (Jethro / Mini),lp85-305b61c3_p0_events.jsonl,lp85,2,2,,,,,,truncated,,20260923_142036_20260923_harvest-train18-control,False,
10,1.0,0.0,dense 27B (Jethro / Mini),ls20-9607627b_p0_events.jsonl,ls20,35,1,4,4.5,0.0,0.4,0.4,truncated,0,20260923_142036_20260923_harvest-train18-control,False,1.0
20,1.0,0.0,dense 27B (Jethro / Mini),ls20-9607627b_p0_events.jsonl,ls20,35,1,4,4.5,0.0,0.4,0.2,truncated,0,20260923_142036_20260923_harvest-train18-control,False,1.0
0,,,dense 27B (Jethro / Mini),ls20-9607627b_p0_events.jsonl,ls20,35,1,,,,,,truncated,,20260923_142036_20260923_harvest-train18-control,False,
10,0.8,0.0,dense 27B (Jethro / Mini),m0r0-492f87ba_p0_events.jsonl,m0r0,21,1,2,5.166666666666667,0.1,0.5,0.5,truncated,0,20260923_142036_20260923_harvest-train18-control,False,0.8333333333333334
20,0.8,0.0,dense 27B (Jethro / Mini),m0r0-492f87ba_p0_events.jsonl,m0r0,21,1,4,6.833333333333333,0.1,0.35,0.25,truncated,0,20260923_142036_20260923_harvest-train18-control,False,0.8333333333333334
0,,,dense 27B (Jethro / Mini),m0r0-492f87ba_p0_events.jsonl,m0r0,21,1,,,,,,truncated,,20260923_142036_20260923_harvest-train18-control,False,
10,,0.0,dense 27B (Jethro / Mini),r11l-495a7899_p0_events.jsonl,r11l,11,1,2,,0.0,0.7,0.8,solved,0,20260923_142036_20260923_harvest-train18-control,True,
0,,,dense 27B (Jethro / Mini),r11l-495a7899_p0_events.jsonl,r11l,11,1,,,,,,solved,,20260923_142036_20260923_harvest-train18-control,True,
10,,0.0,dense 27B (Jethro / Mini),s5i5-18d95033_p0_events.jsonl,s5i5,33,1,2,,0.0,0.5,0.7,solved,0,20260923_142036_20260923_harvest-train18-control,True,
20,,0.0,dense 27B (Jethro / Mini),s5i5-18d95033_p0_events.jsonl,s5i5,33,1,3,,0.0,0.3,0.45,solved,0,20260923_142036_20260923_harvest-train18-control,True,
0,,,dense 27B (Jethro / Mini),s5i5-18d95033_p0_events.jsonl,s5i5,33,1,,,,,,solved,,20260923_142036_20260923_harvest-train18-control,True,
0,,,dense 27B (Jethro / Mini),s5i5-18d95033_p0_events.jsonl,s5i5,3,2,,,,,,truncated,,20260923_142036_20260923_harvest-train18-control,False,
10,1.0,0.2,dense 27B (Jethro / Mini),sc25-635fd71a_p0_events.jsonl,sc25,18,1,2,4.2,0.2,0.5,0.5,truncated,0,20260923_142036_20260923_harvest-train18-control,False,1.0
0,,,dense 27B (Jethro / Mini),sc25-635fd71a_p0_events.jsonl,sc25,18,1,,,,,,truncated,,20260923_142036_20260923_harvest-train18-control,False,
10,0.8,0.0,dense 27B (Jethro / Mini),sk48-d8078629_p0_events.jsonl,sk48,17,1,4,4.333333333333333,0.3,0.5,0.5,truncated,0,20260923_142036_20260923_harvest-train18-control,False,0.8333333333333334
0,,,dense 27B (Jethro / Mini),sk48-d8078629_p0_events.jsonl,sk48,17,1,,,,,,truncated,,20260923_142036_20260923_harvest-train18-control,False,
0,,,dense 27B (Jethro / Mini),sp80-589a99af_p0_events.jsonl,sp80,3,1,,,,,,truncated,,20260923_142036_20260923_harvest-train18-control,False,
0,,,dense 27B (Jethro / Mini),tn36-ef4dde99_p0_events.jsonl,tn36,2,1,,,,,,truncated,,20260923_142036_20260923_harvest-train18-control,False,
10,0.6,0.2,dense 27B (Jethro / Mini),wa30-ee6fef47_p0_events.jsonl,wa30,30,1,5,6.4,0.1,0.3,0.3,truncated,0,20260923_142036_20260923_harvest-train18-control,False,0.6
20,1.0,0.2,dense 27B (Jethro / Mini),wa30-ee6fef47_p0_events.jsonl,wa30,30,1,5,7.6,0.1,0.25,0.25,truncated,0,20260923_142036_20260923_harvest-train18-control,False,1.0
0,,,dense 27B (Jethro / Mini),wa30-ee6fef47_p0_events.jsonl,wa30,30,1,,,,,,truncated,,20260923_142036_20260923_harvest-train18-control,False,
10,0.6666666666666666,0.0,dense 27B (Jethro / Mini),bp35-0a0ad940_p0_events.jsonl,bp35,11,1,4,6.75,0.0,0.5,0.4,reset,0,20260923_182613_20260923_harvest-train18-bossfull-pass3,False,0.75
0,,,dense 27B (Jethro / Mini),bp35-0a0ad940_p0_events.jsonl,bp35,11,1,,,,,,reset,,20260923_182613_20260923_harvest-train18-bossfull-pass3,False,
10,0.6666666666666666,0.0,dense 27B (Jethro / Mini),bp35-0a0ad940_p0_events.jsonl,bp35,19,1,5,5.75,0.0,0.3,0.3,truncated,1,20260923_182613_20260923_harvest-train18-bossfull-pass3,False,0.75
0,,,dense 27B (Jethro / Mini),bp35-0a0ad940_p0_events.jsonl,bp35,19,1,,,,,,truncated,,20260923_182613_20260923_harvest-train18-bossfull-pass3,False,
0,,,dense 27B (Jethro / Mini),cd82-fb555c5d_p0_events.jsonl,cd82,9,1,,,,,,reset,,20260923_182613_20260923_harvest-train18-bossfull-pass3,False,
10,0.4,0.3,dense 27B (Jethro / Mini),cd82-fb555c5d_p0_events.jsonl,cd82,21,1,2,7.333333333333333,0.2,0.6,0.3,truncated,1,20260923_182613_20260923_harvest-train18-bossfull-pass3,False,0.5
20,0.4,0.45,dense 27B (Jethro / Mini),cd82-fb555c5d_p0_events.jsonl,cd82,21,1,2,12.333333333333334,0.1,0.4,0.25,truncated,1,20260923_182613_20260923_harvest-train18-bossfull-pass3,False,0.5
0,,,dense 27B (Jethro / Mini),cd82-fb555c5d_p0_events.jsonl,cd82,21,1,,,,,,truncated,,20260923_182613_20260923_harvest-train18-bossfull-pass3,False,
10,0.8,0.0,dense 27B (Jethro / Mini),cn04-2fe56bfb_p0_events.jsonl,cn04,75,1,7,5.333333333333333,0.0,0.7,0.4,died,0,20260923_182613_20260923_harvest-train18-bossfull-pass3,False,0.6666666666666666
20,0.8,0.0,dense 27B (Jethro / Mini),cn04-2fe56bfb_p0_events.jsonl,cn04,75,1,12,8.666666666666666,0.0,0.75,0.2,died,0,20260923_182613_20260923_harvest-train18-bossfull-pass3,False,0.6666666666666666
40,1.0,0.15,dense 27B (Jethro / Mini),cn04-2fe56bfb_p0_events.jsonl,cn04,75,1,18,14.5,0.1,0.65,0.125,died,0,20260923_182613_20260923_harvest-train18-bossfull-pass3,False,0.8333333333333334
0,,,dense 27B (Jethro / Mini),cn04-2fe56bfb_p0_events.jsonl,cn04,75,1,,,,,,died,,20260923_182613_20260923_harvest-train18-bossfull-pass3,False,
10,0.4,0.3,dense 27B (Jethro / Mini),cn04-2fe56bfb_p0_events.jsonl,cn04,31,1,5,7.166666666666667,0.3,0.5,0.4,truncated,2,20260923_182613_20260923_harvest-train18-bossfull-pass3,False,0.5
20,0.6,0.45,dense 27B (Jethro / Mini),cn04-2fe56bfb_p0_events.jsonl,cn04,31,1,11,11.5,0.3,0.4,0.25,truncated,2,20260923_182613_20260923_harvest-train18-bossfull-pass3,False,0.6666666666666666
0,,,dense 27B (Jethro / Mini),cn04-2fe56bfb_p0_events.jsonl,cn04,31,1,,,,,,truncated,,20260923_182613_20260923_harvest-train18-bossfull-pass3,False,
10,1.0,0.1,dense 27B (Jethro / Mini),dc22-fdcac232_p0_events.jsonl,dc22,54,1,3,4.4,0.2,0.6,0.6,truncated,0,20260923_182613_20260923_harvest-train18-bossfull-pass3,False,1.0
20,1.0,0.2,dense 27B (Jethro / Mini),dc22-fdcac232_p0_events.jsonl,dc22,54,1,3,4.4,0.3,0.45,0.45,truncated,0,20260923_182613_20260923_harvest-train18-bossfull-pass3,False,1.0
40,1.0,0.3,dense 27B (Jethro / Mini),dc22-fdcac232_p0_events.jsonl,dc22,54,1,3,4.4,0.275,0.225,0.225,truncated,0,20260923_182613_20260923_harvest-train18-bossfull-pass3,False,1.0
0,,,dense 27B (Jethro / Mini),dc22-fdcac232_p0_events.jsonl,dc22,54,1,,,,,,truncated,,20260923_182613_20260923_harvest-train18-bossfull-pass3,False,
10,,0.0,dense 27B (Jethro / Mini),ft09-0d8bbf25_p0_events.jsonl,ft09,26,1,1,,0.6,0.8,0.9,solved,0,20260923_182613_20260923_harvest-train18-bossfull-pass3,True,
20,,0.0,dense 27B (Jethro / Mini),ft09-0d8bbf25_p0_events.jsonl,ft09,26,1,1,,0.3,0.55,0.6,solved,0,20260923_182613_20260923_harvest-train18-bossfull-pass3,True,
0,,,dense 27B (Jethro / Mini),ft09-0d8bbf25_p0_events.jsonl,ft09,26,1,,,,,,solved,,20260923_182613_20260923_harvest-train18-bossfull-pass3,True,
0,,,dense 27B (Jethro / Mini),ft09-0d8bbf25_p0_events.jsonl,ft09,7,2,,,,,,solved,,20260923_182613_20260923_harvest-train18-bossfull-pass3,True,
10,,0.0,dense 27B (Jethro / Mini),ft09-0d8bbf25_p0_events.jsonl,ft09,17,3,1,,0.0,1.0,1.0,truncated,0,20260923_182613_20260923_harvest-train18-bossfull-pass3,False,
0,,,dense 27B (Jethro / Mini),ft09-0d8bbf25_p0_events.jsonl,ft09,17,3,,,,,,truncated,,20260923_182613_20260923_harvest-train18-bossfull-pass3,False,
10,0.4,0.4,dense 27B (Jethro / Mini),g50t-5849a774_p0_events.jsonl,g50t,14,1,6,8.2,0.3,0.3,0.2,truncated,0,20260923_182613_20260923_harvest-train18-bossfull-pass3,False,0.4
0,,,dense 27B (Jethro / Mini),g50t-5849a774_p0_events.jsonl,g50t,14,1,,,,,,truncated,,20260923_182613_20260923_harvest-train18-bossfull-pass3,False,
10,1.0,0.0,dense 27B (Jethro / Mini),ka59-38d34dbb_p0_events.jsonl,ka59,29,1,4,5.4,0.1,0.5,0.5,solved,0,20260923_182613_20260923_harvest-train18-bossfull-pass3,True,1.0
20,1.0,0.0,dense 27B (Jethro / Mini),ka59-38d34dbb_p0_events.jsonl,ka59,29,1,6,5.4,0.05,0.3,0.3,solved,0,20260923_182613_20260923_harvest-train18-bossfull-pass3,True,1.0
0,,,dense 27B (Jethro / Mini),ka59-38d34dbb_p0_events.jsonl,ka59,29,1,,,,,,solved,,20260923_182613_20260923_harvest-train18-bossfull-pass3,True,
0,,,dense 27B (Jethro / Mini),lf52-271a04aa_p0_events.jsonl,lf52,7,1,,,,,,reset,,20260923_182613_20260923_harvest-train18-bossfull-pass3,False,
10,0.0,0.0,dense 27B (Jethro / Mini),lf52-271a04aa_p0_events.jsonl,lf52,13,1,1,9.333333333333334,0.0,0.7,1.0,solved,1,20260923_182613_20260923_harvest-train18-bossfull-pass3,True,0.16666666666666666
0,,,dense 27B (Jethro / Mini),lf52-271a04aa_p0_events.jsonl,lf52,13,1,,,,,,solved,,20260923_182613_20260923_harvest-train18-bossfull-pass3,True,
10,0.2,0.0,dense 27B (Jethro / Mini),lf52-271a04aa_p0_events.jsonl,lf52,11,2,1,9.0,0.0,0.7,1.0,truncated,0,20260923_182613_20260923_harvest-train18-bossfull-pass3,False,0.3333333333333333
0,,,dense 27B (Jethro / Mini),lf52-271a04aa_p0_events.jsonl,lf52,11,2,,,,,,truncated,,20260923_182613_20260923_harvest-train18-bossfull-pass3,False,
0,,,dense 27B (Jethro / Mini),lp85-305b61c3_p0_events.jsonl,lp85,9,1,,,,,,solved,,20260923_182613_20260923_harvest-train18-bossfull-pass3,True,
0,,,dense 27B (Jethro / Mini),lp85-305b61c3_p0_events.jsonl,lp85,2,2,,,,,,truncated,,20260923_182613_20260923_harvest-train18-bossfull-pass3,False,
10,0.75,0.0,dense 27B (Jethro / Mini),ls20-9607627b_p0_events.jsonl,ls20,12,1,7,7.25,0.1,0.3,0.3,truncated,0,20260923_182613_20260923_harvest-train18-bossfull-pass3,False,0.75
0,,,dense 27B (Jethro / Mini),ls20-9607627b_p0_events.jsonl,ls20,12,1,,,,,,truncated,,20260923_182613_20260923_harvest-train18-bossfull-pass3,False,
10,0.8,0.3,dense 27B (Jethro / Mini),m0r0-492f87ba_p0_events.jsonl,m0r0,12,1,5,5.666666666666667,0.5,0.6,0.4,truncated,0,20260923_182613_20260923_harvest-train18-bossfull-pass3,False,0.6666666666666666
0,,,dense 27B (Jethro / Mini),m0r0-492f87ba_p0_events.jsonl,m0r0,12,1,,,,,,truncated,,20260923_182613_20260923_harvest-train18-bossfull-pass3,False,
0,,,dense 27B (Jethro / Mini),r11l-495a7899_p0_events.jsonl,r11l,4,1,,,,,,truncated,,20260923_182613_20260923_harvest-train18-bossfull-pass3,False,
0,,,dense 27B (Jethro / Mini),s5i5-18d95033_p0_events.jsonl,s5i5,6,1,,,,,,truncated,,20260923_182613_20260923_harvest-train18-bossfull-pass3,False,
0,,,dense 27B (Jethro / Mini),sc25-635fd71a_p0_events.jsonl,sc25,5,1,,,,,,truncated,,20260923_182613_20260923_harvest-train18-bossfull-pass3,False,
10,0.6,0.0,dense 27B (Jethro / Mini),sk48-d8078629_p0_events.jsonl,sk48,16,1,5,7.833333333333333,0.1,0.3,0.3,truncated,0,20260923_182613_20260923_harvest-train18-bossfull-pass3,False,0.5
0,,,dense 27B (Jethro / Mini),sk48-d8078629_p0_events.jsonl,sk48,16,1,,,,,,truncated,,20260923_182613_20260923_harvest-train18-bossfull-pass3,False,
10,0.8,0.0,dense 27B (Jethro / Mini),sp80-589a99af_p0_events.jsonl,sp80,11,1,5,6.0,0.0,0.5,0.4,truncated,0,20260923_182613_20260923_harvest-train18-bossfull-pass3,False,0.6666666666666666
0,,,dense 27B (Jethro / Mini),sp80-589a99af_p0_events.jsonl,sp80,11,1,,,,,,truncated,,20260923_182613_20260923_harvest-train18-bossfull-pass3,False,
0,,,dense 27B (Jethro / Mini),tn36-ef4dde99_p0_events.jsonl,tn36,4,1,,,,,,truncated,,20260923_182613_20260923_harvest-train18-bossfull-pass3,False,
0,,,dense 27B (Jethro / Mini),wa30-ee6fef47_p0_events.jsonl,wa30,8,1,,,,,,truncated,,20260923_182613_20260923_harvest-train18-bossfull-pass3,False,
10,0.8333333333333334,0.0,dense 27B (Jethro / Mini),ar25-0c556536_p0_events.jsonl,ar25,20,1,6,5.285714285714286,0.0,0.5,0.5,solved,0,20260915_230835_qwen38-27b-baseline-25g,True,0.7142857142857143
20,0.8333333333333334,0.0,dense 27B (Jethro / Mini),ar25-0c556536_p0_events.jsonl,ar25,20,1,11,8.142857142857142,0.0,0.3,0.25,solved,0,20260915_230835_qwen38-27b-baseline-25g,True,0.7142857142857143
0,,,dense 27B (Jethro / Mini),ar25-0c556536_p0_events.jsonl,ar25,20,1,,,,,,solved,,20260915_230835_qwen38-27b-baseline-25g,True,
10,0.6666666666666666,0.0,dense 27B (Jethro / Mini),ar25-0c556536_p0_events.jsonl,ar25,14,2,4,7.428571428571429,0.2,0.8,0.4,truncated,0,20260915_230835_qwen38-27b-baseline-25g,False,0.5714285714285714
0,,,dense 27B (Jethro / Mini),ar25-0c556536_p0_events.jsonl,ar25,14,2,,,,,,truncated,,20260915_230835_qwen38-27b-baseline-25g,False,
10,0.3333333333333333,0.0,dense 27B (Jethro / Mini),bp35-0a0ad940_p0_events.jsonl,bp35,22,1,1,6.25,0.0,0.9,0.9,truncated,0,20260915_230835_qwen38-27b-baseline-25g,False,0.5
20,0.3333333333333333,0.0,dense 27B (Jethro / Mini),bp35-0a0ad940_p0_events.jsonl,bp35,22,1,3,11.25,0.0,0.6,0.75,truncated,0,20260915_230835_qwen38-27b-baseline-25g,False,0.5
0,,,dense 27B (Jethro / Mini),bp35-0a0ad940_p0_events.jsonl,bp35,22,1,,,,,,truncated,,20260915_230835_qwen38-27b-baseline-25g,False,
10,1.0,0.0,dense 27B (Jethro / Mini),cd82-fb555c5d_p0_events.jsonl,cd82,23,1,1,3.8333333333333335,0.3,0.8,0.7,truncated,0,20260915_230835_qwen38-27b-baseline-25g,False,1.0
20,1.0,0.25,dense 27B (Jethro / Mini),cd82-fb555c5d_p0_events.jsonl,cd82,23,1,1,3.8333333333333335,0.2,0.8,0.4,truncated,0,20260915_230835_qwen38-27b-baseline-25g,False,1.0
0,,,dense 27B (Jethro / Mini),cd82-fb555c5d_p0_events.jsonl,cd82,23,1,,,,,,truncated,,20260915_230835_qwen38-27b-baseline-25g,False,
10,0.8,0.0,dense 27B (Jethro / Mini),cn04-2fe56bfb_p0_events.jsonl,cn04,16,1,5,6.666666666666667,0.0,0.7,0.4,solved,0,20260915_230835_qwen38-27b-baseline-25g,True,0.6666666666666666
0,,,dense 27B (Jethro / Mini),cn04-2fe56bfb_p0_events.jsonl,cn04,16,1,,,,,,solved,,20260915_230835_qwen38-27b-baseline-25g,True,
0,,,dense 27B (Jethro / Mini),cn04-2fe56bfb_p0_events.jsonl,cn04,4,2,,,,,,truncated,,20260915_230835_qwen38-27b-baseline-25g,False,
10,0.5,0.2,dense 27B (Jethro / Mini),dc22-fdcac232_p0_events.jsonl,dc22,20,1,4,5.6,0.5,0.6,0.7,truncated,0,20260915_230835_qwen38-27b-baseline-25g,False,0.6
20,0.75,0.1,dense 27B (Jethro / Mini),dc22-fdcac232_p0_events.jsonl,dc22,20,1,4,8.2,0.4,0.6,0.75,truncated,0,20260915_230835_qwen38-27b-baseline-25g,False,0.8
0,,,dense 27B (Jethro / Mini),dc22-fdcac232_p0_events.jsonl,dc22,20,1,,,,,,truncated,,20260915_230835_qwen38-27b-baseline-25g,False,
10,,0.1,dense 27B (Jethro / Mini),ft09-0d8bbf25_p0_events.jsonl,ft09,28,1,1,,1.0,0.6,0.9,truncated,0,20260915_230835_qwen38-27b-baseline-25g,False,
20,,0.25,dense 27B (Jethro / Mini),ft09-0d8bbf25_p0_events.jsonl,ft09,28,1,2,,1.0,0.5,0.75,truncated,0,20260915_230835_qwen38-27b-baseline-25g,False,
0,,,dense 27B (Jethro / Mini),ft09-0d8bbf25_p0_events.jsonl,ft09,28,1,,,,,,truncated,,20260915_230835_qwen38-27b-baseline-25g,False,
0,,,dense 27B (Jethro / Mini),g50t-5849a774_p0_events.jsonl,g50t,3,1,,,,,,truncated,,20260915_230835_qwen38-27b-baseline-25g,False,
10,1.0,0.0,dense 27B (Jethro / Mini),ka59-38d34dbb_p0_events.jsonl,ka59,49,1,2,3.8,0.1,0.6,0.6,truncated,0,20260915_230835_qwen38-27b-baseline-25g,False,1.0
20,1.0,0.0,dense 27B (Jethro / Mini),ka59-38d34dbb_p0_events.jsonl,ka59,49,1,2,3.8,0.1,0.45,0.5,truncated,0,20260915_230835_qwen38-27b-baseline-25g,False,1.0
40,1.0,0.175,dense 27B (Jethro / Mini),ka59-38d34dbb_p0_events.jsonl,ka59,49,1,8,3.8,0.1,0.225,0.275,truncated,0,20260915_230835_qwen38-27b-baseline-25g,False,1.0
0,,,dense 27B (Jethro / Mini),ka59-38d34dbb_p0_events.jsonl,ka59,49,1,,,,,,truncated,,20260915_230835_qwen38-27b-baseline-25g,False,
10,0.4,0.0,dense 27B (Jethro / Mini),lf52-271a04aa_p0_events.jsonl,lf52,13,1,1,7.5,0.0,0.8,0.8,truncated,0,20260915_230835_qwen38-27b-baseline-25g,False,0.5
0,,,dense 27B (Jethro / Mini),lf52-271a04aa_p0_events.jsonl,lf52,13,1,,,,,,truncated,,20260915_230835_qwen38-27b-baseline-25g,False,
0,,,dense 27B (Jethro / Mini),lp85-305b61c3_p0_events.jsonl,lp85,5,1,,,,,,solved,,20260915_230835_qwen38-27b-baseline-25g,True,
0,,,dense 27B (Jethro / Mini),lp85-305b61c3_p0_events.jsonl,lp85,3,2,,,,,,truncated,,20260915_230835_qwen38-27b-baseline-25g,False,
10,0.5,0.0,dense 27B (Jethro / Mini),ls20-9607627b_p0_events.jsonl,ls20,42,1,8,6.25,0.0,0.2,0.2,solved,0,20260915_230835_qwen38-27b-baseline-25g,True,0.5
20,0.5,0.0,dense 27B (Jethro / Mini),ls20-9607627b_p0_events.jsonl,ls20,42,1,13,11.25,0.0,0.1,0.1,solved,0,20260915_230835_qwen38-27b-baseline-25g,True,0.5
40,1.0,0.0,dense 27B (Jethro / Mini),ls20-9607627b_p0_events.jsonl,ls20,42,1,13,15.75,0.0,0.175,0.1,solved,0,20260915_230835_qwen38-27b-baseline-25g,True,1.0
0,,,dense 27B (Jethro / Mini),ls20-9607627b_p0_events.jsonl,ls20,42,1,,,,,,solved,,20260915_230835_qwen38-27b-baseline-25g,True,
10,0.6,0.3,dense 27B (Jethro / Mini),m0r0-492f87ba_p0_events.jsonl,m0r0,137,1,6,5.333333333333333,0.4,0.4,0.4,truncated,0,20260915_230835_qwen38-27b-baseline-25g,False,0.6666666666666666
20,0.8,0.5,dense 27B (Jethro / Mini),m0r0-492f87ba_p0_events.jsonl,m0r0,137,1,8,7.166666666666667,0.45,0.25,0.25,truncated,0,20260915_230835_qwen38-27b-baseline-25g,False,0.8333333333333334
40,1.0,0.525,dense 27B (Jethro / Mini),m0r0-492f87ba_p0_events.jsonl,m0r0,137,1,9,9.166666666666666,0.325,0.25,0.175,truncated,0,20260915_230835_qwen38-27b-baseline-25g,False,1.0
0,,,dense 27B (Jethro / Mini),m0r0-492f87ba_p0_events.jsonl,m0r0,137,1,,,,,,truncated,,20260915_230835_qwen38-27b-baseline-25g,False,
0,,,dense 27B (Jethro / Mini),r11l-495a7899_p0_events.jsonl,r11l,7,1,,,,,,solved,,20260915_230835_qwen38-27b-baseline-25g,True,
10,0.8,0.0,dense 27B (Jethro / Mini),re86-8af5384d_p0_events.jsonl,re86,29,1,3,5.4,0.0,0.4,0.4,solved,0,20260915_230835_qwen38-27b-baseline-25g,True,0.8
20,0.8,0.0,dense 27B (Jethro / Mini),re86-8af5384d_p0_events.jsonl,re86,29,1,3,7.4,0.0,0.2,0.2,solved,0,20260915_230835_qwen38-27b-baseline-25g,True,0.8
0,,,dense 27B (Jethro / Mini),re86-8af5384d_p0_events.jsonl,re86,29,1,,,,,,solved,,20260915_230835_qwen38-27b-baseline-25g,True,
0,,,dense 27B (Jethro / Mini),re86-8af5384d_p0_events.jsonl,re86,1,2,,,,,,truncated,,20260915_230835_qwen38-27b-baseline-25g,False,
10,,0.0,dense 27B (Jethro / Mini),s5i5-18d95033_p0_events.jsonl,s5i5,24,1,2,,0.0,0.8,0.9,solved,0,20260915_230835_qwen38-27b-baseline-25g,True,
20,,0.0,dense 27B (Jethro / Mini),s5i5-18d95033_p0_events.jsonl,s5i5,24,1,5,,0.0,0.45,0.5,solved,0,20260915_230835_qwen38-27b-baseline-25g,True,
0,,,dense 27B (Jethro / Mini),s5i5-18d95033_p0_events.jsonl,s5i5,24,1,,,,,,solved,,20260915_230835_qwen38-27b-baseline-25g,True,
0,,,dense 27B (Jethro / Mini),s5i5-18d95033_p0_events.jsonl,s5i5,5,2,,,,,,truncated,,20260915_230835_qwen38-27b-baseline-25g,False,
10,0.5,0.0,dense 27B (Jethro / Mini),sb26-7fbdac44_p0_events.jsonl,sb26,12,1,1,5.0,0.1,0.9,0.9,solved,0,20260915_230835_qwen38-27b-baseline-25g,True,0.6666666666666666
0,,,dense 27B (Jethro / Mini),sb26-7fbdac44_p0_events.jsonl,sb26,12,1,,,,,,solved,,20260915_230835_qwen38-27b-baseline-25g,True,
10,0.0,0.0,dense 27B (Jethro / Mini),sb26-7fbdac44_p0_events.jsonl,sb26,59,2,1,7.666666666666667,0.0,0.9,1.0,truncated,0,20260915_230835_qwen38-27b-baseline-25g,False,0.3333333333333333
20,0.5,0.0,dense 27B (Jethro / Mini),sb26-7fbdac44_p0_events.jsonl,sb26,59,2,1,12.333333333333334,0.1,0.8,0.9,truncated,0,20260915_230835_qwen38-27b-baseline-25g,False,0.6666666666666666
40,0.5,0.025,dense 27B (Jethro / Mini),sb26-7fbdac44_p0_events.jsonl,sb26,59,2,1,19.0,0.075,0.4,0.6,truncated,0,20260915_230835_qwen38-27b-baseline-25g,False,0.6666666666666666
0,,,dense 27B (Jethro / Mini),sb26-7fbdac44_p0_events.jsonl,sb26,59,2,,,,,,truncated,,20260915_230835_qwen38-27b-baseline-25g,False,
10,1.0,0.1,dense 27B (Jethro / Mini),sc25-635fd71a_p0_events.jsonl,sc25,20,1,1,3.8,0.4,0.7,0.8,truncated,0,20260915_230835_qwen38-27b-baseline-25g,False,1.0
20,1.0,0.1,dense 27B (Jethro / Mini),sc25-635fd71a_p0_events.jsonl,sc25,20,1,1,3.8,0.25,0.5,0.7,truncated,0,20260915_230835_qwen38-27b-baseline-25g,False,1.0
0,,,dense 27B (Jethro / Mini),sc25-635fd71a_p0_events.jsonl,sc25,20,1,,,,,,truncated,,20260915_230835_qwen38-27b-baseline-25g,False,
10,0.6,0.0,dense 27B (Jethro / Mini),sk48-d8078629_p0_events.jsonl,sk48,43,1,3,6.833333333333333,0.3,0.4,0.4,truncated,0,20260915_230835_qwen38-27b-baseline-25g,False,0.6666666666666666
20,0.8,0.25,dense 27B (Jethro / Mini),sk48-d8078629_p0_events.jsonl,sk48,43,1,4,9.666666666666666,0.15,0.25,0.25,truncated,0,20260915_230835_qwen38-27b-baseline-25g,False,0.8333333333333334
40,0.8,0.4,dense 27B (Jethro / Mini),sk48-d8078629_p0_events.jsonl,sk48,43,1,5,13.0,0.25,0.125,0.125,truncated,0,20260915_230835_qwen38-27b-baseline-25g,False,0.8333333333333334
0,,,dense 27B (Jethro / Mini),sk48-d8078629_p0_events.jsonl,sk48,43,1,,,,,,truncated,,20260915_230835_qwen38-27b-baseline-25g,False,
10,0.8,0.0,dense 27B (Jethro / Mini),sp80-589a99af_p0_events.jsonl,sp80,26,1,6,4.333333333333333,0.0,0.5,0.5,solved,0,20260915_230835_qwen38-27b-baseline-25g,True,0.8333333333333334
20,1.0,0.0,dense 27B (Jethro / Mini),sp80-589a99af_p0_events.jsonl,sp80,26,1,6,4.333333333333333,0.0,0.45,0.35,solved,0,20260915_230835_qwen38-27b-baseline-25g,True,1.0
0,,,dense 27B (Jethro / Mini),sp80-589a99af_p0_events.jsonl,sp80,26,1,,,,,,solved,,20260915_230835_qwen38-27b-baseline-25g,True,
10,0.4,0.0,dense 27B (Jethro / Mini),sp80-589a99af_p0_events.jsonl,sp80,14,2,5,8.5,0.0,0.4,0.2,truncated,0,20260915_230835_qwen38-27b-baseline-25g,False,0.3333333333333333
0,,,dense 27B (Jethro / Mini),sp80-589a99af_p0_events.jsonl,sp80,14,2,,,,,,truncated,,20260915_230835_qwen38-27b-baseline-25g,False,
10,0.0,0.0,dense 27B (Jethro / Mini),su15-1944f8ab_p0_events.jsonl,su15,23,1,2,6.0,0.0,0.5,0.9,solved,0,20260915_230835_qwen38-27b-baseline-25g,True,0.5
20,0.0,0.0,dense 27B (Jethro / Mini),su15-1944f8ab_p0_events.jsonl,su15,23,1,2,11.0,0.0,0.35,0.95,solved,0,20260915_230835_qwen38-27b-baseline-25g,True,0.5
0,,,dense 27B (Jethro / Mini),su15-1944f8ab_p0_events.jsonl,su15,23,1,,,,,,solved,,20260915_230835_qwen38-27b-baseline-25g,True,
10,0.0,0.0,dense 27B (Jethro / Mini),su15-1944f8ab_p0_events.jsonl,su15,30,2,2,6.0,0.1,0.6,0.8,truncated,0,20260915_230835_qwen38-27b-baseline-25g,False,0.5
20,0.0,0.25,dense 27B (Jethro / Mini),su15-1944f8ab_p0_events.jsonl,su15,30,2,4,11.0,0.25,0.35,0.5,truncated,0,20260915_230835_qwen38-27b-baseline-25g,False,0.5
0,,,dense 27B (Jethro / Mini),su15-1944f8ab_p0_events.jsonl,su15,30,2,,,,,,truncated,,20260915_230835_qwen38-27b-baseline-25g,False,
10,,0.0,dense 27B (Jethro / Mini),tn36-ef4dde99_p0_events.jsonl,tn36,61,1,1,,0.0,0.7,0.9,died,0,20260915_230835_qwen38-27b-baseline-25g,False,
20,,0.0,dense 27B (Jethro / Mini),tn36-ef4dde99_p0_events.jsonl,tn36,61,1,1,,0.0,0.45,0.7,died,0,20260915_230835_qwen38-27b-baseline-25g,False,
40,,0.0,dense 27B (Jethro / Mini),tn36-ef4dde99_p0_events.jsonl,tn36,61,1,2,,0.0,0.325,0.55,died,0,20260915_230835_qwen38-27b-baseline-25g,False,
0,,,dense 27B (Jethro / Mini),tn36-ef4dde99_p0_events.jsonl,tn36,61,1,,,,,,died,,20260915_230835_qwen38-27b-baseline-25g,False,
0,,,dense 27B (Jethro / Mini),tn36-ef4dde99_p0_events.jsonl,tn36,3,1,,,,,,truncated,,20260915_230835_qwen38-27b-baseline-25g,False,
10,1.0,0.0,dense 27B (Jethro / Mini),tr87-cd924810_p0_events.jsonl,tr87,54,1,6,2.5,0.0,0.5,0.4,truncated,0,20260915_230835_qwen38-27b-baseline-25g,False,1.0
20,1.0,0.0,dense 27B (Jethro / Mini),tr87-cd924810_p0_events.jsonl,tr87,54,1,15,2.5,0.0,0.3,0.2,truncated,0,20260915_230835_qwen38-27b-baseline-25g,False,1.0
40,1.0,0.0,dense 27B (Jethro / Mini),tr87-cd924810_p0_events.jsonl,tr87,54,1,15,2.5,0.0,0.25,0.1,truncated,0,20260915_230835_qwen38-27b-baseline-25g,False,1.0
0,,,dense 27B (Jethro / Mini),tr87-cd924810_p0_events.jsonl,tr87,54,1,,,,,,truncated,,20260915_230835_qwen38-27b-baseline-25g,False,
10,0.5,0.0,dense 27B (Jethro / Mini),tu93-0768757b_p0_events.jsonl,tu93,50,1,7,6.75,0.0,0.2,0.2,died,0,20260915_230835_qwen38-27b-baseline-25g,False,0.5
20,0.5,0.0,dense 27B (Jethro / Mini),tu93-0768757b_p0_events.jsonl,tu93,50,1,17,11.75,0.0,0.1,0.1,died,0,20260915_230835_qwen38-27b-baseline-25g,False,0.5
40,0.75,0.0,dense 27B (Jethro / Mini),tu93-0768757b_p0_events.jsonl,tu93,50,1,25,18.75,0.0,0.075,0.075,died,0,20260915_230835_qwen38-27b-baseline-25g,False,0.75
0,,,dense 27B (Jethro / Mini),tu93-0768757b_p0_events.jsonl,tu93,50,1,,,,,,died,,20260915_230835_qwen38-27b-baseline-25g,False,
10,0.5,0.0,dense 27B (Jethro / Mini),tu93-0768757b_p0_events.jsonl,tu93,50,1,8,6.25,0.0,0.2,0.2,died,2,20260915_230835_qwen38-27b-baseline-25g,False,0.5
20,0.5,0.0,dense 27B (Jethro / Mini),tu93-0768757b_p0_events.jsonl,tu93,50,1,15,11.25,0.0,0.1,0.1,died,2,20260915_230835_qwen38-27b-baseline-25g,False,0.5
40,1.0,0.0,dense 27B (Jethro / Mini),tu93-0768757b_p0_events.jsonl,tu93,50,1,16,12.5,0.0,0.1,0.1,died,2,20260915_230835_qwen38-27b-baseline-25g,False,1.0
0,,,dense 27B (Jethro / Mini),tu93-0768757b_p0_events.jsonl,tu93,50,1,,,,,,died,,20260915_230835_qwen38-27b-baseline-25g,False,
10,,0.0,dense 27B (Jethro / Mini),vc33-5430563c_p0_events.jsonl,vc33,15,1,3,,0.0,0.6,0.6,solved,0,20260915_230835_qwen38-27b-baseline-25g,True,
0,,,dense 27B (Jethro / Mini),vc33-5430563c_p0_events.jsonl,vc33,15,1,,,,,,solved,,20260915_230835_qwen38-27b-baseline-25g,True,
10,,0.0,dense 27B (Jethro / Mini),vc33-5430563c_p0_events.jsonl,vc33,14,2,2,,0.0,0.3,0.3,solved,0,20260915_230835_qwen38-27b-baseline-25g,True,
0,,,dense 27B (Jethro / Mini),vc33-5430563c_p0_events.jsonl,vc33,14,2,,,,,,solved,,20260915_230835_qwen38-27b-baseline-25g,True,
0,,,dense 27B (Jethro / Mini),vc33-5430563c_p0_events.jsonl,vc33,1,3,,,,,,truncated,,20260915_230835_qwen38-27b-baseline-25g,False,
10,1.0,0.0,dense 27B (Jethro / Mini),wa30-ee6fef47_p0_events.jsonl,wa30,30,1,3,3.4,0.2,0.5,0.5,truncated,0,20260915_230835_qwen38-27b-baseline-25g,False,1.0
20,1.0,0.2,dense 27B (Jethro / Mini),wa30-ee6fef47_p0_events.jsonl,wa30,30,1,4,3.4,0.1,0.25,0.25,truncated,0,20260915_230835_qwen38-27b-baseline-25g,False,1.0
0,,,dense 27B (Jethro / Mini),wa30-ee6fef47_p0_events.jsonl,wa30,30,1,,,,,,truncated,,20260915_230835_qwen38-27b-baseline-25g,False,
10,0.3333333333333333,0.0,dense 27B (Jethro / Mini),ar25-0c556536_p0_events.jsonl,ar25,17,1,9,8.285714285714286,0.0,0.6,0.2,solved,0,20260916_102724_qwen38-27b-massdata-25g-4p,True,0.2857142857142857
0,,,dense 27B (Jethro / Mini),ar25-0c556536_p0_events.jsonl,ar25,17,1,,,,,,solved,,20260916_102724_qwen38-27b-massdata-25g-4p,True,
10,0.6666666666666666,0.4,dense 27B (Jethro / Mini),ar25-0c556536_p0_events.jsonl,ar25,25,2,5,7.571428571428571,0.6,0.6,0.5,solved,0,20260916_102724_qwen38-27b-massdata-25g-4p,True,0.7142857142857143
20,0.8333333333333334,0.5,dense 27B (Jethro / Mini),ar25-0c556536_p0_events.jsonl,ar25,25,2,5,10.0,0.4,0.45,0.3,solved,0,20260916_102724_qwen38-27b-massdata-25g-4p,True,0.8571428571428571
0,,,dense 27B (Jethro / Mini),ar25-0c556536_p0_events.jsonl,ar25,25,2,,,,,,solved,,20260916_102724_qwen38-27b-massdata-25g-4p,True,
10,0.5,0.1,dense 27B (Jethro / Mini),ar25-0c556536_p0_events.jsonl,ar25,20,3,5,6.428571428571429,0.1,0.6,0.4,truncated,0,20260916_102724_qwen38-27b-massdata-25g-4p,False,0.5714285714285714
20,0.5,0.05,dense 27B (Jethro / Mini),ar25-0c556536_p0_events.jsonl,ar25,20,3,8,10.714285714285714,0.05,0.4,0.25,truncated,0,20260916_102724_qwen38-27b-massdata-25g-4p,False,0.5714285714285714
0,,,dense 27B (Jethro / Mini),ar25-0c556536_p0_events.jsonl,ar25,20,3,,,,,,truncated,,20260916_102724_qwen38-27b-massdata-25g-4p,False,
10,0.6666666666666666,0.0,dense 27B (Jethro / Mini),ar25-0c556536_p1_events.jsonl,ar25,19,1,6,6.857142857142857,0.0,0.4,0.4,solved,0,20260916_102724_qwen38-27b-massdata-25g-4p,True,0.5714285714285714
0,,,dense 27B (Jethro / Mini),ar25-0c556536_p1_events.jsonl,ar25,19,1,,,,,,solved,,20260916_102724_qwen38-27b-massdata-25g-4p,True,
10,0.5,0.6,dense 27B (Jethro / Mini),ar25-0c556536_p1_events.jsonl,ar25,13,2,5,7.571428571428571,0.2,0.6,0.3,solved,0,20260916_102724_qwen38-27b-massdata-25g-4p,True,0.42857142857142855
0,,,dense 27B (Jethro / Mini),ar25-0c556536_p1_events.jsonl,ar25,13,2,,,,,,solved,,20260916_102724_qwen38-27b-massdata-25g-4p,True,
10,0.3333333333333333,0.0,dense 27B (Jethro / Mini),bp35-0a0ad940_p0_events.jsonl,bp35,29,1,1,6.25,0.0,0.9,1.0,truncated,0,20260916_102724_qwen38-27b-massdata-25g-4p,False,0.5
20,0.3333333333333333,0.0,dense 27B (Jethro / Mini),bp35-0a0ad940_p0_events.jsonl,bp35,29,1,4,11.25,0.0,0.75,0.7,truncated,0,20260916_102724_qwen38-27b-massdata-25g-4p,False,0.5
0,,,dense 27B (Jethro / Mini),bp35-0a0ad940_p0_events.jsonl,bp35,29,1,,,,,,truncated,,20260916_102724_qwen38-27b-massdata-25g-4p,False,
10,0.3333333333333333,0.0,dense 27B (Jethro / Mini),bp35-0a0ad940_p1_events.jsonl,bp35,25,1,2,6.25,0.0,0.8,0.8,truncated,0,20260916_102724_qwen38-27b-massdata-25g-4p,False,0.5
20,0.6666666666666666,0.0,dense 27B (Jethro / Mini),bp35-0a0ad940_p1_events.jsonl,bp35,25,1,4,9.25,0.0,0.65,0.65,truncated,0,20260916_102724_qwen38-27b-massdata-25g-4p,False,0.75
0,,,dense 27B (Jethro / Mini),bp35-0a0ad940_p1_events.jsonl,bp35,25,1,,,,,,truncated,,20260916_102724_qwen38-27b-massdata-25g-4p,False,
10,1.0,0.0,dense 27B (Jethro / Mini),cd82-fb555c5d_p0_events.jsonl,cd82,18,1,2,4.666666666666667,0.3,0.9,0.8,solved,0,20260916_102724_qwen38-27b-massdata-25g-4p,True,1.0
0,,,dense 27B (Jethro / Mini),cd82-fb555c5d_p0_events.jsonl,cd82,18,1,,,,,,solved,,20260916_102724_qwen38-27b-massdata-25g-4p,True,
10,0.8,0.0,dense 27B (Jethro / Mini),cd82-fb555c5d_p0_events.jsonl,cd82,12,2,2,4.833333333333333,0.0,1.0,0.5,truncated,0,20260916_102724_qwen38-27b-massdata-25g-4p,False,0.8333333333333334
0,,,dense 27B (Jethro / Mini),cd82-fb555c5d_p0_events.jsonl,cd82,12,2,,,,,,truncated,,20260916_102724_qwen38-27b-massdata-25g-4p,False,
10,1.0,0.0,dense 27B (Jethro / Mini),cd82-fb555c5d_p1_events.jsonl,cd82,26,1,1,4.166666666666667,0.1,0.6,0.6,solved,0,20260916_102724_qwen38-27b-massdata-25g-4p,True,1.0
20,1.0,0.0,dense 27B (Jethro / Mini),cd82-fb555c5d_p1_events.jsonl,cd82,26,1,2,4.166666666666667,0.05,0.55,0.3,solved,0,20260916_102724_qwen38-27b-massdata-25g-4p,True,1.0
0,,,dense 27B (Jethro / Mini),cd82-fb555c5d_p1_events.jsonl,cd82,26,1,,,,,,solved,,20260916_102724_qwen38-27b-massdata-25g-4p,True,
10,0.4,0.0,dense 27B (Jethro / Mini),cn04-2fe56bfb_p0_events.jsonl,cn04,14,1,6,8.666666666666666,0.0,0.8,0.2,truncated,0,20260916_102724_qwen38-27b-massdata-25g-4p,False,0.3333333333333333
0,,,dense 27B (Jethro / Mini),cn04-2fe56bfb_p0_events.jsonl,cn04,14,1,,,,,,truncated,,20260916_102724_qwen38-27b-massdata-25g-4p,False,
10,1.0,0.0,dense 27B (Jethro / Mini),cn04-2fe56bfb_p1_events.jsonl,cn04,29,1,3,4.5,0.1,0.8,0.7,truncated,0,20260916_102724_qwen38-27b-massdata-25g-4p,False,1.0
20,1.0,0.0,dense 27B (Jethro / Mini),cn04-2fe56bfb_p1_events.jsonl,cn04,29,1,6,4.5,0.05,0.8,0.35,truncated,0,20260916_102724_qwen38-27b-massdata-25g-4p,False,1.0
0,,,dense 27B (Jethro / Mini),cn04-2fe56bfb_p1_events.jsonl,cn04,29,1,,,,,,truncated,,20260916_102724_qwen38-27b-massdata-25g-4p,False,
10,1.0,0.0,dense 27B (Jethro / Mini),dc22-fdcac232_p0_events.jsonl,dc22,86,1,1,4.6,0.1,0.6,0.6,truncated,0,20260916_102724_qwen38-27b-massdata-25g-4p,False,1.0
20,1.0,0.2,dense 27B (Jethro / Mini),dc22-fdcac232_p0_events.jsonl,dc22,86,1,3,4.6,0.15,0.45,0.4,truncated,0,20260916_102724_qwen38-27b-massdata-25g-4p,False,1.0
40,1.0,0.225,dense 27B (Jethro / Mini),dc22-fdcac232_p0_events.jsonl,dc22,86,1,3,4.6,0.15,0.35,0.3,truncated,0,20260916_102724_qwen38-27b-massdata-25g-4p,False,1.0
0,,,dense 27B (Jethro / Mini),dc22-fdcac232_p0_events.jsonl,dc22,86,1,,,,,,truncated,,20260916_102724_qwen38-27b-massdata-25g-4p,False,
10,0.75,0.0,dense 27B (Jethro / Mini),dc22-fdcac232_p1_events.jsonl,dc22,17,1,2,4.2,0.3,0.6,0.7,truncated,0,20260916_102724_qwen38-27b-massdata-25g-4p,False,0.8
0,,,dense 27B (Jethro / Mini),dc22-fdcac232_p1_events.jsonl,dc22,17,1,,,,,,truncated,,20260916_102724_qwen38-27b-massdata-25g-4p,False,
10,,0.5,dense 27B (Jethro / Mini),ft09-0d8bbf25_p0_events.jsonl,ft09,21,1,6,,1.0,0.9,0.5,solved,0,20260916_102724_qwen38-27b-massdata-25g-4p,True,
20,,0.35,dense 27B (Jethro / Mini),ft09-0d8bbf25_p0_events.jsonl,ft09,21,1,8,,0.75,0.7,0.55,solved,0,20260916_102724_qwen38-27b-massdata-25g-4p,True,
0,,,dense 27B (Jethro / Mini),ft09-0d8bbf25_p0_events.jsonl,ft09,21,1,,,,,,solved,,20260916_102724_qwen38-27b-massdata-25g-4p,True,
10,,0.0,dense 27B (Jethro / Mini),ft09-0d8bbf25_p0_events.jsonl,ft09,19,2,2,,0.0,0.8,0.8,solved,0,20260916_102724_qwen38-27b-massdata-25g-4p,True,
0,,,dense 27B (Jethro / Mini),ft09-0d8bbf25_p0_events.jsonl,ft09,19,2,,,,,,solved,,20260916_102724_qwen38-27b-massdata-25g-4p,True,
10,,0.0,dense 27B (Jethro / Mini),ft09-0d8bbf25_p0_events.jsonl,ft09,10,3,1,,0.0,1.0,1.0,truncated,0,20260916_102724_qwen38-27b-massdata-25g-4p,False,
0,,,dense 27B (Jethro / Mini),ft09-0d8bbf25_p0_events.jsonl,ft09,10,3,,,,,,truncated,,20260916_102724_qwen38-27b-massdata-25g-4p,False,
10,,0.0,dense 27B (Jethro / Mini),ft09-0d8bbf25_p1_events.jsonl,ft09,21,1,1,,1.0,1.0,1.0,solved,0,20260916_102724_qwen38-27b-massdata-25g-4p,True,
20,,0.05,dense 27B (Jethro / Mini),ft09-0d8bbf25_p1_events.jsonl,ft09,21,1,1,,0.65,0.8,0.85,solved,0,20260916_102724_qwen38-27b-massdata-25g-4p,True,
0,,,dense 27B (Jethro / Mini),ft09-0d8bbf25_p1_events.jsonl,ft09,21,1,,,,,,solved,,20260916_102724_qwen38-27b-massdata-25g-4p,True,
0,,,dense 27B (Jethro / Mini),ft09-0d8bbf25_p1_events.jsonl,ft09,8,2,,,,,,truncated,,20260916_102724_qwen38-27b-massdata-25g-4p,False,
10,0.8,0.1,dense 27B (Jethro / Mini),g50t-5849a774_p0_events.jsonl,g50t,19,1,5,6.2,0.1,0.5,0.4,truncated,0,20260916_102724_qwen38-27b-massdata-25g-4p,False,0.8
0,,,dense 27B (Jethro / Mini),g50t-5849a774_p0_events.jsonl,g50t,19,1,,,,,,truncated,,20260916_102724_qwen38-27b-massdata-25g-4p,False,
10,0.6,0.2,dense 27B (Jethro / Mini),g50t-5849a774_p1_events.jsonl,g50t,24,1,7,5.6,0.2,0.5,0.3,truncated,0,20260916_102724_qwen38-27b-massdata-25g-4p,False,0.6
20,1.0,0.4,dense 27B (Jethro / Mini),g50t-5849a774_p1_events.jsonl,g50t,24,1,7,8.6,0.3,0.4,0.25,truncated,0,20260916_102724_qwen38-27b-massdata-25g-4p,False,1.0
0,,,dense 27B (Jethro / Mini),g50t-5849a774_p1_events.jsonl,g50t,24,1,,,,,,truncated,,20260916_102724_qwen38-27b-massdata-25g-4p,False,
10,1.0,0.0,dense 27B (Jethro / Mini),ka59-38d34dbb_p0_events.jsonl,ka59,31,1,2,4.0,0.0,0.7,0.8,truncated,0,20260916_102724_qwen38-27b-massdata-25g-4p,False,1.0
20,1.0,0.0,dense 27B (Jethro / Mini),ka59-38d34dbb_p0_events.jsonl,ka59,31,1,6,4.0,0.0,0.35,0.4,truncated,0,20260916_102724_qwen38-27b-massdata-25g-4p,False,1.0
0,,,dense 27B (Jethro / Mini),ka59-38d34dbb_p0_events.jsonl,ka59,31,1,,,,,,truncated,,20260916_102724_qwen38-27b-massdata-25g-4p,False,
10,1.0,0.0,dense 27B (Jethro / Mini),ka59-38d34dbb_p1_events.jsonl,ka59,10,1,2,4.0,0.1,0.5,0.5,truncated,0,20260916_102724_qwen38-27b-massdata-25g-4p,False,1.0
0,,,dense 27B (Jethro / Mini),ka59-38d34dbb_p1_events.jsonl,ka59,10,1,,,,,,truncated,,20260916_102724_qwen38-27b-massdata-25g-4p,False,
10,0.4,0.0,dense 27B (Jethro / Mini),lf52-271a04aa_p0_events.jsonl,lf52,17,1,1,6.5,0.0,0.6,0.8,solved,0,20260916_102724_qwen38-27b-massdata-25g-4p,True,0.5
0,,,dense 27B (Jethro / Mini),lf52-271a04aa_p0_events.jsonl,lf52,17,1,,,,,,solved,,20260916_102724_qwen38-27b-massdata-25g-4p,True,
10,0.8,0.0,dense 27B (Jethro / Mini),lf52-271a04aa_p0_events.jsonl,lf52,17,2,1,6.666666666666667,0.0,0.8,0.8,truncated,0,20260916_102724_qwen38-27b-massdata-25g-4p,False,0.8333333333333334
0,,,dense 27B (Jethro / Mini),lf52-271a04aa_p0_events.jsonl,lf52,17,2,,,,,,truncated,,20260916_102724_qwen38-27b-massdata-25g-4p,False,
10,0.4,0.0,dense 27B (Jethro / Mini),lf52-271a04aa_p1_events.jsonl,lf52,22,1,2,6.5,0.0,0.7,0.7,solved,0,20260916_102724_qwen38-27b-massdata-25g-4p,True,0.5
20,0.4,0.0,dense 27B (Jethro / Mini),lf52-271a04aa_p1_events.jsonl,lf52,22,1,2,11.5,0.0,0.5,0.7,solved,0,20260916_102724_qwen38-27b-massdata-25g-4p,True,0.5
0,,,dense 27B (Jethro / Mini),lf52-271a04aa_p1_events.jsonl,lf52,22,1,,,,,,solved,,20260916_102724_qwen38-27b-massdata-25g-4p,True,
0,,,dense 27B (Jethro / Mini),lp85-305b61c3_p0_events.jsonl,lp85,9,1,,,,,,solved,,20260916_102724_qwen38-27b-massdata-25g-4p,True,
0,,,dense 27B (Jethro / Mini),lp85-305b61c3_p0_events.jsonl,lp85,2,2,,,,,,truncated,,20260916_102724_qwen38-27b-massdata-25g-4p,False,
0,,,dense 27B (Jethro / Mini),lp85-305b61c3_p1_events.jsonl,lp85,7,1,,,,,,solved,,20260916_102724_qwen38-27b-massdata-25g-4p,True,
0,,,dense 27B (Jethro / Mini),lp85-305b61c3_p1_events.jsonl,lp85,4,2,,,,,,truncated,,20260916_102724_qwen38-27b-massdata-25g-4p,False,
10,1.0,0.0,dense 27B (Jethro / Mini),ls20-9607627b_p0_events.jsonl,ls20,58,1,5,4.75,0.0,0.4,0.4,truncated,0,20260916_102724_qwen38-27b-massdata-25g-4p,False,1.0
20,1.0,0.0,dense 27B (Jethro / Mini),ls20-9607627b_p0_events.jsonl,ls20,58,1,5,4.75,0.0,0.35,0.2,truncated,0,20260916_102724_qwen38-27b-massdata-25g-4p,False,1.0
40,1.0,0.0,dense 27B (Jethro / Mini),ls20-9607627b_p0_events.jsonl,ls20,58,1,5,4.75,0.0,0.2,0.1,truncated,0,20260916_102724_qwen38-27b-massdata-25g-4p,False,1.0
0,,,dense 27B (Jethro / Mini),ls20-9607627b_p0_events.jsonl,ls20,58,1,,,,,,truncated,,20260916_102724_qwen38-27b-massdata-25g-4p,False,
10,1.0,0.0,dense 27B (Jethro / Mini),ls20-9607627b_p1_events.jsonl,ls20,34,1,6,4.0,0.1,0.4,0.4,solved,0,20260916_102724_qwen38-27b-massdata-25g-4p,True,1.0
20,1.0,0.1,dense 27B (Jethro / Mini),ls20-9607627b_p1_events.jsonl,ls20,34,1,6,4.0,0.05,0.25,0.2,solved,0,20260916_102724_qwen38-27b-massdata-25g-4p,True,1.0
0,,,dense 27B (Jethro / Mini),ls20-9607627b_p1_events.jsonl,ls20,34,1,,,,,,solved,,20260916_102724_qwen38-27b-massdata-25g-4p,True,
10,0.75,0.0,dense 27B (Jethro / Mini),ls20-9607627b_p1_events.jsonl,ls20,36,2,5,6.0,0.0,0.4,0.3,truncated,0,20260916_102724_qwen38-27b-massdata-25g-4p,False,0.75
20,0.75,0.0,dense 27B (Jethro / Mini),ls20-9607627b_p1_events.jsonl,ls20,36,2,6,8.5,0.0,0.3,0.15,truncated,0,20260916_102724_qwen38-27b-massdata-25g-4p,False,0.75
0,,,dense 27B (Jethro / Mini),ls20-9607627b_p1_events.jsonl,ls20,36,2,,,,,,truncated,,20260916_102724_qwen38-27b-massdata-25g-4p,False,
10,0.8,0.0,dense 27B (Jethro / Mini),m0r0-492f87ba_p0_events.jsonl,m0r0,36,1,2,6.0,0.1,0.4,0.4,truncated,0,20260916_102724_qwen38-27b-massdata-25g-4p,False,0.6666666666666666
20,1.0,0.0,dense 27B (Jethro / Mini),m0r0-492f87ba_p0_events.jsonl,m0r0,36,1,5,9.166666666666666,0.05,0.35,0.25,truncated,0,20260916_102724_qwen38-27b-massdata-25g-4p,False,0.8333333333333334
0,,,dense 27B (Jethro / Mini),m0r0-492f87ba_p0_events.jsonl,m0r0,36,1,,,,,,truncated,,20260916_102724_qwen38-27b-massdata-25g-4p,False,
10,0.8,0.1,dense 27B (Jethro / Mini),m0r0-492f87ba_p1_events.jsonl,m0r0,32,1,3,4.833333333333333,0.4,0.6,0.6,truncated,0,20260916_102724_qwen38-27b-massdata-25g-4p,False,0.8333333333333334
20,1.0,0.1,dense 27B (Jethro / Mini),m0r0-492f87ba_p1_events.jsonl,m0r0,32,1,3,5.333333333333333,0.2,0.5,0.4,truncated,0,20260916_102724_qwen38-27b-massdata-25g-4p,False,1.0
0,,,dense 27B (Jethro / Mini),m0r0-492f87ba_p1_events.jsonl,m0r0,32,1,,,,,,truncated,,20260916_102724_qwen38-27b-massdata-25g-4p,False,
10,,0.0,dense 27B (Jethro / Mini),r11l-495a7899_p0_events.jsonl,r11l,10,1,1,,0.0,0.9,1.0,solved,0,20260916_102724_qwen38-27b-massdata-25g-4p,True,
0,,,dense 27B (Jethro / Mini),r11l-495a7899_p0_events.jsonl,r11l,10,1,,,,,,solved,,20260916_102724_qwen38-27b-massdata-25g-4p,True,
0,,,dense 27B (Jethro / Mini),r11l-495a7899_p0_events.jsonl,r11l,2,2,,,,,,truncated,,20260916_102724_qwen38-27b-massdata-25g-4p,False,
0,,,dense 27B (Jethro / Mini),r11l-495a7899_p1_events.jsonl,r11l,5,1,,,,,,truncated,,20260916_102724_qwen38-27b-massdata-25g-4p,False,
10,0.6,0.0,dense 27B (Jethro / Mini),re86-8af5384d_p0_events.jsonl,re86,21,1,6,5.6,0.0,0.3,0.3,solved,0,20260916_102724_qwen38-27b-massdata-25g-4p,True,0.6
20,0.8,0.0,dense 27B (Jethro / Mini),re86-8af5384d_p0_events.jsonl,re86,21,1,6,9.0,0.0,0.2,0.2,solved,0,20260916_102724_qwen38-27b-massdata-25g-4p,True,0.8
0,,,dense 27B (Jethro / Mini),re86-8af5384d_p0_events.jsonl,re86,21,1,,,,,,solved,,20260916_102724_qwen38-27b-massdata-25g-4p,True,
10,0.6,0.0,dense 27B (Jethro / Mini),re86-8af5384d_p0_events.jsonl,re86,78,2,7,7.2,0.0,0.3,0.3,solved,0,20260916_102724_qwen38-27b-massdata-25g-4p,True,0.6
20,0.8,0.0,dense 27B (Jethro / Mini),re86-8af5384d_p0_events.jsonl,re86,78,2,7,9.6,0.0,0.2,0.2,solved,0,20260916_102724_qwen38-27b-massdata-25g-4p,True,0.8
40,0.8,0.0,dense 27B (Jethro / Mini),re86-8af5384d_p0_events.jsonl,re86,78,2,10,13.6,0.0,0.1,0.1,solved,0,20260916_102724_qwen38-27b-massdata-25g-4p,True,0.8
0,,,dense 27B (Jethro / Mini),re86-8af5384d_p0_events.jsonl,re86,78,2,,,,,,solved,,20260916_102724_qwen38-27b-massdata-25g-4p,True,
10,0.2,0.0,dense 27B (Jethro / Mini),re86-8af5384d_p0_events.jsonl,re86,82,3,10,9.0,0.0,0.1,0.1,truncated,0,20260916_102724_qwen38-27b-massdata-25g-4p,False,0.2
20,0.6,0.0,dense 27B (Jethro / Mini),re86-8af5384d_p0_events.jsonl,re86,82,3,13,14.6,0.0,0.15,0.15,truncated,0,20260916_102724_qwen38-27b-massdata-25g-4p,False,0.6
40,0.6,0.0,dense 27B (Jethro / Mini),re86-8af5384d_p0_events.jsonl,re86,82,3,19,22.6,0.0,0.075,0.075,truncated,0,20260916_102724_qwen38-27b-massdata-25g-4p,False,0.6
0,,,dense 27B (Jethro / Mini),re86-8af5384d_p0_events.jsonl,re86,82,3,,,,,,truncated,,20260916_102724_qwen38-27b-massdata-25g-4p,False,
10,1.0,0.0,dense 27B (Jethro / Mini),re86-8af5384d_p1_events.jsonl,re86,34,1,6,4.0,0.0,0.5,0.5,solved,0,20260916_102724_qwen38-27b-massdata-25g-4p,True,1.0
20,1.0,0.0,dense 27B (Jethro / Mini),re86-8af5384d_p1_events.jsonl,re86,34,1,6,4.0,0.0,0.25,0.25,solved,0,20260916_102724_qwen38-27b-massdata-25g-4p,True,1.0
0,,,dense 27B (Jethro / Mini),re86-8af5384d_p1_events.jsonl,re86,34,1,,,,,,solved,,20260916_102724_qwen38-27b-massdata-25g-4p,True,
0,,,dense 27B (Jethro / Mini),re86-8af5384d_p1_events.jsonl,re86,2,2,,,,,,truncated,,20260916_102724_qwen38-27b-massdata-25g-4p,False,
10,,0.0,dense 27B (Jethro / Mini),s5i5-18d95033_p0_events.jsonl,s5i5,40,1,1,,0.0,0.5,0.8,truncated,0,20260916_102724_qwen38-27b-massdata-25g-4p,False,
20,,0.0,dense 27B (Jethro / Mini),s5i5-18d95033_p0_events.jsonl,s5i5,40,1,2,,0.0,0.3,0.5,truncated,0,20260916_102724_qwen38-27b-massdata-25g-4p,False,
40,,0.0,dense 27B (Jethro / Mini),s5i5-18d95033_p0_events.jsonl,s5i5,40,1,2,,0.0,0.225,0.425,truncated,0,20260916_102724_qwen38-27b-massdata-25g-4p,False,
0,,,dense 27B (Jethro / Mini),s5i5-18d95033_p0_events.jsonl,s5i5,40,1,,,,,,truncated,,20260916_102724_qwen38-27b-massdata-25g-4p,False,
10,,0.0,dense 27B (Jethro / Mini),s5i5-18d95033_p1_events.jsonl,s5i5,21,1,2,,0.0,0.7,0.8,solved,0,20260916_102724_qwen38-27b-massdata-25g-4p,True,
20,,0.0,dense 27B (Jethro / Mini),s5i5-18d95033_p1_events.jsonl,s5i5,21,1,7,,0.0,0.35,0.4,solved,0,20260916_102724_qwen38-27b-massdata-25g-4p,True,
0,,,dense 27B (Jethro / Mini),s5i5-18d95033_p1_events.jsonl,s5i5,21,1,,,,,,solved,,20260916_102724_qwen38-27b-massdata-25g-4p,True,
0,,,dense 27B (Jethro / Mini),s5i5-18d95033_p1_events.jsonl,s5i5,4,2,,,,,,truncated,,20260916_102724_qwen38-27b-massdata-25g-4p,False,
10,0.0,0.1,dense 27B (Jethro / Mini),sb26-7fbdac44_p0_events.jsonl,sb26,11,1,1,7.666666666666667,0.2,0.9,0.9,solved,0,20260916_102724_qwen38-27b-massdata-25g-4p,True,0.3333333333333333
0,,,dense 27B (Jethro / Mini),sb26-7fbdac44_p0_events.jsonl,sb26,11,1,,,,,,solved,,20260916_102724_qwen38-27b-massdata-25g-4p,True,
10,0.5,0.0,dense 27B (Jethro / Mini),sb26-7fbdac44_p0_events.jsonl,sb26,57,2,1,5.0,0.0,0.9,1.0,truncated,0,20260916_102724_qwen38-27b-massdata-25g-4p,False,0.6666666666666666
20,0.5,0.0,dense 27B (Jethro / Mini),sb26-7fbdac44_p0_events.jsonl,sb26,57,2,1,8.333333333333334,0.0,0.7,0.9,truncated,0,20260916_102724_qwen38-27b-massdata-25g-4p,False,0.6666666666666666
40,0.5,0.0,dense 27B (Jethro / Mini),sb26-7fbdac44_p0_events.jsonl,sb26,57,2,1,15.0,0.0,0.35,0.6,truncated,0,20260916_102724_qwen38-27b-massdata-25g-4p,False,0.6666666666666666
0,,,dense 27B (Jethro / Mini),sb26-7fbdac44_p0_events.jsonl,sb26,57,2,,,,,,truncated,,20260916_102724_qwen38-27b-massdata-25g-4p,False,
10,0.5,0.0,dense 27B (Jethro / Mini),sb26-7fbdac44_p1_events.jsonl,sb26,10,1,1,7.333333333333333,0.1,1.0,1.0,solved,0,20260916_102724_qwen38-27b-massdata-25g-4p,True,0.6666666666666666
0,,,dense 27B (Jethro / Mini),sb26-7fbdac44_p1_events.jsonl,sb26,10,1,,,,,,solved,,20260916_102724_qwen38-27b-massdata-25g-4p,True,
10,0.0,0.0,dense 27B (Jethro / Mini),sb26-7fbdac44_p1_events.jsonl,sb26,41,2,1,7.666666666666667,0.0,0.9,1.0,truncated,0,20260916_102724_qwen38-27b-massdata-25g-4p,False,0.3333333333333333
20,0.5,0.0,dense 27B (Jethro / Mini),sb26-7fbdac44_p1_events.jsonl,sb26,41,2,1,12.333333333333334,0.05,0.75,0.9,truncated,0,20260916_102724_qwen38-27b-massdata-25g-4p,False,0.6666666666666666
40,0.5,0.025,dense 27B (Jethro / Mini),sb26-7fbdac44_p1_events.jsonl,sb26,41,2,2,19.0,0.05,0.375,0.575,truncated,0,20260916_102724_qwen38-27b-massdata-25g-4p,False,0.6666666666666666
0,,,dense 27B (Jethro / Mini),sb26-7fbdac44_p1_events.jsonl,sb26,41,2,,,,,,truncated,,20260916_102724_qwen38-27b-massdata-25g-4p,False,
10,1.0,0.1,dense 27B (Jethro / Mini),sc25-635fd71a_p0_events.jsonl,sc25,25,1,4,3.6,0.2,0.5,0.5,truncated,0,20260916_102724_qwen38-27b-massdata-25g-4p,False,1.0
20,1.0,0.05,dense 27B (Jethro / Mini),sc25-635fd71a_p0_events.jsonl,sc25,25,1,5,3.6,0.2,0.35,0.45,truncated,0,20260916_102724_qwen38-27b-massdata-25g-4p,False,1.0
0,,,dense 27B (Jethro / Mini),sc25-635fd71a_p0_events.jsonl,sc25,25,1,,,,,,truncated,,20260916_102724_qwen38-27b-massdata-25g-4p,False,
10,0.25,0.0,dense 27B (Jethro / Mini),sc25-635fd71a_p1_events.jsonl,sc25,47,1,2,7.2,0.4,0.7,0.9,died,0,20260916_102724_qwen38-27b-massdata-25g-4p,False,0.4
20,0.25,0.0,dense 27B (Jethro / Mini),sc25-635fd71a_p1_events.jsonl,sc25,47,1,2,13.2,0.2,0.35,0.6,died,0,20260916_102724_qwen38-27b-massdata-25g-4p,False,0.4
40,0.25,0.0,dense 27B (Jethro / Mini),sc25-635fd71a_p1_events.jsonl,sc25,47,1,2,25.2,0.1,0.175,0.3,died,0,20260916_102724_qwen38-27b-massdata-25g-4p,False,0.4
0,,,dense 27B (Jethro / Mini),sc25-635fd71a_p1_events.jsonl,sc25,47,1,,,,,,died,,20260916_102724_qwen38-27b-massdata-25g-4p,False,
10,0.0,0.2,dense 27B (Jethro / Mini),sc25-635fd71a_p1_events.jsonl,sc25,35,1,1,9.0,0.1,0.3,0.4,truncated,2,20260916_102724_qwen38-27b-massdata-25g-4p,False,0.2
20,0.0,0.2,dense 27B (Jethro / Mini),sc25-635fd71a_p1_events.jsonl,sc25,35,1,1,17.0,0.05,0.15,0.2,truncated,2,20260916_102724_qwen38-27b-massdata-25g-4p,False,0.2
0,,,dense 27B (Jethro / Mini),sc25-635fd71a_p1_events.jsonl,sc25,35,1,,,,,,truncated,,20260916_102724_qwen38-27b-massdata-25g-4p,False,
10,0.8,0.0,dense 27B (Jethro / Mini),sk48-d8078629_p0_events.jsonl,sk48,24,1,3,6.666666666666667,0.2,0.6,0.6,truncated,0,20260916_102724_qwen38-27b-massdata-25g-4p,False,0.8333333333333334
20,0.8,0.05,dense 27B (Jethro / Mini),sk48-d8078629_p0_events.jsonl,sk48,24,1,4,8.333333333333334,0.25,0.35,0.35,truncated,0,20260916_102724_qwen38-27b-massdata-25g-4p,False,0.8333333333333334
0,,,dense 27B (Jethro / Mini),sk48-d8078629_p0_events.jsonl,sk48,24,1,,,,,,truncated,,20260916_102724_qwen38-27b-massdata-25g-4p,False,
0,,,dense 27B (Jethro / Mini),sk48-d8078629_p1_events.jsonl,sk48,9,1,,,,,,truncated,,20260916_102724_qwen38-27b-massdata-25g-4p,False,
10,0.6,0.0,dense 27B (Jethro / Mini),sp80-589a99af_p0_events.jsonl,sp80,30,1,6,7.166666666666667,0.0,0.7,0.3,died,0,20260916_102724_qwen38-27b-massdata-25g-4p,False,0.5
20,1.0,0.0,dense 27B (Jethro / Mini),sp80-589a99af_p0_events.jsonl,sp80,30,1,9,10.0,0.0,0.65,0.25,died,0,20260916_102724_qwen38-27b-massdata-25g-4p,False,0.8333333333333334
0,,,dense 27B (Jethro / Mini),sp80-589a99af_p0_events.jsonl,sp80,30,1,,,,,,died,,20260916_102724_qwen38-27b-massdata-25g-4p,False,
10,0.6,0.0,dense 27B (Jethro / Mini),sp80-589a99af_p0_events.jsonl,sp80,22,1,4,6.5,0.0,0.7,0.4,solved,2,20260916_102724_qwen38-27b-massdata-25g-4p,True,0.6666666666666666
20,0.8,0.0,dense 27B (Jethro / Mini),sp80-589a99af_p0_events.jsonl,sp80,22,1,7,8.833333333333334,0.0,0.6,0.25,solved,2,20260916_102724_qwen38-27b-massdata-25g-4p,True,0.8333333333333334
0,,,dense 27B (Jethro / Mini),sp80-589a99af_p0_events.jsonl,sp80,22,1,,,,,,solved,,20260916_102724_qwen38-27b-massdata-25g-4p,True,
10,0.6,0.0,dense 27B (Jethro / Mini),sp80-589a99af_p0_events.jsonl,sp80,10,2,7,8.666666666666666,0.0,0.7,0.3,truncated,0,20260916_102724_qwen38-27b-massdata-25g-4p,False,0.5
0,,,dense 27B (Jethro / Mini),sp80-589a99af_p0_events.jsonl,sp80,10,2,,,,,,truncated,,20260916_102724_qwen38-27b-massdata-25g-4p,False,
10,1.0,0.0,dense 27B (Jethro / Mini),sp80-589a99af_p1_events.jsonl,sp80,30,1,3,5.333333333333333,0.0,0.6,0.5,died,0,20260916_102724_qwen38-27b-massdata-25g-4p,False,0.8333333333333334
20,1.0,0.0,dense 27B (Jethro / Mini),sp80-589a99af_p1_events.jsonl,sp80,30,1,3,5.5,0.0,0.5,0.4,died,0,20260916_102724_qwen38-27b-massdata-25g-4p,False,1.0
0,,,dense 27B (Jethro / Mini),sp80-589a99af_p1_events.jsonl,sp80,30,1,,,,,,died,,20260916_102724_qwen38-27b-massdata-25g-4p,False,
10,0.6,0.0,dense 27B (Jethro / Mini),sp80-589a99af_p1_events.jsonl,sp80,30,1,4,6.333333333333333,0.0,0.6,0.5,died,2,20260916_102724_qwen38-27b-massdata-25g-4p,False,0.6666666666666666
20,0.8,0.0,dense 27B (Jethro / Mini),sp80-589a99af_p1_events.jsonl,sp80,30,1,8,8.0,0.0,0.55,0.3,died,2,20260916_102724_qwen38-27b-massdata-25g-4p,False,0.8333333333333334
0,,,dense 27B (Jethro / Mini),sp80-589a99af_p1_events.jsonl,sp80,30,1,,,,,,died,,20260916_102724_qwen38-27b-massdata-25g-4p,False,
10,0.4,0.0,dense 27B (Jethro / Mini),sp80-589a99af_p1_events.jsonl,sp80,30,1,7,8.166666666666666,0.0,0.7,0.2,died,4,20260916_102724_qwen38-27b-massdata-25g-4p,False,0.3333333333333333
20,0.6,0.0,dense 27B (Jethro / Mini),sp80-589a99af_p1_events.jsonl,sp80,30,1,12,14.0,0.0,0.4,0.15,died,4,20260916_102724_qwen38-27b-massdata-25g-4p,False,0.5
0,,,dense 27B (Jethro / Mini),sp80-589a99af_p1_events.jsonl,sp80,30,1,,,,,,died,,20260916_102724_qwen38-27b-massdata-25g-4p,False,
10,0.6,0.0,dense 27B (Jethro / Mini),sp80-589a99af_p1_events.jsonl,sp80,30,1,6,8.5,0.0,0.6,0.3,died,6,20260916_102724_qwen38-27b-massdata-25g-4p,False,0.5
20,0.6,0.0,dense 27B (Jethro / Mini),sp80-589a99af_p1_events.jsonl,sp80,30,1,8,13.5,0.0,0.55,0.15,died,6,20260916_102724_qwen38-27b-massdata-25g-4p,False,0.5
0,,,dense 27B (Jethro / Mini),sp80-589a99af_p1_events.jsonl,sp80,30,1,,,,,,died,,20260916_102724_qwen38-27b-massdata-25g-4p,False,
0,,,dense 27B (Jethro / Mini),su15-1944f8ab_p0_events.jsonl,su15,9,1,,,,,,solved,,20260916_102724_qwen38-27b-massdata-25g-4p,True,
10,0.0,0.0,dense 27B (Jethro / Mini),su15-1944f8ab_p0_events.jsonl,su15,17,2,1,6.0,0.0,0.8,0.9,truncated,0,20260916_102724_qwen38-27b-massdata-25g-4p,False,0.5
0,,,dense 27B (Jethro / Mini),su15-1944f8ab_p0_events.jsonl,su15,17,2,,,,,,truncated,,20260916_102724_qwen38-27b-massdata-25g-4p,False,
0,,,dense 27B (Jethro / Mini),su15-1944f8ab_p1_events.jsonl,su15,9,1,,,,,,solved,,20260916_102724_qwen38-27b-massdata-25g-4p,True,
10,0.0,0.0,dense 27B (Jethro / Mini),su15-1944f8ab_p1_events.jsonl,su15,12,2,1,6.0,0.1,1.0,1.0,truncated,0,20260916_102724_qwen38-27b-massdata-25g-4p,False,0.5
0,,,dense 27B (Jethro / Mini),su15-1944f8ab_p1_events.jsonl,su15,12,2,,,,,,truncated,,20260916_102724_qwen38-27b-massdata-25g-4p,False,
10,,0.0,dense 27B (Jethro / Mini),tn36-ef4dde99_p0_events.jsonl,tn36,61,1,2,,0.0,0.8,0.8,died,0,20260916_102724_qwen38-27b-massdata-25g-4p,False,
20,,0.0,dense 27B (Jethro / Mini),tn36-ef4dde99_p0_events.jsonl,tn36,61,1,2,,0.0,0.5,0.7,died,0,20260916_102724_qwen38-27b-massdata-25g-4p,False,
40,,0.0,dense 27B (Jethro / Mini),tn36-ef4dde99_p0_events.jsonl,tn36,61,1,2,,0.0,0.25,0.375,died,0,20260916_102724_qwen38-27b-massdata-25g-4p,False,
0,,,dense 27B (Jethro / Mini),tn36-ef4dde99_p0_events.jsonl,tn36,61,1,,,,,,died,,20260916_102724_qwen38-27b-massdata-25g-4p,False,
10,,0.0,dense 27B (Jethro / Mini),tn36-ef4dde99_p0_events.jsonl,tn36,61,1,1,,0.0,0.5,0.8,died,2,20260916_102724_qwen38-27b-massdata-25g-4p,False,
20,,0.0,dense 27B (Jethro / Mini),tn36-ef4dde99_p0_events.jsonl,tn36,61,1,1,,0.0,0.3,0.55,died,2,20260916_102724_qwen38-27b-massdata-25g-4p,False,
40,,0.0,dense 27B (Jethro / Mini),tn36-ef4dde99_p0_events.jsonl,tn36,61,1,1,,0.0,0.15,0.3,died,2,20260916_102724_qwen38-27b-massdata-25g-4p,False,
0,,,dense 27B (Jethro / Mini),tn36-ef4dde99_p0_events.jsonl,tn36,61,1,,,,,,died,,20260916_102724_qwen38-27b-massdata-25g-4p,False,
0,,,dense 27B (Jethro / Mini),tn36-ef4dde99_p0_events.jsonl,tn36,7,1,,,,,,truncated,,20260916_102724_qwen38-27b-massdata-25g-4p,False,
10,,0.0,dense 27B (Jethro / Mini),tn36-ef4dde99_p1_events.jsonl,tn36,58,1,1,,0.0,0.8,1.0,truncated,0,20260916_102724_qwen38-27b-massdata-25g-4p,False,
20,,0.0,dense 27B (Jethro / Mini),tn36-ef4dde99_p1_events.jsonl,tn36,58,1,2,,0.0,0.55,0.5,truncated,0,20260916_102724_qwen38-27b-massdata-25g-4p,False,
40,,0.0,dense 27B (Jethro / Mini),tn36-ef4dde99_p1_events.jsonl,tn36,58,1,2,,0.0,0.3,0.3,truncated,0,20260916_102724_qwen38-27b-massdata-25g-4p,False,
0,,,dense 27B (Jethro / Mini),tn36-ef4dde99_p1_events.jsonl,tn36,58,1,,,,,,truncated,,20260916_102724_qwen38-27b-massdata-25g-4p,False,
10,0.75,0.0,dense 27B (Jethro / Mini),tr87-cd924810_p0_events.jsonl,tr87,28,1,6,4.5,0.0,0.3,0.3,truncated,0,20260916_102724_qwen38-27b-massdata-25g-4p,False,0.75
20,0.75,0.0,dense 27B (Jethro / Mini),tr87-cd924810_p0_events.jsonl,tr87,28,1,14,7.0,0.0,0.25,0.15,truncated,0,20260916_102724_qwen38-27b-massdata-25g-4p,False,0.75
0,,,dense 27B (Jethro / Mini),tr87-cd924810_p0_events.jsonl,tr87,28,1,,,,,,truncated,,20260916_102724_qwen38-27b-massdata-25g-4p,False,
10,1.0,0.0,dense 27B (Jethro / Mini),tr87-cd924810_p1_events.jsonl,tr87,55,1,3,2.5,0.0,0.8,0.4,truncated,0,20260916_102724_qwen38-27b-massdata-25g-4p,False,1.0
20,1.0,0.0,dense 27B (Jethro / Mini),tr87-cd924810_p1_events.jsonl,tr87,55,1,5,2.5,0.0,0.55,0.2,truncated,0,20260916_102724_qwen38-27b-massdata-25g-4p,False,1.0
40,1.0,0.0,dense 27B (Jethro / Mini),tr87-cd924810_p1_events.jsonl,tr87,55,1,12,2.5,0.0,0.4,0.1,truncated,0,20260916_102724_qwen38-27b-massdata-25g-4p,False,1.0
0,,,dense 27B (Jethro / Mini),tr87-cd924810_p1_events.jsonl,tr87,55,1,,,,,,truncated,,20260916_102724_qwen38-27b-massdata-25g-4p,False,
10,0.5,0.0,dense 27B (Jethro / Mini),tu93-0768757b_p0_events.jsonl,tu93,50,1,8,6.5,0.0,0.2,0.2,died,0,20260916_102724_qwen38-27b-massdata-25g-4p,False,0.5
20,0.5,0.0,dense 27B (Jethro / Mini),tu93-0768757b_p0_events.jsonl,tu93,50,1,18,11.5,0.0,0.1,0.1,died,0,20260916_102724_qwen38-27b-massdata-25g-4p,False,0.5
40,0.75,0.0,dense 27B (Jethro / Mini),tu93-0768757b_p0_events.jsonl,tu93,50,1,26,18.5,0.0,0.075,0.075,died,0,20260916_102724_qwen38-27b-massdata-25g-4p,False,0.75
0,,,dense 27B (Jethro / Mini),tu93-0768757b_p0_events.jsonl,tu93,50,1,,,,,,died,,20260916_102724_qwen38-27b-massdata-25g-4p,False,
10,1.0,0.0,dense 27B (Jethro / Mini),tu93-0768757b_p0_events.jsonl,tu93,20,1,2,4.0,0.0,0.4,0.4,solved,2,20260916_102724_qwen38-27b-massdata-25g-4p,True,1.0
20,1.0,0.0,dense 27B (Jethro / Mini),tu93-0768757b_p0_events.jsonl,tu93,20,1,2,4.0,0.0,0.25,0.2,solved,2,20260916_102724_qwen38-27b-massdata-25g-4p,True,1.0
0,,,dense 27B (Jethro / Mini),tu93-0768757b_p0_events.jsonl,tu93,20,1,,,,,,solved,,20260916_102724_qwen38-27b-massdata-25g-4p,True,
10,0.75,0.0,dense 27B (Jethro / Mini),tu93-0768757b_p1_events.jsonl,tu93,35,1,5,6.75,0.0,0.3,0.3,solved,0,20260916_102724_qwen38-27b-massdata-25g-4p,True,0.75
20,1.0,0.0,dense 27B (Jethro / Mini),tu93-0768757b_p1_events.jsonl,tu93,35,1,5,7.0,0.0,0.2,0.2,solved,0,20260916_102724_qwen38-27b-massdata-25g-4p,True,1.0
0,,,dense 27B (Jethro / Mini),tu93-0768757b_p1_events.jsonl,tu93,35,1,,,,,,solved,,20260916_102724_qwen38-27b-massdata-25g-4p,True,
10,,0.0,dense 27B (Jethro / Mini),vc33-5430563c_p0_events.jsonl,vc33,18,1,3,,0.0,0.4,0.4,solved,0,20260916_102724_qwen38-27b-massdata-25g-4p,True,
0,,,dense 27B (Jethro / Mini),vc33-5430563c_p0_events.jsonl,vc33,18,1,,,,,,solved,,20260916_102724_qwen38-27b-massdata-25g-4p,True,
10,,0.0,dense 27B (Jethro / Mini),vc33-5430563c_p0_events.jsonl,vc33,14,2,5,,0.0,0.4,0.4,solved,0,20260916_102724_qwen38-27b-massdata-25g-4p,True,
0,,,dense 27B (Jethro / Mini),vc33-5430563c_p0_events.jsonl,vc33,14,2,,,,,,solved,,20260916_102724_qwen38-27b-massdata-25g-4p,True,
10,,0.0,dense 27B (Jethro / Mini),vc33-5430563c_p1_events.jsonl,vc33,16,1,3,,0.0,0.6,0.6,solved,0,20260916_102724_qwen38-27b-massdata-25g-4p,True,
0,,,dense 27B (Jethro / Mini),vc33-5430563c_p1_events.jsonl,vc33,16,1,,,,,,solved,,20260916_102724_qwen38-27b-massdata-25g-4p,True,
0,,,dense 27B (Jethro / Mini),vc33-5430563c_p1_events.jsonl,vc33,6,2,,,,,,truncated,,20260916_102724_qwen38-27b-massdata-25g-4p,False,
10,0.6,0.0,dense 27B (Jethro / Mini),wa30-ee6fef47_p0_events.jsonl,wa30,21,1,3,5.6,0.0,0.3,0.3,truncated,0,20260916_102724_qwen38-27b-massdata-25g-4p,False,0.6
20,1.0,0.0,dense 27B (Jethro / Mini),wa30-ee6fef47_p0_events.jsonl,wa30,21,1,3,6.6,0.0,0.25,0.25,truncated,0,20260916_102724_qwen38-27b-massdata-25g-4p,False,1.0
0,,,dense 27B (Jethro / Mini),wa30-ee6fef47_p0_events.jsonl,wa30,21,1,,,,,,truncated,,20260916_102724_qwen38-27b-massdata-25g-4p,False,
10,0.6,0.1,dense 27B (Jethro / Mini),wa30-ee6fef47_p1_events.jsonl,wa30,20,1,4,6.4,0.1,0.3,0.3,truncated,0,20260916_102724_qwen38-27b-massdata-25g-4p,False,0.6
20,0.8,0.2,dense 27B (Jethro / Mini),wa30-ee6fef47_p1_events.jsonl,wa30,20,1,4,8.4,0.15,0.2,0.2,truncated,0,20260916_102724_qwen38-27b-massdata-25g-4p,False,0.8
0,,,dense 27B (Jethro / Mini),wa30-ee6fef47_p1_events.jsonl,wa30,20,1,,,,,,truncated,,20260916_102724_qwen38-27b-massdata-25g-4p,False,
0,,,dense 27B (Jethro / Mini),bp35-0a0ad940_p0_events.jsonl,bp35,2,1,,,,,,truncated,,20260921_191942_20260921_boss-prompt-two-games-mini-IMAGE-r2,False,
0,,,dense 27B (Jethro / Mini),sk48-d8078629_p0_events.jsonl,sk48,1,1,,,,,,truncated,,20260921_191942_20260921_boss-prompt-two-games-mini-IMAGE-r2,False,
0,,,dense 27B (Jethro / Mini),sk48-d8078629_p0_events.jsonl,sk48,1,1,,,,,,truncated,,20260921_193609_20260921_boss-prompt-two-games-mini-STREAMER,False,
0,,,dense 27B (Jethro / Mini),sk48-d8078629_p0_events.jsonl,sk48,1,1,,,,,,truncated,,20260921_194335_20260921_boss-prompt-two-games-mini-STREAMER-v2,False,
10,0.6666666666666666,0.0,dense 27B (Jethro / Mini),bp35-0a0ad940_p0_events.jsonl,bp35,15,1,2,4.75,0.0,0.8,0.9,reset,0,20260921_195421_20260921_boss-prompt-two-games-mini-CONTROL-s0,False,0.75
0,,,dense 27B (Jethro / Mini),bp35-0a0ad940_p0_events.jsonl,bp35,15,1,,,,,,reset,,20260921_195421_20260921_boss-prompt-two-games-mini-CONTROL-s0,False,
10,0.3333333333333333,0.0,dense 27B (Jethro / Mini),bp35-0a0ad940_p0_events.jsonl,bp35,21,1,9,6.25,0.0,0.3,0.2,truncated,1,20260921_195421_20260921_boss-prompt-two-games-mini-CONTROL-s0,False,0.5
20,0.3333333333333333,0.0,dense 27B (Jethro / Mini),bp35-0a0ad940_p0_events.jsonl,bp35,21,1,19,11.25,0.0,0.3,0.1,truncated,1,20260921_195421_20260921_boss-prompt-two-games-mini-CONTROL-s0,False,0.5
0,,,dense 27B (Jethro / Mini),bp35-0a0ad940_p0_events.jsonl,bp35,21,1,,,,,,truncated,,20260921_195421_20260921_boss-prompt-two-games-mini-CONTROL-s0,False,
10,1.0,0.1,dense 27B (Jethro / Mini),sk48-d8078629_p0_events.jsonl,sk48,13,1,1,4.5,0.4,0.8,0.8,reset,0,20260921_195421_20260921_boss-prompt-two-games-mini-CONTROL-s0,False,1.0
0,,,dense 27B (Jethro / Mini),sk48-d8078629_p0_events.jsonl,sk48,13,1,,,,,,reset,,20260921_195421_20260921_boss-prompt-two-games-mini-CONTROL-s0,False,
10,0.8,0.0,dense 27B (Jethro / Mini),sk48-d8078629_p0_events.jsonl,sk48,68,1,2,5.166666666666667,0.4,0.8,0.8,reset,1,20260921_195421_20260921_boss-prompt-two-games-mini-CONTROL-s0,False,0.8333333333333334
20,0.8,0.15,dense 27B (Jethro / Mini),sk48-d8078629_p0_events.jsonl,sk48,68,1,8,6.833333333333333,0.35,0.4,0.4,reset,1,20260921_195421_20260921_boss-prompt-two-games-mini-CONTROL-s0,False,0.8333333333333334
40,0.8,0.55,dense 27B (Jethro / Mini),sk48-d8078629_p0_events.jsonl,sk48,68,1,22,10.166666666666666,0.525,0.2,0.2,reset,1,20260921_195421_20260921_boss-prompt-two-games-mini-CONTROL-s0,False,0.8333333333333334
0,,,dense 27B (Jethro / Mini),sk48-d8078629_p0_events.jsonl,sk48,68,1,,,,,,reset,,20260921_195421_20260921_boss-prompt-two-games-mini-CONTROL-s0,False,
10,0.6666666666666666,0.0,dense 27B (Jethro / Mini),bp35-0a0ad940_p0_events.jsonl,bp35,10,1,5,5.75,0.0,0.3,0.3,reset,0,20260921_195426_20260921_boss-prompt-two-games-mini-STREAMER-s0,False,0.75
0,,,dense 27B (Jethro / Mini),bp35-0a0ad940_p0_events.jsonl,bp35,10,1,,,,,,reset,,20260921_195426_20260921_boss-prompt-two-games-mini-STREAMER-s0,False,
10,0.3333333333333333,0.0,dense 27B (Jethro / Mini),bp35-0a0ad940_p0_events.jsonl,bp35,19,1,6,7.0,0.0,0.3,0.3,reset,1,20260921_195426_20260921_boss-prompt-two-games-mini-STREAMER-s0,False,0.5
0,,,dense 27B (Jethro / Mini),bp35-0a0ad940_p0_events.jsonl,bp35,19,1,,,,,,reset,,20260921_195426_20260921_boss-prompt-two-games-mini-STREAMER-s0,False,
10,0.4,0.0,dense 27B (Jethro / Mini),sk48-d8078629_p0_events.jsonl,sk48,80,1,4,8.0,0.4,0.6,0.6,truncated,0,20260921_195426_20260921_boss-prompt-two-games-mini-STREAMER-s0,False,0.5
20,0.6,0.2,dense 27B (Jethro / Mini),sk48-d8078629_p0_events.jsonl,sk48,80,1,9,12.5,0.45,0.35,0.35,truncated,0,20260921_195426_20260921_boss-prompt-two-games-mini-STREAMER-s0,False,0.6666666666666666
40,0.6,0.5,dense 27B (Jethro / Mini),sk48-d8078629_p0_events.jsonl,sk48,80,1,22,19.166666666666668,0.525,0.175,0.175,truncated,0,20260921_195426_20260921_boss-prompt-two-games-mini-STREAMER-s0,False,0.6666666666666666
0,,,dense 27B (Jethro / Mini),sk48-d8078629_p0_events.jsonl,sk48,80,1,,,,,,truncated,,20260921_195426_20260921_boss-prompt-two-games-mini-STREAMER-s0,False,
10,0.4,0.4,dense 27B (Jethro / Mini),sk48-d8078629_p0_events.jsonl,sk48,12,1,8,7.833333333333333,0.3,0.2,0.2,reset,0,20260922_083342_20260922_sk48-streamer-solo-depth,False,0.3333333333333333
0,,,dense 27B (Jethro / Mini),sk48-d8078629_p0_events.jsonl,sk48,12,1,,,,,,reset,,20260922_083342_20260922_sk48-streamer-solo-depth,False,
10,0.4,0.0,dense 27B (Jethro / Mini),sk48-d8078629_p0_events.jsonl,sk48,78,1,4,8.166666666666666,0.0,0.2,0.2,reset,1,20260922_083342_20260922_sk48-streamer-solo-depth,False,0.3333333333333333
20,0.4,0.4,dense 27B (Jethro / Mini),sk48-d8078629_p0_events.jsonl,sk48,78,1,13,14.833333333333334,0.3,0.1,0.1,reset,1,20260922_083342_20260922_sk48-streamer-solo-depth,False,0.3333333333333333
40,0.6,0.475,dense 27B (Jethro / Mini),sk48-d8078629_p0_events.jsonl,sk48,78,1,16,25.5,0.375,0.075,0.075,reset,1,20260922_083342_20260922_sk48-streamer-solo-depth,False,0.5
0,,,dense 27B (Jethro / Mini),sk48-d8078629_p0_events.jsonl,sk48,78,1,,,,,,reset,,20260922_083342_20260922_sk48-streamer-solo-depth,False,
10,0.4,0.4,dense 27B (Jethro / Mini),sk48-d8078629_p0_events.jsonl,sk48,27,1,6,8.333333333333334,0.3,0.2,0.2,reset,2,20260922_083342_20260922_sk48-streamer-solo-depth,False,0.3333333333333333
20,0.6,0.45,dense 27B (Jethro / Mini),sk48-d8078629_p0_events.jsonl,sk48,27,1,11,13.666666666666666,0.4,0.2,0.2,reset,2,20260922_083342_20260922_sk48-streamer-solo-depth,False,0.6666666666666666
0,,,dense 27B (Jethro / Mini),sk48-d8078629_p0_events.jsonl,sk48,27,1,,,,,,reset,,20260922_083342_20260922_sk48-streamer-solo-depth,False,
10,0.4,0.2,dense 27B (Jethro / Mini),sk48-d8078629_p0_events.jsonl,sk48,27,1,5,8.5,0.3,0.2,0.2,reset,3,20260922_083342_20260922_sk48-streamer-solo-depth,False,0.3333333333333333
20,0.4,0.6,dense 27B (Jethro / Mini),sk48-d8078629_p0_events.jsonl,sk48,27,1,13,15.166666666666666,0.5,0.1,0.1,reset,3,20260922_083342_20260922_sk48-streamer-solo-depth,False,0.3333333333333333
0,,,dense 27B (Jethro / Mini),sk48-d8078629_p0_events.jsonl,sk48,27,1,,,,,,reset,,20260922_083342_20260922_sk48-streamer-solo-depth,False,
10,0.6,0.1,dense 27B (Jethro / Mini),sk48-d8078629_p0_events.jsonl,sk48,49,1,4,7.666666666666667,0.1,0.3,0.3,reset,4,20260922_083342_20260922_sk48-streamer-solo-depth,False,0.5
20,0.6,0.55,dense 27B (Jethro / Mini),sk48-d8078629_p0_events.jsonl,sk48,49,1,13,12.666666666666666,0.4,0.15,0.15,reset,4,20260922_083342_20260922_sk48-streamer-solo-depth,False,0.5
40,0.8,0.6,dense 27B (Jethro / Mini),sk48-d8078629_p0_events.jsonl,sk48,49,1,24,21.166666666666668,0.4,0.1,0.1,reset,4,20260922_083342_20260922_sk48-streamer-solo-depth,False,0.6666666666666666
0,,,dense 27B (Jethro / Mini),sk48-d8078629_p0_events.jsonl,sk48,49,1,,,,,,reset,,20260922_083342_20260922_sk48-streamer-solo-depth,False,
10,0.6,0.2,dense 27B (Jethro / Mini),sk48-d8078629_p0_events.jsonl,sk48,21,1,7,6.833333333333333,0.3,0.3,0.3,reset,5,20260922_083342_20260922_sk48-streamer-solo-depth,False,0.5
20,0.6,0.6,dense 27B (Jethro / Mini),sk48-d8078629_p0_events.jsonl,sk48,21,1,15,11.833333333333334,0.45,0.15,0.15,reset,5,20260922_083342_20260922_sk48-streamer-solo-depth,False,0.5
0,,,dense 27B (Jethro / Mini),sk48-d8078629_p0_events.jsonl,sk48,21,1,,,,,,reset,,20260922_083342_20260922_sk48-streamer-solo-depth,False,
10,0.2,0.5,dense 27B (Jethro / Mini),sk48-d8078629_p0_events.jsonl,sk48,28,1,10,9.333333333333334,0.4,0.1,0.1,reset,6,20260922_083342_20260922_sk48-streamer-solo-depth,False,0.16666666666666666
20,0.6,0.55,dense 27B (Jethro / Mini),sk48-d8078629_p0_events.jsonl,sk48,28,1,13,16.166666666666668,0.3,0.15,0.15,reset,6,20260922_083342_20260922_sk48-streamer-solo-depth,False,0.5
0,,,dense 27B (Jethro / Mini),sk48-d8078629_p0_events.jsonl,sk48,28,1,,,,,,reset,,20260922_083342_20260922_sk48-streamer-solo-depth,False,
10,0.4,0.1,dense 27B (Jethro / Mini),sk48-d8078629_p0_events.jsonl,sk48,24,1,6,8.666666666666666,0.2,0.2,0.2,reset,7,20260922_083342_20260922_sk48-streamer-solo-depth,False,0.3333333333333333
20,0.8,0.1,dense 27B (Jethro / Mini),sk48-d8078629_p0_events.jsonl,sk48,24,1,6,13.0,0.3,0.2,0.2,reset,7,20260922_083342_20260922_sk48-streamer-solo-depth,False,0.6666666666666666
0,,,dense 27B (Jethro / Mini),sk48-d8078629_p0_events.jsonl,sk48,24,1,,,,,,reset,,20260922_083342_20260922_sk48-streamer-solo-depth,False,
10,0.4,0.1,dense 27B (Jethro / Mini),sk48-d8078629_p0_events.jsonl,sk48,20,1,6,8.666666666666666,0.2,0.2,0.2,reset,8,20260922_083342_20260922_sk48-streamer-solo-depth,False,0.3333333333333333
20,0.6,0.3,dense 27B (Jethro / Mini),sk48-d8078629_p0_events.jsonl,sk48,20,1,8,14.166666666666666,0.35,0.2,0.2,reset,8,20260922_083342_20260922_sk48-streamer-solo-depth,False,0.6666666666666666
0,,,dense 27B (Jethro / Mini),sk48-d8078629_p0_events.jsonl,sk48,20,1,,,,,,reset,,20260922_083342_20260922_sk48-streamer-solo-depth,False,
10,0.6,0.1,dense 27B (Jethro / Mini),sk48-d8078629_p0_events.jsonl,sk48,29,1,6,8.0,0.2,0.3,0.3,truncated,9,20260922_083342_20260922_sk48-streamer-solo-depth,False,0.5
20,0.6,0.4,dense 27B (Jethro / Mini),sk48-d8078629_p0_events.jsonl,sk48,29,1,6,13.0,0.3,0.15,0.15,truncated,9,20260922_083342_20260922_sk48-streamer-solo-depth,False,0.5
0,,,dense 27B (Jethro / Mini),sk48-d8078629_p0_events.jsonl,sk48,29,1,,,,,,truncated,,20260922_083342_20260922_sk48-streamer-solo-depth,False,
0,,,dense 27B (Jethro / Mini),sk48-d8078629_p0_events.jsonl,sk48,2,1,,,,,,truncated,,20260922_184350_20260922_sk48-watch-mini,False,
0,,,dense 27B (Jethro / Mini),sk48-d8078629_p0_events.jsonl,sk48,9,1,,,,,,reset,,20260922_190618_20260922_sk48-watch-mini-kagglesampling,False,
10,0.6,0.2,dense 27B (Jethro / Mini),sk48-d8078629_p0_events.jsonl,sk48,37,1,7,6.833333333333333,0.2,0.3,0.3,reset,1,20260922_190618_20260922_sk48-watch-mini-kagglesampling,False,0.5
20,0.8,0.25,dense 27B (Jethro / Mini),sk48-d8078629_p0_events.jsonl,sk48,37,1,7,10.166666666666666,0.2,0.2,0.2,reset,1,20260922_190618_20260922_sk48-watch-mini-kagglesampling,False,0.6666666666666666
0,,,dense 27B (Jethro / Mini),sk48-d8078629_p0_events.jsonl,sk48,37,1,,,,,,reset,,20260922_190618_20260922_sk48-watch-mini-kagglesampling,False,
10,0.8,0.0,dense 27B (Jethro / Mini),sk48-d8078629_p0_events.jsonl,sk48,15,1,5,7.0,0.1,0.4,0.4,truncated,2,20260922_190618_20260922_sk48-watch-mini-kagglesampling,False,0.6666666666666666
0,,,dense 27B (Jethro / Mini),sk48-d8078629_p0_events.jsonl,sk48,15,1,,,,,,truncated,,20260922_190618_20260922_sk48-watch-mini-kagglesampling,False,
0,,,dense 27B (Jethro / Mini),bp35-0a0ad940_p0_events.jsonl,bp35,9,1,,,,,,reset,,20260922_225028_20260922_overnight-harvest-mini-bossfull,False,
0,,,dense 27B (Jethro / Mini),bp35-0a0ad940_p0_events.jsonl,bp35,7,1,,,,,,truncated,,20260922_225028_20260922_overnight-harvest-mini-bossfull,False,
0,,,dense 27B (Jethro / Mini),ft09-0d8bbf25_p0_events.jsonl,ft09,6,1,,,,,,solved,,20260922_225028_20260922_overnight-harvest-mini-bossfull,True,
0,,,dense 27B (Jethro / Mini),ft09-0d8bbf25_p0_events.jsonl,ft09,7,2,,,,,,solved,,20260922_225028_20260922_overnight-harvest-mini-bossfull,True,
10,,0.0,dense 27B (Jethro / Mini),ft09-0d8bbf25_p0_events.jsonl,ft09,13,3,1,,0.1,1.0,1.0,truncated,0,20260922_225028_20260922_overnight-harvest-mini-bossfull,False,
0,,,dense 27B (Jethro / Mini),ft09-0d8bbf25_p0_events.jsonl,ft09,13,3,,,,,,truncated,,20260922_225028_20260922_overnight-harvest-mini-bossfull,False,
10,0.5,0.0,dense 27B (Jethro / Mini),ka59-38d34dbb_p0_events.jsonl,ka59,13,1,7,8.4,0.1,0.2,0.2,truncated,0,20260922_225028_20260922_overnight-harvest-mini-bossfull,False,0.4
0,,,dense 27B (Jethro / Mini),ka59-38d34dbb_p0_events.jsonl,ka59,13,1,,,,,,truncated,,20260922_225028_20260922_overnight-harvest-mini-bossfull,False,
0,,,dense 27B (Jethro / Mini),lp85-305b61c3_p0_events.jsonl,lp85,6,1,,,,,,truncated,,20260922_225028_20260922_overnight-harvest-mini-bossfull,False,
10,1.0,0.0,dense 27B (Jethro / Mini),ls20-9607627b_p0_events.jsonl,ls20,17,1,3,2.75,0.0,0.4,0.4,truncated,0,20260922_225028_20260922_overnight-harvest-mini-bossfull,False,1.0
0,,,dense 27B (Jethro / Mini),ls20-9607627b_p0_events.jsonl,ls20,17,1,,,,,,truncated,,20260922_225028_20260922_overnight-harvest-mini-bossfull,False,
10,,0.0,dense 27B (Jethro / Mini),s5i5-18d95033_p0_events.jsonl,s5i5,24,1,3,,0.0,0.7,0.7,truncated,0,20260922_225028_20260922_overnight-harvest-mini-bossfull,False,
20,,0.0,dense 27B (Jethro / Mini),s5i5-18d95033_p0_events.jsonl,s5i5,24,1,6,,0.0,0.4,0.45,truncated,0,20260922_225028_20260922_overnight-harvest-mini-bossfull,False,
0,,,dense 27B (Jethro / Mini),s5i5-18d95033_p0_events.jsonl,s5i5,24,1,,,,,,truncated,,20260922_225028_20260922_overnight-harvest-mini-bossfull,False,
