rank	flashpoint_id	title	developer	year	source_domain	source	content_tier	crossmedia_signals	copyright_tags	tags	review_bucket	core_mechanic_tags	mechanic_tags	mechanic_families	mechanic_phrases	retrieval_score	nearest_existing_id	nearest_existing_title	nearest_existing_similarity	description
1	05693c47-8aa6-43b0-846a-6904b8004e64	Single Dimensional Cellular Automaton	bartamues	2009	newgrounds.com	https://www.newgrounds.com/portal/view/501716	gameplay			Toy; Cellular Automata; Fractal	Fractal	Fractal; Cellular Automata	Fractal; Cellular Automata	system-dynamics	cellular automata	19.7959	f015	Factory Balls	0.0623	Via cellular automata, you can create your own unique fractal! Author Comments: Use single dimensional cellular automata to produce your own unique fractal. Supports easy input of your own fractal 'seed', or freestyle it. Notice that every so often an iteration will produce 'clones' of even highly complex input seeds. Experiment with it, and some truly beautiful and amazing results can be produced.
2	97c8b808-0e7d-4f5a-87b9-3d0c4c084cb4	Mothership Warfare	Anton Fedoruk	2009	flonga.com	http://www.flonga.com/play/mothership-warfare.htm	gameplay			Strategy; Space; Science Fiction; Lane-Based Strategy	Lane-Based Strategy	Lane-Based Strategy	Lane-Based Strategy	goal-revision; indirect-physics	must not; balance	15.0628	q089	Persistent Passenger	0.0787	The goal of the game is to destroy the enemy mothership by changing the force balance. You must not let the enemy units to get to your ship, instead you have to get your units to the enemy ship. You win when the balance bar becomes filled. Change the current hatch/road by pressing UP/DOWN on the keyboard. Select current unit by pressing LEFT/RIGHT. Press SPACE in order to send the unit. Alternatively, you may use and click on the unit buttons directly. Every minute the Storm Attack is prepared and 5 units of a selected type go from all the hatches. If neither side wins during 3 minutes the Final Attack starts and units of all available types go from all the hatches. The party which is ahead 
3	e1543763-dba5-4abf-aa74-736b96ff59f4	Gravity Water	If Else Factory	2015	at7games.com	https://at7games.com/index.php/game/Gravity_Water/113	gameplay			Arcade; Puzzle; Score-Attack; Physics; Sliding; Klotski	Klotski	Klotski	Klotski; Sliding; Physics	indirect-physics	flow; gravity	14.8893	f031	Wake Up the Box	0.0919	Slide iron plates to release water. This puzzle game is designed to train your brain. Slide iron plates to create a path for water to flow out of the box. Unique situations. Unlimited arrangements, physical and gravity forces are brought together in this game. Fewer slides you make to release the water, the more points you earn.
4	b410e9d0-3fa4-4b9d-a127-7830ebc4f3fa	The Computer Puzzle: Interactive Knowledge Board	Game Morph		planeta42.com	http://planeta42.com/it/computerpuzzle/game.html	gameplay			Educational; Puzzle; Computer Science; Mouse-only; Assemblage	Assemblage	Assemblage	Assemblage	construction	circuit	14.6256	f031	Wake Up the Box	0.0528	Simple computer anatomy. Computer structure in a fun online IT learning game. The Computer Parts Puzzle is a free online knowledge level game, about the computer structure. Drag and drop the computer parts in their correct places in the computer box. Minute to win it game. A small Computer Science Class puzzle for desktop computers, laptops and tablets, which may be played in the web browser. The IT Knowledge Board include 10 hardware parts to play with. Part of the Interactive Computer Tools educational games. This fun learning game may answer some of the following questions: Where is the power source usually situated in the computer case? Where is the mother board usually situated in the c
5	6dfca106-ecc8-4d96-b1b2-95607687d1e6	Sorter Bob	Nicholas Barrios	2008	armorgames.com	https://armorgames.com/play/1562/sorter-bob	gameplay			Arcade; Score-Attack; Time-Attack; Sorting; Auto-zipped	Sorting	Sorting	Sorting	indirect-physics	balance	12.6241	f006	Multitask	0.0617	Description This is the game we've working on part-time for the past few weeks. We tried to keep it simple and hopefully fun. The objective is to sort a certain amount of widgets in the time alloted. Matching the patterns onscreen gives you a score multiplier. Strike a balance between sorting the widgets and matching the patterns to increase your score. Controls It's all in the mouse. Click to pick up the widgets and drag them to the matching pipes. You don't need to click again; the vacuum pipe will take the widget from the claw. Clicking again will drop the widget (not something you usually want to do.)
6	8df085d9-9fde-4fe8-9fa3-cb71e9a506dd	Chained Smiley	fortunacus	2011	newgrounds.com	https://www.newgrounds.com/portal/view/563984	gameplay			Action; Puzzle; Upgrade; Mild Language; Sequential	Sequential	Sequential	Sequential	indirect-physics	chain reaction	12.5204	a028	Shared Pedal	0.0527	Do you realize fart and smile have a connection? Author Comments: A chain reaction game about smileys, upgrade each time to get better score, and fulfill your target!!! get used of 4 kind of smileys, each of its own abilities, enjoy!!! Achievement has been added!!! ADD MORE DIFFICULTY ON PSY SMILEY Very special thanks for Tom that make this game on frontpage, thank you very much PS: several days ahead I will submit my newest game, Bieber Transformation, wait for it,thanks THIS GAME TOTALLY AWESOME, i CANNOT DESCRIBE MY SELF, AND i GOT NEARLY 2000USD FROM THIS GAME IN GAME ADS AND DONATION, THANKS A LOT!!!!!!!!!
7	6f664a8e-5eab-4aa8-ae87-40bc865b73e9	Pyramids of Ra	Klas Kroon		oos.moxiecode.com	http://oos.moxiecode.com/examples/pyramids/index.html	gameplay			Puzzle; Pixel; Tile Traveler; Auto-zipped	Tile Traveler	Tile Traveler	Tile Traveler	indirect-physics	bounce	12.4286	g027	Cue	0.0749	"Arrowkeys to control. Been playing this Gameboy-title for a while. It's called Pyramids of Ra and the Gameboy-version was published by a company called Matchbox. Found out it was created by a guy called Ross Harris who gave it away(?), check out: The objective of the game is to bounce on all blocks until they are removed and still have an open path back to the startingpoint(the ""S""). You start on the ""S"", but you can't jump on it again until all blocks have been removed... Also, you need to jump before the countdown-timer reaches zero, otherwise you will be ""forcejumped"" in the last direction you jumped. Simple and brilliant! So I thought this would be a fun exercise. There are only 7 levels"
8	9a9ac436-7591-4424-8fd9-d5e97ac2527d	Chroma	kbaum	2009	kongregate.com	https://www.kongregate.com/games/kbaum/chroma	gameplay			Puzzle; Experimental; Logic; Mouse-only; Mixing	Mixing	Mixing	Mixing; Experimental	information	blind	12.2553	a057	Thermostat Tiles	0.0749	Mix colors with precision to match the target color. Not for the feint of heart. Or the color blind. Match the border color by dragging paint drops to the center.
9	6d05c8e5-3283-4fd2-b264-1f60ede496ee	Angry Sheep			gamesonly.com	https://www.gamesonly.com/free-content/	gameplay			Puzzle; Lemmings; Cartoon; Mouse-only	Lemmings	Lemmings	Lemmings	construction	build a bridge	12.135	a141	Reversible Scrambler	0.0797	Make sure all Angry Sheep make their way to the clipper by using different tools. For example, build a bridge, throw a granade and dig your way to the farmer. In this lemmings type of game, you can play up to 40 levels in easy, normal, hard or expert mode. Select an action at the top of the screen and click on a sheep to perform this action. How to play: Use your mouse to select an action at the top of the screen and click on a sheep to perform this action.
10	a9055d2f-0c5d-462f-895c-d5541c46370b	Phil Of The Future: Time Machine Rescue	Cricket Moon Media		disney--games.com	http://www.disney--games.com/time_machine_rescue_407.html	gameplay			Puzzle; Pipe Connector	Pipe Connector	Pipe Connector	Pipe Connector	construction	connect the	11.9256	g053	Backspin	0.0679	Phil of the Future: Time Machine Rescue game is excellent for those who like to experience adventure. Curtis has accidentally spawned himself in the future, more precisely in the year 2121. His two best friends, Phil and Keely, are trying to get him back. They are doing their best, but you'll have to help them by being careful and by always being a step ahead of time! Let's see what you need to do. How to play the game To save Curtis, as said in the how to section, you have to connect each space of the date display panel with the power supplies at the bottom of the screen. When all eight areas are connected, the date will be set back correctly, and then Curtis will be saved. Attention! You w
11	f3c84fe0-6f93-436e-8eb7-e3241653f243	Perfect/Imperfect Balance 3+ Extended Editor	ttursas	2019	kongregate.com	https://www.kongregate.com/games/ttursas/perfect-imperfect-balance-3-editor	gameplay			Arcade; Level Editor; Balancing	Balancing	Balancing	Balancing; Level Editor	indirect-physics	balance	11.8544	f031	Wake Up the Box	0.0735	Create and play your own Perfect/Imperfect Balance 3+ levels using this editor! This editor has new shapes never seen before in Perfect/Imperfect Balance games. Do you have new ideas for shapes? Please message me and I’ll implement them! Use mouse to click buttons, and move shapes. Press the HELP button for more help. Q and E change the shapes.
12	712d5573-56e6-46de-81ad-82b1a47124b7	The Black Knight Rises	Mythologic; Zangrutz; descara; samulis	2013	newgrounds.com	https://www.newgrounds.com/portal/view/618466	gameplay			Platformer; Adventure; Level Editor; Community Content; Medieval	construction		Community Content; Level Editor	construction; indirect-physics	place objects; bounce	11.0668	q035	Momentum Bank	0.0536	The princess has been kidnapped! Enter the EVIL Count Mallgoth's castle, hop, bounce and slice your way through over 50 tough and challenging levels, complete with bone crushing bosses! The Black Knight Rises will truly test your gaming skills! You must master the wall jump quickly if you hope to survive! Controls: Arrow keys: movement A: Attack Q: Quality M: Mute Make your own levels in the forge! Controls: WASD: Move around canvas Arrows: Scroll assets Mouse: Click and place objects G: Flip objects CTRL: Copy existing object Watch the trailer: tch?v=fETGwIJntfw
13	353837d3-50a9-4354-b707-ce8fcbfcf1bb	S.O.S. Demo	Motion Portrait	2007	b.bngi-channel.jp	http://b.bngi-channel.jp/psp-haruhi/	gameplay		Haruhi Suzumiya	Anime; Interactive; Mouse-only; Augmented Reality; Haruhi Suzumiya	Augmented Reality	Augmented Reality	Augmented Reality			10.8038	g005	Rube Hall	0.0213	※画面は現在開発中の「S.O.S.」をＨＰ閲覧用に処理を施したサンプルです。 ゲーム本編ではポインタを操作してキャラクターの目線を動かす仕様はございません。 ※「モーションポートレート」は、モーションポートレート株式会社の技術です。
14	94bf8559-6d46-4721-a707-bc02387de1f1	Rubik's Clock	Nick Boldt		rubiks.com	http://www.rubiks.com/clockmain.html (via Wayback Machine)	gameplay			Puzzle; Twisty Puzzle	Twisty Puzzle	Twisty Puzzle	Twisty Puzzle			10.6874	g049	Cloudbank	0.091	Goal: The goal of the game is to align all 18 clock faces to 12 o'clock - 9 on each side of the puzzle. In order to qualify for the HALL OF FAME, you must either complete the game in the least amount of seconds or the least amount of moves. If you qualify, your initials will appear with the winning time/moves until the someone else comes along and bumps you off the list. Good luck! Rules: 1. Clock faces will turn based on the conformation of the pegs (up or down, how many up or down, which orientation pattern) and the corner you choose to turn. 2. The game is solved when all 9 faces on the light side and 9 faces on the dark side are aligned to 12 o'clock. 3. Rotation will move through one ho
15	3157e38c-a4b9-45a3-b413-f271fcf59c65	Mushroom Life	Joseph Huang	2004	a.parsons.edu	http://a.parsons.edu/~joseph/k2/gameoflife/ (via web.archive.org)	gameplay			Toy; Educational; Mathematics; Informative; Cellular Automata	Cellular Automata	Cellular Automata	Cellular Automata			10.1869	g013	Rot Garden	0.0509	A Mushroom perspective on John Conway's Game of Life: 1) Click on grid to sprout mushrooms. 2) Click Start button to begin life process. Mushrooms follow these rules: For each generation, a mushroom with 1 or 0 neighbor dies (loneliness), a mushroom with 4 or more neighbors dies (overcrowding), a mushroom with 2 or 3 neighbors survives (stability), an empty space with 3 neighbors sprouts a new mushroom (birth).
16	9d46e1e9-12bf-4d1d-ad2e-1e9aafb81484	Gold Miner	GameRival	2003	goldminer1.com	http://goldminer1.com/	gameplay			Arcade; Score-Attack; Side View; Trial; Cartoon; Claw Game; Underground; Fixed Screen; Auto-zipped	Claw Game	Claw Game	Claw Game			10.0813	q144	One Reset	0.0683	In Gold Miner, you have to direct your little crank to haul in gold nuggets. Every stage will have a cash goal that you must achieve. If the gold you've collected adds up to your goal then you move on to the next stage. Gold Miner offers a lot of variety in its gameplay though. There will be numerous sizes of gold in the game to reel in. Naturally, the large gold pieces will take forever and a day to haul but will worth much more cash in the end while the smaller pieces will fly towards you at light speed but be worth very little. Still, the trade off is fair and worth it. A single large gold nugget can often win the whole stage for you so go for the big ones first if you can. While hauling,
17	f2362723-a244-4591-997e-2bf4786a1481	Beat Catcher	ToasterDemon; El-Presidente	2007	newgrounds.com	http://www.newgrounds.com/portal/view/384954 (via Wayback Machine)	gameplay			Arcade; Rhythm; Catching; NG Game Jam; Game Jam	indirect-physics			indirect-physics; time-and-order	bounce; synchronize	10.046	g010	Lantern Ledger	0.0513	Author Comments: Edit2: Ive just responded to 5 pages of reviews, and from now on, Ill respond to all new ones too ;) EDIT: OMG!? 3.97? You guys rock! :P Hey Newgrounds, Heres something we've been working on for the rockout competition. The idea is to catch the falling notes (Which synchronize with the music) with your paddle. However, there are twists and turns in the Medium and hard difficulty levels, so be sure to try them all. In easy difficulty, you just simply catch the notes with the paddle. In medium, you have to catch them as they bounce off a wall, moving at weird angles. In Hard mode, you must go inbetween catching the notes, and playing DDR, so try and stay concentrated. Thanks a
18	30b1b801-6c9b-483f-aa91-1eec5535a7c6	Tzolkin	Joao Vinagre; David Duarte	2011	kongregate.com	www.kongregate.com	gameplay			Puzzle; Match-3; Auto-zipped	constraint-and-interface			constraint-and-interface; goal-revision	you can only move; must not	10.0451	q090	Lineage Garden	0.079	The Mayan’s hidden secret is revealed. It can’t be stopped. It can’t be ignored. It must be faced. The power of Tzolkin is yours. Will you embrace it? As the end of the world draws near, only one hope remains. Tzolkin. The ancient Mayan calendar holds the key to mankind’s salvation, or its early end. For those who dare to face it, they must unleash the hidden symbols in a puzzling and skill demanding game in order to unlock Tzolkin’s mechanism. Combine the pieces and find the symbols in the mystic and eye-dazzling world of the Mayans. There’s only one way out. No way back. This is Tzolkin. The mechanism has 20 levels. Each level has 13 speeds.At the end of each level you’ll release a hidden 
19	6828edbd-3074-4fdb-a37e-1923db2281e7	Code Raiders	ken1171 (Ken Kawashima)	2009	deviantart.com	https://www.deviantart.com/ken1171/art/99K-Code-Raiders-113356240	gameplay			Puzzle; Time-Attack; Codebreaker	Codebreaker	Codebreaker	Codebreaker			10.0	q149	Model Tokens	0.0882	~99K Code Raiders~ Have been programming games again, and composed new and original music for this deviation! Also notice my new sliding panel tab at the upper left corner - it contains my brand new slider controls I created last night! ^___^ In this game, you have to find out the 4 secret colors to solve the puzzle, and you are given 8 tries to get it done! The puzzle will pick 4 out of 6 colors to create the secret color code. You start by placing any 4 colors on the board, and the game gives you white and black dots in return. They work like this: * White dots: each means a right color at the wrong position. * Black dots: each means a right color at the right position. * Blank dots: each 
20	7d2bff1b-b215-4f29-860a-2d1a5e8c2304	50 Optical Illusions	Ties Wijnker	2009	bubblebox.com	https://www.bubblebox.com/play/1256/50-optical-illusions.htm	gameplay			Toy; Optical Illusion; Auto-zipped	Optical Illusion	Optical Illusion	Optical Illusion			9.988	q065	Asymmetric Twins	0.068	EDIT: Wow more then 400.000 views! :3 Thanks for the score and the reviews, I read most of them! 50 Optical Illusions Thanks newgrounds for the Daily 3rd Place!! And thanks everyone for all the reviews an the great score :) Just play the game and watch all the fifty illusions. The illusions are mostly from the internet and some of them are made by myself. The most illusions are interactive. Just click them to see an animation. Actually there are 49 optical illusions in the game, because one of them (illusion 29) isn't really an optical illusion. If you want to see all illusions together, just click the 'overview' button. Have Fun, TieSeiT
21	fd2fbe65-2b8c-4cf7-96b7-2b259bc0d81e	Bomb Disposal	あんちよ	2010	ancho.web.fc2.com	http://ancho.web.fc2.com/bomb/pzlbomb.html	gameplay			Score-Attack; Logic; Mouse-only; Grid Toggle	Grid Toggle	Grid Toggle	Grid Toggle			9.9861	a123	Same Row Different Role	0.0511	操作説明 爆弾を消していく、パズルアクションゲームです。 玉をクリックすると、 その玉と上下左右の計５玉が 青→赤→爆弾→青・・・の順で 変化していきます。 爆弾自体はクリックすることが出来ません。 爆弾のまわりの玉を、効率よくクリックすることで、 爆弾を消してください。 効果音がつけてあります。 パソコンの音量でご調節下さい。 時限爆弾モード 爆弾にはタイマーが仕掛けられており、 一定時間がたつと爆発します。 赤色点滅している爆弾は爆発寸前です。 全爆弾処理『COOL』でボーナス加算。 ちなみにワタクシの最高得点は２９４３０点 ２１クールです。 不発弾モード じっくりと爆弾処理してください。 各面の爆弾処理には手数が決められており 決められた手数以内で処理できないと、 爆発してしまいます。 詰め将棋のような、爆弾処理です。 とりあえず全２５面用意しました。 『パズルゲームならあんま絵心いらねんじゃね？』 という、不純な動機で作りました（笑）
22	0668542c-86b0-4fdf-a092-80273591e1fb	Civilizations Wars: Ice Legend	Cave of Wonders Studios		armorgames.com	https://armorgames.com/play/12915/civilizations-wars-ice-legend	gameplay			Strategy; Node-Based Strategy; Upgrade; Cartoon; Achievements	Node-Based Strategy	Node-Based Strategy	Node-Based Strategy			9.866	q124	Counter-Predator	0.0515	Civilizations Wars – Ice Legend is winter fairytale addition to the very popular fast thinking RTS/RPG game, with deep tactic capabilities and amazing graphic in unique style, Civilizations Wars. Choose one of four races and lead your people through snow to North Pole to discover, what the hell happend there. Battle through 92 levels (23 for race), capture 11 varieties of buildings (3 types), in 9 game mods, learn 18 skills, use 10 spells, defeat huge monster, receive 100 achievements and find out, what is wrong at the North Pole. Beware of wolfs. Controls - Houses generate people. - Crystals, give crystal energy (to use spells), and increase speed of your troops. The more people inside, the
23	b735019e-7b7f-4315-9f3b-f57ad7849c29	Shuck & Jive	Blockdot, Inc.	2006	downloads.kewlbox.com	downloads.kewlbox.com	gameplay			Arcade; Puzzle; Memory; Tropical; Shell Game; Auto-zipped	Shell Game	Shell Game	Shell Game			9.6976	f031	Wake Up the Box	0.0764	Shuck & Jive - the original 'shell' game. This game has is origins in the ancient city of Atlantis where the locals would observe crabs participating in an unusual ritual. Can you beat the 'Master' crab at his own game?
24	115adff6-5a96-4a83-acaf-df5b718caa0c	Primary	JackSmack; FrozenFire	2010	newgrounds.com	https://www.newgrounds.com/portal/view/527945	gameplay			Platformer; Puzzle	distributed-agency			distributed-agency; information	different abilities; invisible	9.612	q164	Stop Test	0.0756	Primary is about a Hueman named Roy. Roy must climb to the top of Prizim tower to stop an invasion of color eating Void who want to destroy his world. It is an action platformer with puzzle elements. Playing as Roy you can change the colors of your body to access different areas, and use different abilities. As you climb Prizim tower you will unlock upgrades for your abilities such as the ability to create portals and teleport from from place to place. Controls W:Jump A and D move left and right S: Go invisible when yellow or drop from ledge when hanging. J K L or Clicking the screen: Change the color of your body. SpaceBar: actions for each ability. R: flip switches and enter doorways
25	1f13a857-ce72-4645-a057-c626b0078018	Green Leprechauns		2015	coolmathgames.com	https://www.coolmathgames.com/0-green-leprechauns	gameplay			Puzzle; Logic	goal-revision			goal-revision; information	must not; cannot see	9.5565	g014	Long Shadow	0.0936	In this game there will be a 10 x 10 area. You need to put leprechauns in the area to turn the entire area green. When you put a leprechaun in, it will turn all the blocks it can see green. A leprechaun can see all the blocks on the same row or column, but it cannot see through the shamrocks. Some shamrocks have numbers on them and you need to put the exact number of leprechauns beside those shamrocks. If there are no numbers on the shamrocks, then you can put any number of leprechaun's beside them. Another rule is that two leprechauns must not see each other. The faster you finish the game, the higher your score.
26	09bb01ba-a5de-4a0d-9911-80b7b9235b43	European Roulette		2010	kongregate.com	https://www.kongregate.com/games/roulettedoc/european-roulette-game	gameplay			Simulation; Gambling; Luck Roller	Luck Roller	Luck Roller	Luck Roller			9.4219	q143	Costly Preview	0.0555	This is single-zero European roulette game with the most attractive winning expectations. The house edge in the game is 2.6% which makes European roulette to be the most popular among the players. The payouts vary from even money (on most outside bets) to 35 to 1 maximum (on single number bet). European roulette is very easy to play: 1. First the player must choose the chip ($1, $5, $25, $100) by left-click on colored chips on the table. 2. Make a bet by choosing the betting area on the table and placing the chip on it by left-click of a mouse. To place several chips the player must click on the chosen area several times. 3. To start the wheel spinning the player clicks “Spin” button. 4. Amo
27	d87e0dd0-9131-48ce-a493-79f8b3080338	Bloody Bob	Zener	2017	zener.itch.io	https://zener.itch.io/bloody-bob	gameplay			Arcade; Flixel; Pixel; Blood; Ludum Dare; Game Jam; Food Chain	Food Chain	Food Chain	Food Chain			9.3876	q149	Model Tokens	0.0531	In the Pacific ocean, a creature dwells, eats, kills. And now it's very hungry, like he could eat the whole world. Help Bob in his endeavour, he need to eat every ten seconds! Controls: --------- -Press Space for Dash -Move using Cursor Keys or ASWD Team: ----- -Lady Cerberus (Artist) -Algerator (Coder) -MALHCat (Coder) -Zener (Coder) Tools: ------ -Code: Flash Developer,Flash Builder, Flixer -GFX: Photoshop, Flash -Audio: Audacity, Autotracker #21 funniest game in Ludum Dare 27
28	9a550bb7-99c1-0fb5-145f-88e4f86c7520	Bomb Droid	PsychoGoldfish	2002	newgrounds.com	https://www.newgrounds.com/portal/view/52026	gameplay			Arcade; Action; Pixel; Time-Attack; Top-Down; Bomb Maze; Auto-zipped	Bomb Maze	Bomb Maze	Bomb Maze			9.1761	f031	Wake Up the Box	0.0737	This is pretty much a flash version of the origional bomberman game, complete with large scrolling play-fields. All new graphics and enemies can be found in the game, and there are various boss battles to keep things interesting. oh yea, if you can't use SHIFT & CTRL to play, use A and S, this should help the Mac-heads out there
29	928bd054-924d-49b6-87ab-88de5eebe538	VoDoCI	Tapir Games; MCC; John Christensen; Kevin MacLeod; Firemil	2012	newgrounds.com	https://www.newgrounds.com/portal/view/606881	gameplay			Puzzle; Physics; Drawing; Mouse-only; Box2D	system-dynamics		Drawing; Physics	system-dynamics	infect all	7.9208	q148	Delayed Commit	0.0863	VoDoCI means Voodoo Color Infection. It is a physics puzzle game played with only drawn gestures. The goal of this game is to infect all yellow shapes brown by colliding them into brown shapes. Once a yellow shape is infected, it can also infect other yellow shapes. Green shapes can also be infected brown, but please keep them from being infected. Shapes other than yellow and green ones are not infectable.
30	0394fcd3-43b0-4159-b57f-725448f245af	Red Warrior			coolmathgames.com	https://www.coolmathgames.com/0-red-warrior	gameplay			Platformer; Puzzle; Physics	state-transformation		Physics	state-transformation	mirror image; rotate the world	7.9051	q102	Walking Room	0.0562	As the red ninja warrior, you have been awarded a unique power... the ability to flip and rotate the world around! With this power embark on a quest to rescue your friends who have been kidnapped by the bad guys. Red Warrior at Cool Math Games: Help! Evil ninjas have kidnapped Red Warrior's friends and imprisoned them in cages. Help Red Warrior climb, jump and flip through the world to free them from the dark ninjas. Instructions Free the citizens from the cages in each level. Use your arrow keys to move and jump, and swap positions with your mirror image using the Z or X key. Collect all the gems and stars for even more points!
31	3d3a3e4e-5753-47a7-9b9e-62a19aff1cd7	Galileo Cruises the Inner Jovian System			windows2universe.org	https://www.windows2universe.org/jupiter/magnetosphere/galileo_a34_pass.html	gameplay			Educational; Simulation; Space; Live Action; Interactive; Astronomy	information			information	invisible	7.6951	q115	Partial Demonstration	0.0642	"The animation below shows some of the information Galileo gathered on the November 2002 encounter (known to Galileo mission team members as the the ""A34 pass""). You will need to have the latest version of the Flash player to see this animation. There is more information about the features shown in the animation further down this page. The animation shows the area close to Jupiter. Jupiter has 79 moons; the five closest to the planet (Adrastea, Metis, Amalthea, Thebe, and Io) are shown here. Jupiter also has a series of rings, like the famous rings of Saturn. Jupiter's rings are much fainter and smaller than are Saturn's. Saturn's rings are mostly ice, while Jupiter's are made of dust. Jupite"
32	2c7ea8a9-873a-4ab1-94de-723be6624ff7	Cannon Wars	DCLeadboot	2007	deviantart.com	https://www.deviantart.com/dcleadboot/art/Cannon-Wars-Updated-56811710	gameplay			Action; Strategy; Artillery; Customization	topology-and-view			topology-and-view	wrap around	7.53	g047	Peephole	0.0555	My latest in Flash games... loosely based on the old classic DOS-Game, Tank Wars! ([link]) I made this more as a tribute to the old game, for fun and as a challenge to see what I and ActionScript were capable of. Now, if you can be bothered to read this ;) here is some info: In the game menu, you get to set various options that effects how the game will play. First of all, this is a multiplayer game, so there can be any number of cannon turrets from 2 to 8. Also, to allow a bit of a challenge, you get to decide whether each cannon is a human or CPU player. Just toggle the appropriate buttons. The CPU in this game is very simple at the moment. Computer players just point and shoot at random. 
33	6673ec17-d0b4-47d2-85cc-ab329990049d	Time Travel Research Facility 2	Petr Hudeček; Trevor Kidd; Chris Socratous		rustyarcade.com	http://www.rustyarcade.com/games/play/1986/Time-Travel-Facility-2	gameplay			Platformer	time-and-order			time-and-order	rewind time; synchronize	7.4646	q148	Delayed Commit	0.0793	You are Daniel, a researcher at the Time Travel Research Facility where you study both time manipulation and dimensional transfer. But one day the extradimensional creatures kept in cages break free and wreak havoc on the entire facility. As Daniel tries to escape from the labs full of danger, he learns that the breakout was caused by more than negligence or coincidence. Treason may be found at the highest levels. In this platformer game, you rewind time to get to inaccessible places, avoid death or synchronize sentinels. You slow down time to avoid long trap corridors, outmaneuver extradimensionals and avoid projectiles. You can also pick up time grenades to send your foes into the future. 
34	d3d52589-fcb1-2962-4037-9adc626af834	Dummy Never Fails Community	Tanoku	2010	xgenstudios.com	www.xgenstudios.com	gameplay			Puzzle; Score-Attack; Physics; Level Editor; Side View; Community Content; Customization; Ragdoll; Achievements; Fixed Screen	secondary-mechanic-tag		Ragdoll; Community Content; Level Editor; Physics			6.5836	q173	Density Drift	0.0666	A Community Compilation of the best levels, all created by you! Throw crash dummies like a ragdoll to reach the goal, less pain the better! Play 110 levels to unlock all of the dummy skins! Have Fun! Note: Dummies are expendable!
35	823fe78e-ed8c-40da-9347-cf90a29b572d	Line Art	Max Abernethy	2003	newgrounds.com	https://www.newgrounds.com/portal/view/77421	gameplay			Toy; Creative; Epilepsy Warning; Fractal; Auto-zipped	Fractal	Fractal	Fractal			10.8567	a092	Crease Memory	0.0549	This program makes spiral-based fractals. But even if you don't understand any of the math, just push a bunch of buttons and you should still get some interesting images. There's a big 'Tips' box that should help you create good stuff. INSTRUCTIONS: On the rendering screen, press space to stop drawing lines, and press backspace to go back to the configuration screen. STUFF YOU SHOULD TRY I know a lot of people don't understand how this works, so here's some settings that look really cool: -Try angle increments of 35, 89, and 179. Notice a pattern? These are all slightly less than a number that divides evenly into 360, so based on that you should be able to find others. -For every interesting
36	739e5f25-1d41-421d-bcdb-9e1b2151a3b4	The Battle	Free World Group	2007	newgrounds.com	https://www.newgrounds.com/portal/view/449617	gameplay			Strategy; Score-Attack; Artillery; Side View; Lane-Based Strategy; Upgrade; Military	Lane-Based Strategy	Lane-Based Strategy	Lane-Based Strategy			9.6752	q148	Delayed Commit	0.0619	Your objective is to create an army with the limited money you possess and to wipe out the enemy and their fortress (situated to your right). Your main source of income is an oil well situated just outside of your stronghold - make sure you don't lose it to enemy forces, or you may find yourself pennyless and defeated. Starts off easy enough, but gets very difficult as the stages progress! Selecting Units When created, all units will by default begin moving towards the enemy. Units can be clicked on individually or as groups (by drawing a square) - once selected you can click on another location where you want the units to go. Different units have different strengths and weaknesses - it's up
37	40f29796-3339-4160-9077-030176c92410	Sliding Blocks			web.archive.org	https://web.archive.org/web/20210117153343/http://www.digyourowngrave.com/sliding-blocks/	gameplay			Puzzle; Sliding; Mouse-only; Klotski	Klotski	Klotski	Klotski; Sliding			10.1963	q104	Conveyor Frame	0.1014	Your goal is to clear a path so that you can get the large red block outside of the frame. Use your mouse to click on, and move the blocks. The three white buttons reset the board to three different puzzles. If you like this game, give Gridlock a try.
38	3670c9f3-d5fb-4a25-9b4e-1217e0839eda	Life and Times of a Humpback Whale		2014	coast.noaa.gov	https://coast.noaa.gov/data/SEAMedia/Interactive%20Games/G4%20U4%20Interactive%20Life%20and%20Times%20of%20a%20Humpback%20Whale.html	gameplay			Educational; Quiz; Science; History; Mouse-only; Zoology; Assemblage	Assemblage	Assemblage	Assemblage			10.7136	q086	Doppel Memory	0.0732	Scientists have learned much about the humpback whale through fossils found on land and in the ocean. The humpback whale is a mammal. Mammals first lived on the land, not in the sea. Some whale body parts are more characteristc of land mammals than aquatic ones that live on the ocean. Let's investigate this idea using fossils!
39	1d957bfc-b87a-4bf6-8d2e-e68e777dc9ca	Chroma Factory		2011	web.archive.org	https://web.archive.org/web/20180810183726/http://www.arcaderush.net/mini-games/play-chroma-factory	gameplay			Puzzle; Sorting	Sorting	Sorting	Sorting			9.1461	q073	Phase Change	0.0636	Creative multi-tasking game with a factory theme, solid implementation of a traditional game genre. You play as an artificial intelligence of the fully automated Chroma Factory. Your task is to forward colored gems (chroma ore) to the acceptors, that look like an old iron stove with colored bulb on top of it. You have to switch conveyors and some other devices situated on a level in order to do your task. Instructions Use your mouse to manipulate devices placed in the level. See help screen for information on keyboard shortcuts.
40	d59cdaa9-70b5-4480-a4bf-002b42def7f6	Break the T.V	Eggy	2013	kongregate.com	https://www.kongregate.com/games/Eggy/break-the-tv	gameplay			Puzzle; Sequential; Mouse-only	Sequential	Sequential	Sequential	indirect-physics	chain reaction	11.718	q115	Partial Demonstration	0.0991	Try and break the TV in this chain reaction puzzle game. You need to use every object to trigger a chain of events to break the TV at the end. A nice simple puzzle game focusing on sequence of events.
41	2c3e533d-c162-47a9-8333-250e14c1fb12	Agent Higgs Chapter 1	TestTubeGames	2012	kongregate.com	https://www.kongregate.com/games/testtubegames/agent-higgs	gameplay			Educational; Puzzle; Sliding; Level Editor; Science; Top-Down; Tile Traveler	Tile Traveler	Tile Traveler	Tile Traveler; Level Editor; Sliding			11.5682	g014	Long Shadow	0.0914	(TestTubeGames Description) Help the Higgs Boson escape from scientists! It's particle physics in a way you've never experienced it before. (Kongregate Description) Scientists around the world are searching for the elusive Higgs boson. Turns out, he doesn’t want to be found! In this compelling puzzle game you take the side of Higgs, keeping him hidden from view. Your tools are the known particles: starting with electrons and neutrinos. Sliding these particles around, you’ll solve puzzles based on the rules of the Standard Model of particle physics. Along the way, you may learn a thing or two, too! If you like this game, you can find more levels, more particles, and more challenges on the iPh
42	46747f9c-404c-42c9-b6bb-378c3b309df2	The Alchemist's Apprentice	Lars A. Doucet	2006	fadupinator.com	http://www.fadupinator.com/play_alchemist.html	gameplay			Puzzle; Game Jam; Casual Gameplay Design Competition; Mixing	Mixing	Mixing	Mixing			9.5418	g062	Ballast	0.0606	"The Alchemist's Apprentice was a project that I designed for the original Jay is Games Game Design Competition #1. The idea was to create a simple game that could be solved (relatively) quickly, once you got the puzzle's trick. I have always been fascinated by Alchemy - the ancient predecessor to Chemistry whereby through an extremely complicated interaction between base ""elements,"" new materials could be synthesized. Many early alchemists tried to mix certain properties of substances, but were unaware of the fact that a chemical's properties are not inherent, but rather a result of its molecular shape and atomic interactions. For instance, Hydrogen is a light, flammable gas. Oxygen is a lig"
43	9fb9cdb4-aebc-4624-93f3-dd3b9674872b	Navigate Robots	Anegmetex Software	2011	andkon.com	http://andkon.com/arcade/obstacles/navigaterobots/	gameplay			Puzzle; Lemmings; Axonometric; Machine; Mouse-only	Lemmings	Lemmings	Lemmings	construction	draw a path	11.4642	a010	Spare Path	0.0833	Use the mouse to draw a path through the gears to the finish pad avoiding all security robots.
44	42232f81-0d65-4a92-9c0c-55b322fcdc22	Pipe10	YellowAfterlife	2011	kongregate.com	https://www.kongregate.com/games/YellowAfterlife/pipe10	gameplay			Puzzle; Game Jam; Pipe Connector; Game in Ten Days	Pipe Connector	Pipe Connector	Pipe Connector	indirect-physics	flow	11.8437	a037	Heap Orchard	0.0704	A game for GiTD [#13] (theme – 10kb game). The point of game is to build pipes to avoid spilling liquid on the ground. Each level has a clear goal – distance that liquid must travel. As well, game field size and distance to be covered increase with each completed level. There are 28 levels total. Score multiplier increases proportionally with current level. Current game size: 5.05Kb Suggestions are welcome. Instructions Mouse is the only thing needed to play this game. Click on game field to place pipes. Click on area to the right of game field to pause\unpause the game. Click on current tile to toggle turbo liquid mode (makes liquid flow 4 times faster, just in case you have decided to end 
45	5b094b45-814e-46bd-87f2-82fb9ce5bbab	Bounce Coil	Ian Kelly / Psycosis91	2008	newgrounds.com	https://www.newgrounds.com/portal/view/425926	gameplay			Arcade; Score-Attack; Balancing	Balancing	Balancing	Balancing	indirect-physics	bounce	11.4157	a090	Soft Key	0.0599	"Hey everybody, this is my latest game, Bounce Coil. The game sprouted from an idea my friend had that was pretty much him just saying ""Dude, imagine pong, but in a circle."" Obviously I've expanded that idea into this, and I hope you enjoy it. All of the music in the game was made by theWaveS, and he is so totally awesome at composing music, I seriously suggest checking his work out (via the link on the left). Controls: Left and Right (arrow keys): Move Space/Enter: Pause Be sure to go to the options to select different themes to play with. ;D Well, have fun! And be sure to visit Psy City!"
46	1702941a-9978-49b5-95ed-104fb1778a3c	Magic Pen	Alejandro Guillen	2008	newgrounds.com	https://www.newgrounds.com/portal/view/433935	gameplay			Puzzle; Box2D	construction			construction; indirect-physics	hinge; friction; gravity	10.609	g011	Slick	0.0759	Draw shapes with your pen, and allow the rules of physics to do the rest. Author Comments: Yet another Crayon Physics clone. If you liked this game, dont forget to check out the COOL LINKS for Crayon Physics. Dont forget to check out pitbulljones page here in newgrounds, he made the music, he´s awesome!!! Video Walkthroughs on youtube. The shapes that you draw are affected by gravity, friction and inertia. Use these properties in your advantage. The red ball (or red square in some levels), is the object that collects the flags. Draw the objects in such a way that they push the ball in the desired direction. Use the mouse to draw an object. You cannot draw inside other objects. Draw a circle 
47	a937cfa7-944e-436e-a26f-1df74006d654	Fairyland Rescue		2016	cute-games.com	http://www.cute-games.com/game/2905/fairyland-rescue.html	gameplay			Arcade; Time-Attack; Twisty Puzzle	Twisty Puzzle	Twisty Puzzle	Twisty Puzzle			10.379	f031	Wake Up the Box	0.0665	Fairyland Rescue is a pretty game for girls and boys appeared on our site in which you have to defeat the goblins from every level to complete your goal, to save the fairyland. Use the mouse in this game to defeat the goblins in order to restore the color from the fairyland. With the mouse you have to click on the goblins when you see them. They hide behind trees, bushes, flowers and so on. In this game you will receive all the necessary indication at the beginning in order to complete your goal so you don`t have to worry that you will not know what to do or what buttons you need to play and finish the game. Do your best to help our heroines from rainbow magic to save the fairyland from the 
48	8310d771-9873-40b1-8674-bc9ef62b4d5d	Conway's Inferno	Retro-Gears	2011	uploads.ungrounded.net	https://uploads.ungrounded.net/560000/560921_Conway.swf	gameplay			Puzzle; Cellular Automata	Cellular Automata	Cellular Automata	Cellular Automata			10.1649	q065	Asymmetric Twins	0.0768	after 3 days spent at GAMBIT-MIT (Thank you guys very much) for the Global game jam We (Feras Iskanderani\ Programming and art, Alec Thomson\ Programming, Arshan Gailus\ Audio) made this game based on conway's game of life, I hope you guys like it. the main idea of the game is to kill every one (yellow faces) on the screen. there are many combinations in the game which is explained in the tutorial window. for example: if you place fire on top of a person he will burn and then die. and the fire will channel to the person next to it. there are zombies and UFO. Infect water with a virus to create more zombies and much more you play with the mouse :) again u can find all the combinations in the 
49	7fe3a7ad-edb6-4884-b8e2-cd5954432da8	Gold Miner - Xploit Machine Edition 2009	Xploit Machine	2009	gamesbox.com	http://www.gamesbox.com/games/19226/Gold-Miner-Xploit-Machine-Edition-2009	gameplay			Arcade; Score-Attack; Timing; Side View; Time-Attack; Cartoon; Claw Game; Underground; Fixed Screen; Auto-zipped	Claw Game	Claw Game	Claw Game; Timing			9.9199	f006	Multitask	0.064	A simple small game to test on the accuracy to collect as many as gold in the mine, as the time goes less. Enjoy the game in your free time. Thanks Game controls - Down arrow key to drop claw. Up arrow key to toss dynamite.
50	6faed441-0fba-4db3-9419-22a8a827baf0	Gravity Quest	If Else Factory		at7games.com	https://at7games.com/index.php/game/Gravity_Quest/61	gameplay			Arcade; Puzzle; Score-Attack; Physics	indirect-physics		Physics	indirect-physics; topology-and-view	gravity; rotate the room	10.0356	q015	Reciprocal Hands	0.0707	Destroy the white blocks to release the balls. Puzzle game designed to train the brain. Physical forces, gravity and an unlimited number of quests are brought together in this game. Click on the white blocks, which have a mass, to destroy them and let the gravity to rotate the room. Fewer blocks you destroy to release all balls, the more points you earn.
51	035102a4-53e4-4623-b15d-f2fc500e2c81	Rigby	BigJKO	2007	newgrounds.com	https://www.newgrounds.com/portal/view/406710	gameplay			Puzzle	constraint-and-interface			constraint-and-interface; indirect-physics	without touching; bounce	9.6278	q003	Blind Growth	0.0712	"Help Rigby destroy the pesky blocks disturbing the aesthetics of his curvy kingdom. Author Comments: Hello all, Wanted to drop off this game in the hopes that some of you might play and like it. It was originally intended for the JayIsGames Casual Game Design competition, where the theme was ""Ball Physics"". But I got tied up in school so I didn't finish it in time. But eventually I did finish it, and here it is. It's an arcade platform-ish type game, where the object is to jump up and bounce on a sequence of blocks without touching the ground. The game currently includes 20 levels and a highscore, based on how fast and flawlessly you make it through those levels. Hope you enjoy it. Any comme"
52	11209dd2-5086-4619-999e-701737bc3c33	Guessword			joytube.com	www.joytube.com	gameplay			Puzzle; Game Show; Codebreaker; Auto-zipped	Codebreaker	Codebreaker	Codebreaker			9.7673	g029	Twinned	0.0652	Try to guess the secret word in five or less attempts. The first letter of the word is given to you. Fill out the remaining letters using your keyboard. You can use the left/right arrow keys or the left mouse button to change letter positions. Delete a letter with the BACKSPACE key. When you are satisfied with your guess, press SPACE BAR or ENTER to submit. If a letter occupies the correct space, the space will be filled with a dark shade of green. If the letter is part of the word but in the correct position, a circle will appear around the letter. Try to solve the word quickly and in less attempts for a higher score. Score 5,000 for solving on the first attempt, 4,000 on the second, and so
53	8a9032af-8bda-4ea0-8f39-63e85213af00	Purple Phaze			sandlotscience.com	http://www.sandlotscience.com/Aftereffects/Purple_Phaze.htm (via web.archive.org)	gameplay			Toy; Educational; Informative; Optical Illusion	Optical Illusion	Optical Illusion	Optical Illusion			9.987	q088	Mask Debt	0.0793	This illusion is guaranteed to force an afterimage for most viewers. Stare at the center of this illusion until you see a yellow-green dot following the purple dots. The yellow-green dot does not exist. It is an afterimage of the purple dots, and only exists as long as you stare at the center. As you continue to gaze the purple dots will begin to fade away, but the the yellow-green dot will remain strong. Try different colors using the color picker buttons. Each will force a different afterimage color.
54	00d304b9-2757-4633-8cc2-7b7e25de3c84	グレープのベントー9	Giga Rensya	2015	kutar.com	https://www.kutar.com/game?title=KWG1BNTO100	gameplay		Kutar	Arcade; Puzzle; Score-Attack; Logic; Time-Attack; Feline; Kutar; Grid Toggle	Grid Toggle	Grid Toggle	Grid Toggle			9.7811	f031	Wake Up the Box	0.1077	笑っているのか、泣いているのかさっぱり解らないが、お弁当屋さんでアルバイトを始めた驚異の無表情キャラ、グレープ。 ぞくぞくとやってくるお客さんにホックホクのお弁当を渡してあげようと思ったら、あれれ、お弁当の中身が混ざっちゃった？！ マウスクリックで中身を入れ替えて、きれいに盛り付け直そう！！ ゲームのあそびかた ・画面下の9つの色付きパネルをクリックすると、クリックしたパネルの『周囲1マス』の色が変わるよ。 ・画面上のお客さんクターが希望する通りにパネルを入れ替えよう。 ・入れ替えは1回だけ！間違ったパネルをクリックしてもゲームオーバーにはならないけど、タイムロスになっちゃうぞ。 ・お弁当は鮮度が命！お弁当の縁がすべて青色になるとお弁当が冷え切ってゲームオーバーだ。 このゲームのコツ：必ず1クリックで入れ替えられるようになっているので、慌ててクリックする前に、よーくパネルを確認しよう！
55	53f71612-ffd9-9b1d-4b69-1645f063d852	Civ Wars II	Cave of Wonders Studios		armorgames.com	https://armorgames.com/play/15822/civ-wars-2	gameplay			Strategy; Node-Based Strategy; Upgrade; Cartoon; Achievements	Node-Based Strategy	Node-Based Strategy	Node-Based Strategy			9.6469	q120	Hidden Policy Handoff	0.0585	"The very long awaited semi-sequel to the hit fast thinking RTS/RPG game ""Civilizations Wars"". Your Evil Wizard Highness once were resting, when voice from above said, that you need a successor, and to nurture such one, you need to kidnap Exotic Princess, so you took your army and made a legendary rush through enemy grounds. Your Prime Legend in world of Civilizations Wars 2 begins... Battle through levels, learn spells and skills, conquer huge monster! Kidnap Exotic Princess!!! Create your Legend!!! The story will continue in the next game..."
56	dce676a7-b5ad-4721-889c-45429b9e1730	Penetrating Insight		2013	kongregate.com	https://www.kongregate.com/games/lolasong2013/penetrating-insight	gameplay			Puzzle; 3/4 View; Aquatic; Fixed Screen; Shell Game	Shell Game	Shell Game	Shell Game			9.2828	q101	Carousel Coordinates	0.0606	This is a game of exercise vision, in the game, you just have to find the shell with pearl. So what, come to challenge it
57	cdcfd842-fb0d-435e-89d7-e5e78f8a6ad9	Story Map	ReadWriteThink		readwritethink.org	http://www.readwritethink.org/files/resources/interactives/storymap/bottom.swf	gameplay			Creative; Auto-zipped	distributed-agency			distributed-agency; indirect-physics	multiple characters; reflect	9.5944	q149	Model Tokens	0.0639	The Story Map interactive includes a set of graphic organizers designed to assist teachers and students in prewriting and postreading activities. The organizers are intended to focus on the key elements of character, setting, conflict, and resolution development. Students can develop multiple characters, for example, in preparation for writing their own fiction, or they may reflect on and further develop characters from stories they have read. After completing individual sections or the entire organizer, students have the ability to print out their final versions for feedback and assessment. The versatility of this tool allows it to be used in multiple contexts.
58	2545ca0d-7071-454f-b9d9-50b6ac2d357b	Orb 2: The New Levels	MasterFury Games		coolmathgames.com	https://www.coolmathgames.com/0-orb-2-tnl	gameplay			Arcade; Puzzle; Timing; Maze; Dodge; Time-Attack; Auto-zipped	goal-revision		Timing	goal-revision	must not	7.6336	f031	Wake Up the Box	0.0894	The object of Orb is simple. You must guide the orb through the level to the goal. You do this by simply clicking on the orb and dragging it to the green goal zone. But, the orb must not hit a wall or you'll have to start again. You don't always have to carry the orb. You can drop it and pick it back up again. The orb is not the only thing you can carry. There are crates that you can pick up that can be dropped on switches. The orb can change color. Depending on the color, you can do different things. The orb will change when it hits color changers.
59	153c3fc7-f3b2-4002-9d92-83a7b4211dd2	Rollin'	Joytube	2006	joytube.com	http://www.joytube.com/rollin/	gameplay			Luck Roller; Broken Feature	Luck Roller	Luck Roller	Luck Roller			9.3561	a141	Reversible Scrambler	0.0692	You will have five rounds and one bonus round to accumulate as much cash as possible. To roll the dice, you must click the die on the right side of the playing field. The number that you roll is your target number for that turn. Your goal is to try to remove the numbers from the board by selecting them so that they add up to your target value. For example, rolling a 9 would allow any of the following combinations; 4-3-2, 5-3-1, 6-2-1, 5-4, 6-3, 7-2, 8-1 or 9. Your total score is permanent whereas the round score resets every round. There are three actions that will add to your total score. Rolling doubles will add the money earned in a round up to that point to your total score. Clearing a c
60	dea52d7d-cb6d-4761-8d78-7ab6f2988476	Sea Eater	Boomware Technologies		fishinggames.us	https://www.fishinggames.us/sea-eater-game-online.php	gameplay			Arcade; Food Chain; Aquatic; Fish	Food Chain	Food Chain	Food Chain			9.3584	g010	Lantern Ledger	0.056	Your task is quite simple, you need to eat more fish in order to become big and that you are not being eaten from a larger fish, it means that you have to eat only fish that are a little bigger than you, because if you approach the fish that is much bigger than you then you will be eaten so pay attention. Avoid large fish, as soon as they see you they will go to you in order to eat you, on your way to the finish you will run on a variety of boosters that give you the speed, power, and more other stuff. This game Sea Eater is very fun, exciting and challenging, everyone will like it, especially the fans of fishing games. We wish you great fun and good luck in this fantastic game. Remember, tr
61	357d92dc-5426-4d82-93b0-cbade05dc536	Super Pirate Isle	Dizimz	2007	newgrounds.com	https://www.newgrounds.com/portal/view/393106	gameplay			Adventure; Bomb Maze; Pirate	Bomb Maze	Bomb Maze	Bomb Maze			9.1183	g050	Ash Path	0.0785	UPDATE - sorry about the chest bug. I didnt know about it my bad believe me i would have fixed it had i known about it it should be fixed now I also may have sent the wrong swf file because there were two with similar names and one was way more frigged up than the other please report other issues that are major. I will adress them immediatly or by tomorrow morning thank you for patience I had a pirate mood going and after reminising about bomberman this game just absolutely had to be made. Its a short fun game about going through mazes and strategically placing bombs in order to blow up obsticals, enemies and find the 3 treasers hidden on the 4 haunted pirate islands be careful not to be blo
62	7936dd5e-265c-40c8-8339-8906adca9940	Bacteria Simulator II	TehCybernerd	2012	kongregate.com	https://www.kongregate.com/games/tehcybernerd/bacteria-simulator-ii	gameplay			Toy; Sandbox; Auto-zipped	system-dynamics		Sandbox	system-dynamics	ecosystem	7.8371	a051	Priority Chute	0.0648	The long awaited sequel! Now with so many new features it hurts. To those of you who enjoyed the last one, I apologize for making you wait half a year - this should have been done sooner. To those who have no idea what this mess is, it's my attempt at an ecosystem simulator designed to model the dynamics of population growth and decline. Basically it's a rather complicated sandbox. There are now 7 different cell and pseudo-cell types - detailed descriptions can be found in the Manual on Tab IV. Also, new features include evolution and far too many graphs. Tab I - Population graphs. These show you total populations of each cell type. Line and bar vaireties. Tab II - Cell stat averages by cell
63	6af8bc06-7f0d-4e9d-bcff-5d76a251905d	Ragdoll	S-S-X	2007	deviantart.com	https://www.deviantart.com/s-s-x/art/Ragdoll-v1-1-49561850	gameplay			Toy; Physics; Stick; Blood	state-transformation		Physics	state-transformation	changes color	7.4971	q185	Promise Tokens	0.0693	This is a ragdoll I constructed. I hope you have fun, as there will be tons of future updates! :D ANNOUNCEMENT! IF YOU WOULD LIKE TO SUBMIT A TERRAIN TO BE USED IN RAGDOLL v1.2, EMAIL ME AT: n3cr0m4nc3r [at] comcast [dot] net WITH A .png or .gif (if it is animated) OF THE VECTOR OR RASTER GRAPHICS YOU WOULD LIKE USED, AND YES, I WILL CREDIT YOU! (cause everyone wants credit) I WILL ACCEPT: :bulletgreen: Video Sprites compiled together. :bulletblue: Vector graphics composed in flash, fireworks, GIMP, photoshop :bulletred: Raser Graphics as long as they are not too detailed. Some textures are accepted. I WILL NOT ACCEPT: :bulletpurple: Anything without a white background. :bulletpurple: small 
64	e5afdc70-bec0-b514-89dc-d23409cd020d	The Blind Swordsman	Evil-Dog	2014	newgrounds.com	https://www.newgrounds.com/portal/view/636785	gameplay			Action; Experimental; Blood	information		Experimental	information	blind	7.6289	q016	Blind Guide	0.0513	You're the blind swordsman and you're on a quest to get your sight back! Author Comments: v1.4 - Fixed the fireball's volume - Added warlock laugh in his intro - Fixed inverted hints - Fixed cannot save annoying message - Fixed horsemen behavior v1.3 - Added death hints about how to play and how you died. - Reworked Warlock battle - Allow restarting as soon as dead - Added more skipable things with spacebar - Fixed audio issues and added slower horse sound when he's circling you. - Fix some cinematics issues - Fix various bugs - Show current score after survival mode v1.2 - Implemented medals - Unlocked survival mode by default - Changed preloader - Allowed skipping story intros with spaceba
65	28e484b9-dabd-4541-916c-f74688f59d79	NYC Mafiosi	Victory Games	2013	newgrounds.com	https://www.newgrounds.com/portal/view/610986	gameplay			Strategy	topology-and-view			topology-and-view	inside out	6.9813	q148	Delayed Commit	0.0641	New York City, 1929: welcome to the height of the American Prohibition. The Five Families have cornered the illegal liquor distribution in all five boroughs of the city. Your father, the Don of the Leonesi Family Mafia, is assassinated on the street: inheriting the crown, it is now up to you - as boss - to restore the supremacy of your Family and take back the streets that you used to own. Capo di tutti capi. The city is corrupt from the inside out, however. The Politicians run the show, and you're going to have to keep them on-side if you want to succeed. Liquor distribution may be illegal, but nobody is gonna stop you if they're taking a cut of your profits. Bribery is only part of the gam
66	9cea53de-2b43-4767-81c7-16c183c315d8	Madam Mim's Bet	PoliuxDimension	2018	newgrounds.com	https://www.newgrounds.com/portal/view/712388	gameplay			Arcade; Timing; Matching	time-and-order		Timing	time-and-order	synchronize	7.3956	a175	Macro State	0.0613	"Help Arthur win the sexy bad witch's bet ! Author Comments: Help Arthur and Merlin win the sexy bad witch's Bet ! Game play through on Youtube: Match and synchronize the same magic circle by W - up circle S - down circle A - left circle D - right circle Fix the flaw, incomplete magic circle by key E. Fill up the bar to win, lose all 10 orbs to lose. Arcade mode: 1.fill up bar now recover all 10 orbs but increase speed. 2.Your score will be register on Hi-Score board. 3.Get over 10000 points to get ""The Secret Code"" ??? (Maybe there are more than 3 bets you can choose when Merlin was asking you...?) ---warning--- The secret code is randomly generated every time this game initiate to prevent p"
67	c9af58c0-a3e2-4294-8777-cd7ad1be3304	Tidying Up	Intrapath	2023	newgrounds.com	https://www.newgrounds.com/portal/view/881447	gameplay			Puzzle; Sliding; Pixel; Level Editor; Community Content	secondary-mechanic-tag		Community Content; Level Editor; Sliding			6.4928	a013	Cannibal Workshop	0.0643	Tidying Up is a wholesome little puzzle game where you take on the roles of Capy and Roombella as they work together to clean up Capy's house and reconnect over the course of the afternoon. It's a major undertaking, but they can get it done as long as they work as a team! Tidying Up features a full story mode as well as an in depth level editor where you can upload and share your own creations as long as you're logged into your NG account. -----REPORTING A BUG?----- Please PM Intrapath with as many details as you can! The most important details you can include are the exact steps you took in-game before the bug occurred. The device and browser you're on are also helpful! A few folks have bee
68	f59413fa-44e8-4efe-80e0-602873b27ee1	Mandelbrot Explorer	Ted Staley		ewmstaley.org	http://www.ewmstaley.org/fractals.html	gameplay			Toy; Interactive; Fractal; Auto-zipped	Fractal	Fractal	Fractal			10.6142	a155	Exception Ladder	0.0586	For a final project in my Intermediate Programming class, which focused on C and C++, I worked with a partner to create a program that allowed a user to explore various fractals. The user could zoom in on the fractal to see the immense (infinite) detail, and change the colors to their liking. Although the most well-known fractal is probably the Mandelbrot set, we also included several Julia sets and our favorite, Lyapunov fractals. I do not have any screenshots remaining of the program we created, but I did create a Mandlebrot set explorer in flash in order to get some of the mathematics down. The pictures are taken from that flash program. In addition, I have included a picture of a Lyapuno
69	786ad6ed-7674-4aa2-3daa-f858a4053511	Shadez 2: Battle for Earth	Sean Cooper	2009	newgrounds.com	https://www.newgrounds.com/portal/view/514776	gameplay			Strategy; Side View; Real-Time Strategy; Lane-Based Strategy; Upgrade; Military; Silhouette	Lane-Based Strategy	Lane-Based Strategy	Lane-Based Strategy			9.2824	q102	Walking Room	0.0774	Shadez 2: Battle for Earth is the follow up to Shadez: The Black Operations. The player returns as the general of a Mercenary force. This force has been hired by the governments around the world to fight a war that they cannot win. With many nations in ruins from the initial attack, governments have been left with little to defend themselves. This is where you can defeat the enemy and be the dominating force in the world. The Enemy itself is unknown. This is why you are hired; they came, they saw and they wanted it. They are machine based with no evidence of real intelligence yet just an instinct to kill and eradicate life. They must be stopped before the whole earth is completely wiped-out.
70	ff7f712d-e6bc-9756-3cf8-8ea3190707f5	Smokaz Challenge	Armegalo	2007	newgrounds.com	https://www.newgrounds.com/portal/view/360982	gameplay			Puzzle; Sliding; Drugs; Mouse-only; Klotski; Auto-zipped	Klotski	Klotski	Klotski; Sliding			10.1933	q041	Keyhole Budget	0.0803	Help da smoka by gettin da copaz out da way Author Comments: Use the mouse to move the police dudes out of the way so you can get the spliff in his mouth!
71	c43edd4d-1bb5-4b72-b077-89c957b4abf9	Build a Phone !		2003	scholastic.com	https://www.scholastic.com/play/phone.htm	gameplay			Puzzle; Promotional; Mouse-only; Assemblage	Assemblage	Assemblage	Assemblage			10.6777	q035	Momentum Bank	0.0647	You're no phone-y! You've got what it takes to build your own virtual phone. Put all the pieces into place. If you got it right, your phone may be ringing off the hook. You're no phone-y! You've got what it takes to build your own virtual phone. Just click and drag the pieces into place. If you got it right, your phone may be ringing off the hook. Build A Phone was inspired by the Play! Scholastic TM toy, Telephone Kit. Learn about technology and electronics by building your own light-up telephone! Kit includes all elements necessary to build a phone. Available exclusively at Toys R Us® and through the Scholastic Store!.
72	05bccd30-0120-409d-932b-f8faba22fa1a	AHG285 総選挙	Ken / ケン	2012	game-island.info	http://game-island.info/original/ahoge03/ahoge03.php	gameplay			Stick; Anime; Defense; Game Jam; Ahoge; Sorting	Sorting	Sorting	Sorting			9.0194	f039	GemCraft	0.0323	★ゲーム概要★ 第3回あほげー出展作品です。 お題は「285」です。 ライバル「あほ美ちゃん」へ投票しようとするファンを投票箱の前で待ち構えて迎撃しましょう！ ★操作方法★ カーソルキー：左右移動 Zキー：パンチ ★連絡先★ このサイトには掲示板が無いので、メールフォーム、又はブログのコメント欄にでもお願いします。
73	25bf493d-ad75-46c5-bb6f-ca473f8482c6	Warasite	Moses Bounty		g4g.it	http://www.g4g.it/fgv/2010/11/10/warasite/	gameplay			Shooter; Arcade; Action; Puzzle; Score-Attack; Pixel; Shoot 'Em Up; Time-Attack; Defense; Upgrade; Sequential	Sequential	Sequential	Sequential			9.6586	q126	Copycat Trap	0.0657	You control a parasite, the mean one.. ok not that mean. actually a bit cute. Each level there's a goal you must achieve from eating, killing other parasite or sometimes save and fed some annoying amoeba. You got like 12 weapons to buy and 6 abilities with 5 level to upgrades, more than 50+ achievements and more than 15 level and 20 minigames. Compete for highscore in the last level. Ok, mind that numbers and grab your mouse to rules!
74	b8cbd1cd-794a-45c4-a60e-84305cf713cc	Cube It	Armor Games		armorgames.com	http://www.armorgames.com/	gameplay			Puzzle; Level Editor; Creative; Axonometric; Tile Traveler; Auto-zipped	Tile Traveler	Tile Traveler	Tile Traveler; Level Editor			9.9427	a010	Spare Path	0.0524	Cube-It is a new improved version of one of my ancient games called Red Squares. See how long it takes you to beat all 20 challenging levels. Trust me they are all beatable.
75	16ba989d-3e29-40db-84a2-bdcc4ed40950	Alchemichal Musick	Lars A. Doucet	2005	fadupinator.com	http://www.fadupinator.com/play_alchemicalmusick.html	gameplay			Puzzle; Music; Mixing	Mixing	Mixing	Mixing			9.4712	q148	Delayed Commit	0.0615	"I made this project for my MUSC 402 (Music and Sound for Media) class my Junior year of college, way back in my undergraduate days. The assignment was make a ""virtual instrument."" I had had a dream once, in which a chorus of dancing fairies were singing about ""dragon's potion X"" where X was some color. The only verse I remember distinctly was: Dragon's Potion Red, Makes the bumps fall off your head! (percussion solo) It was all pretty surreal. I remember there were all sorts of other colors, but I forgot the verses to them. I also remember that each one RHYMED, even and especially the ones that had ""rhyming"" words that didn't rhyme in real life. For instance, one of the verses might have bee"
76	3f6ecd08-18f6-46a1-963f-65e1eef154d4	Where's My Water? Changeable Duck	2PGame		play-games.com	https://www.play-games.com/game/5807/wheres-my-duck-changeable-duck.html	gameplay		Where's My Water?	Puzzle; Physics; Lemmings; Where's My Water?	Lemmings	Lemmings	Lemmings; Physics			9.3791	g019	Slow Bell	0.0603	Wheres My Duck Changeable Duck is an interesting game appeared on our site in which you must show that you have quick reactions and logical, because only you will be able to successfully fulfill your objective. Pay us a like if you enjoyed our game and leave us a comment with your opinion about Swampy. In these games in games featuring Swampy will need to help the crocodile our favorite to reach the end of each level safely. To succeed must pass the obstacles that stand in the way, and to move them needs a special duck which can take several forms: square, circle and triangle. In the first level you have to use the space bar to start its movement to push the duck Swampy square-shaped pit tha
77	9dc05fb9-df64-4468-9be4-e3f23aa8b898	Plumber	Terry Paton	2004	gamesloon.com	https://www.gamesloon.com/free-puzzle-7/pipes-paths-games-293/plumber-29005.html	gameplay			Arcade; Puzzle; Score-Attack; Pipe Connector; Auto-zipped	Pipe Connector	Pipe Connector	Pipe Connector	construction	connect the	11.7085	g038	Tally Room	0.0812	Plumber Game Description Rotate the pipes by clicking on them in order to connect the tap with the overflow pipe. Once you've connected the pipes click the tap to go to the next level before time runs out. Points are gained for the fewer moves made, the quicker the level is finished and how many pipes we're used. Plumber Game Instructions Use your mouse to rotate the pipes. Play the Plumber Game Free online at GamesLoon!
78	8d169ade-3577-4cf2-8487-4a6e96d1965a	Le Boulanger	Matthieu Chavigny		web.archive.org	https://web.archive.org/web/20210102200604/http://www.flash-game.net/game/1312/le-boulanger.html	gameplay			Arcade; Score-Attack; Dodge; Balancing; Mouse-only; Fixed Screen	Balancing	Balancing	Balancing	indirect-physics	balance	11.3546	q101	Carousel Coordinates	0.0512	Some people have excellent balance ability so that they can vertically hold a stick on their hands or noses for hours. Do you want to experience that? Le Boulanger is a skill game on in which your mission is to help the man hold the stick as long as possible. To achieve this, you need to move the man according to the falling tendency of the rod. If the stick will fall in the next second, you will lose your game. Likewise, if you touch the falling things such as dirty clothes, you also lose your game. Good luck!
79	ef534c36-60be-579b-369f-69adc08f799c	Scriball	GazThomas	2009	newgrounds.com	https://www.newgrounds.com/portal/view/478364	gameplay			Puzzle; Level Editor; Mouse-only	construction		Level Editor	construction; indirect-physics	draw a path; momentum	10.3429	a092	Crease Memory	0.1092	Draw a path for the ball to roll along in this innovative skill game. There are 43 levels in total + a boss battle + extra levels you can unlock if you're mad enough to beat it with all 3 balls. If that's not enough for you though don't worry I put high scores and a level editor in there too :) TIPS: -The ball can travel up through the line but not down so feel free to jump through it. -Keep your momentum by drawing smooth curves. -Create a V shape if you need to trap the ball. -Use a good mouse! This is a challenging game, try to get the hang of it before rating!
80	c6ce3a82-4a62-452b-9479-76d3e05442cb	Cubic Rubic	Ultimate Arcade	2005	addictinggames.com	https://www.addictinggames.com/puzzle/cubic-rubic	gameplay			Arcade; Puzzle; 3D; Score-Attack; Logic; Twisty Puzzle; Auto-zipped	Twisty Puzzle	Twisty Puzzle	Twisty Puzzle			10.0415	f031	Wake Up the Box	0.0741	If you dont remember the Rubiks Cube, you probably wont understand this one. Its a bit weird as a 2D object. Also, you cant take it apart and put it back together when you want to start over.
81	0baa9454-4208-4037-a6cb-ef538dda29e1	Game of Life	TS_Jules	2011	kongregate.com	https://www.kongregate.com/games/TS_Jules/game-of-life	gameplay			Toy; Cellular Automata	Cellular Automata	Cellular Automata	Cellular Automata			10.0219	a022	Gain Garden	0.0827	The Game The Game of Life is not typical computer game. It is a ‘cellular automaton’. It consists of a collection of cells which, based on a few mathematical rules, can live, die or multiply. Depending on the initial conditions, the cells form various patterns throughout the course of the game. The Rules For a space that is ‘populated’: Each cell with one or no neighbors dies, as if by loneliness. Each cell with four or more neighbors dies, as if by overpopulation. Each cell with two or three neighbors survives. For a space that is ‘empty’ or ‘unpopulated’ Each cell with three neighbors becomes populated.
82	b2a5cc03-db49-4b9b-9a81-00f389394c87	Araneo	Osokin 'elm' Makar; Karma Team		cuteflashgames.com	http://www.cuteflashgames.com/game/araneo.html	gameplay			Arcade; Puzzle; Timing; Match-3; Time-Attack; Claw Game	Claw Game	Claw Game	Claw Game; Timing			9.7879	a031	Branching Actuator	0.073	Grab the wobbly creatures with spiders, and match them up.. Its crazy, its fluffy and totally pointless. But lets be honest its very addictive :P Note: released creatures have a 20% change of changing color, it could work against you, or you could maybe take advantage of it ;)
83	6c8e8a84-d7c0-4466-b510-4c572b65cdb9	Ethan Haas Was Right	Mind Storm Labs	2007	jayisgames.com	https://jayisgames.com/games/ethan-haas-was-right/	gameplay			Puzzle; Promotional	indirect-physics			indirect-physics; information	balance; decode the	9.9338	q115	Partial Demonstration	0.0795	Ethan Haas Was Right (EHWR) is a viral marketing campaign developed by Mind Storm Labs to promote its role-playing game Alpha Omega: The Beginning and The End. It involves an apocalypse taking place in the near future, and those who will band together to survive it and those who bring it down upon this world. The game received publicity online after it was erroneously connected with the J. J. Abrams film Cloverfield. The game consists of a series of Flash puzzles, all concerning a giant sphere that changes shape as each one is solved. Behind the sphere, a city skyline at night is visible. As one completes the puzzles, the image progressively changes to that of a destroyed city. The online ma
84	7c8f0477-3eaf-4263-b26e-8a7800520800	Cubus Velox	Jens Winterstein	2013	kongregate.com	https://www.kongregate.com/games/knarrenheinz/cubus-velox	gameplay			Arcade; Runner; Stencyl	constraint-and-interface			constraint-and-interface; indirect-physics	one button; gravity	9.3299	q144	One Reset	0.071	Cubus Velox is a one-button, high-speed, extreme difficult platform game. Guide the Cubus through 30 levels filled with seemingly impassable passages and defy gravity while you’re gliding through vast fields of spikes and traps. Featuring a retrotastic soundtrack by Eiswuxe! Also available on Android and iOS.
85	f23139bc-9d9f-42f5-a4c8-ff40b6a40373	Pundle	Cory Anotado, Christian Carrion		pacdudegames.com	https://pacdudegames.com/pundle/	gameplay			Puzzle; Word; Codebreaker	Codebreaker	Codebreaker	Codebreaker			9.5362	g062	Ballast	0.0765	Pundle is a brand-new word game from the minds at Pacdude Games. If you’ve ever played Wordle, Dordle, Lingo, Wheel of Fortune, Hangman or Definition, then you’ll definitely understand how to play. Guess the answer to today’s Pundle with as few hints as possible! Tap or type a letter and hit the Enter button to see if it’s in the puzzle. You can only get one vowel as a hint. As soon as you think you know what the solution is, hit the Solve Puzzle button. Enter a wrong letter while you’re solving, and it’s Game Over! The Pundle is a clever, punny answer to Today’s Clue. Can you solve it with no letters? Puzzles are written by Christian Carrion and the game was designed and is developed by Cor
86	e8f6eb49-2ed9-4c0c-8862-51d525eba25d	Three Corners Animation	A. A Azevedo	2010	sandlotscience.com	http://www.sandlotscience.com/Impossible/Three_Corners.htm (via web.archive.org)	gameplay			Toy; Educational; 3D; Informative; Optical Illusion	Optical Illusion	Optical Illusion	Optical Illusion			9.9774	q129	Decoy Learner	0.0711	Use the player buttons above to animate a 3D rotation loop for this elegant triangle. Can you guess how the shape will look at the end of the sequence? It takes a canny eye, as you watch the object rotate in 3D space from it's Ames Transformation Angle (a state of impossibilty) to a completely normal, and very possible object. No tricks. From possible to impossible; there, and back again.
87	4bc30245-5417-41f1-8061-b5543347569a	What's Inside The Box?	Bart Bonte	2016	kongregate.com	https://www.kongregate.com/games/bontegames/whats-inside-the-box	gameplay			Puzzle; Variety; Sliding; Mouse-only; Grid Toggle	Grid Toggle	Grid Toggle	Grid Toggle; Sliding			9.6692	f031	Wake Up the Box	0.0843	What’s inside this box? A lot of puzzles! Can you solve all 30 and discover what is hidden inside? Since Flash is dead in the browser, this game is now a part of ‘The Bart Bonte collection’! A collection of 28 of my Flash games carefully packaged and remastered for you, all accessible from a menu loaded with achievements, playable on the big screen of your pc! Available NOW on Steam or Itchio: Thanks for your support, Bart Instructions Since Flash is dead in the browser, this game is now a part of ‘The Bart Bonte collection’! A collection of 28 of my Flash games carefully packaged and remastered for you, all accessible from a menu loaded with achievements, playable on the big screen of your 
88	05b723ac-d66e-499d-88f8-f695fd73e835	StarBaron	Tim McCormick; Kyle Durand	2008	maxgames.com	MaxGames.com	gameplay			Strategy; Level Editor; Node-Based Strategy	Node-Based Strategy	Node-Based Strategy	Node-Based Strategy; Level Editor			9.5802	q124	Counter-Predator	0.077	Real-time strategy game set in space. This game requires strategic thinking to progress more than a few levels, and is not meant to be easy. If you go far in this game, you have a talent!
89	56316693-c04e-41b5-bc79-5c8c94b5e5f1	Project Lyra	HamsterPvP	2012	deviantart.com	https://www.deviantart.com/hamsterpvp/art/Project-Lyra-340047540	gameplay		My Little Pony	Puzzle; My Little Pony; Memory; Shell Game; Auto-zipped	Shell Game	Shell Game	Shell Game			7.4662	q057	Raft Shape	0.0482	"I was bored and a friend told me to make a ""Find Lyra""-Game, so i decided to make... this? Choose the Pony you want to play with and then guess where it is. Images are found by Cliff, here are the artists: Roseluck: Dash: Rarity: Pinkie Pie: Fluttershy: Applejack: Cherry Fizzy: Cherry Jubilee: Caesar: Mr. Fizzy: Beauty Brass: Fancy Pants: Daring Do: Mayor Mare: Sapphire Shores: Filthy Rich: Lotus: Aloe: Daisy: Trixie: Ms. Cake: Mr. Cake: Cheerilee: Twilight: Apple Cobbler: Berry Punch: Luna: Shining Armor: Photo Finish: Spirtfire: Hoity Toity: Changling: Lyra: Dr. Whooves: Cloudchaser: Vinyl: Bon Bon: Colgate: Derpy: Octavia: Carrot Top:"
90	de50df88-e123-4c3d-9695-43eee55c3927	Blondes VS Brunettes 2x2 Football	CoolGames / CoolTuning	2011	cooltuning.kiev.ua	http://cooltuning.kiev.ua/GameGen.php?GameUrl=Blondes%20vs%20Brunettes%202x2Football	gameplay			Sports; Experimental; Physics; Epilepsy Warning; Soccer; Top-Down	distributed-agency		Experimental; Physics	distributed-agency	control both	7.4332	g014	Long Shadow	0.0501	Blondes vs Brunettes 2x2Football: Score goals to opponents gates. You control both your players. Блондинки против Брюнеток: 2х2 Футбол
91	abd8a07c-b53c-4da5-85ca-a3ffe15b5a4d	Institute II, Electric Boogalo	KingofPawns	2008	deviantart.com	https://www.deviantart.com/kingofpawns/art/Institute-II-Electric-Boogalo-97735919	gameplay			Simulation; Walking Simulator; Epilepsy Warning; Top-Down	goal-revision		Walking Simulator	goal-revision	sacrifice	7.3731	q090	Lineage Garden	0.0683	Basically you walk around my school and talk to people and stuff. The filesize is fairly large because we didn't want to sacrifice the quality of the music. press SPACE to start and to enter events, use ENTER to exit events, use SHIFT as directed If your wandering around at the end, keep in mind that theres no way to win.
92	68ab6335-3f2a-46c5-b868-eb448513b586	Russian Roulette	sheenufilms	2016	deviantart.com	https://www.deviantart.com/sheenufilms/art/Russian-Roulette-By-Sheenufilms-638928353	gameplay			Shooter; Simulation; Blood; Luck Roller; Auto-zipped	Luck Roller	Luck Roller	Luck Roller			9.1447	q126	Copycat Trap	0.0741	The classic game of Russian Roulette: one bullet in the chamber, spin, see if your lucky...or not. Very simple and straight-forward instructions: -You are the player on the left -Press the buttons that show up on screen to perform an action -See if the AI is going to kill himself. -Let's hope that one bullet isn't pointing at you
93	2cda95ec-4fc2-4910-aa07-c9cef85ca97d	The Life of Squid	squidsquid	2008	kongregate.com	http://www.kongregate.com/games/squidsquid/life-of-squid/	gameplay			Arcade; Educational; Score-Attack; Quiz; Cephalopod; Mouse-only; Food Chain; Aquatic; Zoology; Auto-zipped	Food Chain	Food Chain	Food Chain			9.3427	q140	Grounded Labels	0.0629	Grow your squid by eating fish that are smaller than you while avoiding those that are larger. Navigate through levels of increasing difficulty, use your speed boost, collect score bonuses and answer squid trivia! Instructions Use the mouse to control your squid, left click for a short speed boost. Eat fish in quick succession for score bonuses.
94	cac052eb-5e58-4d5e-b195-91c2a2842db8	Kirby Bomberman			twoplayergames.org	https://www.twoplayergames.org/Kirby-Bomberman/810.html	gameplay		Kirby	Arcade; Action; Kirby; Top-Down; Bomb Maze; Auto-zipped	Bomb Maze	Bomb Maze	Bomb Maze			9.0733	g058	Solder	0.0801	"We are presenting you a great game which is developed with bomberman the legendary atari game and Kirby which is one of the cutest characters of Nintendo. Then again, you will not only play this game alone, but also with your buddy. If you are ready, let's begin! Click on ""PLAY"" button to proceed main menu after the game is loaded. Then click on ""START"" button to proceed. Specify the number of player. You can start playing after you specify the game difficulty and select your character. Your goal is to blow up your rivals by bombs. 1st Player: Move: ""W,A,S,D"" Bomb: ""SPACE-BAR"" 2nd Player: Move: ""ARROW KEYS"" Bomb: ""ENTER"" Here is detailed information about this game; if you blow a block up, s"
95	02b81bca-b974-4e05-a97a-c715797f45c2	Extra-Terrarium	BatMantiz	2011	newgrounds.com	https://www.newgrounds.com/portal/view/570141	gameplay			Simulation; Experimental; Clicker; Auto-zipped	system-dynamics		Experimental	system-dynamics	ecosystem	7.7231	g008	Two Skins	0.077	I tried to make this game as intuitive as possible, but for anyone who has any questions... -Click on the seeds on the right to send them into the tank. They will look after themselves if they can. -The round hole with teeth that lights up is the shredder. Don't like how your ecosystem is developing? Shred it all!!! -The higher your complexity, the more different the organisms get. -Plants need CO2, but too much can kill your animals, and vice versa! I won't tell you what's what, as some is obvious, and also it'll spoil the surprise for the others! Just know that everything fits into the game as a plant, herbivore or carnivore. If people like this game, I'll get onto making a scoreboard for 
96	7b1947a7-d971-4568-82ba-01d16e60f009	Rollin Tot	Frisky Owls		maxgames.com	MaxGames.com	gameplay			Arcade; Physics; Auto-zipped	state-transformation		Physics	state-transformation	rotate the world	7.028	q102	Walking Room	0.0619	Rotate the world, help little Tot to reach his flying friend! Explore the diverse worlds, collect stars and meet new characters in this entertaining, funny physics-based game! Game features: - 28 levels, 4 unique worlds, - Innovative physics-based gameplay mechanics, - Cute adorable characters, - Different types of surfaces: sticky, trampolines, etc. - A variety of enemies: hiding, running and even exploding. - Exclusive scenes with main characters of the game after completing each world.
97	aec66481-287f-4a01-96b5-92caf2d05886	Shadow of the Ninja 2	Nupixo Interactive	2013	maxgames.com	MaxGames.com	gameplay			Arcade; Platformer; Action; Score-Attack; Side View; Stealth; Auto-zipped	information		Stealth	information	invisible	7.5216	q060	Clockwork Tool	0.0546	Shadow of the Ninja returns with more missions and gemstones to collect that ever before in this fantastic sequel! Sneak past the enemy to rescue the prisoners and collect power-ups to give you the ability to teleport, become invisible and jump higher in fifteen new, stealthy platform levels.
98	e37e0316-1a4b-0471-256d-546b92f24fbc	Monsters TD 2	booblyc	2013	armorgames.com	https://armorgames.com/play/14512/monsters-td-2	gameplay			Strategy; Tower Defense; Side View; Fantasy	topology-and-view			topology-and-view	move the screen	6.6868	g041	Spindle	0.0821	Defend your base from a series of weird and freaky monsters. Build defenses to prevent them from reaching the portal. If you have troubles with saving the progress in the game: 1. Check if cookies are turned on in your browser 2. Check if your browser does not clean cookies when it restarted. 3. Turn off any programs that can clean cookies. Controls Click, hold and drag the mouse cursor or WASD/arrow keys to move the screen. Use scroll wheel or key +/- to zoom / zoom out the screen. -1,2,3 – spells -space – speed up/ down -enter – start the wave
99	634024f5-a08c-4028-b8d4-58f435700a04	Beam Runner	Max Cahill / Geti	2011	1bardesign.com	https://www.1bardesign.com/games/experiments/BeamRunner/	gameplay			Platformer; Puzzle; Level Editor	time-and-order		Level Editor	time-and-order	reverse time	7.305	q112	Negative Demonstration	0.055	"There was once a robot so sneaky that he managed to steal an incredible artifact known as the ""red pixel"". It allowed him to reverse time and thus attempt any obstacle thrown at him as many times as he should wish. Mean people in space thought this was less than fair, so they mined the surface of the planet, killing many hapless civilians in the process, and then focussed the beam of their LaserMaster3000 on the robot. He is now forever on the run from the unsavoury laser folk in space. On weekends, the robot works part time as a web designer for a small collective in Montreal."
100	477c24d4-a3d5-4f81-b91c-0efee2a5c0ac	Drop Dead: Remains	ttursas	2016	kongregate.com	Kongregate.com	gameplay			Arcade; Physics; Level Editor; Community Content; Ragdoll; Auto-zipped	secondary-mechanic-tag		Ragdoll; Community Content; Level Editor; Physics			6.3669	a153	Family Resemblance	0.0741	Although the company went bust, we put together the remains of Drop Dead 4, and this is what came out. It’s a frankenstein! If people play it, and like it, we’ll keep on adding new features, objects and levels. Available only on Kongregate!
101	72dae309-1210-40be-b766-9a872a429ce3	Fractal Explorer	Speedly	2014	kongregate.com	https://www.kongregate.com/games/Speedlv/fractal-explorer	gameplay			Toy; Fractal; Auto-zipped	Fractal	Fractal	Fractal			9.9047	q100	Recursive Gate	0.0612	Images of the Mandelbrot set display an elaborate boundary that reveals progressively ever-finer recursive detail at increasing magnifications. Use various coloring methods to make as visually stunning image as you can. click to zoom.
102	00173990-cc8f-66cd-e086-76b1a7b73096	Shadez 3: The Moon Miners	Sean Cooper	2012	newgrounds.com	https://www.newgrounds.com/portal/view/608051	gameplay			Strategy; Space; Side View; Real-Time Strategy; Lane-Based Strategy; Upgrade; Military; Achievements; Silhouette	Lane-Based Strategy	Lane-Based Strategy	Lane-Based Strategy			9.2768	f008	Upgrade Complete	0.0622	Moon base Alpha 12 has come under attack; the Aliens have landed. Power has been interrupted, drilling has ceased and the atmosphere is reversing. Many lives are at stake. Your mission, if application is successful, is to regain control of Alpha 12 sector and remove all Alien installations. Due to the mission being on the moon, we can supply you with new equipment and special structures. Warning: Aliens have some kind of long reach attack strike can also supply you with upgrades based on your achievements. Good luck!
103	05c84562-41ae-45a9-8ead-644b47178583	Rush Hour 3D	Ami Hanya Games	2012	kongregate.com	https://www.kongregate.com/games/amihanya/rush-hour-3d	gameplay			Puzzle; 3D; Sliding; Away3D; Klotski	Klotski	Klotski	Klotski; Sliding			9.7549	q188	Future Walls	0.0884	Move the cubes with your mouse. Try to drag the red cube to the hole in the wall.
104	7b75f828-abf3-4107-971e-758d11953426	クターのパンプキン工場	Giga Rensya		kutar.com	https://www.kutar.com/game?title=KWG3PUMP100	gameplay		Kutar	Arcade; Score-Attack; Halloween; Feline; Kutar; Assemblage	Assemblage	Assemblage	Assemblage			9.9058	f031	Wake Up the Box	0.0334	笑っているのか、泣いているのかさっぱり解らないが、ハロウィンの準備も怠らない驚異の無表情キャラ、クター。 今日はハロウィンに使われるクターパンプキンの出荷作業のアルバイトだ。 次々とグルグル流れてくるクターパンプキンを正確に仕分けよう。 仕分け間違えてしまうとゲームオーバーだぞ。 ゲームのあそびかた ・次々と流れてくるクターパンプキンを仕分けよう！ ・顔がついているのが正しいクターパンプキンだよ。正しいものが流れてきた時はクリックで仕分け、そうじゃない時はクリックせずにそのまま流してしまおう。 ・仕分けを間違ってしまうと工場が緊急停止してゲームオーバー。 このゲームのコツ：パンプキンの顔に集中しよう！
105	8a546856-9660-428c-9a19-03fd83f9cb9e	Gold Medal Challenge			asklistenlearn.org	http://asklistenlearn.org/wp-content/themes/all/swf/gold_medal_loader.swf	gameplay			Arcade; Score-Attack; Mouse-only; Health; Sorting	Sorting	Sorting	Sorting			8.8533	q073	Phase Change	0.0894	Train like a superstar athlete! Pack yourself and your teammates a healthy snack box to give you the energy you need to make it through the day.
106	1b345c59-06fb-4b57-b779-f18833e86b23	Durian's Revenge	Elventales		gamesfree.com	http://www.gamesfree.com/game/durians_revenge.html	gameplay			Puzzle; Physics; Logic; Sequential	Sequential	Sequential	Sequential; Physics			9.5165	q090	Lineage Garden	0.0777	Help Durian to become the one and only king of fruit. Clevery construct the levels to make Durian get ride of the other fruits to end as the only one left. A funny physics game with 23 levels. Instruction Click on the bottom tool panel to place a part on the stage. Click the Go button to see your results.
107	7f447d69-6ada-464b-b15a-57e6331461b9	q*beart		2000	flashghetto.com	https://flashghetto.com/games/qbeart	gameplay			Arcade; Score-Attack; Pixel; Epilepsy Warning; Axonometric; Ursidae; Tile Traveler; Fixed Screen	Tile Traveler	Tile Traveler	Tile Traveler			9.5746	q005	Lantern Census	0.0907	Use the arrow keys to jump on the squares to change them to the target color (green color). Stay on the play field! Jumping off results in a fatal plummet avoid all objects and creatures. Be careful and have fun!
108	9cb6b425-0f52-a609-82c6-1fe6016d9816	Elementcyclopaedia	RickyTheHedgehog	2011	newgrounds.com	https://www.newgrounds.com/portal/view/571832	gameplay			Puzzle; Mouse-only; Mixing; Auto-zipped	Mixing	Mixing	Mixing			9.1671	a141	Reversible Scrambler	0.0529	A Tribute to Doodle God by RickyTheHedgehog, play Doodle God if you haven't already! Author Comments: This is a tribute to Doodle God, and was very heavily inspired by it, so if you haven't played Doodle God yet, please do so! You can find it by searching on NG, or you can click on the link to it on the preloader. Please tell me if you find any bugs/problems. There are 2 modes in this game: God Mode, and Devil Mode. Both are explained in-game. There are 320 elements in this game. So, yeah. Finally submitted something to NG that isn't crap! (At least in my opinion.) I made this in just under a week, surprisingly. Please rate fairly, and don't rate me down because it is like Doodle God. I know
109	d013f3b0-047f-4028-ae4c-a710430fc791	Puppet Rush	Player 2 Games Ltd.		hairygames.com	http://www.hairygames.com/play-puppet-rush.html	gameplay			Puzzle; Lemmings; Auto-zipped	Lemmings	Lemmings	Lemmings			9.1327	g011	Slick	0.0786	Puppet Rush is a fast paced puzzle game which requires quick reflexes and even quicker fingers. Guide puppets to safety by giving them the right directions. There are four different worlds and over 80 levels. Guide the puppets around a board into the portal while avoiding bots roaming the board. The puppets and bots all move in predictable paths by always turning right when hitting a wall head on, by following corners or by turning around when in a dead end. You can help the puppets go towards the portal by placing arrows on the board. You can then change each arrow's direction by clicking it again. Press the space bar to pause the game.
110	850a59d5-1dde-4019-8cfd-bcacbd06f810	Plumber 3	Terry Paton	2008	newgrounds.com	https://www.newgrounds.com/portal/view/440104	gameplay			Arcade; Strategy; Puzzle; Score-Attack; Pipe Connector	Pipe Connector	Pipe Connector	Pipe Connector	construction	connect the	11.6499	q189	Inheritance	0.0938	Connect the pipes! Author Comments: This is a simple sliding tile game with a twist. You can only slide a peice into an empty spot (indicatd by the yellow arrows), and you must connect the blue pipeline with the gold exit pipe. Easy! If you want to submit your highscore before finishing the whole game, make sure you press the quit button in the top left of the gameplay area.
111	e6c74917-66e8-4231-aa07-6fc2a41f18b8	Old Constructor	Sun Games	2010	newgrounds.com	https://www.newgrounds.com/portal/view/554480	gameplay			Arcade; Puzzle; Physics; Balancing	Balancing	Balancing	Balancing; Physics	indirect-physics	balance	11.3136	f031	Wake Up the Box	0.1142	Click to select a shape then balance it on the existing platform. Press A and D to rotate shapes. Use all the shapes to pass the level.
112	33bbc4cd-8182-4012-82f3-db942f546759	Bloktonik	Jason Cirillo / Robotube Games		shixe.com	http://www.shixe.com/game/bloktonik.html	gameplay			Arcade; Score-Attack; Tetris	construction			construction; indirect-physics	connect the; gravity	10.1401	g027	Cue	0.0726	"How to Play USE THE ARROW KEYS TO CONTROL THE GAME. Use the mouse to navigate menus. The game is very simple. As the Bloks fall in, you will need to land them based on the direction of ""gravity"" that is pulling them. For instance, if a Blok is falling in from the right side, you will need to land the Blok by connecting the Blok's LEFT side to the cluster. If the Block is falling from the bottom, you will need to connect the TOP of the Blok to the cluster, and so forth. The cluster is always started with the first drop connecting to the white ""anchor"" in the center. All Bloks somehow connected to the white anchor are considered part of the cluster. You must connect 4 Bloks of the same color t"
113	15a5ac3e-4a2d-4c8b-8b2d-ceba8bf56fe5	Rubik's Cube			coolmathgames.com	https://www.coolmathgames.com/0-rubikscube	gameplay			Puzzle; Mouse-only; Twisty Puzzle; Auto-zipped	Twisty Puzzle	Twisty Puzzle	Twisty Puzzle			9.9788	q065	Asymmetric Twins	0.0862	Rubik's Cube at Cool Math Games: This is a computer version of a Rubik's Cube. You can twist it all around to check for your next moves. INSTRUCTIONS The goal is to get the puzzle back to its original form with only one color on each side of the cube. Click the arrows to rotate a row. Drag (click and hold) the cube to turn the whole cube around.
114	368c5451-f739-479b-b8e9-a4f21ba0da1c	John Conway's Game of Life	Joseph Huang	2004	a.parsons.edu	http://a.parsons.edu/~joseph/k2/gameoflife/life.html (via web.archive.org)	gameplay			Toy; Educational; Mathematics; Informative; Cellular Automata	Cellular Automata	Cellular Automata	Cellular Automata			9.9738	g013	Rot Garden	0.0584	Directions: 1) click on grid to populate cells. 2) hit start bar to start life generations. Rules: For each generation, a cell with 1 or 0 neighbor dies a cell with 4 or more neighbor dies a cell with 2 or 3 neighbor survives an empty cell with 3 neighbor gets populated
115	56a14cda-0537-48e6-868b-37e89f487bda	Gold Fishing	Fupa.com		fupa.com	http://www.fupa.com/play/Action-free-games/goldfishing.html	gameplay			Arcade; Simulation; Time Management; Claw Game	Claw Game	Claw Game	Claw Game			9.3793	q149	Model Tokens	0.0642	The demand for gold is high and Bob needs some gold. In the game of Gold Fishing it is your job to help Bob obtain as much gold as possible. In this game there are pieces of gold and stones it is your job to use your hook and catch the nuggets of gold. As you try and hook the cold the hook will swing periodically and it is your duty to watch the hook and spring it to action when you think the position is right, Be fast though because if you are unable to gain the target money within the time limit, then you lose the game. Now go collect your fortunes and get that gold! This game is free. Tags: gold, fishing, fun, action, android
116	3b4d4a36-2d44-451a-aee1-0fea558941d4	Nev vs. Bouncer Boy		2004	bbc.co.uk	http://www.bbc.co.uk/cbbc/smile/games/nevbouncer_030604.swf (via Wayback Machine)	gameplay			Arcade; Auto-zipped	indirect-physics			indirect-physics; information	bounce; invisible	9.6331	g049	Cloudbank	0.0781	The aim of the game is to direct Nev across the dancefloor to the golden star using the cursor keys, collecting as many records as you can along the way. Take care to avoid Bouncer Boy who is trying to bounce Nev out and bust the records before he can collect them. Beware - Bouncer Boy becomes invisible once you start to play and you have to take it in turns to move one square at a time across the board. If you manage to pick up the gold disc you can freeze Bouncer Boy who will become visible while you take 5 free moves. Make sure you get Nev to the golden star before the 45 seconds are up and see if you can make it to level 2, where you'll need to avoid the special spring squares that bounc
117	bbf09649-7de1-48a7-adda-1d2c6567b638	Super Gravity Rush	Max Games		armorgames.com	http://www.armorgames.com/	gameplay			Arcade; Auto-zipped	constraint-and-interface			constraint-and-interface; indirect-physics	one button; gravity	8.8386	a008	Cascade Autopsy	0.0779	A fun, casual, simulated multi-player one button game that everyone can enjoy. Press SPACE to switch gravity, the first player to win 3 races wins.
118	98480d4c-713e-4192-8b34-d1cb75144f08	Super Color Brainiac	MJK Games	2010	newgrounds.com	https://www.newgrounds.com/portal/view/552190	gameplay			Arcade; Puzzle; Score-Attack; Codebreaker; Clickteam Fusion	Codebreaker	Codebreaker	Codebreaker			9.5219	q149	Model Tokens	0.0633	Classic puzzle game - break code of four colors! Author Comments: In case someone remembers Mastermind, a classic board game from the 1970's, then he will recognize this game as well! Super Color Brainiac is a single player Mastermind clone enhanced with new game modes and more colors and of course with online high scores. It's a logic puzzle game, where your objective is to conclude which four colors are hiding under the question marks! Drag & drop colors and receive feedback on your guess in red and white pegs. Red peg is given for correct color in correct position. White peg is given for correct color in wrong position. Help also available in-game before the game starts or by pressing the
119	041fb691-12e7-4e25-8299-765864a34519	Impossible Rotating Crate	Tony Azevedo	2001	sandlotscience.com	http://www.sandlotscience.com/Impossible/Impossible_Crate.htm (via web.archive.org)	gameplay			Toy; Educational; 3D; Informative; Optical Illusion	Optical Illusion	Optical Illusion	Optical Illusion			9.847	q065	Asymmetric Twins	0.0747	Mouse over the image of this impossible crate design to move it through a short range of motion. You will see the crate rotate normally, complete with crawling shadows. You will also see 2 of the supports existing where they cannot be. The farthest support back is one of them. Can you find the other?
120	902487d7-bc36-4a2e-9fc5-b1ed90e674ec	TurnToGreen	webpost	2010	kongregate.com	https://www.kongregate.com/games/webpost/turntogreen	gameplay			Puzzle; Score-Attack; Mouse-only; Grid Toggle	Grid Toggle	Grid Toggle	Grid Toggle			9.5156	f006	Multitask	0.0543	It’s simple “All Lights Out” game. Turn all red buttons to green for win. Instructions Click on “S” to start or restart to game. Click on red or green button to turn.
121	6ec9ebc7-76d4-410e-b8ae-f8013e54aafc	Civilizations Wars II: Epic	Cave of Wonders Studios		bubblebox.com	https://www.bubblebox.com/play/3611/civilizations-wars-2-epic.htm	gameplay			Strategy; Node-Based Strategy; Upgrade; Cartoon; Achievements	Node-Based Strategy	Node-Based Strategy	Node-Based Strategy			9.5745	q102	Walking Room	0.058	A very long awaited sequel to the hit fast thinking rts/rpg game. The Exotic Princess was kidnapped by the Evil Wizard, it's up to you to rescue her. So you took your army and made a legendary rush through enemy grounds, many Epic quests and Epic battles. Your most Epic legend in the world of Civilizations Wars begins... Battle through levels, learn spells and skill, use inventory and craft items, conquer giant monsters and rescue the Exotic Princess. Create your legend
122	627d731f-3248-4516-8ba2-c11b4f2b8888	Epic Boss Fighter 2	Entertainment Forge	2015	armorgames.com	https://armorgames.com/play/15931/epic-boss-fighter-2	gameplay			Action; Shoot 'Em Up; Upgrade; Cartoon; Monster; Top-Down; Bullet Hell; Human	distributed-agency			distributed-agency	different abilities	7.312	q149	Model Tokens	0.0594	After our hero Blast conquered 10 bosses from his previous encounter, another wave of epic bosses came down to earth to cause chaos and destruction. This time these bosses doubled their numbers and are way more bigger and badder! Totally unique bosses with different abilities that will force Blast to use a different upgrade system. Upgrade suits and collect different items and help Blast become the baddass looking hero there is. Be sure to ask a friend to help you defeat these bosses as we also have included coop-multiplayer system that will enable 2nd player to join you on defeating bosses. Three game modes for you to conquer, Normal, Hard and Insane Levels. And don't forget to collect all 
123	ee603692-0f97-3d35-0260-451e39a31514	Tails Cosmic Rush	TheBlox	2008	newgrounds.com	https://www.newgrounds.com/portal/view/448824	gameplay		Sonic the Hedgehog	Runner; Sonic the Hedgehog; Dodge; Anthro; Canine; Incomplete; Auto-zipped	goal-revision			goal-revision	sacrifice	7.24	a188	Synchronization Word	0.063	Visit this link for updates and info about Cosmic Rush... cosmicrush.deviantart.com ***READ THIS BEFORE YOU PLAY! (important) Please...*** First of all, if you TAP the jump button (and fly button), you jump low and a short distance. HOLD IT IN to jump higher and get a greater distance. This will help in some circumstances. Keep in mind, this game is quite hard (it was meant to be this way)! Requires Flash 8 or higher! The game contains high graphics that may lag on some computers. Do not give me bad ratings if your computer can not handle it. ***EDIT :: Currently I am trying to fix the problem that has destroyed my FLA file (see paragraph below about it, my FLA broke). If things keep looking
124	201b9c26-8b11-478b-a2e6-587ed9911a7f	Extreme Russian Roulette	jackson-buckwheat	2007	newgrounds.com	https://www.newgrounds.com/portal/view/386169	gameplay			Shooter; Simulation; Stick; Blood; Luck Roller; Auto-zipped	Luck Roller	Luck Roller	Luck Roller			9.0969	g039	Stitch	0.0696	Game Updated: Alcohol now has one effect in terms of graphics and one effect in terms of gameplay, Jesus only happens if turned ON, 1 glitch worked out. This game has been by far the toughest I've ever worked on. I'm aware that there are still a few minor glitches, but feel free to report any you find and I'll try to fix them. I hope you have fun playing this. Once again, thanks to for almost all sounds, and to my friend Tie-Dye for the gun design on all guns but the AK47.
125	79258996-12e1-4441-b677-b35b87bcae61	Born To Be Big			y8.com	https://www.y8.com/games/born_to_be_big	gameplay			Arcade; Score-Attack; Mouse-only; Food Chain; Aquatic; Auto-zipped; Fish	Food Chain	Food Chain	Food Chain			9.2212	q126	Copycat Trap	0.067	No one wants to be the small fry. Work your way up the food chain eating any fishes that fit in your mouth in this fun arcade game! Keep your wits about you and avoid anything that could turn the tables on your feeding frenzy. And watch what you eat, no one gets big on fish bones and garbage. Keep sharp and stay hungry, you were Born to be Big!
126	de812084-1b68-b836-f0f4-624b19e75f8d	Playing with Fire 2	gamesarcade.net		y8.com	https://www.y8.com/games/playing_with_fire_2	gameplay			Action; Bomb Maze; Auto-zipped	Bomb Maze	Bomb Maze	Bomb Maze			8.9723	a110	Mobile Cover	0.0484	Select the number of players and level to start the game. Blow up your opponents using bombs before they manage to kill you. Destroy blocks to leave behind power-ups which will give you special abilities when picked up. Each player has three lives so they will need to be killed three times to be eliminated. There is a 3-minute time limit in place. If you win a game, you will score the number of seconds remaining on the timer multiplied by 250, times the number of opponents in the game. Losing a game will result in that amount of points being subtracted from your score
127	39437161-7478-4cb9-ba07-ece758ea27e8	Aquarium	Dannylv100		dannyquesada.weebly.com	https://dannyquesada.weebly.com/updates/aquarium-flash-game	gameplay			Toy; Simulation; Auto-zipped	system-dynamics			system-dynamics	ecosystem	7.41	q129	Decoy Learner	0.0892	Aquarium is a demo I developed while I was in school. The object of the game is for the player to raise a pet goldfish. As the player progresses they can use money to purchase things such as additional fish, decorations and bigger aquariums. This demo was made for a school project. The project was to teach us about working with outsourcing. The project had us create a game that would be made for the Iphone platform. I competed against fellow students. I had to give a demonstration of the game in front of students and faculty. The votes were placed by students and a few of the professors. Ultimately I came in second place. I got 13 votes with the winning game receiving about 15. Unfortunately
128	8c613614-5491-44aa-b858-b2fd7ba1bb29	Slide Puzzle	Left Brain Games		lbgdev.biz	https://lbgdev.biz/Games/vangogh/slider.swf	gameplay			Puzzle; Sliding	state-transformation		Sliding	state-transformation	swap places	6.5682	q090	Lineage Garden	0.0906	Click two adjacent pieces to make them swap places, and try to unscramble the entire image before time runs out. It's a challenge, but you'll be surprised at how quickly you catch on!
129	e0274790-acb8-472f-a796-141d5f3d6c88	You Are Disabled	Cory Martin	2013	newgrounds.com	https://www.newgrounds.com/portal/view/630414	gameplay			Platformer; Action; Pixel; Intentionally Infuriating; Ludum Dare; Game Jam; Heavy Themes; Auto-zipped	information			information	blind	7.4922	q173	Density Drift	0.06	Made in 72 hours for the Ludum Dare Jam: --- You Are Disabled is a platformer where your character is plagued with a random disability at birth, seen as inferior by humanity and discarded underground. Your character must cope with his/her disability while trying to escape the underground prison. Each disability brings something somewhat unique to your playthrough. DISABILITIES: Crippled Nearly Blind Spastic Illiterate CONTROLS: Space/Z = Jump Arrow Keys/WASD = Move Down/S = Talk and Read --- UPDATE - V1.1: Thanks for all the plays and feedback. I'm very happy with the reception this game has gotten. This game seems to have resonated with a lot of you, and that's very cool. I realize that man
130	f66b9f8a-6cc3-450e-974c-d599cea0ab04	Jungle Tower 3	Shajby	2012	newgrounds.com	https://www.newgrounds.com/portal/view/587245	gameplay			Arcade; Score-Attack; Stacking; Time-Attack	topology-and-view			topology-and-view	move the screen	6.6462	g040	Gauge	0.0835	Jungle Tower 3 is a third part of popular physics high-scores game with very original and addicting gameplay! Its a mix of balancing and matching game! Use the mouse to move the falling block and hold the left mouse button to increase the speed! Press up/down to move the screen. PLACE THE BLOCK ON ONE OF THE 3 STANDS! If the block LANDS on the block of the same color it will destroy it and you get double points! PLACE AS MANY BLOCKS AS YOU CAN!Score depends on the size of the block! Dont lose any block!
131	eeb2f8cd-d4a5-46d9-bdc2-83b1d526baab	Reverse Race			oneonlinegames.com	http://oneonlinegames.com/games/reverserace	gameplay			Racing; Arcade; Sports; Score-Attack; Time-Attack	time-and-order			time-and-order	reverse time	6.3445	g041	Spindle	0.0676	Its Reverse time! Drive and race your car in reverse position. With the keys switched too, try to beat your opponents to the finish line. Enjoy this fun, exciting and confusing game. Use the arrow keys to move the car.
132	70ba27b8-915a-4527-b08c-dd93fa4b0b8b	Less is More?	Sebastiano Morando	2013	newgrounds.com	www.newgrounds.com/portal/view/616942	gameplay			Puzzle; Physics; Level Editor; Community Content; Ludum Dare; Game Jam; Mouse-only	secondary-mechanic-tag		Community Content; Level Editor; Physics			6.349	g027	Cue	0.0592	Be very minimal: get rid of the color nonsense. Make the colored blocks disappear from the screen. Click on the black boxes to cancel them. But be aware: you have a limited number of clicks. Each block has a different behavior: it's the beauty of diversity. We are sure that less is more? Made in less than 48H for the LD26 Competion This is a post-compo version with a level editor implemented with the newgrounds api. UPDATE v1.1 + automatically saves your progress UPDATE v1.2 + added a pause button (press P) + added a video walkthrough + removed a bug that makes the next level button appears in the editor UPDATE v1.3 +added a little tutorial for the first level If you find some bugs please co
133	b0675046-1017-4e54-80bb-cc4f491f4f1d	Fractal Growing Tree	Trevor McCauley		senocular.com	https://www.senocular.com/flash/source/?entry=631	gameplay			Other; Interactive; Mouse-only; Fractal	Fractal	Fractal	Fractal			9.7729	q115	Partial Demonstration	0.1027	This fractal tree grows branches that split into two other branches that repeat the process for a set number of times until leaves are shown.
134	5a420e4a-3581-4fd2-a5ca-79f703ddc58e	Zombie War	Phil Maxey	2009	kongregate.com	https://www.kongregate.com/games/FlashGameMaker/zombie-war	gameplay			Strategy; Real-Time Strategy; Zombie; Lane-Based Strategy	Lane-Based Strategy	Lane-Based Strategy	Lane-Based Strategy			9.1963	g024	Cuff	0.0816	As the last platoon of soldiers on earth your job is save humanity from the zombie hordes! Kill all the zombies in each sector to clear that level and move onto the next. Take control of your soldiers and use them to destroy the zombies and build defenses. Use your commanders gun to protect your base. Once the base is destroyed it’s game over! Use the upgrades to kill more zombies! You start each level with 3 soldiers. A Machine gunner, a Hand grenadier and an engineer. Each solider type has different abillities. Use the engineer to build walls and lay mines once you have upgraded.You can order in more soldiers if you have the funds to do so. Soldiers are dropped in by a plane. You can click
135	136c686a-d889-4166-8bf7-02003ded01bb	SpinIn	David Tzur / DavidTZ	2015	newgrounds.com	https://www.newgrounds.com/portal/view/665172	gameplay			Puzzle; Klotski	Klotski	Klotski	Klotski			9.3012	g011	Slick	0.0754	It is a very strange puzzle game, where most of the levels made up of no more than 3 pieces. Instruction: Move all the shapes together in one of the four direction until till they hit wall, (use the mouse or the keyboard). Your goal is to get the diamond out!
136	614cb53c-7c6b-4550-a93b-b244a19108a0	Singapore Children’s Society: Recycle Sort	Singapore Children’s Society; Nanyang Polytechnic	2015	childrensociety.org.sg	https://www.childrensociety.org.sg/egames	gameplay			Educational; Time-Attack; Environmentalism; Sorting	Sorting	Sorting	Sorting			8.7086	q164	Stop Test	0.1065	Why is saving the environment important? Do you know what can be recycled and what cannot? Fun facts await you in this Recycle Sort game.
137	34cd9520-d91c-40ca-9346-b9f60dd68d87	Inside the Chloroplast: The Calvin Cycle Game			spongelab.com	https://www.spongelab.com/interactives/gdl/Calvin/index.cfm	gameplay			Educational; Puzzle; Science; Sequential; Biology	Sequential	Sequential	Sequential			9.2859	q113	Alternating Teacher	0.0711	In the Calvin cycle game users play the system learning about the enzymes and components involved, and about the concept of 'recycling' as it pertains to a biochemical 'cycle. The Calvin cycle or Calvin–Benson cycle or reductive pentose phosphate cycle is a series of biochemical redox reactions that take place in the stroma of chloroplasts in photosynthetic organisms. The net result of this cycle in the production of sugar.
138	c32a74a9-ce7d-42ba-bf9c-49b4dd6fdc65	Platform Maze...	Bobberticus		andkon.com	http://andkon.com/arcade/puzzle/platformmaze/	gameplay			Puzzle; Level Editor; Time-Attack; Tile Traveler	Tile Traveler	Tile Traveler	Tile Traveler; Level Editor			9.572	g029	Twinned	0.0969	Using the arrow keys, move through the maze. You must have stepped on every single tile precisely the number of times as shown on it.
139	17f7d182-76de-4c25-ba86-3e0a6ed4a70a	Doodle God	Avaloid / JoyBits	2010	newgrounds.com	https://www.newgrounds.com/portal/view/540083	gameplay			Puzzle; Mouse-only; Mixing	Mixing	Mixing	Mixing			9.1351	q144	One Reset	0.0697	Doodle God puts the power of creation in your hands. Mixing and matching different elements, work your way up, all the way from bacteria and beetles, to clay and ceramics, to tools, weapons and beyond! But beware, creating a whole world is not so easy - inventing the wheel might just end in a plague of zombies... Don't worry though; you're not completely alone on your cosmic journey! Every time you successfully create a new item or procedure, you'll also be rewarded with the wit and wisdom of some of the greatest philosophers and comedians! [30/06/2010] - Tnx to ALL for support, and for rewards, and for FP! We have added medals, and fixed a lot of small interface bugs. We also working on seq
140	fa846411-96ff-4505-aa21-1ebff397f57f	Explosioneer	Ninja Kiwi		ninjakiwi.com	https://ninjakiwi.com/Games/Action/Play/Explosioneer.html	gameplay			Puzzle; Level Editor; Lemmings	Lemmings	Lemmings	Lemmings; Level Editor			9.1184	f031	Wake Up the Box	0.0734	Escape the hazardous laboratory through 30 blasting adventures. Use exploding vents to burst your lab workers away from traps and killer robots! Enjoy!
141	9d3082ea-095d-4252-9682-90224e40925c	gridz	AtomicCicada	2009	armorgames.com	http://armorgames.com/play/4994/gridz	gameplay			Puzzle; Mouse-only; Pipe Connector; Auto-zipped	Pipe Connector	Pipe Connector	Pipe Connector	construction	connect the	11.5404	g035	Dress Code	0.0744	Players need to organize the GLYPHS so that each GLYPH has power AND all of the connections are used, but they MUST do all this while juggling TWO conflicting sets of POWER that CANNOT CONNECT. The puzzles have been balanced to ease players into the mechanics of GRID 2, with in game tutorials to walk them through the early, learning oriented puzzles. After that they're on their own!
142	e0f054ef-30fb-4e4d-8925-805b90c9926e	Equilibrium			gamingdelight.com	http://www.gamingdelight.com/games/equilibrium.php	gameplay			Arcade; Score-Attack; Balancing; Mouse-only	Balancing	Balancing	Balancing	indirect-physics	balance	11.2738	g008	Two Skins	0.0707	Keep the balance controller below the unicyclist stabilized to prevent him from falling off the tightrope. There are three types of balls that float by; the blue balls will give you points, the red ones will kill you and the green balls give you an extra life. Use your tightrope as a slingshot to project the unicyclist in the air and catch the balls.
143	8600035d-ec1f-4ccd-af1b-c36ff0164213	Draw Bounce	Emanuele Feronato		maxgames.com	http://www.maxgames.com/	gameplay			Puzzle; Drawing; Auto-zipped	construction		Drawing	construction; indirect-physics	draw a line; bounce	9.6202	a145	Self or Wind	0.0818	Draw a line with your mouse and let the ball bounce to the star. With power ups, and over 50 fun levels. You will be hooked!
144	47b07864-d0a5-4b81-8f67-2d712c3be227	Rubik cube	Eric Lin		mathsisfun.com	https://www.mathsisfun.com/games/rubiks-cube-puzzle.html	gameplay			Toy; Puzzle; Mouse-only; Twisty Puzzle; Auto-zipped	Twisty Puzzle	Twisty Puzzle	Twisty Puzzle			9.4703	q065	Asymmetric Twins	0.077	See if you can solve this famous puzzle in this great version by Eric Lin. Click and drag to move.
145	c9d9ee1e-7d09-4fde-9e35-40b276630299	The irRegularGame of Life	Gordon Simpson; younameit5; t3cat5	2008	armorgames.com	http://www.armorgames.com/	gameplay			Puzzle; Logic; Cellular Automata	Cellular Automata	Cellular Automata	Cellular Automata			9.3306	a197	Reconfigurable Cell	0.0876	Be amazed by the fascinationg grid patterns that evolve from 4 simple cell rules, and puzzle your way through 42 levels.
146	c0c4c7a8-48e8-48af-8f89-352b7e86aac7	The Junk Yard		2008	freeworldgroup.com	http://www.freeworldgroup.com/games6/gameindex/thejunkyard.htm	gameplay			Arcade; Stacking; Claw Game	Claw Game	Claw Game	Claw Game			9.3593	q089	Persistent Passenger	0.0937	Running a junkyard can be dangerous business. Your objective in this game is to work as a crane operator and move trashed cars, trucks and buses to the compactor. The trick is stacking the cars so that they don't fall over! During each level you are given a weight quota of vehicles to stack and a limited time to do it in. Aim carefully with the crane and try to stack the cars neatly - the neater the pile the more compact the final product will be (and the more points given). Once you have reached your quota weight, you must then operate the compactor directly to squash the vehicles into a small cube. Try to maximise the power settings for vertical and horizontal compaction to get the best re
147	ff6a1bbf-4051-4b7f-87a2-f4249ccdd5e7	Quantum of Light	Foumart Games	2014	newgrounds.com	https://www.newgrounds.com/portal/view/644455	gameplay			Puzzle	indirect-physics			indirect-physics; information	flow; invisible	9.524	g031	Chiral	0.0695	A relaxed yet challenging puzzle with 24 levels. Author Comments: Guide the Photon flows towards the target Crystal in this tranquil educational puzzle. Click/Tap to rotate the in-game tiles and change the angle of rebounding in order to navigate the photon flow properly. With each success you will be rewarded with a piece of knowledge about Electromagnetic Spectrum and the “invisible” for the human eye energies. Complete all 24 levels and open all pages from the Encyclopedia of Light! Mouse Left Click – rotate tiles clockwise Mouse Right Click – rotates counter clockwise P – pause game R – restart game M – mute audio Lock tiles by clicking on them while holding the SHIFT key. Unlock using t
148	1d6ccc2d-38a9-463a-adff-afd7c572d83f	Gravitum	Retromite		armorgames.com	http://www.armorgames.com/	gameplay			Runner; Auto-zipped	constraint-and-interface			constraint-and-interface; indirect-physics	one button; gravity	8.6622	q126	Copycat Trap	0.0913	The one button, auto running, gravity flipping adventure, with social sharing and multiplayer features.
149	587bbde8-5f41-4f9c-ba48-fb23ae5d89b8	Mastermind	Wwward		play.vg	www.play.vg	gameplay			Puzzle; Codebreaker; Auto-zipped	Codebreaker	Codebreaker	Codebreaker			9.4023	g038	Tally Room	0.0703	The computer selects four randomly colored pegs. The object of the game is to guess those four color pegs, in the correct order. Use your mouse to select colors and then place pegs in the holes. Start by selecting colors from the bottom and guessing colors on the left (by clicking on the bottom row). After you make your guess, the computer will tell you how many you got correct: White Circle: Means you guessed a color correctly, but put it in the wrong order. Black Circle: Means you guessed a color correctly and got it in the right slot.
150	b8ae41a9-3ea0-449d-b8eb-bd49f78f6e60	Mark's Micro Magic Illusions Online			crackerjack.com	www.crackerjack.com	gameplay			Toy; Promotional; Other; Optical Illusion	Optical Illusion	Optical Illusion	Optical Illusion			9.7385	q081	Shell Identity	0.0572	"You probably know Mark Jenest from his national television appearances and best-selling magic products, but to Cracker Jack fans, he is the magician behind ""Mark's Micro Magic"" that recently appeared as the prize in select packages of Cracker Jack. Mark now brings some of his most exciting illusions online."
151	9e62333f-90cb-f14f-d3d6-d36a8b34c048	Duck: Think Outside the Flock	Bart Bonte	2008	bartbonte.com	http://www.bartbonte.com/duck	gameplay			Puzzle; Variety; Live Action; Mouse-only; Grid Toggle; Auto-zipped	Grid Toggle	Grid Toggle	Grid Toggle			9.4735	q003	Blind Growth	0.0729	Duck, think outside the flock, a Bart Bonte game 25 levels for you to crack while you quack...
152	4bd8ff95-5ba0-4bb2-bda7-eb94b3040749	Spiral Drive	Nico Tuason; Jesse Valentine		bubblebox.com	https://www.bubblebox.com/play/3731/spiral-drive.htm	gameplay			Strategy; Space; Science Fiction; Node-Based Strategy; Auto-zipped	Node-Based Strategy	Node-Based Strategy	Node-Based Strategy			9.543	a053	Service Rhythm	0.0742	Take command of your fleet and battle against deadly smart astronauts. Your objective in this real-time-strategy game is to capture your opponents space stations. Strengthen your forces and manage your ships capacity level strategically. Alternate between massing your ships together for defense and spreading your forces to capture more stations. Act fast, because your enemy will not wait for you. Only the best tactician will achieve victory.
153	e6d59d73-1790-4a00-b1da-d10eea7f50f3	2x2 VOLLEYBALL Blondes VS Brunettes	CoolGames / CoolTuning	2011	cooltuning.kiev.ua	http://cooltuning.kiev.ua/GameGen.php?GameUrl=2x2%20VOLLEYBALL%20(Blondes%20vs%20Brunettes)	gameplay			Sports; Experimental; Physics; Epilepsy Warning; Volleyball	distributed-agency		Experimental; Physics	distributed-agency	control both	7.2787	f021	Fantastic Contraption	0.024	Girls Volleyball: 2 teams by 2 players. You control both your players. Волейбол: 2 х 2. Ты управляешь обеими своими игроками.
154	3ea748a2-5af6-4c69-bebe-f2db5203e697	Xmas Boom		2015	gamesbutler.com	https://www.gamesbutler.com/game/27122/xmas-boom/	gameplay			Puzzle; Physics; Christmastide	goal-revision		Physics	goal-revision	sacrifice	7.23	q149	Model Tokens	0.0604	In this game you will sink into the magical world of Christmas, full of chocolates and sweets. But there is a villain who hid all the presents! Do everything possible to collect all candies and kill the villain. Good luck! Just imagine that you are alone, obviously the only left after an incident occurred at the secret Infinity Inc. And you know must find a way out the big building immediately. Well, but ahead there is still a long and dangerous path, which is paved with deadly traps. That is why, you will have to use the clone gun to reproduce yourself as you sacrifice your clones to pass all danger inside the Infinity Inc. So, everything depends on you right now. Just use all the skills an
155	a34b384b-e097-4689-b540-dbf026d6f1be	Il gioco dei pacchi			cartoline.it	https://www.cartoline.it/scherzi/gioco-dei-pacchi-affari-tuoi-2732.htm	gameplay			Parody; Game Show; Luck Roller	Luck Roller	Luck Roller	Luck Roller			8.9562	q142	Ghost Alternatives	0.0171	Il conduttore Paolo Simpaticonis presenta il nuovo Gioco dei Pacchi virtuale. Proprio come in televisione bisogna scegliere i pacchi da eliminare. Esilaranti gli interventi del presentatore che intervallano le scelte. C'è anche l'infame che propone il cambio pacco. Dopo tanta fatica si scopre finalmente il premio che si vince e che consiste in un simpatico scherzo.
156	6215ec8b-3cf2-4fe9-a47b-50a9190bf6ec	Let's Play With Particles	Tapir Games; Kenney Vleugels	2015	tapirgames.com	https://www.tapirgames.com/Games/LetUsPlayWithParticles	gameplay			Arcade; Puzzle; Score-Attack; Mouse-only; Food Chain	Food Chain	Food Chain	Food Chain			9.1892	q149	Model Tokens	0.0729	"""Let's Play With Particles"" is a casual action game helpful in training brain agility ability. It is a game bundle containing some mini games, in all of which massive particles play an important role. Currently, two mini games are finished and included in this game: 1. ""Dodge & Absorb"" - dodge hollow small circles, collect dot tiny particles. 2. ""Put Circles"" - put circles in the gaps between particles. There is no goal for an individual level. The goal is to put as many circle as possible in the whole mode (10 levels)."
157	c55d1aa1-d822-4302-b6a8-fa3cfffd6f2a	Undead Hunter	7Thelf		bubblebox.com	https://www.bubblebox.com/play/1230/undead-hunter.htm	gameplay			Arcade; Zombie; Top-Down; Bomb Maze; Auto-zipped	Bomb Maze	Bomb Maze	Bomb Maze			8.8903	q102	Walking Room	0.0844	In the new millennium the world sunk into the depth of a nuclear disaster. Surviving human colonies are regularly attacked by mutated zombies coming from the depths of an old military laboratory. Blast yourself to the lower decks of the underground base, fighting the evil creatures and the radiation.
158	32b9054c-edff-47c6-a06c-9fd1261a0a99	Portal of the Dead	io3creations	2014	newgrounds.com	https://www.newgrounds.com/portal/view/643895	gameplay			Shooter; Platformer; Action; Zombie; Run 'n' Gun; Game Jam	system-dynamics			system-dynamics	infect all	6.9213	g042	Cull	0.0561	Save the Newgrounds Portal from the undead (blammed). Author Comments: Updates: -Thank you for the front page, Tom! :) -I've updated the enemy spawning on Level 4. If anyone encounters the issue of not being able to finish a level due to missing an enemy, let me know. The Newgrounds Portal has been overtaken by a mysterious virus. It has already resurrected many deleted (blammed) user submissions. It's up to you, P-bot (Portal bot) to blam the resurrected back to their grave before they take over Newgrounds and infect all user submissions.
159	4dc9bce7-a841-4e6a-a32f-47bd8617d54e	BDAY - Dress the kitty	fishingsock	2007	deviantart.com	https://www.deviantart.com/fishingsock/art/BDAY-Dress-the-kitty-63575973	gameplay			Dress Up	state-transformation			state-transformation	changes color	6.4886	g037	Overburden	0.0505	HAPPY BIRTHDAY TO YOU! Gum, I wish you lots of love, fun happyness and everything! Yayels! It's :iconthe-flying-pie: birthday! Give her love! OuO I made you a game :3 And I really hope you like it..! The gameh This is my first try in flash. So ignore crappyness and mistakes... So what to do: Dress the kitty! Click and drag the clothes and put them in position! If you click the little paws, the cat changes color! Grey.. White.. AND, your own cattehs! Moezel, Spooky and Klojo! Thanks to: - [link] Amazing tutorial! - My brother and his friend XD 'Cause they are good with programs. 22 hours Flash Photoshop I saw this in a few times, like in chocospekkies gallery, and wanted to make one too. ENJO
160	6ee8cf28-5847-4641-8f61-a2fad70f93c7	AudioRacer	Lex Mortis; Negrin	2010	kongregate.com	www.kongregate.com	gameplay			Racing; Experimental; Auto-zipped	information		Experimental	information	blind; sound only	7.3317	q016	Blind Guide	0.078	Racing game which uses sound only, so blind people can enjoy this game too. Make sure you have the sound turned on, a headset is recommended.
161	a194c561-9c79-43a3-bb24-cd69f669a5a8	Logo Finder III	Lartar Games	2008	kongregate.com	https://www.kongregate.com/games/lartar/logo-finder-iii	gameplay			Arcade; Score-Attack; Quiz	topology-and-view			topology-and-view	inside out	6.6337	g033	Loading Bay	0.0565	are you looking something a little different? Logo Finder III This fantastic new version has huge appeal with its host of wacky, original, and a mental challenge that will twist your brain inside-out, upside-down and back-to-front trying to find out what is the logo you see on the screen. With addictive non-stop play, 33 total questions, 3 levels, this game will feed your mind with all the vitamins you need. finnaly, i finish this version, many many script code upgrades, so i hope you like it. You have know, timer, more logos 400 now with the classic 3 possible answers, music, and many other features, i hope you like it :)
162	a91ec61f-64f1-f5c8-25f7-b3bd4aa9fe8f	Time Experiment	RodKis	2014	newgrounds.com	https://www.newgrounds.com/portal/view/649983	gameplay			Platformer	time-and-order			time-and-order	turn back time	6.3375	q164	Stop Test	0.0886	You must leave the pazzle-level with time-machine. Author Comments: You were abducted by aliens, and now you are participating in the experiment with the time. You have a time-machine clock with three buttons: Play - normal movement of time. Stop - Stop the time relative themselves. Back - wrap back movement of time, carrying himself to the past ( you can change the past, but without changing yourself. ) With this clock you have to get out of the levels - puzzles. CONTROLS: Arrows - Movement. 1-Turn back time. 2-Stop the time. 3-Play nomal movement of time.
163	18150da8-36c5-4bf0-80ed-ada171095d30	Little Cannon	knugen; Rucklo	2010	newgrounds.com	https://www.newgrounds.com/portal/view/544029	gameplay			Arcade; Physics; Level Editor; Toss; Community Content; Mouse-only	secondary-mechanic-tag		Community Content; Level Editor; Physics			6.3202	q144	One Reset	0.0604	"Hotkeys ------------- Space - Restart level Esc - Back to menu M - Mute Q - Toggle quality Medals stuff --------------------- To earn the 'Creative' medal you must now add at least FIVE OBJECTS next to the cannon and basket that is already present. This because many of the levels before I made this change was everything but creative ;) The medals ""Addicted"" and ""Critic"" must be completed in one session. The counters are reset after the game is shut down, and since the level browser on this page reloads the game you must use the controls on the level select screen if you're aiming for these medals. If you unlock ""Sprayer"" or ""Bronze/Silver/Gold medalist"" but they doesn't show up in your profi"
164	652fc3dd-7bfc-4a72-9a70-9c355bd7874b	The Mandelbrot Set	Cary Huang		htwins.net	http://htwins.net/mandy/	gameplay			Toy; Fractal; Auto-zipped	Fractal	Fractal	Fractal			9.5603	q098	Rescue Order	0.0574	At first it looks like a blob with blobs around blobs, but after seeing this, you'll know that it's Z = z^2 + c. Yay!
165	cdd4d2d4-2241-4399-b525-d0154cd27384	Battle Gear	Belugerin Games	2008	newgrounds.com	https://www.newgrounds.com/portal/view/476331	gameplay			Strategy; Lane-Based Strategy; Military; Auto-zipped	Lane-Based Strategy	Lane-Based Strategy	Lane-Based Strategy			9.1409	q093	Milestone Garden	0.0635	Take charge of military operations and enter enemy territory by air, sea and land. Author Comments: Thanks newgrounds for the front page and daily 3rd. Thanks players for any feedback, I will try to update this game often as your feedback. It will be update at few next days. If there's big suggestions, would be add in the sequels, I hope it could be better. Battle Gear now completed the updates, more easy, so you can beat all level and all difficulty, play it! A Strategical Warfare Game. Your goal is to conquer the world. Start by choosing your side from one of three superpowers: USA, Russia and China.Take charge of military operations and enter enemy territory by air, sea and land. Game Ins
166	511b68fd-1240-4749-9b5a-0757b8565b88	Yellow Out	Aqeel Ahmad		begingames.com	www.begingames.com	gameplay			Puzzle; Logic; Klotski; Auto-zipped	Klotski	Klotski	Klotski			9.1628	q156	Bridge Logic	0.0976	From the same person who invented Rubics Cube, test you Problem Solving Skills in this flash version of the popular game.
167	6692f944-4591-4ecc-9e99-883fcad9338f	Clean and Green	Cambridge English Online Ltd.		learnenglishkids.britishcouncil.org	http://learnenglishkids.britishcouncil.org/en/games/clean-and-green(via (via Wayback Machine)	gameplay			Educational; Puzzle; Environmentalism; Sorting	Sorting	Sorting	Sorting			8.6863	q148	Delayed Commit	0.122	Your room is a mess! There's rubbish lying all around, but you can recycle it. Can you put the rubbish in the right recycling bins?
168	df47ad45-16db-43c1-81ae-8c58fefefb71	DomiHammi	DMT Games; Alvaro Baltrons; Maximiliano Demonte; Leonardo Fuentes	2012	kongregate.com	https://www.kongregate.com/games/FreeWorldGroup/domihammi	gameplay			Arcade; Puzzle; Score-Attack; Sequential; Mouse-only	Sequential	Sequential	Sequential			9.1966	a141	Reversible Scrambler	0.065	Hammi is trapped in Domino Land and needs your help to escape! Help him out with your dominoes and gadgets but don’t forget to get all the stars and make sure all dominoes fall! DomiHammi is a puzzle game that will put your wits and lateral thinking to the test. It is a fun 24 level adventure for all ages where experimenting and clever thinking is a must!
169	328f0f18-ebf8-477a-af7d-7ac01f496d2a	Froggo	Idiotzone.com	2008	freearcade.com	http://www.freearcade.com/Froggo.flash/Froggo.html	gameplay			Puzzle; Score-Attack; Logic; Time-Attack; Tile Traveler; Auto-zipped	Tile Traveler	Tile Traveler	Tile Traveler			9.5474	q161	Wager Gate	0.0684	Help Froggo travel from lily pad to lily pad, but be careful, the lily pad he just hopped off of may have sunk to the bottom of the pond! Instructions: Use the arrow-keys to move the frog. Step off a lily pad to remove it; remove all lily pads to complete the level. Darkly colored lily pads may be stepped on more than once.
170	62320c13-81a7-416b-b654-15ffc8518192	Doodle God 2	JoyBits	2011	newgrounds.com	https://www.newgrounds.com/portal/view/569454	gameplay			Puzzle; Mouse-only; Mixing	Mixing	Mixing	Mixing			8.9522	q144	One Reset	0.0715	The long awaited sequel from creators of Doodle God/Devil series is here! Doodle God 2 developed by JoyBits Ltd features improved reactions set, tons of funny quotes, two additional episodes of gameplay and updated graphics. The ultimate World Creation experience work your way up, all the way from bacteria and beetles, to clay and ceramics, to tools, weapons and beyond. But beware, creating a whole world is not so easy - inventing the wheel might just end in a plague of zombies. Unleash your inner god with Doodle God 2! ---- tnx guys for FP! and for supporting. just uploaded update with better hints, and also added music theme.
171	8ef73ef1-7649-419a-9aaf-952e1ae4a71e	Dibbles 4: A Christmas Crisis	The Podge	2012	kongregate.com	Kongregate.com	gameplay			Puzzle; Christmastide; Lemmings	Lemmings	Lemmings	Lemmings			9.0788	g011	Slick	0.0712	"The Dibbles return once again, but this time our King is on a new Christmas themed mission. Command the Dibbles and help their king safely cross 33 Xmas themed levels. What's so important to him that he needs hundreds of his loyal subjects to lay down their lives this time? You'll just have to complete the game and find out! New features include: - Slippy, slidey ice - New Xmas pressies that get in the way and can be moved around to form part of the solution - New ""Swan Dive"" command - New ""Ramp"" command - Multiple start and finish locations on some levels Merry Christmas!"
172	6107c8b8-d191-4f61-aa4e-e5c449419a49	Plumber Game 2		2015	kongregate.com	https://www.kongregate.com/games/Gamemanager/plumber-game-2	gameplay			Puzzle; Mouse-only; Pipe Connector	Pipe Connector	Pipe Connector	Pipe Connector	indirect-physics	flow	11.4419	q029	Fuse Map	0.0808	In Plumber Game 2 Sam needs to connect pipes to guide water to Clifford, the blue creature who’s screaming “Where’s my water?”. In Plumber Game 2 you must simply connect pipes and let water flow free from one point to another point. Plumber Game 2 has over 500 puzzle levels. Position pipes freely by simply drag & drop pipes to any position on the field. Your goal is to create the perfect connection.
173	a10fae09-1c55-4f94-9a33-4959200ac6cb	Box10 ATV 3	Box10		box10.com	https://www.box10.com/box10-atv-3.html	gameplay			Arcade; Action; Sports; Motocross; Time-Attack; Balancing	Balancing	Balancing	Balancing	indirect-physics	balance	11.2297	g016	Slow Post	0.0567	Even more ATV madness! See how fast you can race through these desert levels without crashing. Game Instructions: Up Arrow Key - Accelerate. Left / Right Arrow Keys - Balance. Down Arrow Key - Brake.
174	8ab22272-dea2-4f3b-a33a-e4e5b87b494b	Touch Red	dannybirch	2010	kongregate.com	www.kongregate.com	gameplay			Puzzle; Physics; Achievements; Auto-zipped	construction		Physics	construction; indirect-physics	draw a path; gravity	9.602	q193	Routine Builder	0.0718	Draw a path to help smiley find the red! You can alternate gravity also to help smiley get to the red! Beware: Smiley hates purple, but he loves red!
175	f6aee53e-14ee-4211-9dce-4c818cae8dd5	Cube 'O'			bigfishgames.com	https://www.bigfishgames.com/	gameplay			Puzzle; 3D; Twisty Puzzle	Twisty Puzzle	Twisty Puzzle	Twisty Puzzle			9.3626	q082	Borrowed Color	0.0896	Go retro with an online version of the classic puzzle cube from the 1980s. Slide the pieces to make each side a different color.
176	25aca0e5-93c2-1605-efca-eba4802daf92	Squirrel Harvest	Mateusz Skutnik	2006	mateuszskutnik.com	www.mateuszskutnik.com	gameplay			Arcade; Score-Attack; Time-Attack; Claw Game; Rodent; Auto-zipped	Claw Game	Claw Game	Claw Game			9.3256	q175	Pendulum Phase	0.0682	Get your grip on – we’re harvesting acorns in this nutty squirrel adventure. Help the squirrel collect as many acorns as possible in the time allotted. Stay away from falling bugs. It’s a fun harvest time! by moving your mouse up and down you change a squirrel’s position on the bamboo tree, then by clicking you release a claw to get acorns. Good luck.
177	86e1a919-b6aa-4658-b5e9-d0abdaa66b28	Talking with Signal Flags			nps.gov	www.nps.gov	gameplay			Puzzle; Vexillology; Auto-zipped	indirect-physics			indirect-physics; information	signal; decode the	9.3018	q149	Model Tokens	0.0865	The flags below are called International Marine Signal Flags and are used by ships at sea for communication. They can be used to spell out short messages, or individually or in combination to create special meanings. Each flag represents a letter of the alphabet. Decode the flags shown below.
178	df2ca2b0-81c2-4e9a-a6da-38b1412eb8d0	Draw-Ball 2	Dual Studios	2010	freearcade.com	http://www.freearcade.com/DrawBall2.flash/DrawBall2.html (via Wayback Machine)	gameplay			Puzzle	constraint-and-interface			constraint-and-interface; indirect-physics	without touching; gravity	8.6538	q003	Blind Growth	0.1216	Draw lines to get the ball into the goal without touching the bad spots! Use gravity switches in your favor as you move the ball.
179	cdbf593c-ac99-4eca-b50b-f0073ba2eacc	Brewing Trouble Mastermind Game	Birvan	2012	deviantart.com	https://www.deviantart.com/birvan/art/Brewing-Trouble-Mastermind-Game-312201946	gameplay			Puzzle; Codebreaker; Auto-zipped	Codebreaker	Codebreaker	Codebreaker			9.2847	q148	Delayed Commit	0.0799	Rules: - Click on the circles to swap between characters - Once you pick all 4, click on the OK button to submit your choice - Use the feedback provided to figure out the pattern (empty = no match found) (red brew = match found, but in the wrong place) (green brew = match found in the right place) The more levels you play the more characters you unlock. First person to get all 12 (and name them all correctly) wins a cookie XD
180	08e1b23c-62fd-4b40-abad-720953213350	White's Illusion		2002	web.archive.org	http://web.archive.org/web/20061017120134oe_/http://www.sandlotscience.com/Guided_Tours/Tour2/Tour2_4.htm	gameplay			Other; Optical Illusion	Optical Illusion	Optical Illusion	Optical Illusion			9.6974	q065	Asymmetric Twins	0.0703	The rectangle on the left is mostly surrounded by white. The rectangle on the right is mostly surrounded by black. Which rectangle appears lighter? Use the slider bar to move the rectangles back and forth. As the rectangles overlap you see that they are identical. Colors appear lighter when they are surrounded by white, and darker when they are surrounded by black. This is a color comparison problem using two identical rectangles against a b&w background.
181	06317df0-a134-4fd7-aa96-463920daa326	Blue	Kajenx / Lucas Paakh	2007	newgrounds.com	https://www.newgrounds.com/portal/view/391976	gameplay			Puzzle; Grid Toggle	Grid Toggle	Grid Toggle	Grid Toggle			9.0977	f031	Wake Up the Box	0.1099	Hey everyone, it's been a while! You can toggle the music and quality in game. Leave a comment, I'll respond! Enjoy!
182	283ef639-9acb-62ef-f52f-046504934476	Civilizations Wars III	Cave of Wonders Studios		armorgames.com	https://armorgames.com/play/17751/civilizations-wars-3	gameplay			Strategy; Node-Based Strategy; Upgrade; Cartoon; Achievements	Node-Based Strategy	Node-Based Strategy	Node-Based Strategy			9.5189	q102	Walking Room	0.0619	The Exotic Princess was kidnapped by the Evil Wizard, and it's up to you to rescue her. So, you took your army and made a legendary push into enemy grounds, with many epic quests and battles following. The most spectacular legend in the world of Civilizations Wars begins! Battle through the levels, learn the spells and skills, use your inventory and craft items, conquer the giant monsters, and rescue the Exotic Princess!
183	ed78cd17-3759-4cbc-85c4-2be9c2e86f4a	Ice Cream And Zombies	superwooper	2013	kongregate.com	www.kongregate.com	gameplay			Adventure; Choose Your Own Adventure; Zombie; Auto-zipped	distributed-agency		Choose Your Own Adventure	distributed-agency	multiple characters	7.2474	a175	Macro State	0.0705	In a world where people try to eat your brain, you have to fend off the partially deceased using only an ice cream van and your wits. You can play as multiple characters, enter massive boss battles and save the world in over 10,000 ways in this retro text adventure. Many have tried, many have failed, but can you keep your internal munchies internal? Can you escape the rank of N00b? And can you retain your dignity at the same time?
184	e48a0cb0-45ad-4e18-a5b1-fe0f037a4d9c	Maze Ball 3D	Quickflashgames.com		y8.com	https://www.y8.com/games/maze_ball_3d	gameplay			3D; Physics; Maze	goal-revision		Physics	goal-revision	must not	7.0073	q173	Density Drift	0.0914	Move the ball to the goal hole but be careful of the sinking holes, the ball must not drop at these holes. Exit holes are locked. You must get the key to unlock them. You can design your own levels with level editor option in the game. Move the mouse around the labyrinth maze to tilt it and move the ball. Move the ball to the goal hole but be careful of the sinking holes, the ball must not drop at these holes. Exit holes are locked. You must get the key to unlock them.
185	39a158e2-9c43-4219-85e1-97ce8fc089dd	Mobster Roulette			roundgames.com	https://www.roundgames.com/game/Maffia+Roulette	gameplay			Simulation; Gambling; Luck Roller	Luck Roller	Luck Roller	Luck Roller			8.8353	q189	Inheritance	0.0706	You're on a time crunch to get as much money as you can so that you can pay your debt to the mafia. Collect a loan from the loan office, find a job and work it, or gamble at the casino, and earn money quickly! If ten minutes pass, the mafia will come after you, and it's curtains for you!
186	800f8eb2-8f9b-44c1-8b05-c5d85a584f8f	Life of a fish	Xelius	2005	newgrounds.com	https://www.newgrounds.com/portal/view/222854	gameplay			Shooter; Arcade; Dodge; Blood; Mouse-only; Food Chain; Aquatic; Fish	Food Chain	Food Chain	Food Chain			9.1833	q093	Milestone Garden	0.0726	Eat fish smaller then you. Avoid bigger fish and the shark. Controls: Use the mouse to navigate the fish. This isn't a new game concept, It have been done many times before. But I have added levels, bosses and much more to make it even more fun. Enjoy!
187	004ee726-5e8e-4f3e-8a0f-d959c8a0399c	Naruto Bomb 2			games-kids.com	https://www.games-kids.com/game/4032/naruto-bomberman.html	gameplay		Naruto	Arcade; Pixel; Naruto; 3/4 View; Bomb Maze	Bomb Maze	Bomb Maze	Bomb Maze			8.8258	g063	Melt	0.0643	Every day with us, on your favorite games site games-kids.com, is a new opportunity to have more fun and enjoy every game we have to offer, games with some of the most interesting and beloved cartoon characters, just like the little boy Naruto is. We know that you are familiar with this character, every boy must know him and what are his special abilities, and you sure do know that he is a japanese cartoon character, a very energetic one, a true hero and a great ninja, but, before he becomes a higher rank ninja, he has to go through numerous missions and tests, in which he will need your help. We also know that you are not bothered about this and that you love spending time with Naruto, that
188	7c55cda8-1d34-aca3-8632-5e76f731d6b2	Imperium	Max Games	2008	addictinggames.com	http://www.addictinggames.com/strategy-games/imperium.jsp	gameplay			Strategy; Top-Down; Auto-zipped	system-dynamics			system-dynamics	resource management	6.8206	q144	One Reset	0.0837	Game description Imperium is a free strategy game. Found your town, make it flourish, and then take over your neighbor in Imperium, a strategy and resource management game. Construct your first building, and start gathering enough resources to create another, and another, and another, until you’ve spread far and wide across the land. Along the way, you’ll be creating plenty of units, and when the time is right, you can use those to wage war and take over the nearby empires. Because as we all know—there can be only one. Instructions Everything in this game is driven by the mouse. Select which building you want to construct, then place it on a land plot, but mind any requirements (lumber mills
189	f0b69731-fea4-477b-c7df-a0a449d904b4	Alter	madpixelante	2009	armorgames.com	https://armorgames.com/play/5038/	gameplay			Platformer; Adventure; Side View; Multiple Endings	state-transformation			state-transformation	grow and shrink	6.4204	q149	Model Tokens	0.0808	Grow and shrink the world around you in this light-hearted puzzle platformer. Planets collide and our intrepid little hero finds himself with the power to grow and shrink the world around him. Will he use his new power for good or evil? Will he be AWESOME or like-totally-super-lame? Can you get all four different endings?
190	d895957f-a7cb-4b38-b3f3-2b4a3201b2d3	Memories: First Arc	ksetsuni	2014	deviantart.com	https://www.deviantart.com/ksetsuni/art/Memories-First-Arc-Sim-Date-428186048	gameplay			Adventure; Dating Simulator	information			information	invisible	7.29	q045	Scout Drones	0.0598	Artist Academy: Memories Series Memories: Prologue (Visual Novel) by ksetsuni Memories First Arc Sim Date by ksetsuni We're currently taking suggestions for the third game. If you have suggestions, please comment on the journal below :) Suggestions for AA Memories Part 3? We're currently discussing some ideas concerning the game development for the third game. Though we have the main plot already decided, there are still many parts in the game (especially Ayano's interaction with Kakeru) that we've yet to come up with. So we kinda wanted to ask you guys... What do you guys think? Any suggestions for the third game? Here are the questions we want some answers to: What did you like about the s
191	5e86848f-18b1-4141-84e9-c401946126ea	Kitty Cat Crumble	Winsols		cookinggames.com	http://www.cookinggames.com/kitty-cat-crumble.html	gameplay			Simulation; Cooking; Time-Attack	topology-and-view			topology-and-view	inside out	6.1565	g046	Stale Sight	0.0786	You know the old saying: That's the way the Kitty crumbles. If you've ever been unsure exactly what it was that meant, then I implore you to play this game. Become the cat and see from the inside out just what it is that makes one come apart.
192	2c0f2e71-55d3-458b-91ef-b3008e3c2c7f	Time Travel Research Facility	Oracions	2012	newgrounds.com	https://www.newgrounds.com/portal/view/592999	gameplay			Platformer	time-and-order			time-and-order	rewind time	6.2723	g058	Solder	0.0768	You play Daniel, a researcher at the Time Travel Research Facility, and now you fight for your life. A failed experiment caused extradimensional monsters to appear all over the facility and only your time-manipulation powers can save you from both the monster and the facility's automated defense systems. Research must be put aside, if you don't get out of here soon, you'll never get out. Controls: [arrow keys] move [hold SHIFT] rewind time [hold CTRL] slow down time [press R] restart level
193	ea4ca7b0-cbee-45ac-9e93-b2629375be3c	Drop Dead 2	ttursas	2010	armorgames.com	ArmorGames.com	gameplay			Arcade; Physics; Level Editor; Community Content; Ragdoll; Moderate Violence; Alcohol	secondary-mechanic-tag		Ragdoll; Community Content; Level Editor; Physics			6.3124	q120	Hidden Policy Handoff	0.0625	Fling ragdolls and watch them explode! 6 worlds, lots of new hazards, the bloodiest ragdoll game ever is back with RPG elements! Contains editor and a hidden boss fight.
194	ed62de55-129d-4b59-9052-2a093307ff57	Sniper Tower Defender 1.7	3Quarter-Aiming	2009	newgrounds.com	https://www.newgrounds.com/portal/view/507193	gameplay			Strategy; Stick; Lane-Based Strategy; Defense	Lane-Based Strategy	Lane-Based Strategy	Lane-Based Strategy			9.1087	g046	Stale Sight	0.0702	"Enjoy playing this game! The all-time highscores are very hard to get on, but check the daily ones to see if you did any good :D! - your mate, moosey P.S. Also check out the ads, as tthey accually have some pretty fun games on them. beware: If time is ""Nan"", refresh the browser and wait for the preloader to finish before you click anything. P.P.S. Okay, this is the LAST time I will upload STD. I apologise for my prior releases, but I needed to know what the glitches were and also needed some feedback. As I now have all the feedback necessary, I can release the final version, any more bugs and I will re-upload it on this SUBMISSION. So keep your eyes peeled. Glitches fixed and additions from "
195	f693d69d-79a9-44f2-8b34-02acce02c0c7	Zipper's Kennel Chaos!	Soap Creative	2011	y8.com	https://www.y8.com/games/zipper_s_kennel_chaos	gameplay			Puzzle; Logic; Time-Attack; Klotski	Klotski	Klotski	Klotski			9.1156	q104	Conveyor Frame	0.0779	A fun puzzle where you have to move the dogs in order to get the protagonist out of the room through the door.
196	9bd730ef-e647-49a6-9951-3c290cb34a98	Recycle Fun	Dib Dab Doo and Dilly too		y8.com	https://www.y8.com/games/recycle_fun	gameplay			Educational; Matching; Environmentalism; Sorting	Sorting	Sorting	Sorting			8.6469	q072	Honest Liar	0.075	The automatic recycling sorting machine has broken down, it is your job to put the waste into the correct recycling bins.
197	e04288e9-4412-4aac-a7fe-1452ce58fe68	El Compló	Jay	2006	jayisgames.com	https://jayisgames.com/games/el-complo/	gameplay			Adventure; Puzzle; Point and Click; Politics; Sequential	Sequential	Sequential	Sequential			9.1214	q003	Blind Growth	0.0324	Aqui otro juego estilo Grow, basado en un episodio de la vida politica de Mexico, de nombre Complo este juego tiene a personajes como al expresidente Carlos Salinas, Al Subcomandante Marcos, El exsenador Diego Fernandez de Ceballos, el corrupto de Rene Bejarano y el auto del exjefe capitalino Andres Lopez.
198	efe7da9c-ec22-4e93-85a5-dab4d38d7c14	King Jester	Jetacer Interactive		gamestoplay.be	https://www.gamestoplay.be/pacman/kingjester.htm	gameplay			Arcade; Score-Attack; Fantasy; Pellet Maze; Tile Traveler; Fixed Screen	Tile Traveler	Tile Traveler	Tile Traveler			9.4605	g039	Stitch	0.0626	Using your arrow keys, guide King Jester through the maze as you try to flip the floor to meet the requirements. Avoid the Brown Kights or capture a crown to scare them into harmless and killable ghost knights. Get your fingers warmed up for 15 rounds of fast paced action.
199	91628d13-f0c9-4130-a068-b91fa180fedc	Évolution alchimique	www.spilgames.com; abc & mazya games		jeux.fr	https://www.jeux.fr/jeu/evolution-alchimique	gameplay			Puzzle; Logic; Mixing	Mixing	Mixing	Mixing			8.7869	q032	Parity Forge	0.065	Crée un nouveau monde en découvrant la magie des éléments ! Comment jouer Évolution alchimique Combine les éléments pour créer des réactions et faire naître un autre élément. Découvre tous les éléments pour gagner le jeu ! Jeux.fr-Puzzle-Memo --- EN: Create a new world by discovering the magic of the elements! How to play Alchemical Evolution Combine the elements to create reactions and create another element. Discover all the elements to win the game!
200	cd8a1c2f-1c78-4d3b-b417-2cb079c132b1	Toy Box Escape	Neopets	2004	images.neopets.com	http://images.neopets.com/games/g367_v5_24972.swf	gameplay		Neopets	Arcade; Platformer; Puzzle; Score-Attack; Lemmings; Neopets; Auto-zipped	Lemmings	Lemmings	Lemmings			9.0231	a042	Semaphore Garden	0.0661	Doctor Sloth is up to his old tricks again! His latest batch of Robotic Neopets did not go according to plan. The Robotic Neopets had no weapons, no malice, no anger - they were useless for taking over the world! So he threw them all away... into a place he knew they would never escape from... A TOY BOX! Your job is to get these Robotic Neopets to safety. On each level you must use each Neopet's ability to try and guide all of them into the exit (little brown door) in the fastest time possible. Each Neopet has a special ability; for instance, the Kougra can dig and the Mynci can climb. Lastly, watch out for the spikes, lava, and other dangers that you would usually find in the toy box of an 
201	c530fa05-0771-4c67-88da-984222e5b90a	Farm Roads	Skillpad Games		comdotgame.com	https://www.comdotgame.com/play/farm-roads	gameplay			Puzzle; Top-Down; Pipe Connector	Pipe Connector	Pipe Connector	Pipe Connector	construction	connect the	11.1278	a033	Twin Stacks	0.0641	Connect the farming community by linking all the isolated roads in order to join the paddocks, plantations, windmills, farm houses and barns. This will ensure that farming life is far more productive and efficient!
202	cf633f9a-7fda-4540-bdc8-a5c595e68870	Beez	Island	2008	kongregate.com	https://www.kongregate.com/games/EvgenyKarataev/beez	gameplay			Arcade; Score-Attack; Balancing	Balancing	Balancing	Balancing	indirect-physics	balance	11.2088	a042	Semaphore Garden	0.0815	Physic balance game. Do not let white ball to fall from platform. There are different bonuses in the game. Some of them you can collect and use when it necessary, but other activates immediatelly and can hurt you. The game is not easy and you need some time to feel game mechanic and get highscore. If the game is laggy on your computer, you can try to change graphics quality with ‘Q’ button.
203	3ec21252-5f78-4960-a3ef-1c32fec8df74	Crush the Castle 2	Armor Games	2010	newgrounds.com	https://www.newgrounds.com/portal/view/547233	gameplay			Physics; Artillery; Level Editor; Toss; Community Content; Medieval; Mouse-only	construction		Community Content; Level Editor; Physics	construction	assemble	9.2326	g053	Backspin	0.0471	"Crush The Castle is back and bigger than ever. Author Comments: Even after crushing and capturing Arcturia, the Redvonian King was still longing for more castles to crush. Rumor has it that King Blutias has built sturdier castles in his cluster of islands known as Crushtania the Redvonian King wants them crushed. The King has sent you, his Seige Master, and Halgrim his finest mason, to assemble the greatest minds in the land to destroy Blutias's empire. Produced In-House by Armor Games Inc. Programmed by Joey Betz. Art by Chris ""Con"" Condon. Special thanks to John, Dim, Joel, and all of the Beta Testers. Controls: Mouse to Fire, Release, and Reload Arrow Keys to View Castle Ver 1.3.2 - Added"
204	de4b0c10-a9b9-43df-9630-374f314acf24	Cars and Truck Rubik Cube	Archbob	2013	kongregate.com	https://www.kongregate.com/games/Archbob/cars-and-truck-rubik-cube	gameplay			Puzzle; Twisty Puzzle	Twisty Puzzle	Twisty Puzzle	Twisty Puzzle			9.079	q126	Copycat Trap	0.0857	Slide the turn so all the images of cars and trucks line up right in this rubik cube puzzle.
205	75c10c32-e7be-44fc-8634-5f283606600b	Valentiner		2009	smartjeux.com	https://www.smartjeux.com/valentiner	gameplay			Arcade; Valentine's Day; Claw Game	Claw Game	Claw Game	Claw Game			9.1511	q148	Delayed Commit	0.0849	"Mouse Click to fire Cupid's arrow. Love ain't easy. Haul up enough hearts to complete each level and bring joy to the world. Tips & Tricks L-O-V-E Means I Love You - On some levels you will see four little candies that spell out ""LOVE"" - collect them all for super heart power! The Love Bomb - One of the powerups you can get in the shop and from presents is the Love Bomb. Did you grab a rock that's taking forever to haul up? Just hit the up arrow key or click to drop that bomb and blow up the offending item!"
206	9fdaa79f-0c0e-37d3-0d22-ff48efaee9c9	Imperium II	belugerin	2009	newgrounds.com	https://www.newgrounds.com/portal/view/516338	gameplay			Strategy	indirect-physics			indirect-physics; system-dynamics	balance; resource management	9.2845	a044	Deadlock Dock	0.0796	A massive resource management style game, build and balance your empire. Author Comments: Make some Buildings by selecting and placing them. Once you have some soldiers you can order war, you can also move resources to another city and trade (import and export) -In War Mode You can order your soldiers to attack the enemy area, by clicking the type of unit you wish to send out. - You will win the game if you have conquered all of the 96 areas. Good Luck..
207	c55cb2fb-2310-4143-a798-264a8307b98f	eggland	eggnormous; chedd-art; shawn wasabi; ipzy; LittleUniverse; Ath3na; BlueberryPeaches; Sparklii; -CyberArtist-	2017	deviantart.com	https://www.deviantart.com/eggnormous/art/eggland-game-796449446	gameplay			Arcade; Puzzle; Variety; Clicker; Maze; Dodge; Scratch; Catching; Incomplete	constraint-and-interface			constraint-and-interface	two buttons	7.66	a086	Counterbrace	0.0499	game i made 2 years ago using scratch.mit.edu, originally shared april 28, 2017 to play you must enable flash player, and please wait at least 1 minute for it to load, it may show up at first as a blank white screen, if you be patient it should work eventually if that doesn't work try reloading and waiting again ;v; or clicking on the white screen/right clicking may also work and if a green flag shows up try clicking that too maybe it may crash since the file is pretty big sorry , though it usually works after you let it crash once, stop the plugin, then enable flash again pretty proud of this and it was featured on the front page of scratch, on may 12, 2017 :0 really long description no one
208	bf97f7e4-b568-4195-9cb6-5f7e8e396812	The Deduction Game	gekohan1	2011	kongregate.com	https://www.kongregate.com/games/gekohan1/the-deduction-game	gameplay			Puzzle; Mouse-only; Codebreaker	Codebreaker	Codebreaker	Codebreaker			9.0895	q073	Phase Change	0.0803	You have to place pegs in 5 different pin holes using 5 different colors pins to try and get the specific pattern down pat. You have 10 tries to get it right. Instructions Use the mouse to click on each pin hole to place a pin, click again on that same whole to change the color of the pin.
209	0c379762-51e0-4ecf-989b-203d073e4cbb	Hidden Numbers - Colorful Illusions			hiddenogames.com	https://www.hiddenogames.com/play/Hidden-Numbers-Colorful-Illusions/761	gameplay			Puzzle; Optical Illusion; Hidden Objects	Optical Illusion	Optical Illusion	Optical Illusion			9.5867	g038	Tally Room	0.0658	Play completely new fun free online game of Hidden Object genre! Find all the numbers in the Colorful Illusion pictures. Use the magnifier to investigate the location thoroughly. Also try not to make many mistakes, otherwise for every 10 wrong clicks 100 points will get reduced. Have fun!
210	0a1a6a6c-3035-46a6-bd56-260a0677b29e	Civilizations Wars	Cave of Wonders Studios	2010	armorgames.com	https://armorgames.com/play/5151/civilizations-wars	gameplay			Strategy; Node-Based Strategy; Upgrade; Cartoon; Achievements	Node-Based Strategy	Node-Based Strategy	Node-Based Strategy			9.5035	q090	Lineage Garden	0.0649	Civilizations Wars is a fast thinking RTS/RPG game, with deep tactic capabilities and amazing graphic in unique style. Choose one of three races and lead your people towards the legendary fallen star to find the secret force. Battle through 99 levels (33 for race), capture 11 varieties of buildings (3 types), in 8 game mods, learn 18 skills, use 10 spells, defeat 3 huge monsters, receive 100 achievements and find one secret force in the end. - Houses generate people. - Crystals, give crystal energy (to use spells), and increase speed of your troops. The more people inside, the more crystals you'll get. - Towers increase defense of your troops. The more people inside, the faster it shoots. Fo
211	3706f5a1-1ca6-4d45-8f8d-9d8de41c6ce9	Pirates Musketeers			learn4good.com	https://www.learn4good.com/games/shooting/2player-platformer.htm	gameplay			Shooter; Platformer	distributed-agency			distributed-agency	teamwork	7.2164	q060	Clockwork Tool	0.0442	Pirates Musketeers is a challenging, pirate-based, platform-shooter game with 1 and 2 Player modes: Play the role of a little pirate warrior defending your seas from invasion, and leap around pirate ships eliminating enemies with accurate missile shots and other innovative weapons. Choose to ‘go it alone’ or team up with a friend to take on the quirky and unusual enemies in each of the 18 increasingly-difficult levels. Reasons to play this ledge-based, action adventure game: Sail into the wacky world of pirate ships that have been overrun by weird blob-like alien creatures, hat-wearing eagles, robotic airships, and other unusual enemies. Exercise your battle sharpness and keyboard control sk
212	67b274ff-2fa3-43e6-a9ae-00278c5355a0	Unicorn Miracle			horse-games.org	http://www.horse-games.org/Unicorn_Miracle.html	gameplay			Kissing; Fantasy; Slacking; Equine; Mouse-only	goal-revision			goal-revision	must not	6.9936	g048	Keyhole	0.0865	Two sweet unicorns are in love, but there is always someone that does not approve their love. Your job is to click and hold left mouse button in order to make them kiss. As they kiss the Kissing Bar at the top of the screen will fill and the aim is to fill this bar completely in order to finish the level and proceed onto the next one. Unfortunately, the little bird in the first level must not catch the two unicorns kissing. Keep an eye on the bird and release the mouse button when it turns its head to watch the unicorns. You must complete the level before the time runs out or you will fail your mission. As you progress on the upper levels you will get more enemies and the gameplay will becom
213	98740c8c-efc8-4b46-a3e5-797eb8d77e33	Russian Roulette: Tournament Edition	John Ricci Jr.; Christopher Colbourne; Glen Rhodes		flashgameshows.com	http://www.flashgameshows.com/game-RRTE.html (via Wayback Machine)	gameplay			Score-Attack; Game Show; Luck Roller	Luck Roller	Luck Roller	Luck Roller			8.7747	q104	Conveyor Frame	0.0402	"In the style of the classic gun-gambling game, players choose a dropzone to stand on while they ""spin the chamber"" of lights in hopes that it doesn't land where you stand - or you won't be standing there much longer! This game features a high score board."
214	7c7d756f-1cdc-46e7-bd20-e9611013b822	Fish Food	Jared Tomeck / magbunnyX	2008	kongregate.com	https://www.kongregate.com/games/magbunnyX/fish-food	gameplay			Arcade; Score-Attack; Dodge; Top-Down; Mouse-only; Food Chain; Aquatic; Fish	Food Chain	Food Chain	Food Chain			9.0756	q052	Lens Bench	0.0734	You are a hungry little fish. You need to eat as many other fish as you can because fat fish are really awesome compared to not-so-fat fish… Anyway, eat some fish, get fat, and beware of the sea urchins…
215	f7f191ef-f57d-44d3-9216-33b9eefc4fca	Multi Bomberman		2001	twoplayergames.org	https://www.twoplayergames.org/Multi-Bomberman/386.html	gameplay			Arcade; Action; Top-Down; Bomb Maze; Auto-zipped	Bomb Maze	Bomb Maze	Bomb Maze			8.669	q109	Body-Centric Maze	0.07	A basic bomberman game that can be played up to 4 players. You'll see the instructions at the beginning of the game. Try to win the game by eliminating your opponent. We hope you will have fun.
216	63e5d4d5-f2c6-483b-9e1b-d4993c471937	Angry Aliens: Ecology	BioMan Biology		biomanbio.com	https://biomanbio.com/GamesandLabs_old/EcoGames/aaecology.html	gameplay			Shooter; Arcade; Score-Attack; Quiz; Auto-zipped	system-dynamics			system-dynamics	ecosystem	6.8004	q102	Walking Room	0.0578	Angry aliens are invading earth! Shoot the invaders while teaching them a thing or two about ecology! Your knowledge and shooting skills just might save the world! This review game allows you to have a blast while reviewing important ecology vocabulary! Topics Covered: Review of vocabulary related to ecology. Levels of organization, organism, population, community, ecosystem, relationships and symbiosis (mutualism, parasitism, commensalism), nutrition and energy, matter cycling (water, carbon, nitrogen), succession (primary and secondary)
217	ab6e00da-1233-4140-b6bc-6e48cc4559f0	Lost Probe: Biomechanical Hell	playspal	2012	playspal.com	http://playspal.com/games/adventure/lost-probe/play/	gameplay			Adventure; Upgrade	state-transformation			state-transformation	rotate the world	6.3184	q102	Walking Room	0.0675	Adventure metallic probe suspended on a long chain in the dungeon, where almost every turn await danger. Rotate the window dungeon to change the direction of the probe, beware of obstacles and earn bonuses to improve probes performance. Operate a probe suspended on a long chain. Rotate the world to change the direction of movement of a probe. Investigate caves in the strange biomechanical world and collect energy of stars.
218	f66e5275-0c4a-4e60-bcc2-9cb8c215e847	Pasta Heroes	BambooHutGames	2016	newgrounds.com	https://www.newgrounds.com/portal/view/677427	gameplay			Shooter; Action; Shooting Gallery; Upgrade; Blood	information			information	invisible	7.2134	a043	Atomic Crossing	0.0547	Defeat 25 waves of vicious rats, buy new weapons and cats, gain higher skill levels on every weapon. Next weapon: Right arrow or D Previous weapon: Left arrow or A Rats are of different types, and you must choose wisely which ones to shoot first to not waste bullets. Depressed (blue) rats: Slow but high hitpoints. Albino (white) rats: Loose health on their own. Communist (red) rat: Hitpoints depend on how many other rats are on screen. Atomic (green) rat: Hitpoints increase over time. Ninja (black) rat: Sometimes invisible, might kill your cats. Please leave some feedback! Edit July 7: New menu and backgrounds. Edit July 6 v2: Total scoreboard should update after each level, redid the ingame
219	afd23d22-d7ab-4806-97bc-98cfd165d0b6	Inside Out Riley Cake Decoration			4j.com	http://www.4j.com/Riley-Inside-Out-Cake-Decoration	gameplay		Inside Out	Object Creator; Inside Out	topology-and-view		Object Creator	topology-and-view	inside out	6.1112	q089	Persistent Passenger	0.078	Riley Inside Out Cake Decoration is an online game that you can play on 4J.Com for free. Help Riley from Inside Out to create a beautiful cake decoration. You are the one to take control of her emotions creating a great cake to celebrate any party you want. It's posible to print the final result to show your friends.
220	ffd0f79c-0973-4b2f-9193-8719dd15320b	Super Murderwolf	nox_pp	2014	gamejolt.com	https://gamejolt.com/games/super-murderwolf/28563	gameplay			Arcade; Score-Attack; Dodge; Game Jam; Top-Down	time-and-order			time-and-order	synchronize	6.2131	q186	Deferred Mirror	0.0662	One of PCGamer's best free games of the week! ( Steer your hoverbike through a beat-synchronized, serpentine martian landscape, at outrageous speeds, while jamming to the sounds of the future. Super Murderwolf was made by @thisislux and @noxsucks of Purple Pwny Studios in 13 days for the Space Cowboy Game Jam. Controls A or left arrow: Lean left D or right arrow: Lean right Spacebar: Continue Tips Obstacles always alternate between sides of the screen, and so should your inputs. If you last leaned left, your next action should probably be to lean right. Notice that each particular batch of obstacles is taken at a different speed. Look at the ground between batches to see whether you're accel
221	bc19c083-aedb-431d-2afd-3c7c8f567631	Dummy Never Fails 2	Tanoku	2011	armorgames.com	armorgames.com	gameplay			Puzzle; Physics; Level Editor; Side View; Customization; Ragdoll; Drawing; Achievements	secondary-mechanic-tag		Ragdoll; Drawing; Level Editor; Physics			6.2975	g020	Ping	0.0547	Dummy Never Fails universe expands! Play 60 brand new levels, 50 new dummy skins. Improved level editor, and a new dummy editor to share with you friends!
222	8327b69f-e070-4108-93f5-d651eb41ea6d	Castle Boom	wolfheat	2011	kongregate.com	https://www.kongregate.com/games/wolfheat/castle-boom	gameplay			Strategy; Stick; Lane-Based Strategy; Defense; Game Jam; Game in Ten Days	Lane-Based Strategy	Lane-Based Strategy	Lane-Based Strategy			9.1046	q043	Sampling Cart	0.0397	Originally created for the “GiTD 13 Challenge”, The Limit of total game is 10kb. Estimated usage: Base Project 1.5kb: Code 5kb; Sound: 1.5kb Graphics: 1.8kb => 9.8kb +(API) (Kong API 0.8kb) Destroy the enemy castle. Earn Gold Spawn Units Fortify Your Castle [V 1.05 update] Units X does 1.5 times more damage to Y: X: Y 1: 4 2: 1 3: 2 4: 3 v1.0 (9.8kb) (v1.01) Added Kong Api (v1.05) Fixed enemy spawn level bug. Added 1.5 dmg increase to lower mob. (v1.10) Fixed bomb bug (v1.11) Fixed proper damage Instructions 1-7 Buy Unit R – Restart Game S – Toggle Sound ESC – Toggle Restart Screen P – Pause
223	4c9fe3ce-004e-4f53-b084-e47a24602901	Go Mad: The escape!	Addicting Games	2008	addictinggames.com	https://www.addictinggames.com/puzzle/go-mad-the-escape	gameplay			Puzzle; Score-Attack; Time-Attack; Klotski	Klotski	Klotski	Klotski			9.083	g027	Cue	0.0668	Slide blocks around until you can get the X Cubes off the tiles. Sounds easy. Easy like Sunday Morning!
224	bb7816fe-2a08-41fa-bd45-7d7dba23f8ba	Make Up Desk			web.archive.org	https://web.archive.org/web/20080913072650/http://www.girlsgogames.com/game/make-up-desk.html	gameplay			Mouse-only; Sorting	Sorting	Sorting	Sorting			8.6284	q101	Carousel Coordinates	0.0739	Description: Clean the desk by putting all the items away in the proper carousel. Manual Left mouse button = take item/open or close carousel drawer/put item away Mouse movement = move item
225	c5f8eed2-2466-4ccc-9417-7acec07fbfa7	285のげーむ	ヤマ☆ギン	2012	masuman.main.jp	http://masuman.main.jp/aho.html	gameplay			Score-Attack; Pixel; Shoot 'Em Up; Vertically-Scrolling Shooter; Sequential; Game Jam; Vertically-Scrolling; Ahoge; Auto-zipped	Sequential	Sequential	Sequential			9.1013	q037	Hole Count	0.0254	【あほげー】のお題【285】の時につくった なんで『285』なん？？ 【遊び方】 攻撃・・・[X][C] 移動・・・[↑][↓][←][→] [W][S][A][D] ２→８→５の順番に敵を倒す ※画面をクリックしてからXキーではじめよう。 音楽:Rendat.さん DTGRG.com
226	69844baa-0d61-4b67-a72c-07f66386337f	BlobBert			bbc.co.uk	http://www.bbc.co.uk/bbcthree/blobs/blobmate/blobbert.swf (via Wayback Machine)	gameplay			Arcade; Score-Attack; Axonometric; Tile Traveler; Auto-zipped	Tile Traveler	Tile Traveler	Tile Traveler			9.4039	g050	Ash Path	0.081	Welcome to BlobBert's Adventures. Just hop all over the pyramid and change the colour of all the blocks. Do this once on level one, twice on level two and three times on level three. Remember, jump off the blocks and you're as dead as a dead BlobBert. Use the hover landers to get back up to the pyramid point.
227	53e1c09f-604f-4211-a026-7cefb2335477	Cosmetics Workshop		2018	girlgamesclub.com	http://www.girlgamesclub.com/game/cosmetics_workshop.html	gameplay			Simulation; Puzzle; Make Up; Mixing; Auto-zipped	Mixing	Mixing	Mixing			8.6858	q080	Regime Cart	0.058	This workshop allows you to invent and create your own cosmetics. Mix and match your own make up products together and try how they look inside the beauty salon. Have fun playing this extensive game for girls with lots of options!
228	9b1fb255-639a-4086-a5bb-36c1857f0683	Escape From Clowncatraz			y8.com	https://www.y8.com/games/escape_from_clowncatraz	gameplay			Arcade; Puzzle; Physics; Launch; Lemmings	Lemmings	Lemmings	Lemmings; Physics			9.0132	f031	Wake Up the Box	0.0907	Rescue clowns by picking them up inside the jail and launching them over the wall into the waiting laundry van.
229	61e3953d-6c0c-4e57-816e-cd4f9f1d5244	Pipeline Remixed			girlgamesclub.com	http://www.girlgamesclub.com/game/pipeline_remixed.html	gameplay			Puzzle; Pipe Connector	Pipe Connector	Pipe Connector	Pipe Connector	indirect-physics	flow	11.0501	q124	Counter-Predator	0.0671	The classic pipeline game has been revived once again, with additional color mixers! Create a continous flow from start to exit by connecting the pipes and color mixers correctly. Pipeline remixed takes the game into a new direction.
230	04b4c103-c36c-4eee-873d-2f72e0ebea3c	Gembala	BiggerPlay / Phil Maxey	2009	y8.com	https://www.y8.com/games/gembala	gameplay			Arcade; Balancing	Balancing	Balancing	Balancing	indirect-physics	balance	11.1195	q115	Partial Demonstration	0.0678	Long john silver has lost his treasure! Help John retrieve his treasure by catching the gems as they fall from the sky! catch them on the plank! then when you reach a certain weight you keep them gems (they get added to your score!) and have to catch more! Some gems are worth more than others but might be more tricky to balance! When the weight of the gems left is not enough to complete the level the game will end!
231	e4dc697c-0c2e-4d0e-a8b2-b9f481b7f862	MagnetiZR	InsaneAngel		armorgames.com	http://www.armorgames.com/	gameplay			Puzzle; Auto-zipped	construction			construction; indirect-physics	connect the; magnet	9.0634	q126	Copycat Trap	0.0972	"MagnetiZR is a game where you distort magnetic physics and control the fields action. It's up to you to create magnetic distortions with the various magnets at your disposal, and ultimately connect the ink with the ""Win"" magnet(s)."
232	4455f962-f495-4b91-824d-526932f1374d	Naruto 3D Magic Cube	南宁易游工作室	2013	ebaumsworld.com	https://www.ebaumsworld.com/games/naruto-3d-cube/82340990/	gameplay		Naruto	Puzzle; Anime; Naruto; Mouse-only; Twisty Puzzle	Twisty Puzzle	Twisty Puzzle	Twisty Puzzle			8.7944	a001	Dead Bulb Atlas	0.0636	Return the cube to the original condition, then you may get unexpected new naruto characters!
233	2d14a5a4-c25d-43bd-8847-40e0c0383e69	Ksi-Meritos Fishing	MyStarsGames		mystarsgames.com	http://www.mystarsgames.com/ksimeritos_pesca.htm	gameplay			Arcade; Sports; Simulation; Fishing; Claw Game	Claw Game	Claw Game	Claw Game			9.0532	a049	Bottleneck Bins	0.0508	Help Ksi-Meritos to catch as much fishes as possible. Press space to throw the claw when it will be aimed at a desired item. Try not to hit useless items like old boots or pikes as they will waste a lot of your time. You have 60 seconds to complete each level.
234	87600eb8-de28-4ac7-ae25-2fec1b5fb281	Hedgehood	AstarGames	2011	gamesfree.com	http://www.gamesfree.com/game/hedgehood.html	gameplay			Puzzle; Archery	indirect-physics			indirect-physics; information	gravity; blind	9.168	q106	Local Gravity Wells	0.0816	Hedgehood is the best sharpshooter in the forest! In this physics-driven bow and arrow game you have to help hedgehood shoot apples in impossible places by using magnets, gravity and bouncers. The game offers 4 modes: classic shooting, time shooting, blind shooting and Sharp shooting.
235	6de36dce-aa1c-8a79-1695-abdfc5e9fcb3	Mancala	loz220		coolmath-games.com	coolmath-games.com	gameplay			Simulation; Turn-Based; Tabletop; Auto-zipped	constraint-and-interface		Turn-Based	constraint-and-interface	you can only move	7.5297	g027	Cue	0.0855	Your goal is to get more gems into your mancala (the cup on the right) than the computer can get into its mancala (on the left). You get to start, then the computer takes its turn and so on. 1) You can only move gems on your side (which is the bottom row). 2) To move, you click on one of the cups in your row. This picks up all the pieces in that cup and moves them counter-clockwise, putting one gem in each cup. (You'll see!) 3) If the last gem of your move lands in your mancala, you get to go again. 4) If the last gem of your move lands in an empty cup on your side and there are gems in the computer's cup right across from it, then all the gems in both cups get put into your mancala.
236	8a4a80d8-433e-4069-b3aa-e4638441c212	Solingo	Ron North	2003	y8.com	https://www.y8.com/games/solingo	gameplay			Puzzle; Word; Codebreaker	Codebreaker	Codebreaker	Codebreaker			8.7615	q045	Scout Drones	0.0817	Just like the GSN game show Lingo, you're given the first letter and have to guess the five letter word. You earn more points for taking fewer guesses
237	1acaf8c8-9578-4758-b1e4-f6f1865b9a73	Optical Illusions	Kenney	2003	newgrounds.com	https://www.newgrounds.com/portal/view/76099	gameplay			Other; Interactive; Moderate Language; Optical Illusion	Optical Illusion	Optical Illusion	Optical Illusion			9.5501	f012	Closure	0.0868	"Please note: This feature is old, it does no way compare to the quality standards I use today. - Kenney If this ""Game"" is on Newgrounds.com there will be a huge update whit more than 40 illusions ! Please vote !"
238	d5388642-5311-4a94-89c8-63276b2c9eb2	Battle of Mushrooms	Nimble Piggy		bubblebox.com	https://www.bubblebox.com/play/2847/battle-of-mushrooms.htm	gameplay			Arcade; Strategy; Score-Attack; Node-Based Strategy; Auto-zipped	Node-Based Strategy	Node-Based Strategy	Node-Based Strategy			9.4469	q124	Counter-Predator	0.0678	War has broken out; take command of your mushroom army! Battle Of Mushrooms is a real time strategy game where you must use your wits over your reflexes and conquer every building in site! If you've played civilization Wars or SolarMax, you'll be instantly familiar! Don't forget to use your special moves like throwing acorns! Do you have the skills to win this war?
239	b1afa00a-b2dc-450b-8980-1a6c8cc407fd	Coloropus	Pigsels		bubblebox.com	https://www.bubblebox.com/play/3112/coloropus.htm	gameplay			Adventure; Puzzle; Physics; Auto-zipped	distributed-agency		Physics	distributed-agency	different abilities	6.9994	q065	Asymmetric Twins	0.0868	Find your true love in this underwater physics based adventure! Coloropus takes you on a vast journey through underwater levels with real physics! Pick up rocks, go through tunnels, change your color and shoot ink! Changing your color gives you different abilities! Can you catch up to the girl octopus?? To be fair, they look more like jellyfish to me... Good luck!
240	9b2c59a2-e6cf-4fc5-9e1f-ba299733be53	Jonas: Field Day Fun			disney--games.com	http://www.disney--games.com/field_day_fun_376.html	gameplay			Sports; Variety	goal-revision			goal-revision	wrong way	6.9764	g019	Slow Bell	0.0739	Here we have our favorite singers leaving out their careers as pop stars and getting some sport done in Jonas L.A.: Field Day Fun game. Here they will have to prove that they are great sportsmen not only musicians. To do that they have to go through three challenges. For each one, you will have to choose one of the Jonas Brothers and guide him until the end. How to play the game The first challenge is called Downhill Turf Surfing, and here you will use your mouse to go down the hill with as little damage as possible. On your way, collect all the coins, the guitars, and the extra power-ups to go even smoother towards the finish line. Avoid the nasty things such as puddles of mud and the ramps
241	e63ea076-cee5-4139-9984-e3a1c5d494b8	High Rollers	Christopher Colbourne; Dan Berger		flashgameshows.com	http://www.flashgameshows.com/game-HR.html (via Wayback Machine)	gameplay			Game Show; Dice; Luck Roller	Luck Roller	Luck Roller	Luck Roller			8.7079	q076	Rule Thermostat	0.0961	"Players roll a set of dice in order to knock the nine ""big numbers"" off the board to win $10,000! Doubles earn you an insurance marker, but if you don't have any left and roll a number that can't be removed, it's game over."
242	3e48c102-da60-4f0b-b506-a57a0a9deaf3	Tiny Fishy World	Saturnyn	2012	kongregate.com	https://www.kongregate.com/games/Saturnyn/tiny-fishy-world	gameplay			Arcade; Pixel; Side View; Ludum Dare; Game Jam; Food Chain; Aquatic; Fish	Food Chain	Food Chain	Food Chain			9.0505	f008	Upgrade Complete	0.0696	Try to become the biggest fish in the aquarium ! Instructions Use the arrows to move your fish. Eat pills and smaller fish by simply moving towards them. Avoid bigger fishes or you’ll be eaten.
243	e8f3ad7f-584b-4e38-8aba-d55fd0b0f037	Space Bomber		2009	roundgames.com	https://www.roundgames.com/game/Space+Bomber+2	gameplay			Space; Bomb Maze	Bomb Maze	Bomb Maze	Bomb Maze			8.6645	q144	One Reset	0.076	Be careful not to run out of time as you navigate your way though alien spacecraft, encountering various monsters on your travels. Drop bombs to clear your path and vanquish your foes, but do not stand in the way of your own weapons unless it is your wish to perish. Be wary of releasing more aliens and do not miss helpful items you might pick up on your way to the exit as you try to survive.
244	1b76ca23-a698-4fa2-a246-97acfda98af9	-Tradeart for Alainprem-	ken1171 (Ken Kawashima)	2009	deviantart.com	https://www.deviantart.com/ken1171/art/Tradeart-for-Alainprem-113688259	gameplay			Historical; Interactive; Pre-rendered 3D; Art Trade	system-dynamics			system-dynamics	trade with	6.7873	q148	Delayed Commit	0.1029	~Tradeart for Alainprem~ This is my part for an art trade with showing my 3D version of his Hoplitea character. I have 3 versions of it (inked, painted and comics) and couldn't decide which one to post, so in the end I posted them all in a single deviation. It will automatically cycle through all 3 versions first time you load it, and then you can click the screen to manually see each one. ==> Please tell me *which* version you like the best? Painted, Inked, or Comics? :aww: It's funny how ~Alainprem asked me for this art trade last month (January 2009), but now claims to be too busy to work on his part. If people don't have time for it, why do they even bother getting me involved? Fortunate
245	b02ab619-8be3-4859-b979-5225ba586309	D-Star	Klas Kroon		oos.moxiecode.com	http://oos.moxiecode.com/examples/d_star/index.html	gameplay			Puzzle; Pixel; Auto-zipped	state-transformation			state-transformation	swap places	6.3181	g043	Shunt	0.083	Arrowkeys to control, Space to swap places ball/square, Ctrl to reset. This is a remake of a great little puzzle game called D-star. The original version was done by Joe Wingbermuehle( It was written in assembly for the TI-83 calculator. The objective of the game is to collect all the yellow 'dots' by moving the red 'ball'. However when you move in any direction(Arrowkeys), you will keep moving until you hit something. So you have to use the 'square' to block your path sometimes. You can swap places between the 'ball' and the 'square'(Space). You can also reset the level(Ctrl) if you screw up. There are 10 levels and you have a maximum of 1024 moves to complete them.
246	05c41356-c740-4e1b-a2ff-c6813ab24556	SPY SPY SPY	farfin	2015	farfin.itch.io	https://farfin.itch.io/spy-spy-spy	gameplay			Shooter; Stealth; Auto-zipped	information		Stealth	information	invisible	7.1968	q101	Carousel Coordinates	0.0584	Fight against your local friend in a ScreenCheat-like game. You might wanna cover your 4 hands on the keyboard with a blanket, if you think it's too much of advantages. Controls: Player 1: Move using arrows, turn invisible pressing NumPad1, shoot using NumPad2 Player 2: Move using WASD, turn invisible pressing G, shoot using H HUD: Top Meter is your invisibility; Bottom Meter is your gun cooldown;
247	ece44393-c3a6-409c-ae4c-3c86a7427fab	Riley Halloween Face Art			games-kids.com	https://www.games-kids.com/game/30541/riley-halloween-face-painting.html	gameplay		Inside Out	Creative; Halloween; Make Up; Inside Out	topology-and-view			topology-and-view	inside out	6.1084	q143	Costly Preview	0.059	If you want to have a good time, we have perfect games for you to check out here on our site and that is also why we are really happy to offer you the chance to play this brand new Riley Halloween Face Painting in which you get to play with Riley and we already know you love her and that you also love playing with her, so come and try out this brand new Riley Halloween Face Painting game and help Riley from Inside Out prepare for Halloween because it is one of her favorite holidays. So this Riley Halloween Face Painting is a Halloween challenge for you to make Riley look amazing with her new face painting and costume. Good luck!
248	6c7e08f5-53d1-4d1d-b284-bde061ddd48a	Foxglove	neovers	2012	newgrounds.com	https://www.newgrounds.com/portal/view/607661	gameplay			Adventure	time-and-order			time-and-order	reverse time	6.1186	q102	Walking Room	0.0766	Explore the psyche of a young boy and try to escape from time itself. Author Comments: Explore the psyche of a young boy and try to escape from time itself. Use the mouse to navigate through the disorientating world and figure out how to reverse time before it is too late. For a walkthrough, visit neovers.com/foxglove.php and click 'walkthrough' below the game.
249	73859fee-041a-4ee6-9868-e6c71fe7170f	Line Rider mhenr18	Matthew Henry / mhenr18	2009	web.archive.org	https://web.archive.org/web/20091201041111/http://www.linerider.com:80/variant_mhenr6.7.aspx	gameplay			Toy; Physics; Creative; Side View; Drawing; Sandbox	secondary-mechanic-tag		Sandbox; Drawing; Physics			6.2636	g048	Keyhole	0.0721	Y Snap. Hold X while in the line tool to snap all lines drawn to the X or Y axis. Shift-X will act as a toggle for the snap, allowing you to not hold the X key and still achieve the same effect. Colour Eraser. Holding Shift and going into the eraser tool will enable you to select a colour from the swatches to erase. Only lines that are the selected colour can be erased, other lines are ignored. Redo. Shift-Backspace will restore deleted lines. The data required to redo is not saved with tracks, so the lines that can be 'put back' won't be kept. Easy colour playback. Hold C when pressing play, to play the track in colour. Superzoom. Hold Shift when zooming to go in twice as far. Scroll zoom. 
250	652d9cc4-38a1-4ca5-a170-af11f801f0d4	Strategy Defense 6: Colored Mine	Belugerin Games	2010	newgrounds.com	https://www.newgrounds.com/portal/view/555076	gameplay			Strategy; Lane-Based Strategy; Military	Lane-Based Strategy	Lane-Based Strategy	Lane-Based Strategy			9.0195	q065	Asymmetric Twins	0.0566	Your objective is protect your castle from incoming enemies. Your enemy have 3 colored soldiers: Red, Yellow and Green, you have 3 colored mines. To kill and destroy the enemy, you must place mines on the land that like color with the enemy color, it means, you only can kill red soldier with the red mine, yellow soldier with the yellow mine and green soldier with the green mine. There are 12 standard mine and 6 special mines in this game. You can combine your colored mine and colored ball to allow you attack the enemy with laser weapon. You have 3 colored ball: Red, Yellow and Green. It doesn't matter that you combine red ball to green mine or yellow ball to red mine, but please note: Red ba
251	f5a378e8-0ba5-4e05-b263-f0fcf95520ec	Bug Box	Riched Davey; SoundRangers		bigfishgames.com	https://www.bigfishgames.com/	gameplay			Puzzle; Logic; Klotski	Klotski	Klotski	Klotski			9.0707	f031	Wake Up the Box	0.1142	Help a butterfly get home by moving other bugs out of the way in this fun and exciting puzzle game! Use as few moves as you can!
252	8a9d2319-3378-428c-8395-7486ec6cb124	Sort the Rubbish			boowakwala.uptoten.com	http://boowakwala.uptoten.com/kids/boowakwala-adventures-superheroes-rubbishsort.html	gameplay			Puzzle; Environmentalism; Sorting	Sorting	Sorting	Sorting			8.5813	q072	Honest Liar	0.0911	Pick up each piece of rubbish and put it in the correct bin; orange for plastic, blue for paper, green for glass and yellow for metal !
253	4526f84e-2c4a-418e-a0e0-9aa0b982e58c	Romance Maker		2010	gamesgames.com	http://www.gamesgames.com/game/romance-maker	gameplay			Adventure; Puzzle; Dating Simulator; Sequential	Sequential	Sequential	Sequential			8.9356	q148	Delayed Commit	0.0803	You have all the magic ingredients for a storybook romance. So what happens when you mix them together? How to play Romance Maker One at a time, click on the items at the top of the screen and watch what happens. Play again and again until you've maximized the romance!
254	115b3719-b280-4c59-9726-e94ea4d5a3d8	Pyramids of Ra in Iso	Klas Kroon		oos.moxiecode.com	http://oos.moxiecode.com/examples/pyramids_iso/index.html	gameplay			Puzzle; Pixel; Axonometric; Tile Traveler; Auto-zipped	Tile Traveler	Tile Traveler	Tile Traveler			9.0747	f031	Wake Up the Box	0.0344	Arrowkeys to control. Was really bored today, didn´t feel like starting on something new... So I made this iso-conversion of a previous example, Pyramids of Ra.
255	c4c3d77e-36a3-4abc-aaa5-28d2a8f04f5b	Funny Santa Cocktails			games2dress.com	https://www.games2dress.com/play/funny-santa-cocktails/2924	gameplay			Puzzle; Christmastide; Mixing	Mixing	Mixing	Mixing			8.5896	q015	Reciprocal Hands	0.0766	This Christmas Santa want to do something different. He wants to do some magical cocktails in Christmas day. He has so many different objects for mixing and making a magical cocktails. Try the different combination of objects and mix them and see what's happening there with Santa. Have fun Happy Christmas!
256	ea22b690-6308-4f22-b74e-700f4eb79e03	Student Park	Kerb		bubblebox.com	https://www.bubblebox.com/play/519/student-park.htm	gameplay			Puzzle; Lemmings; Auto-zipped	Lemmings	Lemmings	Lemmings			8.9452	q088	Mask Debt	0.0613	It�s party night tonight and student hormones are going haywire. They are all going to the party, no matter what it takes. They are so focused on reaching their destination, that they're oblivious to any danger whatsoever. They seem to act just like lemmings sometimes. Because these youngsters might someday make functional citizens, you need to keep them alive and kicking. Some might not make it, but that�s all in the benefit of the group.
257	b203a2e7-2622-48df-8405-261abecd9c9c	Build the Way			123chase.com	http://www.123chase.com/build_the_way/9721	gameplay			Puzzle; Pipe Connector	Pipe Connector	Pipe Connector	Pipe Connector	construction	connect the	11.048	a016	Graceful Degradation	0.0855	Align the road pieces in such a way that it connects the boy and the house. Once you connect the pieces correctly, click the boy to give away to reach the house. If you fail to do the task or cross the time limit, you lose the game.
258	2b3cabb7-c0d7-4560-8e9a-212a6b8e2bbd	Keep it balanced	lartar	2007	kongregate.com	https://www.kongregate.com/games/lartar/hero-of-balance	gameplay			Arcade; Balancing	Balancing	Balancing	Balancing	indirect-physics	balance	11.0573	q062	Relay Shadows	0.0701	The most retro balance game EVER… You are in control of the BaLancelot our masked and old school hero… try to defeat all the levels and win most precious prize ever… I hope you like this retro game, i must thank to Wackiedk to send me this game, by the way im trying to put a loading bar and a more kongregate icons, in one week or two i uploaded a Kongregate Version….
259	c6fcb1b9-dd8d-48d2-9201-df299af43534	Burger Cat	Woblyware		freearcade.com	http://www.freearcade.com/BurgerCat.flash/BurgerCat.html	gameplay			Arcade; Puzzle	construction			construction; indirect-physics	place objects; bounce	8.8108	f031	Wake Up the Box	0.0907	Help the hungry cat reach his cheeseburger dinner! Place objects and obstacles in his way to get him to walk, climb, or bounce to the food!
260	40740744-4ecb-42b6-8a0b-e8d7ef4bf3bf	Data Miner			comdotgame.com	www.comdotgame.com	gameplay			Arcade; Score-Attack; Claw Game	Claw Game	Claw Game	Claw Game			8.935	q126	Copycat Trap	0.057	You devoted your youth to the job, you bore unpaid overtimes, did extra work. You were offered to use the knowledge of your company which didn t appreciate your work. You decided to take the chance. You decided to start earning finally. You decided to steal data and sell it to the rival company. You decided to become a Data Miner!
261	f35933db-85b8-4691-98df-d6559c563ca4	wOne	Sean Cooper	2006	newgrounds.com	https://www.newgrounds.com/portal/view/314176	gameplay			Sports; Motocross; Collectathon; Auto-zipped	indirect-physics			indirect-physics	bounce; friction; gravity; momentum	8.9107	q065	Asymmetric Twins	0.0889	What started out to be a physics demo, turned into this game wOne! Using 2D physics: Bounce, Gravity, Spin and Friction the player can bounce and spin around each level. The momentum of the Wheel carries the wheel up slopes and into places of difficulty! Using Line intersections for the collision, the Wheel is given a very precise position on each surface, even corners. This was a problem to start with, however, was overcome by using a different collision line to the one you see! Look out for the sequel - wOne part 2.
262	9edf6759-7e61-42a3-ab8f-32c5475ae87b	Hodag Snag	Erik van Wees; Molly Heady-Carroll	2015	crazyscarygames.com	http://www.crazyscarygames.com/monster-games/hodag-snag/	gameplay			Arcade; Timing; Auto-zipped	constraint-and-interface		Timing	constraint-and-interface	one button	7.4167	q189	Inheritance	0.0715	An eerie, one button game where you try to snag a clear photo of the mysterious creature known as the Hodag. This bauble is created by Erik van Wees and Molly Heady-Carroll from Arcane Circus exclusively for crazyscarygames.com website. If you want to find out what kind of strange creatures lurk in the forest, stay down hidden in the bushes, wait patiently and be prepared to snap a super-quick photo. Can you make the perfect 'A' grade photo of Hodag? One button game Instructions for playing this game are rather trivial. You're a stationary observer hidden in the woods. While waiting for Hodag to show up, all kinds of birds are randomly flying by, moving in front of your camera. This waiting 
263	bf9e751a-4ac7-4ec0-851e-844b126a817a	Clockwork Codebreaker	Neopets	2009	images.neopets.com	http://images.neopets.com/games/g1173_v6_29664.swf	gameplay		Neopets	Arcade; Puzzle; Score-Attack; Neopets; Codebreaker	Codebreaker	Codebreaker	Codebreaker			8.6584	q015	Reciprocal Hands	0.0783	Figure out the correct order in which to place the runes. You'll have 12 chances to guess the code. Click on the gears to turn them and line up the runes in the order you choose. Then, when you've created your code, click on the red button in the centre of the gear to check it.
264	b1908460-506f-4541-a6d8-9136eebef6a9	Missing Card Illusion		2002	sandlotscience.com	http://www.sandlotscience.com/Games/Missing_Card_Game.htm (via Wayback Machine)	gameplay			Other; Optical Illusion	Optical Illusion	Optical Illusion	Optical Illusion			9.4968	a128	Majority Relation	0.0805	"Count the number of small cards. There are 13. Now reverse the positions of the large cards A and B. Just drag and drop them. The large cards will ""snap"" into place when they are nearly lined up. Now count the number of small cards again. Now there is only 12! Where is the missing card? Can you explain it?"
265	67081e15-0b22-4257-a62a-5ae5a8db8f60	Civilizations Wars: Homecoming	Cave of Wonders Studios		bubblebox.com	https://www.bubblebox.com/play/4272/civilizations-wars-homecoming.htm	gameplay			Strategy; Node-Based Strategy; Upgrade; Cartoon; Achievements	Node-Based Strategy	Node-Based Strategy	Node-Based Strategy			9.4331	q148	Delayed Commit	0.0833	To lead your tribe back to its homeland, you must do battle against viscous creatures, hostile tribes, and other opponent civilizations, all of which stand in between you and the ship that will bring your people home. Train your armies, lead your troops, and conquer territories as you cut a path towards your one escape route, but beware of giant monsters!
266	740f38c8-6069-428a-aa88-f85f0ec62bf2	Battle Gear Vs Humaliens Battle 2	Belugerin		freegames66.com	https://www.freegames66.com/war/battle-gear-vs-humaliens-2/	gameplay			Defense; Military	distributed-agency			distributed-agency	different abilities	6.9121	q149	Model Tokens	0.0537	Battle Gear Vs Humaliens 2 is an interesting battle game. This game has unique graphics, suitable for all ages, especially children and families. You can experience this game on your browser because it is a flash game. In this game, you control an army. You will buy troops to attack your enemies. Your objectives are to destroy the enemy base or enemy unit is zero. This game has many missions, with each mission being a challenge for you. Note: you will lose if your base is destroyed or your unit is zero. You have many troops to buy, such as infantry, artillery, air force, Navy, turret, tower and strike ... Each unit will have different abilities. You will use money to buy units in battle. Aft
267	22ac3a4c-5379-4616-9d2b-6b102879ad40	Interactive pregnant wolf	Preg-fur	2011	deviantart.com	https://www.deviantart.com/preg-fur/art/Interactive-pregnant-wolf-221266648	gameplay			Other; Auto-zipped	goal-revision			goal-revision	must not	6.9362	g015	Kit Bash	0.0561	__:icondonotuseplz::iconmyartplz::iconstop1plz::iconstop2plz::iconstop3plz::iconstop4plz: :icondonotuseplz::iconmyartplz:__ :faint::faint::faint::faint::faint::faint::faint::faint::faint::faint::faint::faint::faint::faint::faint: THERE IS NO HIDDEN BIRTH OR LABOR FEATURE, PLEASE DON'T ASK Holy F, holy F, holy F......... it's done...... it's finally done. It's 12:36 AM and I have work tomorrow, but it was SO worth it. I present to you my first ever interactive pregnancy animation. So here's the story, an acquaintance of mine on FA showed me this internal sketch knowing that I loved internal shots(I'm not weird) Overjoyed, I asked if I could try a little flash thing on it. I had intended to on
268	5347405b-bdae-4c5a-b3fa-09c934a47fdb	Strike It Rich	Dan Berger; John Ricci Jr.; Paul Castel		flashgameshows.com	http://www.flashgameshows.com/game-SIR.html (via Wayback Machine)	gameplay			Game Show; Luck Roller	Luck Roller	Luck Roller	Luck Roller			8.5581	q137	Shared Convention	0.0917	Each set of screens contains a DOLLAR SIGN and a BANDIT in this high-tech game, and in order to continue along the path, you need to avoid the Bandits. Two varieties of the game challenge you in different ways!
269	5b1780e4-ede6-4fb9-b102-9b1c39f1c282	Fish and Chips	Geek Montage; Foose Arts; Naota	2012	newgrounds.com	https://www.newgrounds.com/portal/view/591360	gameplay			Arcade; Score-Attack; Upgrade; Food Chain; Aquatic; Fish	Food Chain	Food Chain	Food Chain			9.0167	q095	Closure Graph	0.0563	It isn't easy being a fish! Eat fish smaller than you and chips to grow bigger and avoid larger fish. Collect pearls to buy items and abilities in the shop. Play on GeekMontage for additional fish and cheats. To enter in cheats and receive some of the free cheat hints go to the in-game shop!
270	6448fba9-9d96-5344-9a6e-051eba4d5b8e	Playing with Fire	gamesarcade.net		y8.com	https://www.y8.com/games/playing_with_fire	gameplay			Action; Pixel; Bomb Maze; Auto-zipped	Bomb Maze	Bomb Maze	Bomb Maze			8.6575	a022	Gain Garden	0.0913	Excellent remake of Bomberman. Multiplayer. Bomb your enemies! Blow up your opponents before they kill you, you only have 2 minutes to do this so don't hang around! You can have a two player game or play against one, two or three opponents.
271	d5c0f83c-08f6-4bab-8166-64c240f51a83	Rizk	playerthree	2011	kongregate.com	https://www.kongregate.com/games/PlayerthreeGames/rizk	gameplay			Strategy; Real-Time Strategy; Science Fiction	system-dynamics			system-dynamics	resource management	6.7517	g002	Bloom Order	0.0701	Grow your plant using the resources you find dotted around the alien landscape. Collecting energy will awaken the resident plants which pose a threat to your plant’s health and must be defended against. As you play, resources become more scarce and threats more dangerous. The key to success is to assess where the risk is based in a level, and plan how your impact on the environment will affect your chances of survival. Rizk is a stylish but tricky resource management game that we created for the Science Museum. Instructions Mouse control for everything. Click into the world to open the context-sensitive UI. From here you can deploy collectors to collect resources for your plant and defenders
272	594a6888-9d12-4b2e-ad50-1c1901126159	Land and Sky	Eledora	2008	deviantart.com	https://www.deviantart.com/eledora/art/Land-and-Sky-91548705	gameplay		Pokémon	Pokémon; Interactive	state-transformation			state-transformation	switch forms	6.0889	q062	Relay Shadows	0.0665	Drag the flower(the top-left one)/diamond to Shaymin to switch forms! Got this idea after watching the Shaymin Sky Forme video. It appears that Shaymin switches its forms by touching the pollen of a Glacidea Flower. I found this on the official movie website. Since I don't think it's realistic to put a flower on the sky, I use a glowing diamond instead... that is actually because, when you transfer a Sky Forme back to Pokemon Diamond(or Pearl), it always changes back to its Land Forme. =P I had a hard time to find a suitable action script for dragging objects on the Internet... but it's worth it. I thought the transforming function on Flash would work better than this, though. ^^; Erm, but i
273	59f3317c-7d82-4e8b-8f77-11d77a29f427	StarCraft - War of Honor	Core56123	2009	newgrounds.com	https://www.newgrounds.com/portal/view/480051	gameplay		StarCraft	Strategy; Real-Time Strategy; Upgrade; Pre-rendered 3D; Top-Down; Preloader Game; StarCraft	information			information	invisible	7.1615	g058	Solder	0.0609	"So Thank you for your marks guys Firstly, here are some hot key of the game : Hot Keys: 1 : move foward 2 : move backward 3: stop I'm so happy that it's time to show you guys the secret unit - imperial trooper( or simply green marine) They are the most elite infanties in the Terran armies. They REALLY HELP A LOT. To summon them, click on the arrow below the Move foward Button. A thingy will come out. Type the following codes: x-co: ""786"" y-co:""786"" z-co:"" i wanna go home~~~ "" and soon you will find a new button to summon them. ENJOY THE DOOM!!! ------------------------- ------------------------- ------------------------- ------------------------- ------------------------- -------- Hello guys"
274	929b50bb-1877-59eb-9615-bc4bba6006b5	The Shadow Realms: Arcade	Carmel Games	2016	mousecity.com	http://www.mousecity.com/games/point-and-click/the-shadow-realms-arcade/	gameplay			Adventure; Point and Click; Auto-zipped	topology-and-view			topology-and-view	inside out	6.0953	q029	Fuse Map	0.0766	For the past two years you have worked at the Lone Star Arcade, thinking you know the place inside out, but tonight, you are about to discover that this arcade happens to lie on the outskirts of… The Shadow Realms.
275	31e2ec7e-1c5a-4f4d-b4c8-166f0a64f360	P0n3-Flash	kyrospawn	2012	deviantart.com	https://www.deviantart.com/kyrospawn/art/P0n3-Flash-v1-1-277920424	gameplay		My Little Pony	Toy; My Little Pony; Music	time-and-order			time-and-order	synchronize	4.8387	f042	Spewer	0.0615	"The 3D model and its animations were made by Link to his post about it on DA: Link to his video about it on youtube: The Flash vectors and scripts were made by me. I changed some things after I was working on it in the livestream. V1.1 update notes: Plans for later releases: *a BG would probably be nice :3 *maybe more lightshow *option to turn on some metronome clicking (Suggestions for other improvements and bug-reports are quite welcome) Bugs to fix: *The animation of the vynils on the mixing-table resets when you use the ""Bang"" button !!!!! This is intended to use while you have your own favourite music playing !!! :3 !!!!! How to use: *You can change the bpm(""bangs per minute"" here ^^) w"
276	f31407f9-bd4c-4687-9b79-91954433d569	1066	ChannelFour	2010	andkon.com	http://andkon.com/arcade/adventureaction/1066/	gameplay			Strategy; Variety; Timing; Typing; Artillery; Turn-Based; Side View; Historical; Blood; Mild Violence; Military; Medieval; Button Masher; Silhouette	secondary-mechanic-tag		Turn-Based; Timing			6.069	q162	Claim or Explore	0.0707	In the 1066 game you get to control the English, Viking or Norman armies. The aim of the game is to defeat your enemy's army by killing or scaring off as many of them as possible! The game puts you into the thick of the action, giving you direct control over every arrow barrage, cavalry charge and defensive stand. Taunts, chants and the presence of a strong leader will all prove crucial to winning the day. A multiplayer option also offers the chance to test your mettle against friends. Updates: If the game is running slowly for you, try right clicking and changing the quality to 'medium' or 'low'. This should help improve performance. Instructions: For full instructions, click on the 'How to
277	aa806ee0-a10f-40cd-ba56-171a19370292	Cosmo Fortress	Elite Games		bubblebox.com	https://www.bubblebox.com/play/2654/cosmo-fortress.htm	gameplay			Strategy; Space; Flixel; Pixel; Science Fiction; Lane-Based Strategy; Auto-zipped	Lane-Based Strategy	Lane-Based Strategy	Lane-Based Strategy			8.9997	q143	Costly Preview	0.0642	Defend your fortress from hordes of alien ships and meteors! Strategy is key to survival in this game! Make sure you place ships in the line of fire of your enemies to slow them down! Also, upgrading your ships is extremely important! Make sure you don't forget to do that. Upgrade your base regularly for a higher chance of survival. Space is calling your name... Can you Survive?
278	dec98498-3666-4c55-b80d-1de4eeeb2b4c	Money Parking			games.bigfishgames.com	https://games.bigfishgames.com/en_money-parking/online/	gameplay			Puzzle; Logic; Klotski	Klotski	Klotski	Klotski			9.0387	a126	Relation Closure	0.0552	Help maneuver vehicles in Money Parking! Shift the cars around the let the blue car escape, in as few moves as possible!
279	81c32bac-64d7-4f6b-817e-c849d4e48c91	Pilar's Adventures: Sorting With Hampshire			y8.com	https://www.y8.com/games/pilar_s_adventures_sorting_with_hampshire	gameplay			Puzzle; Sorting	Sorting	Sorting	Sorting			8.3125	q129	Decoy Learner	0.0883	Sort the items base on their categories and colors. It can be numbers, fruits, veggies, and animals.
280	935ee114-0327-48c5-9b73-4a4a40d23cea	Grow Phoenix (Druidik)	Omegames	2009	gamezone.2001jeux.fr	http://gamezone.2001jeux.fr/play-01858-m-grow-phoenix.html	gameplay			Puzzle; Sequential	Sequential	Sequential	Sequential			8.8958	q052	Lens Bench	0.0153	Jeu de réflexion de type Grow (trouver des combinaisons) proposé par Omegames, sur le thème du jeu en ligne druidik. Il n'existe qu'une seule combinaison qui permette d'accomplir correctement le rituel du druide, 5 boutons pour des centaines de possibilités ! Actionner l'un d'entre eux peut augmenter ou descendre la progression des autres. Pour gagner, il faut que tous les niveaux soient au maximum.
281	ae19ee05-d4c4-4c31-8e49-b5f06116dfa1	IQ Jumper			jason scott's personal discord	Jason Scott's personal Discord	gameplay			Arcade; Puzzle; Score-Attack; Maze; Top-Down; Tile Traveler; Auto-zipped	Tile Traveler	Tile Traveler	Tile Traveler			9.0011	g014	Long Shadow	0.1008	Jump from block to block and find your way to the exit without over-using the blocks.
282	b94a9587-75c6-4e3c-fb1e-effbf0bed4b4	Doodle God Blitz	JoyBits	2015	addictinggames.com	https://www.addictinggames.com/puzzle/doodle-god-blitz	gameplay			Puzzle; Mouse-only; Mixing	Mixing	Mixing	Mixing			8.5748	a075	Cam Garden	0.0722	Mix and match different combinations of fire, earth, water, and air to create an entire universe! Of course the universe was not created in a day. Youll have to work your way up from a simple microorganism to creating animals, tools, storms, and even build armies before your universe is complete!
283	600c1caf-190d-c366-011b-2a3f8ebfaf66	Walker	EAEverything	2018	newgrounds.com	https://www.newgrounds.com/portal/view/710950	gameplay			Puzzle; Timing; Lemmings; Axonometric	Lemmings	Lemmings	Lemmings; Timing			8.9021	g019	Slow Bell	0.0675	A puzzle-based platformer with a twist Author Comments: This is a puzzle-based platformer with a twist. This time the player is the platform. If you get stuck, there's a walk through of the game here:
284	e1e6b43d-3ab1-46ee-9048-d49aaaf77dba	HyperPype	ssjskipp		andkon.com	http://andkon.com/arcade/puzzle/hyperpype/	gameplay			Puzzle; Pipe Connector; Achievements	Pipe Connector	Pipe Connector	Pipe Connector	construction	circuit	10.8445	f031	Wake Up the Box	0.0792	Use the mouse to rotate all pipes so that they are in a closes circuit. Andkon highly recommends you start with ZEN MODE.
285	cb4fbeb4-3562-48f6-aef3-b5a5af1a8417	Yoyo the Star	Front Network		y8.com	https://www.y8.com/games/yoyo_the_star	gameplay			Arcade; Score-Attack; Balancing	Balancing	Balancing	Balancing	indirect-physics	balance	10.999	q090	Lineage Garden	0.0827	Yoyo is graduated from school, and right on her way to become a superstar ! You need to help Yoyo to keep balance by using you mouse, just as the career of a movie star, Yoyo's way is full of obstacles... Don't forget to submit your score at the end of game.
286	58fe8ed7-b4f0-4018-a72a-4377bfd838bb	Cargo Bridge 2	Limex Games	2012	kongregate.com	Kongregate.com	gameplay			Puzzle; Physics; Level Editor; Box2D	construction		Level Editor; Physics	construction	build a bridge	8.1105	f031	Wake Up the Box	0.069	The Cargo Bridge is back! Build a bridge and test your construction skills. Now, there are more levels, more bridge connections, more cargo and more fun! Design a bridge on a blueprint and test it when you are done! Your workers will use the construction to get cargo located at the other side of the valley, and bring it back. Your goal is to collect all items in each level. Key features: - 60 levels across 3 colorful themes, with more to come! - 3 level packs: Green Hills, The Moon, Construction Site - 6 tools for bridge building: walks, wood, steel, rope, springs and TNT! - New gameplay elements like bee swarms, space portals and crane hooks! - New cargo types - Level editor and community l
287	f2076ae5-4196-4383-bd29-60df398f6dd5	Santa Can Dive	MajorMilizii	2014	kongregate.com	https://www.kongregate.com/games/MajorMilizii/santa-can-dive	gameplay			Arcade; Christmastide; Aquatic; Claw Game	Claw Game	Claw Game	Claw Game			8.9096	q189	Inheritance	0.0901	Santa lost all his money in financial crisis. Where will he take gifts now? Can he earn some money for his elfs? Yes, he CAN !!! SANTA CAN DIVE ! Upgrade Santa’s bathyscaphe and dive to salvage the treasures. Help Santa to make the magic Christmas!
288	f7b79f6e-2522-427d-99af-2a6425039879	Cursed Treasure 2	IriySoft	2013	newgrounds.com	https://www.newgrounds.com/portal/view/624406	gameplay			Strategy; Tower Defense; Top-Down	indirect-physics			indirect-physics; information	balance; invisible	8.9005	a042	Semaphore Garden	0.0606	The hordes of good heroes come again. And they are hungry for gems more than ever! Author Comments: The hordes of good heroes come again. And they are hungry for gems more than ever because The King himself wants the stones for his private needs. Gather the evil forces, build towers, upgrade, drink soda, cast the mighty spells, do whatever you can but don't let them touch your gems! 3.2: 3.1: Invisible and underwater enemies are now affected by area damage. 3.0: Fast Speed can be toggled instead of holding (pause the game to switch controls) New hotkeys: P for pause, T for next wave Coins autocollect before the next wave Texts are tweaked Terror protects from Charm for 2 seconds Total game r
289	72ea7231-eca5-4e21-af48-d2a19ecb2db0	ADHD Doris the Downtrodden Hen in Keep Your Cool	Grey Olltwit		go-games.com	http://www.go-games.com/keep-your-cool.html	gameplay			Educational; Simulation; Variety	constraint-and-interface			constraint-and-interface	you can only move	7.41	g027	Cue	0.0715	An educational game to help with combating stress at work or school. All people are victims of stress at one stage or another. If someone tells you they never suffer from stress then they are clinically dead. In this game you are Doris the chicken, a downtrodden employee, and you have to put up with litter lout Kevin from Accounts and the boss on the 2nd floor. No prizes for guessing what he's like. Doris has the added disadvantage of trying to cope with a condition known as ADD or Attention Deficit Disorder but it equally could be any other misunderstood disorder. Her boss is not sympathetic and the usual label of 'Lazy' is bestowed on Doris, just as it is wrongly placed on many thousands o
290	bd86af50-6bc8-478b-b066-d080bf310ba1	Egg Hunt	shimmerz	2009	fanart-central.net	http://www.fanart-central.net/pictures/user/shimmerz/744767/Egg-Hunt	gameplay			Puzzle; Eastertide; Codebreaker	Codebreaker	Codebreaker	Codebreaker			8.535	q019	Apprentice Path	0.0549	Find the eggs with the magnifying glass, then type the letter on the egg, to solve the message.
291	f8d8afff-5b03-4d6e-85f2-0196150ecd2a	Which Card Is Bigger?		2000	questacon.edu.au	http://www.questacon.edu.au/html/questacon_cards.html (via Wayback Machine)	gameplay			Toy; Educational; Card; Optical Illusion	Optical Illusion	Optical Illusion	Optical Illusion			9.3738	q052	Lens Bench	0.0742	Use your mouse to drag the cards around. Put them next to or on top of each other to discover which card is bigger. Which curved shape looks bigger?
292	b674e1df-221c-42c0-83cf-e43ca73fc114	Civilizations Wars IV: Monsters	Cave of Wonders Studios		armorgames.com	https://armorgames.com/play/18131/civilizations-wars-4-monsters	gameplay			Strategy; Node-Based Strategy; Upgrade; Cartoon; Achievements	Node-Based Strategy	Node-Based Strategy	Node-Based Strategy			9.4043	q130	Rhythm Rival	0.0847	5th game in Civilizations Wars series is about Monsters of all types. And also robots and maybe zombies and some mystery which tied this all together. Choose one of three races and lead your people through the Land of Giants. Battle through dozens of unique levels with different goals and gameplays, never seen before in previous games.
293	12295785-5125-4515-8241-8e984af29185	Double Win	Alex Orlyanskiy		armorgames.com	http://www.armorgames.com/	gameplay			Puzzle; Auto-zipped	distributed-agency			distributed-agency	cooperate; teamwork	6.8732	q076	Rule Thermostat	0.0726	Unravel the story of this cute puzzler by making the 2 yellow creatures cooperate. Switch character, pull levers, push buttons, run, jump and use elevators in this puzzler with 18 levels, 4 movie scenes and 2 unique heroes. Use teamwork and make way to the unexpected ending of the story.
294	ff683fa9-de7e-4bb3-a663-3755fc0f8ce7	Golden Dragon Quest			sportgamesarena.com	https://www.sportgamesarena.com/game/golden-dragon-quest/	gameplay			Action; Ninja; Run 'n' Gun	goal-revision			goal-revision	must not	6.9281	f016	GROW series	0.0583	If you like adventure and fighting games you are going to really enjoy Golden Dragon Quest. Your journey begins after the evil Rinkirikaki destroyed your village and stole the Golden Dragon statue. You need to revenge your people and stop Rinkirikaki once and for all. The road ahead is dangerous, enemy ninjas lurk at every corner trying to stop you. In the final stage you will have to confront the evil mastermind himself in order to retrieve the Golden Dragon Statue. Using your sword and shurikens you will defeat the evil that ruined your peaceful life and killed so many of your friends. The power of good is with you! The Evil Ninjas are the loyal subjects of Rinkirikaki, brainwashed by the 
295	086ba45a-fa15-43e3-9306-47526af55cd6	Tic Tac Dough	Christopher Colbourne; Dan Berger; Nicholas Mooneyhan; John Ricci Jr.		web.archive.org	https://web.archive.org/web/20060410134241/http://www.flashgameshows.com/game-TTD.html	gameplay			Card; Game Show; Luck Roller	Luck Roller	Luck Roller	Luck Roller			8.5366	q095	Closure Graph	0.0724	Find the TIC and the TAC, and you've got the DOUGH! But you want to avoid the Dragon, or else he'll burn up all the money that you've collected to that point!
296	0af05059-dcca-408d-9ad6-706762f61d1d	Sumo Snowman	Corus Entertainment Inc.	2006	funnygames.co.uk	http://www.funnygames.co.uk/sumo-snowman.htm	gameplay			Arcade; Score-Attack; Time-Attack; 3/4 View; Mouse-only; Food Chain; Hidden Content	Food Chain	Food Chain	Food Chain			9.0024	q089	Persistent Passenger	0.0797	Being a Snowman isn't all about games, birthdays and magical top hats. Sometimes, it's about growing big enough to consume SnowBullies and adding their mass to your own. Can you become the biggest Sumo Snowman on the block?
297	c2ba3671-8c1c-482e-bff4-c06003f8608c	Bomber's Adventure			gazo.com	http://www.gazo.com/game/bomber-s-adventure	gameplay			Arcade; Adventure; Bomb Maze	Bomb Maze	Bomb Maze	Bomb Maze			8.6536	q090	Lineage Garden	0.0703	Help the Bomber guy complete the missions through his adventure. Clear his path by placing bombs strategically, blow up the dangerous monsters and make your way to the end! Use the Arrow keys to move, Space bar to place a bomb. Remember to visit the Shop and buy useful upgrades at the end of a mission.
298	92c6c7a0-4055-4221-89c4-629e5051563d	Medieval Defense	"Diego ""Blaze"" Veras; Matt Bellis/Pyro111"		maxgames.com	MaxGames.com	gameplay			Shooter; Arcade; Action; Auto-zipped	system-dynamics			system-dynamics	resource management	6.7351	q126	Copycat Trap	0.0582	Your castle is under attack. And you're the only defense in it, a mage. A mere mage against a whole horde of enemies, from soldiers to dragons, defend your castle, upgrade your weapons, get more ammo and spells, in this medieval game! Similar Games EposEposAssume the role of Tradda d'Bolve and embark on a daring mission to de... Imperium 2Imperium 2Imperium 2: A Kingdoms War A massive resource management style game... Nevermore 3Nevermore 3Help Olek, our intrepid little hero, as he ventures deeper into the be... WarbearsWarbearsUse the skills of the four special agents (kla, lucas, ryoh and steve)...
299	3d56de63-b137-49e1-9d02-9830fe25234f	Hawtman	Omar Shehata; 4urentertainment; Illuminate	2010	newgrounds.com	https://www.newgrounds.com/portal/view/542008	gameplay			Dodge; Shoot 'Em Up; NG Game Jam	state-transformation			state-transformation	switch forms	6.057	g041	Spindle	0.0513	NOTE: You need to download the latest flash player for the game to work. Otherwise the play button won't even work. A game made in 48 hours, for the NG game jam. I'm pretty happy with how it came out, some stuff was rushed though. Controls: -Move with Arrow Keys -Jump with space -Attack with Z -A,S,D switch forms Special thanks to Illuminate for his efforts in trying to help find this game a song.
300	1e556184-016e-4c15-b31c-3a2bf24dea46	Hedek	aaron10man	2008	newgrounds.com	https://www.newgrounds.com/portal/view/429506	gameplay			Arcade; Puzzle; Score-Attack; Logic	information			information	blind	7.1336	g038	Tally Room	0.0571	As a Thought Police Bureau officer, monitor and eradicate subversive color-coded ideas. Author Comments: My apologies to color-blind people ;) It's my first game in Flash, written in AS3, entirely done with free software (FlashDevelop 3, audacity, Inkscape & Gimp) Be sure to read and understand the rules before assuming the game is bugged. English isn't my primary language, so I may be guilty of not having made the instructions clear enough in-game. I'll try a longer and better explanation here. Words appearing in the lower part of the screen, when they are not underlined, spell the name of the color you have to click to eliminate them (and the color they're decorated with is unimportant). O
301	a3ea2b7a-d62d-cdbd-e3ae-3a954841e2e3	Forget-Me-Not	kurismakku	2012	newgrounds.com	https://www.newgrounds.com/portal/view/595272	gameplay			Arcade; Score-Attack; Pixel; Pellet Maze; Fixed Screen	topology-and-view			topology-and-view	wrap around	6.0819	g020	Ping	0.0575	Run around the infinite, ever changing corridors of the Neon Dunjun. ZAP! Author Comments: Follow us to keep up with our new stuff ... Gameplay video example ( tutorial ): Run around the infinite, ever changing corridors of the Neon Dunjun, gathering flowers and shooting everything. ZAP! Grab the key to the next floor.. try not to let monsters take it off you. Once you've picked all the flowers, the doorway shall appear.. Grind the walls for a speed boost and the power of squishing! The edges of the maze wrap around - do try not to shoot yourself in the back. Controls: - Movement: WASD / arrows - Firing is automatic - Toggle mute: M - Toggle pause: P - Quit to main menu: ESC How to grind wal
302	698144f4-02ed-4fc1-8457-550e4749dd7d	Amazing Dress Up Philip Lester	VicemirAlex / ReMr186	2015	deviantart.com	https://www.deviantart.com/vicemiralex/art/AMAZING-DressUp-Phil-Lester-549270431	gameplay			Dress Up; Famous Person	time-and-order			time-and-order	past self	-2.4004	q073	Phase Change	0.051	[ver 1.86] - check out lates Phil's video where Dan picks his outfits! I couldn't resist the desire to update the game a bit... ( [ver 1.56] - smol update with NASA, cactee and snazzy fedora :D as usual, cool t-shirts included! [ver 1.44] - (the number of death) released! HALLOWEEEEN UPDATE! SPOOKY COSTUMES AND T-SHIRTS, HAVE YOUR FUN. [ver 1.24] - released! Plaid shirts, more bright t-shirts, Pikachu costume and WARNING: UNMATCHING SOCKS! [ver 1.0] - released! next I think, there will be two-three updates more, there's definitely a room for all his bright clothes ^^ Hope you will like it! (and sorry I cheated copying few parts from my past self here and there) = You can dress Phil up in you
303	d479daad-f6e3-6ea9-5a91-2b5cf8786223	The Engineer	Jazza Studios	2011	newgrounds.com	https://www.newgrounds.com/portal/view/583485	gameplay			Shooter; Action; Tower Defense; Level Editor; Community Content; Blood; Mild Violence; Machine; Top-Down; Voice Acted; Auto-zipped	secondary-mechanic-tag		Community Content; Level Editor			5.9841	g014	Long Shadow	0.0576	:EDIT: Some people have been experiencing issues with the game. If it won't open at all, try updating the flash player, and using a browser other than IE. To those with whom it works but is extremely laggy, Flash Player 11 allowed us to code the game to use your graphics processor instead of just the ram/CPU. Flash player 11 is still brand new and I guess we're experiencing first hand the incompatibility issues, so please forgive the inconvenience! You can also try right clicking, settings, then selecting the tab to the left and making sure you have 'enable hardware acceleration' allowed. Also try making sure your graphics card drivers are up to date. ::::::::: WARNING! THIS GAME will NOT wo
304	9e0e4fdc-afe3-46f7-bcb5-a8bc4282db6c	Massive War 3	Belugerin Games	2012	newgrounds.com	https://www.newgrounds.com/portal/view/588258	gameplay			Strategy; Pixel; Lane-Based Strategy; Military	Lane-Based Strategy	Lane-Based Strategy	Lane-Based Strategy			8.9836	a164	Bidirectional Hunt	0.0607	Massive War 3 is a strategy war, build a powerful army to battle for planet domination! In the year 2082 humans have colonized Mars and Pluto. Earth is no longer a prosperous planet, but is still a powerful military force. When scientist discover a distant naturally rich planet called the 'Bluegreen Planet' each planets sends their troops to battle for control over the new planet. Train soldiers and build military units and structures to overpower your opponents. Keyboard shortcuts: [Q] - fast forward to the left. [W] - fast forward to the middle. [E] - fast forward to the right. Click the icons to train units or use the [1..6] number keys. Click the formation buttons to change formations. C
305	e474a760-749f-47f6-8a6e-25af13034186	Putting the Shopping Away			boowakwala.uptoten.com	http://boowakwala.uptoten.com/kids/boowakwala-adventures-4oclock-fridgecupboard.html	gameplay			Puzzle; Sorting	Sorting	Sorting	Sorting			8.2022	q089	Persistent Passenger	0.1145	Can you help Grandma Koala put all the food away in the fridge and the cupboard?
306	0f9a3ad8-4488-47a0-b460-bcd6911d6a70	Cityscape	Nick Pfeifer; Aaron Hibberd	2006	jayisgames.com	https://jayisgames.com/games/cityscape/	gameplay			Puzzle; Sequential	Sequential	Sequential	Sequential			8.873	f016	GROW series	0.0735	Following the trail blazed by the tremendous popularity of the Eyezmaze Grow series of casual Web games, two enterprising young Flash developers used that inspiration to create a sim-ilar game with a SimCity-like theme. Cityscape puts you in charge of breathing life into an otherwise undeveloped land mass by choosing the building order for the elements that make up a standard city.
307	daebc779-0a01-4d49-8f27-ad99198f7368	Progress In The Platform		2001	freewebarcade.com	http://www.freewebarcade.com/game/conjecture/	gameplay			Arcade; Axonometric; Tile Traveler	Tile Traveler	Tile Traveler	Tile Traveler			8.7041	f033	Light-Bot	0.1054	Jump on the platforms to light them up. Avoid the bouncing balls and falling off the platforms. Use the arrow keys to move.
308	cbedd801-7980-44f3-a3b1-bba0d4cf3fe7	Daily Fortune Teller	Spil Games		girlsgogames.com	https://www.girlsgogames.com/game/daily_fortune_teller	gameplay			Toy; Simulation; Mixing	Mixing	Mixing	Mixing			8.5578	q157	Same Graph New Bodies	0.0558	Have your fortune told every day, with palm-reading, crystal balls, lucky charms, and more! Come back every day to have a new fortune told. Select four icons that represent your mood today, then select what kind of fortune you want told. Examine the palm lines, and find out your fortune!
309	493831c1-abc4-4d1f-a48e-a0015976b034	World of Confusion	Koko		box10.com	https://box10.com/world-of-confusion.html	gameplay			Puzzle; Lemmings	Lemmings	Lemmings	Lemmings			8.8836	g060	Snakelock	0.0773	This game is somewhat similar to Lemmings. There are little guys who never stop walking. When they hit a wall the turn around. When there's danger ahead, they just go there and die. They don't think, only walk. You need to think for them. Unlike Lemmings, here you don't distribute tasks between the creatures, but draw lines with your mouse. The guys will walk on these lines. Your goal is to take the required number of guys to the exit. If more guys reach the exit alive, you'll earn more money.
310	065b3e2b-d0a5-4327-bcb2-cf22681158c3	Pipes			engineering.com	https://www.engineering.com/GamesPuzzles/Pipes/tabid/4683/Default.aspx	gameplay			Puzzle; Mouse-only; Pipe Connector	Pipe Connector	Pipe Connector	Pipe Connector	construction	connect the	10.6811	g034	Second Coat	0.0791	Connect the pipes from the top right corner to the bottom left corner, creating a path.
311	5eb522bf-94ca-4e1e-9b70-ec1fe1ba08bc	Brain Balance	Soap Creative	2013	newgrounds.com	https://www.newgrounds.com/portal/view/617811	gameplay			Arcade; Promotional; Score-Attack; Balancing; Mouse-only	Balancing	Balancing	Balancing	indirect-physics	balance	10.942	a088	Foundation Shift	0.0777	A simple game we created for Dare Iced Coffee. The game is simple just move your mouse to balance the brain on a stick. How long can you last?
312	d14440d4-7069-45c8-bfea-a3dab4f9b1a1	Ninja Ballers	Nelson Wang	2009	addictinggames.com	https://www.addictinggames.com/puzzle/ninja-ballers	gameplay			Puzzle; Physics; Level Editor; Creative; Ninja	construction		Level Editor; Physics	construction	draw a path	7.5398	q156	Bridge Logic	0.0816	Ninja Baller has many skills, including bouncing. But he needs your help - draw a path to get the key, then to the open box! Tired of that? Make your own levels! INSTRUCTIONS Click to draw and collect key.
313	8e69e601-476b-4bb9-8762-3c51690decce	Gold Miner Vegas Australia Levels		2010	bigfishgames.com	https://www.bigfishgames.com/	gameplay			Arcade; Side View; Trial; Cartoon; Claw Game; Underground; Fixed Screen	Claw Game	Claw Game	Claw Game			8.852	q143	Costly Preview	0.0953	With new levels, challenges and gadgets the action is bigger, brighter and more enjoyable than ever before.
314	923f5b95-3564-4856-a73e-06f6eaba7248	Shoot the Alien	DreamCraft Entertainment		bubblebox.com	https://www.bubblebox.com/play/2911/shoot-the-aliens.htm	gameplay			Shooter; Arcade; Puzzle; Physics; Level Editor; Ragdoll	indirect-physics		Ragdoll; Level Editor; Physics	indirect-physics	bounce	8.7673	f031	Wake Up the Box	0.0669	Aliens have invaded the wild west! Take them out with your six shooter! Shoot the Aliens is a skill based puzzler where you must take out every alien on the screen with carefully placed shots! Thankfully, your bullets bounce around the level with ease! Try to take out as many aliens as you can with a single bullet! Do you have the skills to kill?
315	6811a43b-42e8-ada2-d355-ed164f338fcc	Rhythm Doctor	Hafiz Azman; Winston Lee	2014	fizzd.itch.io	https://fizzd.itch.io/rhythm-doctor	gameplay			Arcade; Pixel; Rhythm; FlashPunk; One Button	constraint-and-interface			constraint-and-interface	one button	7.2492	q130	Rhythm Rival	0.0612	RHYTHM DOCTOR IS OUT ON EARLY ACCESS GO TO STEAM STORE The free demo above no longer works because most browsers no longer support Flash. But you can still download the offline version of it above the comments at the bottom of the page. Some old archived instructions and messages This game is being turned into a full commercial game, starting with Early Access release on Steam in February 2021!! rhythmdr.com | Soundtrack | Facebook | Twitter | a hidden kanye | chords for Intimate | Level Editor (£1611.05 raised so far! February 2020 We are turning off donations for now while we finish the game. Thank you! And special thanks to Mehdi Shah for an ambrosial donation of £101, Cong Wang for an au
316	1fcf981c-b4bb-4e7d-87b0-774eda2c449b	plane_charter_1b			subliminalmessages.com	http://subliminalmessages.com/plane_charter_1b.htm (via web.archive.org)	gameplay			Optical Illusion	Optical Illusion	Optical Illusion	Optical Illusion			9.1584	q105	Orbiting Board	0.0636	Focus on the flashing green dot in the center and notice that some or all of the yellow dots will disappear. The longer you stare, the better it works. The arrows speed up or slow down the spinning.
317	5d34d928-a836-4d36-b4ad-5b5889efb696	Astrae Bellum	CCCP	2010	kongregate.com	https://www.kongregate.com/games/CCCP/astrae-bellum	gameplay			Arcade; Strategy; Score-Attack; Node-Based Strategy	Node-Based Strategy	Node-Based Strategy	Node-Based Strategy			9.2264	q030	Antidote Network	0.0658	This is a strategy game set in a mix between Greco-Roman mythology and an ethereal, deep atmosphere. As a divinity, conquer stars to build up your mana and unleash powerful spells on your enemy. You have two ways to win a battle: draw more constellations than your opponent, or simply annihilate him!
318	a0a1988e-bc02-4a62-a937-585f6cea37fb	Money Movers	Meow Beast		maxgames.com	MaxGames.com	gameplay			Platformer; Action; Puzzle; Stealth; Auto-zipped	distributed-agency		Stealth	distributed-agency	teamwork	6.8336	f031	Wake Up the Box	0.0586	Help the duo escape the prison by relying on each character's strengths. Teamwork is key in this challenging adventure!
319	39dfbbe7-1e97-4f01-8992-ebf43f8b6595	BVOVB Bruising Vengeance of the Vintage Boxer	rostok	2021	rostok.itch.io	https://rostok.itch.io/bvovb	gameplay			Beat 'Em Up; Auto-zipped	goal-revision			goal-revision	sacrifice	6.8041	q123	Last-Move Guard	0.0541	Bruising Vengeance of the Vintage Boxer You play as a retired boxer who is looking for his stolen dog. The game follows a classic arcade brawler so prepare to face lots of enemies. Characters and backgrounds are based on old pictures from 1910s, 20s and 30s so this is a true retro game. Play to find: 16 enemies & 2 bosses 12 levels 28 unlockable achievements and backstories 1 car, 1 dog and 1 boxer with 2 fists Special thanks Aubo Lessi - music Paweł Łoś - enemies backstories How to play Arrows - Move Z - Attack, successful hits hurt more X - Block to reduce damage (fast block nullifies damage) Advanced combos Block + Backward & Attack - sacrifice throw Block + Forward & Attack - headbutt M 
320	b0a7b5f2-c0a4-485a-8ef5-fd852fde6200	Bullseye: Pilot Edition	Dan Berger; John Ricci Jr.; Donald W. Dye	2002	web.archive.org	https://web.archive.org/web/20060419074433/http://www.flashgameshows.com/game-B10.html	gameplay			Game Show; Luck Roller	Luck Roller	Luck Roller	Luck Roller			8.5288	q182	Borrowed Floor	0.0658	"This special ""Million Dollar"" version of the game was from the pilot show, where as long as you continued to spin BULLSEYEs, your money would continue to grow, all the way up to ONE MILLION DOLLARS!"
321	c7128f7e-3c8f-42e9-944d-9eadabe83070	Fishie	Adypete	2006	newgrounds.com	https://www.newgrounds.com/portal/view/345381	gameplay			Arcade; Score-Attack; Side View; Customization; Food Chain; Aquatic; Fish	Food Chain	Food Chain	Food Chain			8.999	q149	Model Tokens	0.0583	Fishie, avoid the fish that are bigger than you, eat the fish that are smaller, you grow when you eat the other fish I made my own version of fishy just so I could finaly finish a game, all my other games got to big and complex, just wanted something I could finish. This game was based off of the game fishy by The original concept of this game was in Shark! Shark! by Intellivision Productions, Inc Thankx goes too CBadBlood for that information
322	51d9d6cc-3e22-460e-848c-a1fbdad80891	Box10 Bomber	Box10		box10-bomber.html	box10-bomber.html	gameplay			Action; Strategy; Bomb Maze	Bomb Maze	Bomb Maze	Bomb Maze			8.5657	q123	Last-Move Guard	0.0899	Game Description: Be the last robot standing in Box10 Bomber! Collect the bonuses and use them wisely to help you! Play against the CPU or in multiplayer mode! Game Instructions: Player 1: Arrows to move, Shift to Bomb. Player 2: WASD to move, E to Bomb.
323	d1bb882e-8fbe-4011-99ea-5ebda1310914	Slingo: Twiki Gems	Coray Seifert; Patrick Griffith; Burundi Fletcher; Nicole Violette; Viviana Narvaez; Jason Chin; John Gaertner; Raison Varner; Tom Toynton; Mike DiPisa; Syed Akbar; David Chin; Paul Iuzzolino; Patrick Kloes; Carlos Leonard; Eric Lamendola; Chad Gilloth; John Driscoll		classic.slingo.com	https://classic.slingo.com/games/play/twiki-gems	gameplay			Arcade; Puzzle; Score-Attack; Matching; Auto-zipped	system-dynamics			system-dynamics	ecosystem	6.6945	f031	Wake Up the Box	0.076	The valley of Chichen Itza has fallen under a devastating drought and it's up to you to bring life-giving rain back to the jungle. Harness the power of the mystical Thunder Gems to help the rainforest grow back, before the ecosystem hits the tipping point, and this rare wonder of nature is lost forever. Play every day to try new power-ups and new challenge scores. Be sure to stay tuned to Slingo.com for more Twiki Gems fun, coming soon!
324	6471ecb7-ae1e-4578-b4da-37384b9f9a63	Riolu Dressup Game	pichu90	2009	deviantart.com	https://www.deviantart.com/pichu90/art/Riolu-Dressup-Game-115028687	gameplay		Pokémon	Dress Up; Pokémon; Character Creator	state-transformation			state-transformation	changes color	6.0291	q130	Rhythm Rival	0.076	Another pokemon dressup, this time of riolu ^-^ I felt like making this one because I felt it was about time X3 Perhaps there are fewer options than some of the recent ones but hopefully enough to keep you entertained ^^ As usual you can change the color of the various features of riolu and dress it up, and move the different parts of the face if you want. Notice that the ears button actually changes color of the middle part of the face too~ Again, it's free to use for OCs and I actually encourage folks to upload whatever they do with my dressup cuz I like seeing all the possible combinations you people put, just remember to put my name in the credits >w< Hope you enjoy this one ^^
325	717eb1d7-9c40-4165-8878-32fc5c5d9851	King Epico's Epic Adventure	Tommy Nordered	2013	newgrounds.com	https://www.newgrounds.com/portal/view/626361	gameplay			Platformer; Adventure	information			information	invisible	7.1231	g040	Gauge	0.0528	King Epicos Epic Adventure was my very first game and it was made about 3 years ago! And I finally decided to publish it. You control King Epico with the keyboard and you control his companion Nini with the mouse. IMPORTANT- You ONLY use Nini when you are going to solve some sort of puzzle, so you dont need to hold your hand on both mouse and keyboard. There is 5 worlds each with 5 unqiue levels and when i say unique i mean it, every single level has something you´ll only find in that level weather it is an enemy a puzzle or obstacle. I wanted it to be a very unique experience. There is also 5 big bosses in the game! This is a big game so I also included a save feature. This game has both lo
326	c58d00ce-ac3e-4719-a8d9-56ae254072c5	Geometric Optics	PhET Development Team		phet.colorado.edu	phet.colorado.edu	gameplay			Educational; Simulation	topology-and-view			topology-and-view	move the screen	5.9417	q035	Momentum Bank	0.0666	How does a lens form an image? See how light rays are refracted by a lens. Watch how the image changes when you adjust the focal length of the lens, move the object, move the lens, or move the screen.
327	fc2c0ad6-a204-4dc1-93a1-fe759bacc535	Sieger Level Pack	Anton Federuk	2011	armorgames.com	https://armorgames.com/play/11417/sieger-level-pack	gameplay			Puzzle; Physics; Level Editor; Community Content; Blood; Medieval	secondary-mechanic-tag		Community Content; Level Editor; Physics			5.9218	q045	Scout Drones	0.0488	ArmorGames' community brings more challenging fun to Sieger with the Level Pack sequel! You as a Siege commander have to kill all the castle defenders and save the peaceful peasants by carefully choosing what supporting blocks of the castle to smash. Take the castle in less shots to earn the medals: Clear, Decisive and Brilliant Victory. Loot treasure chests for extra score! The fewer shots the better. The Level Editor allows to create and share your own custom levels. Check the People's Empire to play the user submitted levels.
328	b6c68d81-d0a3-7f5c-3d6b-361093fb84ce	Zombie Riot	GoodyPundit	2014	armorgames.com	https://armorgames.com/play/15984/zombie-riot	gameplay			Strategy; Pixel; Zombie; Lane-Based Strategy; Upgrade; 3/4 View; Achievements	Lane-Based Strategy	Lane-Based Strategy	Lane-Based Strategy			8.9257	f012	Closure	0.0495	Survive from the zombie riot! Gather survivors by saving them from buildings full of zombies! Put your survivors strategically to defend against the zombies' attacks Each survivor has his/her own special ability, Gordon with his iron pipe or Nevera with her tundra rifle! be careful with the special zombies! from bouncing-attack zombie, digger zombie, to robo zombie. Defend against the zombies on every location, from office buildings, hospitals, to parks. Use sniper blast skill to blow the zombies' heads, push them back with Mega boomerang, or freeze them in place with frozen air. Upgrade the survivors' to make them even stronger. Discover Zombie Riot's thrilling adventure by Goody gameworks.
329	8b952f9a-080b-4dc5-b1f4-ecb26edcb5c8	Logic Zoo	THIRTEEN PRODUCTIONS LLC; PBS		pbskids.org	http://pbskids.org/cyberchase/math-games/logic-zoo/ (via Wayback Machine)	gameplay		Cyberchase	Puzzle; Cyberchase; Sorting; Auto-zipped	Sorting	Sorting	Sorting			7.7922	f031	Wake Up the Box	0.0629	Use Venn diagrams to sort the zoo animals back into the areas where they belong.
330	4974ce03-bd2a-46b9-8cd7-a3bb0b833e0a	Poco Parco	JohnB	2007	jayisgames.com	https://jayisgames.com/games/poco-parco/	gameplay			Puzzle; Sequential	Sequential	Sequential	Sequential			8.8504	g002	Bloom Order	0.1121	Poco Parco is an extraordinarily quirky Japanese title that works much like the Grow series of games. Click the items at the bottom of the screen to start different events, each one interacting with the last. What sets this game apart from the rest of the clones is its adorable presentation and the ability to click and play with the objects that grow on the screen.
331	d2d0e539-08ed-4aaf-9a7a-ff9354c70081	Frosty Fight	Playerthree	2013	cartoonnetwork.co.uk	http://www.cartoonnetwork.co.uk/games/adventure-time-frosty-fight	gameplay		Adventure Time	Arcade; Adventure Time; Tile Traveler	Tile Traveler	Tile Traveler	Tile Traveler			8.5828	q166	Checkpoint Choice	0.0539	Play as Finn and travel to the Ice Kingdom to rescue 20 princesses from the clutches of the Ice King. Jump across icy platforms and collect power orbs to charge your Lightning Sword. Once charged, destroy the icy prisons trapping all the princesses. There are 20 princesses to rescue, including Princess Bubblegum, Lumpy Space Princess and Princess Cookie.
332	4bd8eeae-e093-4b9d-b5d8-0637fa2e9202	Eyelashes Club			girlgamesclub.com	http://www.girlgamesclub.com/game/eyelashes_club.html	gameplay			Creative; Mixing	Mixing	Mixing	Mixing			8.495	q189	Inheritance	0.0696	Always wanted to create your own smokey eyes? In this great workshop game for girls you can truely make your own fake eyelashes by combining various shapes, colors and materials. Be creative and test your new creations before the mirror. Have fun playing this new girl games club online game! Mouse or touchscreen required.
333	8405f198-21b5-4118-963c-dc5275ec36d4	Pipol Destinations	FreeOnlineGames.com		bubblebox.com	https://www.bubblebox.com/play/432/pipol-destinations.htm	gameplay			Arcade; Puzzle; Score-Attack; Lemmings; Auto-zipped	Lemmings	Lemmings	Lemmings			8.8156	a119	Temporal Booking	0.078	Guide the Pipol to their destination. Each and every one must be guided safely in order to complete twenty levels. Be careful not to dig holes too steep as it will kill the person falling in it. Happy digging :)
334	d3afd846-d7b0-4e9c-bd90-15e3f1ba8622	South Park: Volcano	QB9		freeaddictinggames.com	http://www.freeaddictinggames.com/game/south-park-volcano/	gameplay		South Park	Puzzle; South Park; Top-Down; Pipe Connector	Pipe Connector	Pipe Connector	Pipe Connector	indirect-physics	flow	10.6671	q019	Apprentice Path	0.074	A volcano has erupted and molten lava is heading towards south park! As Stan's dad, you're in charge of digging trenches to save the town from a slaggy fate. It's piping-hot puzzle action from start to finish. Create a path for the lava can flow.
335	8528cb7e-7e60-4154-8ada-f2a5459973e5	Sophie's Stew	Neopets		images.neopets.com	http://images.neopets.com/games/g659_v12_66536.swf	gameplay		Neopets	Arcade; Score-Attack; Balancing; Neopets; Auto-zipped	Balancing	Balancing	Balancing	indirect-physics	bounce	10.9268	q102	Walking Room	0.0979	Sophie the Swamp Witch is hard at work, brewing up one of her powerful potions. She isn't the most careful witch in Neopia, however, so it's up to you to help her get every ingredient safely into her cauldron. When Sophie throws one of her ingredients into the air, use her wand to bounce the item across the room and into the bubbling pot. Keep the ingredients away from her hungry Meowclops and make sure that nothing hits the floor. If you drop five ingredients, her potion is ruined and the game is over!
336	0f6ee582-558f-b826-2419-7865fc97c07f	Cargo Bridge - Armor Games Edition	Limex Games	2010	armorgames.com	ArmorGames.com	gameplay			Puzzle; Physics; Box2D	construction		Physics	construction	build a bridge	7.5247	g053	Backspin	0.0736	"This time, little guys from Cargo Bridge has moved to the past. Now they have a lot of medieval stuff to transport and they need your help. Build a bridge and test your consctruction skills. Help your workers to collect items located on the other side of valley. Become a number one of the leader board. Build a bridge using your mouse and available budget. When it is done click ""Test your bridge"". Your workers will use it to get items located at the other side of valley, and bring them back to the shop. Your goal is to collect all items in level. For each level you have limited budget. All money that you won't use, become your score, so cheaper bridge = higher score. Money collected in all le"
337	67917031-b306-4f38-86f3-65fcb84908a2	Dora Fishing		2013	baby-games.com	http://www.baby-games.com/games/dora/Dora-Fishing.html	gameplay		Dora the Explorer	Arcade; Simulation; Dora the Explorer; Fishing; Claw Game	Claw Game	Claw Game	Claw Game			8.5441	q156	Bridge Logic	0.067	"Have you ever gone to fishing? It is a definitely fun sport! Come with this lovely Dora and get more realistic fishing experience! It looks very easy but it improves your motor skills for actual fishing! See which kind of fish this Dora want to catch from the ""TASK"",then click the spacebar to put the hook and again click spacebar to draw back."
338	6703c729-b555-4f25-8351-002d52f937d3	Motorjoust	Team Midnight Moose Party	2013	newgrounds.com	https://www.newgrounds.com/portal/view/620910	gameplay			Sports; Pixel; Level Editor; Motocross; Community Content; Achievements; Auto-zipped	indirect-physics		Community Content; Level Editor	indirect-physics	balance	8.5497	f006	Multitask	0.0663	Welcome to Motorjoust! A game made in 2 weeks by Team Midnight Moose Party for the Newgrounds Game Jam #9! Take on the roll of a knight who has been invited to take part in the King's Tournament of Champions. You will have to fight your way through the best jousters in the land, while dodging obstacles and gaining air on crazy jumps! ----------------------- Controls: Up/Down - Steer Left/Right - Balance Spacebar - Accelerate Shift - Reverse (Warning: Painfully slow) M - Mute P - Pause Esc - Quit ----------------------- As an added bonus, we decided to incorporated our level editor into the game so you can design your own levels, and then share them with your friends via the Newgrounds API! B
339	4fe37c8a-883c-45f6-849b-01aff8683f61	Smash the Swine		2014	gamesbutler.com	https://www.gamesbutler.com/game/21735/smash-the-swine/	gameplay			Arcade; Score-Attack; Timing; Lagomorph; Suidae	constraint-and-interface		Timing	constraint-and-interface	one button	7.2033	q130	Rhythm Rival	0.0666	test the smashing durability of their heads, along with four heavy weapons, one styled background of a farm, and an innocent bunny who is here just for fun. Challenge your friend to a 2 player smashing game, pick your target and arm yourselves before starting this one-button smashing game! Player 1: Use S to smash the swine, Player 2: use the Down Arrow key to smash the swine.
340	2eae4802-d2de-43b4-a058-e2a3da55bbb5	Pikachu run cycle single-frame	inferno988	2012	deviantart.com	https://www.deviantart.com/inferno988/art/Pikachu-run-cycle-single-frame-292897090	gameplay		Pokémon	Pokémon; Interactive; Optical Illusion	Optical Illusion	Optical Illusion	Optical Illusion			8.952	q166	Checkpoint Choice	0.0753	Controls on the flash. Random animation experiment :) Click & drag to animate, use the keyboard arrow keys to get a constant framerate. The best is that this technique works great with cycles, which I love! <3 (and they are like, most of my gallery lol) Printable animations! :dummy: Haha enjoy! :D
341	f71fbb4e-4f9c-4ee4-8e34-dccfadb5aa27	Awesome Ghosts vs Stupid Zombies	Ninja Kiwi	2011	ninjakiwi.com	https://ninjakiwi.com/Games/Strategy/Play/Awesome-Ghosts-vs-Stupid-Zombies.html	gameplay			Strategy; Zombie; Node-Based Strategy; Ghost	Node-Based Strategy	Node-Based Strategy	Node-Based Strategy			9.2026	g003	Echo Crew	0.0845	When the sun goes down and the moon casts its eerie shadows across the graveyard, then does our battle begin. The Zombies, intent on gathering as many crumbly dribbly corpses as possible for the next apocalypse have to contend with some pretty awesome ghosts not so happy with the idea.
342	5222976f-2d9d-49fe-a597-267d06aa5f42	Symbiosis Snake	tenentenen	2011	newgrounds.com	http://www.newgrounds.com/	gameplay			Arcade; Auto-zipped	distributed-agency			distributed-agency	control both	6.8072	q189	Inheritance	0.0898	"**Again, you have to actually play the game several times before you get the hand of it. Don't judge after 1 play.*** **Don't Forget to Submit Your scores by clicking ""submit score"" after you die!** This game is an original concept that I thought of a while ago, and have been slowly developing over time. The idea is this: You control both a snake and a platforming character. the snake's body parts are the platforms for the character. Survive for as long as possible! WAD tot move the leech, W being the jump key. Arrow keys to move the snake. Read the included instructions before playing. You can submit your score, see if YOU can make it to the top of the leader-boards! NOTE: The thing is...th"
343	17f561ee-f065-4453-8563-2d0cac01f4d9	퍼즐마작1			game24.co.kr	http://www.game24.co.kr/game.php?gamecode=mahjongg;https://www.asiadog.com/game/skill/214.shtm	gameplay			Score-Attack; Matching; Time-Attack; Mouse-only; Fixed Screen	goal-revision			goal-revision	must not	6.7769	g027	Cue	0.08	(Translated by Google) ※How to play 1. This is a game where you click the mouse to find and match blocks of the same picture. 2. The top, bottom, left, and right sides of the block must not be blocked by blocks from other pictures. 3. Pairing is possible only when the connecting line between blocks is bent 3 times or less. 4. However, when the line bends, it cannot be bent by going up more than one block. 5. Press the Hint button to automatically find and remove blocks. 5. Click the Start button to start the game.
344	a77e7c1f-1a9b-4d86-b575-a0a87ac41b6f	Roulette	Trevor McCauley		senocular.com	https://www.senocular.com/flash/source/?entry=694	gameplay			Simulation; Luck Roller	Luck Roller	Luck Roller	Luck Roller			8.5237	q129	Decoy Learner	0.0787	This is a simple version of a roulette wheel. Click spin to spin the wheel and a value can be given from where the ball stops on the wheel. This spinning is simply a matter of rotating movieclips.
345	1bdc2841-ea94-475e-9111-686f6d08d77f	fish	Technophobe		digyourowngrave.com	www.digyourowngrave.com	gameplay			Arcade; Dodge; Mouse-only; Food Chain; Silhouette; Auto-zipped; Fish	Food Chain	Food Chain	Food Chain			8.9772	q043	Sampling Cart	0.0804	Start off as a little fish and eat your way up. You can only eat fish smaller than you, and if a larger fish touches you more than 3 times, the game is over. The slider at the top helps you monitor your progress.
346	9315f5c2-dfa3-4bd3-a05d-e8c960af7ba8	Project Bomberman	WAtheAnum	2018	newgrounds.com	https://www.newgrounds.com/portal/view/716419	gameplay		Bomberman	Arcade; Action; Bomb Maze; Bomberman	Bomb Maze	Bomb Maze	Bomb Maze			8.5651	a042	Semaphore Garden	0.0684	"Its Bomberman. No srsly, what else should i explain here? Author Comments: -----IF you wanna play the sequal, which sure is better, go here:----- Original Discription: Well since the new SUPER Bomberman R for the Nintendo Switch is out, i actually thought about to build myself a ""Bomberman"" game. I worked all night actually to create this little game and i guess i did it well. The rules are pretty simple but i explain them and how the game works: CONTROLS: Arrow Buttons = Move Space = Place a Bomb X = Detonator - before a round starts, you will see 2 ""scanners"" which will scan the stage. -- the first is creating breakable walls with a 50% chance -- the second one places a number of monsters "
347	3b63a78e-aea4-4e67-9507-3ce300ee0b6f	Monster Town Defense 2	Monster Play	2014	web.archive.org	https://web.archive.org/web/20180727170931/http://thegames8.com:80/monster-town-defense-2.html	gameplay			Strategy; Real-Time Strategy; Fantasy; 3/4 View; Achievements	system-dynamics			system-dynamics	resource management	6.6068	q127	Policy Mirror	0.069	Monster Town Defense 2 is sequel of a resource management RTS game, where you build a town of monsters, developed technology through researches, build defenses equipment and monster troops to attack the opponent town to reclaim the glory of the monster. In this sequel you will expand your kingdom in larger map, various towns, better tactic and more optional campaign!
348	bd64bafd-2c1b-46fa-a68b-c0de38959b7d	Cars Mirror Match			123chase.com	http://www.123chase.com/cars_mirror_match/10937	gameplay			Puzzle; Matching	state-transformation			state-transformation	mirror image	5.9367	a174	Bisimulation Bridge	0.0753	Find the matching mirror image of the cars in this tricky Puzzle game! As you move on the progress the levels get more and more tricky. Pay attention to the details and score huge points in Mirrors!
349	4e2229ac-3fb7-46a0-8673-c264352b0f14	The Descent	Gronjal; Lazarus		freshnewgames.com	http://www.freshnewgames.com/the_descent.html	gameplay			Horror; Stealth; Blood; Mild Violence; Cartoon; Underground	information		Stealth	information	blind	7.1188	q068	Blind Captain	0.0858	The Descent manual Trapped with some hungrey blind beasts with sensitive big ears! Spookey! Scarey! game controls Use the arrowkeys and the spacebar to play the game.
350	0e0ff49b-c387-4e92-ba58-47d16d53778d	Inside Out Laboratory			click-4games.com	https://www.click-4games.com/ourgames.html	gameplay		Inside Out	Puzzle; Inside Out; Hidden Objects	topology-and-view			topology-and-view	inside out	5.6052	q148	Delayed Commit	0.0767	Join the Inside Out characters,Joy,Anger,Fear,Disgust,Sadness,in one of their missions,they lost some important objects that they need to create an laboratory experiment.They will need your help in finding all the missing objects.Do you think you can help them find the hidden objects? Have fun!
351	0920436b-f34d-4f5e-9051-f4faded858de	Cathode Raybots	Tom Fulp; Johnny Utah	2013	newgrounds.com	https://www.newgrounds.com/portal/view/610807	gameplay			Shooter; Action; Level Editor; Community Content	secondary-mechanic-tag		Community Content; Level Editor			5.8752	q074	Drift Law	0.0505	Fight the robots or build the robots that fight the humans! Author Comments: Our old TVs have returned from being scuttled into space and they have made a sport out of killing humans! Play as humans to fight waves of Raybots OR play as the Raybots and build new robots for humans to fight. The best robots will be added to official campaigns! Also note - that campaign list has a yellow scroll bar down the ride side, with a lot more campaigns down below! Big thanks to Mike for all the programming support with the API and drawing tools. Big thanks to Stamper for the player select music and menu sprucing. Big thanks to RicePirate for the intro and select screen voice. Big thanks to all the tester
352	9b0f5a58-90e8-4c65-9773-7730885e0212	Airfield Defender	3cr	2013	newgrounds.com	https://www.newgrounds.com/portal/view/628946	gameplay			Action; Strategy; Tower Defense; Lane-Based Strategy; Defense; Upgrade	Lane-Based Strategy	Lane-Based Strategy	Lane-Based Strategy			8.8926	q168	Calibration Orchard	0.0649	Notebook game with a Plants vs Zombies style defense sceme. Author Comments: Defend your airfield in this Plants vs Zombies style defense game. Collect coins, buy new airplanes for defense and shoot down all of the enemy planes advancing toward you. Place your defenses strategically for maximum results. Can you defend the city from the evil alien spaceships in this strategy notebook game?
353	b0cdf233-cba4-4511-bb1b-6d8e1f41d336	Baby Princesses Room		2016	gamesforgirlz.net	http://www.gamesforgirlz.net/game/15555/Baby-Princesses-Room	gameplay		Frozen; Tangled	Simulation; Puzzle; Scene Creator; Frozen; Tangled; Mouse-only; Cleaning; Hidden Objects; Sorting	Sorting	Sorting	Sorting			2.6695	g039	Stitch	0.0747	These little Disney princesses are really taking their chores seriously in this room cleaning game and it is up to you to help them out because that room is a mess. The princess room is the center piece of the house so you must find all the hidden objects at first as you will be using them later to clean everything up. Dust off the spider webs, broom the carpet, pop the balloons and also try to pick up all the litter and throw it in the trash bin. This way you will be able to clean the windows and also start the princess room decoration game where everything can be swapped with another item from the inventory to create a whole new feel for the area.
354	de2d6f20-f660-4740-8f83-1d232c8f0a7e	METEOR	fliptic	2010	kongregate.com	https://www.kongregate.com/games/fliptico/meteor-chain	gameplay			Arcade; Puzzle; Score-Attack; Time-Attack; Sequential; Vertical Drop	Sequential	Sequential	Sequential			8.8105	f031	Wake Up the Box	0.0714	Description puzzle game. Destroy all the meteors with bomb chains. If you lock the tutorial, you can watch it again by push the “R” button that is in the upper_right part of the main menu If you like our game please visit us in: (you can submit your score here)
355	7e45b6ec-deb0-4b9e-bc91-302560e974a2	Kaeru Jump			gamedesign.jp	gamedesign.jp	gameplay			Puzzle; Tile Traveler	Tile Traveler	Tile Traveler	Tile Traveler			8.4766	g032	Spine	0.058	Puzzle game. Eliminate stones one by one by jumping over them. You win when one is left. 10 stages.
356	bceb5214-7a8c-4d7e-a273-4c0d20d3be43	Cat House Club			girlgamesclub.com	http://www.girlgamesclub.com/game/cat_house_club.html	gameplay			Puzzle; Mixing	Mixing	Mixing	Mixing			8.4548	q065	Asymmetric Twins	0.0752	In the cat house club game you have to figure out and build a unique cat house for each of the 3 cats. Carefully pick a shape, material and decoration and put them together. In this girl game you can figure out the correct combination by listening to the kitty cats ideas. Have fun and be creative!
357	52e8d6e1-bf13-46db-91ea-d8a7af2c3fba	Minimalemmings	Simon Oliver		dumb.com	www.dumb.com	gameplay			Puzzle; Lemmings; Auto-zipped	Lemmings	Lemmings	Lemmings			8.7607	q170	Commit Threshold	0.0599	Help the Lemmings make it safely to the exit by using the various jumps provided in this fun little arcade game. Make some quick minded decisions or plan everything before hand in order to have nothing to worry about. Play this awesome flash game today as you make your way through several different levels
358	556d538c-cec6-49c9-8b36-8f38d83d6355	Scooby-Doo Cloning			123chase.com	http://www.123chase.com/scooby-doo_cloning/11411	gameplay		Scooby-Doo	Puzzle; Scooby-Doo; Pipe Connector	Pipe Connector	Pipe Connector	Pipe Connector	construction	assemble	10.6359	q102	Walking Room	0.0986	"Hi! Your favorite cartoon character ""Scooby-Doo"" is come up with an interesting game. Don't miss it!!!! Your goal is to assemble all the pipe pieces in a correct manner to clone the Scooby-Doo within the time limit, it will help to score the points and also play the next level. All the best!!!"
359	939727dd-1dac-4f3e-a7a8-d45dc124c528	Last Day Of Che	Shit Hour Games	2012	newgrounds.com	https://www.newgrounds.com/portal/view/599072	gameplay			Arcade; Balancing; Button Masher	Balancing	Balancing	Balancing	indirect-physics	balance	10.8869	q090	Lineage Garden	0.0615	Earth ready to explode. Help Cheburashka to escape on air baloon. But way to salvation is very dangerous: balance on tiny long rope (arrow keys). Awesome music been adopted to gameplay. The end is worth it.
360	414d635d-8db1-48a7-b180-62959c656fc5	Monster Truck Championship			sportgamesarena.com	http://www.sportgamesarena.com/game/monster-truck-championship/	gameplay			Simulation; Driving; Side View; Achievements	construction			construction	circuit	7.2775	q068	Blind Captain	0.0644	If you have a thing for these large, four wheeled babies, if you're drawn to testing your driving skills on rugged, super rough terrains and you're a secret adrenaline junkie, too, then you have all the chances to win this monster truck championship! Get behind the wheel of this 4x4 monster and try to tame it, earning enough points so that you can go through all the 21 levels! Now, if you want to be sure that you'll be one with our monster truck and that you'll team up perfectly with your 4x4 beauty, make sure you select the right truck. Once you've decided upon the perfect truck, it's time to unleash its power on the rugged terrain and get ready to feel the adrenaline pumping through your v
361	9e100357-b4c1-4ae7-931b-6e73081e4cef	Jake the Pirate Hook	MyStarsGames		mystarsgames.com	http://www.mystarsgames.com/jakepesca.htm	gameplay		Jake and the Never Land Pirates	Arcade; Sports; Simulation; Fishing; Jake and the Never Land Pirates; Claw Game	Claw Game	Claw Game	Claw Game			8.5096	a049	Bottleneck Bins	0.0699	Help Jake to catch as much fishes as possible. Press space to throw the claw when it will be aimed at a desired item. Try not to hit useless items like old boots or pikes as they will waste a lot of your time. You have 60 seconds to complete each level.
362	b4925636-2bc5-4536-809b-e2ab1851bbda	Eon	Intuition Games	2010	newgrounds.com	https://www.newgrounds.com/portal/view/528606	gameplay			Puzzle; Space; Physics; Level Editor; Community Content	indirect-physics		Community Content; Level Editor; Physics	indirect-physics	gravity	8.5317	q106	Local Gravity Wells	0.0699	Manipulate gravity to send matter and dust particles streaming through space. Author Comments: This is a game we made about space and gravity. Place gravity wells near gas giant planets to suck the matter from their surface. Stream these particles through space to fill collection rings to solve each puzzle. Please enjoy the game and soak up the atmosphere, if anything I've made could be labeled as soothing, I'd say it's this ;) Level transitions are quicker now and the thumbnails for player levels work. A few bug fixes too, keep reporting bugs if you find them!
363	0cc46ee1-9d6f-4bdd-87e3-b5841e7bc368	Shrink or Score	Wigs Games; Basheman; Hektikmusic		wigsgames.com	www.wigsgames.com	gameplay			Arcade; Score-Attack; Timing; Game Jam; Auto-zipped	constraint-and-interface		Timing	constraint-and-interface	one button	7.1564	q193	Routine Builder	0.0765	"One button, one action, Shrink or Score. Click the pulsating Square button, the larger it is, the more you score, the smaller it is, the smaller still it becomes. The challenge with Shrink or Score is to not only to gain the highest score, but also gain the lowest score. Awarded 3rd Place in the FGL gamejam #33 entitled ""one button one action"""
364	9bd2a586-308f-40b7-9f22-f0e58b2823e6	settlement_3			subliminalmessages.com	http://subliminalmessages.com/vip/settlement_3.htm (via web.archive.org)	gameplay			Interactive; Optical Illusion	Optical Illusion	Optical Illusion	Optical Illusion			8.8872	q041	Keyhole Budget	0.0836	Do you see movement on behalf of the spokes? Use the stop button to prove there isn't any.
365	8421695c-2845-46d5-b6be-0d278aaf02fa	Simple Strategy Game	cbDev		kongregate.com	kongregate.com	gameplay			Strategy; Node-Based Strategy; Auto-zipped	Node-Based Strategy	Node-Based Strategy	Node-Based Strategy			9.1973	g054	Metre	0.0778	— Each map is divided into territories. You win if you control them all. — Loses during battle are 1 for 1 (one attacking unit is lost for each defending unit.) — At the end of each player’s turn they earn 1 unit for each territory they own. — New units are placed on territories that border enemy territories first. — There is a max of 10 units per territory.
366	159f976e-2b6a-4e36-9e39-3e5880cd93e2	Zombie Infestation!	Nerdook	2008	kongregate.com	www.kongregate.com	gameplay			Shooter; Action; Zombie; Auto-zipped	distributed-agency			distributed-agency	teamwork	6.802	q093	Milestone Garden	0.0635	Guide your team through FIVE randomly generated episodes of zombie mayhem! Teamwork is everything, ensure your teamates cover each other as they advance through the episodes. But hurry, the clock is ticking! -Collect tokens to revive characters and play episodes -Unlock new, diverse episodes as you play -Survive the slaughter to continue your combo score run -Play well to unlock achievements after each episode! Updates: -Added the ability to choose between different difficulty levels -Added help messages for new players -General bug fix and code tidying up -One new episode! It’s really hard, though, and not because of zombies… Give it a go. :) -Changed character names and images (ahem)
367	1bb3fee7-a295-4f37-a9ca-3bbf36071962	Baby Hazel Mothers Day	Axis Entertainment		babyhazelgames.com	babyhazelgames.com	gameplay		Baby Hazel	Adventure; Point and Click; Baby Hazel; Mother's Day; Auto-zipped	goal-revision			goal-revision	sacrifice	6.7514	g047	Peephole	0.0666	Like any other kid, Baby Hazel loves her Mom very much. So, this year she wants to surprise Mom on with a Mothers Day celebration. So, Baby Hazel along with her Dad are busy making arrangements for the celebration. Can you help out little girl and take part in the family celebration? First you need to goto shop with Hazel and buy necessities. Then goto kitchen to prepare Mothers Day Cake and later decorate the room. Be part of this joyous day with Baby Hazel and her family. Have fun! Mothers Day is a day one celebrates to pamper their mom and thank them for their contribution in one's life. Its mother who takes care of every little thing concerned to her child and this day is celebrated to f
368	df6e4622-f6a1-460f-ab4b-319d4b00b777	Tic Tac Dough - CBS Edition	Christopher Colbourne; Dan Berger; Nicholas Mooneyhan; John Ricci Jr.	2004	web.archive.org	https://web.archive.org/web/20060410134259/http://www.flashgameshows.com/game-TTDCBS.html	gameplay			Card; Game Show; Luck Roller	Luck Roller	Luck Roller	Luck Roller			8.5074	q104	Conveyor Frame	0.0681	When the show was brought back on CBS, the bonus game was changed so you needed to find the line of your symbols on the board to win the $1000 bonus.
369	2135b13e-6457-4aa6-b0d5-a729522c7bec	Angry Hungry Fish	Beem Games	2012	newgrounds.com	https://www.newgrounds.com/portal/view/597218	gameplay			Arcade; Blood; Food Chain; Aquatic; Fish	Food Chain	Food Chain	Food Chain			8.9329	q193	Routine Builder	0.0704	The Sea is a very dangerous place, specially if you are a tasty tiny lantern fish! So your objetive number one is to grow larger than those ugly fish that want to eat you! You can do this by eating smaller fishes, but be careful of those bigger than you, them are hungry as well. ------ Use Arrows or ASDW to move!
370	a1b71f45-5fd8-4492-ad9d-c55316280d73	Bomborman	Locomotivator	2013	newgrounds.com	https://www.newgrounds.com/portal/view/629352	gameplay			Arcade; Score-Attack; Bomb Maze	Bomb Maze	Bomb Maze	Bomb Maze			8.5498	q189	Inheritance	0.1081	Story: Bomborman can only make shitty bombs, thankfully he can make a lot of them. But the evil Steven Seagal and his clones want to steal Bombormans bombs, you must protect your bombs as long as possible. Controls: Arrows: Move Space: Place Bomb
371	b6ddd9e6-1b79-433d-87fe-5838411cec6e	Imperium 3	Belugerin Games	2014	gamesbutler.com	https://www.gamesbutler.com/game/21461/imperium-3/	gameplay			Strategy; Real-Time Strategy; Top-Down	system-dynamics			system-dynamics	resource management	6.534	a044	Deadlock Dock	0.0851	Description: A massive resource management war game, where you build your own kingdom and expand it to conquer all areas. Manage your citizens and order your soldiers! Controls: Make some Buildings by selecting and placing them. You have initial soldiers, so you can order war by the first time of the game, but remember you only limited initial soldiers, you need barracks to produce even more soldiers, you can also move resources to another city and trade (import and export). See in-game instructions. Good Luck!
372	be4ee3f6-b304-4cf0-afa3-279982bc85e4	Pivot	Podbot	2013	kongregate.com	https://www.kongregate.com/games/tomtusk/pivot	gameplay			Platformer; Puzzle	state-transformation			state-transformation	rotate the world	5.9367	q102	Walking Room	0.0988	An exploration puzzle platformer. Find and collect the chest of gold from all 49 rooms to win the game. You must rotate the world to match the orientation of a chest before being able to collect it.
373	29b7030f-8b8b-4822-b14c-082a5e6933aa	Just Another Shadow	DrYoshiyahu	2012	kongregate.com	https://www.kongregate.com/games/DrYoshiyahu/just-another-shadow	gameplay			Platformer; Puzzle; Experimental; Game Jam; Game in Ten Days	information		Experimental	information	your shadow	7.0315	g041	Spindle	0.0826	Description Escape the maze you find yourself in, no matter how many times you need to beat the same level. And don’t let your shadow distract you! Instructions Move around with the arrow keys and work the rest out.
374	23b2371e-5879-4d8a-8a85-6cf2ce162384	Moroni's March	Bom Toons		andkon.com	http://andkon.com/arcade/adventureaction/moronismarch/	gameplay			Arcade; Strategy	topology-and-view			topology-and-view	move the screen	5.5976	q041	Keyhole Budget	0.0782	Try to collect as many gems as possible to train your troops. Use the arrow keys to move the screen.
375	2686de77-6b3c-4718-b57b-9ba01a8bf255	Happy Wheels	Fancy Force; Jim Bonacci (Creator); Jack Zankowski (Composer)	2010	totaljerkface.com	TotalJerkface.com	gameplay			Platformer; Level Editor; Side View; Community Content; Blood; Box2D	secondary-mechanic-tag		Community Content; Level Editor			5.8471	g018	Tide Ledger	0.0702	according to totaljerkface.com: soooooo... here's my new game, Happy Wheels. I've worked on it part-time since nearly 4 years ago (arrrrg). It's still not finished. It most likely never will be. That's ok... I still laugh when the fat woman explodes. Hopefully I'm not alone here. This will be an anti-climactic silent launch. I won't be promoting at all until I add a few more things to it (like sound). Actually, there are a ton of things I want to add in there. Characters, levels, editor items, cinematics, more gore... but I couldn't push things back any further without making what I have public, now that the game is fully functional. Since last summer, between free time and freelance work, I
376	5a28edaa-f375-4306-850e-137037d46f4a	Shore Siege 2	Tony	2011	armorgames.com	https://armorgames.com/shore-siege-2-game/12491	gameplay			Strategy; Tower Defense; Fantasy; Lane-Based Strategy; 3/4 View; Tropical; Pirate	Lane-Based Strategy	Lane-Based Strategy	Lane-Based Strategy			8.8687	q015	Reciprocal Hands	0.0703	Monsters are after your treasure! But you need that treasure for more Rum! Set up defences and protect your precious gold in this fun strategy defence game. And remember the number one rule of Pirates - Protect the booty! Controls Mouse controls to set up defences Arrow keys to scroll camera.
377	9b72d929-9b18-4343-ae03-dedbe19e2a7a	Back Home - The Little Prince	Andrés Miranda; Mariano Obeid; Luciano Vairoli	2010	newgrounds.com	https://www.newgrounds.com/portal/view/552094	gameplay			Puzzle; Space; Sequential	Sequential	Sequential	Sequential			8.6378	g052	Odometer	0.0654	"Is a simple point and click story. This game is a Textless game based on a Literary Text made for CODEAR ( odear). As the description says, the game is based on ""Le Pettit Prince"" by Antoine de Saint-Euxéry. If you haven't read the book, you should (about 30 pages long). HINT: The Baobabs (the tree) are bad for the planet since their roots are way too big for the little planet."
378	40f841ab-792b-46be-9686-f2217c40459e	Mario Pond Challenge	5xPLAY	2015	kongregate.com	https://www.kongregate.com/games/5xplay/mario-pond-challenge	gameplay		Super Mario	Puzzle; Super Mario; Time-Attack; Tile Traveler; Auto-zipped	Tile Traveler	Tile Traveler	Tile Traveler			8.0873	q104	Conveyor Frame	0.0501	Help Mario collect all life buoy from the pond in the fun puzzle game. Good luck!
379	912ea260-45a8-40a9-b65d-dd0d57efa58b	Larry's Lab	Big Idea;iToons		bigideafun.com	http://www.bigideafun.com/veggietales/activities/larryslab/default.htm (via Wayback Machine)	gameplay		VeggieTales	Toy; Comedy; VeggieTales; Mouse-only; Mixing; Voice Acted; Auto-zipped	Mixing	Mixing	Mixing			8.4434	q156	Bridge Logic	0.073	Larry the Cucumber knows how to make science fun! Help Larry with his lab experiments by picking two or more ingredients to combine ... and see what happens! Instructions Click on an ingredient to pick it up. Click on the funnel to drop it in. Drop in two or more ingredients, then click on the spigot to see what happens.
380	3834f570-d7ef-4cd6-8e01-4babb3eca0c9	Lemmings Return	Jason Smith	2011	bubblebox.com	https://www.bubblebox.com/play/2711/lemmings-return.htm	gameplay			Puzzle; Lemmings; Auto-zipped	Lemmings	Lemmings	Lemmings			8.759	q148	Delayed Commit	0.0884	The classic game Lemmings is back with a new twist! Now instead of signing each individual lemming a job, you can now draw and erase a path for them! The objective is to get all of the lemmings to the exit without too many of them dying. Draw bridges for them and erase tunnels through stone! Be creative!
381	924ae8d7-26ac-4731-b4bd-7aa05b37b785	Operation Big Bang	7Seas Technologies Ltd		comdotgame.com	www.comdotgame.com	gameplay			Puzzle; Pipe Connector	Pipe Connector	Pipe Connector	Pipe Connector	indirect-physics	flow	10.5994	q151	Pipes to Roads	0.0859	Help the flow of atomic particles by joining the pipes together before the timer reaches zero.
382	4548fddc-eddc-471c-b1b4-076afd984118	Courier Troubles			toptruckgames.com	http://www.toptruckgames.com/game/courier-troubles.html	gameplay			Arcade; Sports; Motocross; Balancing	Balancing	Balancing	Balancing	construction	route the	10.8813	q156	Bridge Logic	0.1179	Place packages in the back of your truck, and then drop the packages into the post boxes along your route. The packages must be the same color as the mailboxes.
383	46b73213-58b3-4e79-a9e4-450c836f2498	GTR Challenge			sportgamesarena.com	https://www.sportgamesarena.com/game/gtr-challenge/	gameplay			Racing; Sports; Top-Down	construction			construction	circuit	7.2753	g014	Long Shadow	0.0552	Respond to the three drifting, drag racing and bad guy pursuing challenges in GTR challenge game and be one with your car, speeding down like crazy there on the road, all while you're keeping a close eye on the time and all while you're keeping a steady control of your super car! Are you the best car racer, a true drifts master and born to be a hero there, on the highway, chasing scumbags like no other policeman out there? Prove it! I mean it! What test would you like to challenge your driving skills with first? Do you think you have what it takes to perform some really stunning drifts at the wheel of a jaw-dropping, sports car? First of all, seize the chance of actually selecting your super
384	ad2c5b1f-4677-4eda-a847-d53ef42590c7	Lucky Fisherman			y8.com	https://www.y8.com/games/lucky_fisherman	gameplay			Arcade; Score-Attack; Claw Game	Claw Game	Claw Game	Claw Game			8.4872	q129	Decoy Learner	0.0796	Catch as many fish as you can before time runs out. The higher your score, the more you can spend at the shop on special helpful items.
385	94b38cec-526f-4d7a-9dc0-a27ee8f3a791	Demolition X	0rava	2010	kongregate.com	https://www.kongregate.com/games/0rava/demolition-x	gameplay			Toy; Ragdoll; Auto-zipped	indirect-physics		Ragdoll	indirect-physics	bounce; friction	8.3604	q062	Relay Shadows	0.0695	Predecessor of my other sandbox-like physics game I was asked to upload this here, so I did. My apologies for the interface being EXTREMELY bad, I was young and bad at actionscript. Restitution means how much things bounce. Density is their weight (0 is a static object). Friction is friction. Joints: Revolution Joint (K) = Motor joint, if you set enough motor speed and torque, the second object (the one under mouse on release) will start spinning. Distance Joint (L) = Simple rigid joint between objects, is created between the point of click & release. Gear Joint (H) = Will joint 2 objects to the background and make their rotations dependent on each other. Prismatic Joint (G) = Jointed in the
386	91f5cfc3-0f43-4063-8718-e36b65973b15	Jetcats - Spin Ball	Wad1m	2015	newgrounds.com	https://www.newgrounds.com/portal/view/664409	gameplay			Arcade; Sports; Physics; Basketball; Feline; Cartoon	constraint-and-interface		Physics	constraint-and-interface	two buttons	7.1268	q062	Relay Shadows	0.0598	Cat's on jet-packs physics based basketball / wally-ball game Author Comments: Your goal is to control a the player with only two buttons to score into the opponents basket. To win the game you will have to score 5 time. In main menu, click on the colored circles to change your player color.
387	64cb13a4-4b5c-4346-85ac-811cd6eabf3f	Airborne Wars 2	Dmitry (kitecrimson) Kozlov		gamesheep.com	https://www.gamesheep.com/game/airborne-wars-2.html	gameplay			Strategy; Node-Based Strategy; Military	Node-Based Strategy	Node-Based Strategy	Node-Based Strategy			9.1945	a179	Invariant Witness	0.0676	Engage the target and take your position to attack the enemy troops in a new action game! In order to complete the missions, be a good leader and develop some great strategies before you act. Send the military troops and take over buildings and bunkers, then expand and try to win it all. The decisions you make are crucial to your success or failure. Ready?
388	29d4d783-91f6-449e-8e84-c6eacf99af40	Wondrous Lands	Hard Lane	2018	armorgames.com	ArmorGames.com	gameplay			Strategy; Fantasy	distributed-agency			distributed-agency	different abilities	6.7749	q149	Model Tokens	0.062	Wondrous lands is a fantasy roguelike RPG about a travelling team of heroes on epic quest to save the world. Lead them to victory or make them see their doom! Features: - Explore randomly generated world, filled with monsters, treasure and opportunities! - Fight more than 150 dangerous enemies, from mere goblins to mighty dragons! - Study your opponents strengths and weaknesses. Prepare accordingly or face an inevitable defeat! - Make your team unique by teaching your heroes 120 different abilities! - Get powerful magic items and use them against the enemy! - Take on quests, learn magic, follow powerful deities and more! If you have game save issues, there are 2 possible solutions: 1) Mozill
389	008723be-39b5-4439-87b4-020c73686a99	Waterfalls Escape	Games2Rule		games2rule.com	http://www.games2rule.com/	gameplay			Adventure; Escape the Room; Auto-zipped	goal-revision			goal-revision	wrong way	6.7332	q149	Model Tokens	0.0822	Waterfalls Escape is a new point and click escape game developed by games2rule.com. You decided for an adventurous trip to the forest waterfalls. Unexpectedly you get lost in the midst of the forest waterfalls. In that forest waterfalls there is everywhere caves and you are confuse where is the way of escape from the forest waterfalls. If you will be go on wrong way than may be you can?t came back because it?s too dangerous place. So you have to choose correct way of escape. Before choosing the correct way you have to search some clues, objects and then solve some puzzle after solving puzzle correctly then only you can get correct way of escape from that dangerous waterfalls. Use your sharp 
390	9124a2ba-eba3-4b0f-8605-561d8e80307d	Monopoly Roulette			roundgames.com	https://www.roundgames.com/game/Monopoly+Roulette	gameplay		Monopoly	Simulation; Monopoly; Luck Roller	Luck Roller	Luck Roller	Luck Roller			8.0209	q102	Walking Room	0.0841	The classic board game, but with new locations and the exciting twist of a roulette wheel. Place your bet on where the wheel might stop in order to earn money. Spend money on lavish properties and utilities.
391	4f67227a-f083-4799-9421-8b2f4fea2dff	The Consumer	VBCPP	2011	kongregate.com	https://www.kongregate.com/games/VBCPP/the-consumer	gameplay			Arcade; Game Jam; Food Chain; Environmentalism; Game in Ten Days; Lagomorph	Food Chain	Food Chain	Food Chain			8.8912	f031	Wake Up the Box	0.0741	Description Choose your character and start eating. As you consume items your character will grow, how big can you get? Instructions Arrow keys or WASD to control, space bar to repel enemies away from you (only when power’d up)
392	2e3cfa07-524d-49a6-9067-897b0d990c8f	Bambuzza	Manfred Lipowski	2009	kblay.com	https://www.kblay.com/bambuzza.html	gameplay			Dodge; Bomb Maze	Bomb Maze	Bomb Maze	Bomb Maze			8.5152	q188	Future Walls	0.0786	Pick the diamonds of the diamond plants. For in each case four collected diamonds you receive a bomb. With the bombs you can blow up the walls. Only then you can see, what hid itself under the walls. With the key you open the gate into the next level. Caution. Bees protect the diamond plants
393	ea24274e-3e08-49e4-a6f8-c7d752d06fd8	Text cave	billythegoat101	2010	deviantart.com	https://www.deviantart.com/billythegoat101/art/Text-cave-174308689	gameplay			Adventure; Score-Attack; Dungeon Crawler; ASCII; Procedural Generation	system-dynamics			system-dynamics	cellular automata	6.5268	q071	Season Shift	0.0741	"I recently learned about stylesheets, and got bored therefore: this ai roam mindlessly, but if you are next to them they will jump to you on the next turn and send you back to the spawn point (the ""H"") press r to generate a new cave map thing using the very basics of cellular automata based generator i stumbled upon(i got tired and havent read it all yet :P) and - + to change the ratio of walls to spaces collect coins for 100 points (points are shown at the top right); theres is 1 secret, because i got bored again :P edit decided to make it more interesting, bigger map and hold shift while moving to dig, costs 50 points though"
394	ddeedf20-f44c-4ecc-944a-9f30282e5ea6	Catch a Snowflake	shimmerz	2008	fanart-central.net	http://www.fanart-central.net/pictures/user/shimmerz/731657/CatchASnowflake	gameplay			Arcade; Score-Attack; Catching	state-transformation			state-transformation	changes color	5.8808	g012	Metronome Guard	0.0664	Catch a snowflake - get 1 point. Hit snowman's broom - lose 1 point. The snowman's snowflake changes color each time a snowflake is caught.
395	813bb4a8-ccaa-875d-aa9c-9560de914b87	Defuse	IIAOPSW	2010	kongregate.com	https://www.kongregate.com/games/IIAOPSW/defuse	gameplay			Puzzle; Auto-zipped	information			information	infer the	7.0214	q030	Antidote Network	0.0577	Plot: Defuse is about an ordinary person who runs accross an advertisment for FREE FOOD. After answering the solicitation, he finds himself in the somewhat malevolent environment of an ambigious research centre. Now he must use his wits to solve challenging puzzles, escape death and possibly complain to the ethics commitee that approved this project. Remember, assuming you complete this test, there will be drinks and light refreshments. good luck. Game mechanics: Defuse is a puzzle game that tests your ability to use logic and reasoning. Solving the puzzles is a two front battle as you must infer the nature of each puzzle and then find the solution (see the directions). In every puzzle, the 
396	17d159ad-5df3-47eb-8944-d7e19d24badd	Inside Out Hidden Letters	Toon3Games	2015	kongregate.com	https://www.kongregate.com/games/Toon3Games/inside-out-hidden-letters	gameplay		Inside Out	Puzzle; Inside Out; Hidden Objects	topology-and-view			topology-and-view	inside out	5.5647	a068	Beat Detector	0.0657	Find all the hidden letters in these pictures of Joy, Fear, Disgust, Sadness, Anger and other characters in the movie, Inside Out, from Disney. Beat all five levels to beat the game. Every correct find will give you 50 points and every incorrect find will minus 15 points.
397	d9e8aded-e35f-447b-b7de-d2b1838b914b	Lost Cause: An Interactive Film	Kirsten Johnson	2014	motionpieces.com	http://www.motionpieces.com/lostcause/	gameplay			Adventure; Experimental; Choose Your Own Adventure; Strong Language; Live Action; Auto-zipped	secondary-mechanic-tag		Experimental; Choose Your Own Adventure			5.8269	q090	Lineage Garden	0.0737	Lost Cause reveals the perspectives of three characters who live in an apartment complex. Each of the three characters have a relationship with Chloe, a young woman. Colin her husband, attempts to fix their rocky relationship. Arie, the apartment maintenance man, reveals their secret past. Tina her mother, lives on the second floor and investigates why her daughter is growing distant. The three of them try hard to reach out to her, but in the end who can win her back? The interactive movie allows viewers to navigate between the perspectives of the three main characters. The film lasts 15 minutes and contains three parallel storylines which play simultaneously. One large screen displays the m
398	944133a4-c552-4ded-a2b3-cc9eb0d77cb0	BowMaster: Prelude	Lost Vector	2006	addictinggames.com	https://www.addictinggames.com/shooting/bowmaster-prelude	gameplay			Action; Artillery; Side View; Real-Time Strategy; Fantasy; Lane-Based Strategy; Defense; Upgrade; Blood; Military; Voice Acted; Fixed Screen	Lane-Based Strategy	Lane-Based Strategy	Lane-Based Strategy			8.8682	f036	Desktop Tower Defense	0.0667	Game description Bowmaster Prelude is a free tower defense game. Arrows of delight! And screams of terror as those arrows of delight pierce their skulls. Get your bow fingers ready. Instructions Mouse click to control your archery
399	d4245d5b-8ed4-46ee-86bc-c93452f8f141	The 39 Clues: Lab Rat	Arkadium	2009	web.archive.org	http://web.archive.org/web/20130824051706/http://www.scholastic.com/kids/39clues/play/colorcross.htm	gameplay			Puzzle; Time-Attack; Sequential; Mouse-only	Sequential	Sequential	Sequential			8.4027	f006	Multitask	0.1003	You've followed Amy and Dan as they hunt for the Clues, now it's YOUR turn to join and play!
400	45400f7e-b65e-e453-86a2-736462259234	Alxemy	hyptod		hyptod.com	http://hyptod.com/games/alxemy	gameplay			Puzzle; Logic; Mixing	Mixing	Mixing	Mixing			8.4393	f031	Wake Up the Box	0.0784	Fill your own world with dozens of animals and items using alchemy. Use logic and helper’s hints to combine different elements into new ones. Create new elements by placing 2 items onto the transmutation circle and clicking it.
401	387c9e83-835f-4404-ac87-6a4c86d5ae9b	Roadies	Random Media		dumb.com	www.dumb.com	gameplay			Puzzle; Lemmings; Auto-zipped	Lemmings	Lemmings	Lemmings			8.6965	q148	Delayed Commit	0.0981	Have all of the Roadies get to the exit by using a variety of props. Get them all to the exit by doing whatever it takes. This flash game requires a lot of focus, quick thinking, and strategy in order to win. So come and play this flash game today but only at Dumb.com.
402	973b907c-32b3-4b4c-8e37-558244096a40	Reaction Effect			andkon.com	http://andkon.com/arcade/other/reactioneffect/	gameplay			Puzzle; Pipe Connector	Pipe Connector	Pipe Connector	Pipe Connector	indirect-physics	chain reaction	10.5319	q057	Raft Shape	0.1249	Click on one of the tiles to start a chain reaction with tiles that are connected.
403	46a133b6-58f9-410a-89ba-7a52f173fb4f	Tijuana Nother Drink?	3rd Sense		freewebarcade.com	http://www.freewebarcade.com/game/tijuana/	gameplay			Arcade; Score-Attack; Balancing; Alcohol	Balancing	Balancing	Balancing	indirect-physics	balance	10.8782	g012	Metronome Guard	0.0688	How many drinks can you handle? Use your mouse to balance the cowboy. Click the mouse to catch the sliding drink. You are allowed to miss five drinks in total.
404	5bd08de0-f5e6-411c-b0de-ff9a9e303596	Speed Rivals			sportgamesarena.com	http://www.sportgamesarena.com/game/speed-rivals/	gameplay			Racing; Sports; Top-Down	construction			construction	circuit	7.179	a200	Fault-Tolerant Assembly	0.059	If you're an extreme speed-addict, an adrenaline junkie and a jaw-dropping drifts “maniac”, then you're the right player for this game! Don't get the Speed Rivals racing game started if you're too “chicken” to handle all that intense speed or too coward to drive your super car along those tricky laps, burning rubber on the highway, almost literally, as you do those maneuvers and perform those breathtaking drifts. So, are you ready to put your racing skills to the ultimate test? The game controls in speed rivals racing game are pretty basic: you'll be using your arrow keys for controlling your high speed, lightweight super car! Still, because of that, don't underestimate the major challenge y
405	696a175a-02ac-41a2-b76c-ad978681f894	Money Miner	Box10		y8.com	https://www.y8.com/games/money_miner	gameplay			Arcade; Claw Game	Claw Game	Claw Game	Claw Game			8.3923	f031	Wake Up the Box	0.0571	Help Money Miner to earn as much money as you can! Grab coins, gems and rocks to earn money and buy upgrades to increase your haul! Good luck!
406	f37214b7-a588-4a56-9c8f-a06874841b71	Dark Snow Challenge			bubblebox.com	https://www.bubblebox.com/play/3982/dark-snow-challenge-.htm	gameplay			Action; Sports; Physics; Motocross; Side View; Ragdoll	indirect-physics		Ragdoll; Physics	indirect-physics	balance	8.09	q164	Stop Test	0.0588	Prove your driving skills in this winter bike challenge online. Use arrow keys to drive and balance the unlock bikes and press space to jump over obstacles on your way. If you think driving in the dark with a powerful dirt bike it's easy then prove it in 10 intense levels. Finish fast and safe all levels and improve to be the best driver online! Have fun and good luck!
407	0e7c611a-3d7d-4ca8-86e6-8dfd517f05f3	Sun Hop			gamesfree.com	http://www.gamesfree.com/game/sun_hop.html	gameplay			Arcade; Puzzle; Timing; Time-Attack; One Button	constraint-and-interface		Timing	constraint-and-interface	one button	7.0211	f031	Wake Up the Box	0.0957	Game Description Sun Hop is a happy game with an upbeat aesthetic. Use one button to jump from rock to rock to ignite the sun in every level. Instruction Use spacebar or click the mouse to jump. The goal is to reach the sun in order to light it up in every level.
408	d78930b9-cf4f-4bf0-b8ab-4ea6874ffc58	Outpost Combat 2	NimblePiggy	2011	newgrounds.com	http://www.newgrounds.com/portal/view/584875	gameplay			Strategy; Pixel; Node-Based Strategy	Node-Based Strategy	Node-Based Strategy	Node-Based Strategy			9.0393	q030	Antidote Network	0.0516	Outpost Combat 2 is a sequel of the assault/defense strategy game featuring: Now the even more fantastic detailed isometric pixel art! Now the game has become more challenging - fight with two enemy armies at one time! Achievements added! New special abilities, which let the player to destroy the enemies by oneself: - Kill the enemies with the sniper rifle! - Call for artillery shot to destroy large enemy gatherings! - Use building attack to clear up the enemie's building! Another exciting game provided by the Nimble Piggy!
409	4f56f7c5-e012-44f5-96bb-7602fc79bd7c	Mega Man X RPG Chapter 0	ChamberACR / Allen Roystor	2009	newgrounds.com	https://www.newgrounds.com/portal/view/491405	gameplay		Mega Man	Role-Playing; Mega Man; Auto-zipped	distributed-agency			distributed-agency	multiple characters	6.7445	q002	Afterimage Mill	0.0483	Chapter 1 IS COMPLETE at last. I highly suggest you just skip this entry and just go to the good stuff. It is much more complete and (almost) crash free. Thanks! CHAPTER 0 - (OLD POST) - A deep, well written story that will ultimately tie in the X series with original Megaman. Keep in mind that this chapter is ONLY the tutorial and Boss Rush mode. - Excellent music. - Deep character customization. - Multiple characters. - Branching choices that affect future story elements. - Boss Rush mode. I should warn you that it is HARD. (Check out the comments.) - Autosave and save features. Yes, your save file will carry over to the next installment. - ACHIEVEMENTS! (And hidden ACHIEVEMENTS!) --------
410	8b069216-5887-4e23-8f89-f453809f8af9	The Binding of Isaac Demo	Edmund McMillen; Florian Himsl	2011	newgrounds.com	https://www.newgrounds.com/portal/view/581168	gameplay		The Binding of Isaac	Adventure; Action; Epilepsy Warning; Dungeon Crawler; Blood; Trial; Top-Down; The Binding of Isaac; Crude Humor	goal-revision			goal-revision	sacrifice	6.7237	q073	Phase Change	0.0489	Attention!: This is a DEMO!, it features 2 of the 8 levels in The Binding of ISaac. The full game features loads more content, 11 endings 3+ unlockable characters and a ton more items. if you like the demo buy the game on Steam, its only 5 bucks!. -Edmund About the game: When Isaac's mother starts hearing the voice of God demanding a sacrifice be made to prove her faith, Isaac escapes into the basement facing droves of deranged enemies, lost brothers and sisters, his fears, and eventually his mother. The Binding of Isaac is a randomly generated action RPG shooter with heavy Rogue-like elements. Following Isaac on his journey players will find bizarre treasures that change Isaac's form giving
411	8a5de175-865f-497a-a123-1a004672bc71	Dice Hero	JackAstral	2014	newgrounds.com	https://www.newgrounds.com/portal/view/650251	gameplay			Simulation; Dice; Luck Roller	Luck Roller	Luck Roller	Luck Roller			7.7689	q124	Counter-Predator	0.0697	A simple, addictive game of luck and chance! And it has dice! Obviously! Author Comments: This is a little flash game I put together based on the old table top game 'Shut the Box' old people use to play when their colour televisions were acting up. The game features 12 achievements / medals and a leardboard. How to Play -Click the Dice button in the bottom right corner to roll the two dice. -Click the Numbers Blocks that are equal to either dice to make them disappear. You can also click numbers blocks that are equal to both dice values added together. (For example, if I rolled a 3 and 2, I could click number blocks that have either a 3, 2 or 5 on them. (3+2 = 5)) Once a number block is dest
412	c440a3ef-9c8e-4d3f-a608-c1a79638bd6d	Vivirion	Asvegren	2012	newgrounds.com	https://www.newgrounds.com/portal/view//598807	gameplay			Pixel; Dodge; Upgrade; Food Chain	Food Chain	Food Chain	Food Chain			8.8376	q065	Asymmetric Twins	0.0674	(Looks best stretched!) Eat smaller cells and avoid bigger ones. Collect bonuses and escape the immune system. Mutate and upgrade your virus so you can thrive at the expense of your host. This was an experiment, mostly. What do you like about it? What would you like to see in a future version? I would love to hear your feedback.
413	4dfd4a52-df7e-485d-8e20-a79c0f09590b	The Adventures Of James Bomb	Gargul Studio		gamefuzz.com	https://www.gamefuzz.com/game_the_adventures_of_james_bomb.html#:~:text=The%20Adventures%20Of%20James%20Bomb%20is%20a%20free,play%20but%20it%20takes%20skill%20of%20the%20player.#:~:text=The%20Adventures%20Of%20James%20Bomb%20is%20a%20free,play%20but%20it%20takes%20skill%20of%20the%20player.	gameplay			Arcade; Action; Score-Attack; Bomb Maze	Bomb Maze	Bomb Maze	Bomb Maze			8.4975	q193	Routine Builder	0.0978	The Adventures Of James Bomb is a free game and can be played anytime on any computer. The game The Adventures Of James Bomb is easy to play but it takes skill of the player.
414	248a9699-8134-446f-ac8a-6bdaf33a0d79	Space Factory	thepodge.co.uk / The Podge	2011	newgrounds.com	https://www.newgrounds.com/portal/view/584954	gameplay			Simulation; Time Management	system-dynamics			system-dynamics	trade with	6.4663	f006	Multitask	0.065	Take control of your Uncle's Space Factory and turn it in to a success. Discover crazy off-world raw materials and produce zany products on your factory floor. Hire and Fire employees, upgrade and buy your machines and storage space, trade with aliens and more. Can you discover all the products before your uncle eats you? The game combines Doodle God with time Management and Trading. Combine products with your machines to create more exotic and valuable products which you can then sell in order to upgrade your factory and hire more staff. Watch out for Space Bandits!
415	efcd1e45-801c-4f97-a936-e367f7f885c7	Shiny shiny	Eledora	2009	deviantart.com	https://www.deviantart.com/eledora/art/Shiny-shiny-122075225	gameplay		Pokémon	Pokémon; Interactive	state-transformation			state-transformation	changes color	5.8031	q073	Phase Change	0.0611	Poor Shiny Pichu is so confused: 1. is that a Pichu-like Pachirisu or a Pachirisu-like Pichu? 2. why it changes color when a cursor has been put on it? ------------------------------------------------------------------------- Well, actually exams ended quite a while ago, but I found that it's difficult to get back to drawing while you are playing Pokemon Platinum at the same time... ^^; By the way, I really happened to caught a shiny Bidoof at the early stage... too bad it's only a Bidoof. =P Maybe I should try the chaining method to find more shinies.
416	53ea91e6-6a72-3231-8535-76d1540e5c03	SOLID SNEAK	I-Smel	2012	newgrounds.com	https://www.newgrounds.com/portal/view/591849	gameplay			Action	information			information	invisible	6.9621	g060	Snakelock	0.0806	No guns, no gadgets, get smart. Author Comments: THAT'S RIGHT IT'S GAME #2 IN MY [games I made a couple years ago that have been stuck in sponsor-limbo ever since] COLLECTION!!!! This one never came out either. Here's the thing: I like stealth games. I don't like using night-vision, I don't like turning invisible for 3 seconds, I don't like running right up to a guy and killing him before he switches animations or any o that crap- I wanna SNEAK!! I wanna OUTSMART SOME GUARDS and TRICK PEOPLE and HIDE AROUND CORNERS. So the challenge with this was to make fun, capable, likeable AI guards, and then build rooms to put them in. Because the guards are the star of these games, in my opinion. It wa
417	06eab3b1-6315-4b1e-9d1a-2f2d78d3b4a7	Inside Out Space Maze			zeegames.com	http://www.zeegames.com/page/Download%20Games.html (via Wayback Machine)	gameplay		Inside Out	Puzzle; Inside Out	topology-and-view			topology-and-view	inside out	5.5115	a109	Hinged Packing	0.0626	Have fun playing this incredible puzzle game,that contains your favorite characters Story .You can try to complete puzzles with Inside Out characters,sadness,disgust,joy,anger,fear.Do your best to complete the puzzle to proceed to the next level and help them to be ready for there big space adventure.Have fun!
418	3f0e14fc-e604-4f7d-8e2b-7152daafdac4	Crush the Castle Players Pack	Joey Betz	2009	armorgames.com	https://armorgames.com/play/4552/crush-the-castle-players-pack	gameplay			Physics; Artillery; Level Editor; Toss; Community Content; Medieval	secondary-mechanic-tag		Community Content; Level Editor; Physics			5.8263	q093	Milestone Garden	0.0743	The wait is finally over! With over 1400+ castles submitted, Crush the Castle Players Pack was made for the fans by the fans. The King thanks everyone who submitted. The resistance has spread further and the King is not happy. He has ordered you once again to crush all resistance to help expand his territory. Crush castle after castle by wiping out each of it's inhabitants with your large Trebuchet. Win medals for crushing the castle using the least amount of projectiles, unlock new secret projectiles, and share you castles faster and easier than ever before. You can also share your own custom castles or crush the fortresses of others. Check out our dedicated forum thread Crush the Castle Pl
419	93070ae7-a3ef-4f00-9170-1154b9f2697c	Pet Soldiers	FreeWorldGroup	2011	kongregate.com	https://www.kongregate.com/games/FreeWorldGroup/pet-soldiers	gameplay			Arcade; Strategy; Simulation; Score-Attack; Time Management; Lane-Based Strategy; Military	Lane-Based Strategy	Lane-Based Strategy	Lane-Based Strategy			8.7877	a185	Missing Packet	0.0605	It’s war— time-management style! Try to defend your base against the enemy force using your time-management skills. Buy new weapons, get helpers, upgrade weapons, look after your soldiers and defeat the enemy! Are you up to the challenge? Good luck!
420	30d4c613-4a62-4cc8-8a59-835a93b770c3	How To Get Out?			andkon.com	http://andkon.com/arcade/puzzle/howtogetout/	gameplay			Puzzle; Sequential; Mouse-only	Sequential	Sequential	Sequential			8.3337	a033	Twin Stacks	0.0759	Click around to solve the puzzle. Then press start. There's a reset/recycle button in the bottom left.
421	aaf2fb0e-0ed0-42f1-a4a7-25933c0cfa11	Princess Love Mix			freegamescasual.com	https://freegamescasual.com/Free-Online-Games/Exclusive/Princess-Love-Mix-play.html	gameplay			Puzzle; Mixing	Mixing	Mixing	Mixing			8.4361	a153	Family Resemblance	0.0626	Help our lovely Princess make a drink for her Prince. Mix the ingredients that you think will make a delicious cocktail that the Prince will like. The Princess wants this drink to help her charm the Prince and to make him fall in love with her. But who knows what will actually happen?..
422	c345958b-b59f-448a-922e-2d1d9cffd955	Whirlpool!	Neopets		images.neopets.com	http://images.neopets.com/games/g927_v4_88253.swf	gameplay		Neopets	Arcade; Puzzle; Score-Attack; Lemmings; Neopets; Auto-zipped	Lemmings	Lemmings	Lemmings			8.6962	f031	Wake Up the Box	0.0763	As any Maraquan could tell you, whirlpools can cause all sorts of damage on the ocean floor. Now, though, those swirling funnels of water have been put to good use! A bunch of Maraquan Petpets have wandered too far from their homes, and they need your help to find their way back. Use the whirlpools to direct those swimming strays back to the comfort and safety of their shell. Keep in mind, however, that whirlpools can be unpredictable and some can be moved while others cannot.
423	6ad8c7ca-6760-4f2b-b3d4-a3550844d5c2	Fudge Frenzy!		2005	pdl.warnerbros.com	http://pdl.warnerbros.com/wbol/uk/chocolatefactory/flashsite/games/fudgefrenzy/fudgefrenzy.swf	gameplay		Wonka	Puzzle; Wonka; Pipe Connector; Auto-zipped	Pipe Connector	Pipe Connector	Pipe Connector	construction	connect the	10.215	q029	Fuse Map	0.0706	Augustus is hungry! Connect the pipes to make delicious Wonka bars for the gluttonous Gloup to eat!
424	f4b7fe8a-4981-4043-8761-c4c5ae4f800d	One Wheeled Robot	playspal	2013	playspal.com	http://playspal.com/games/skills/one-wheeled-robot/play/	gameplay			Arcade; Balancing	Balancing	Balancing	Balancing	indirect-physics	balance	10.7669	a086	Counterbrace	0.0862	"If you still have no idea how to keep balance on a unicycle, then our one-wheeled robot can help you with that! Use the arrow keys ""left"" and ""right"" to keep the balance. Collect stars to earn extra points."
425	0fdf4beb-9cdd-416a-b3da-b8e6ee8767bd	Captain Succesor	Farbs	2009	farbsfarbsfarbs.appspot.com	http://farbsfarbsfarbs.appspot.com/files/CFS.swf	gameplay			Shooter	construction			construction	circuit	7.17	q124	Counter-Predator	0.0577	A classical definition of a sequel, Captain Successor offers more weapons, like ramming spikes, bombs and torpedos, and bi-, omni- and burst-accelerators are added. This, along with a couple of types of shields and other modules and variations to the existing parts. Help Manual: ====== FLIGHT MANUAL FOR ERIS COMMAND MODULE ====== 1 FLIGHT CONTROL 1.1 MOTION BOOSTERS MOUNTED ON THE COMMAND MODULE AND EXTERNAL MODULES RESPOND TO A UNIFIED COMMAND SET. EXTERNAL BOOSTERS INTERPRET COMMANDS BASED ON THEIR POSITION AND ORIENTATION RELATIVE TO THE COMMAND MODULE. * W - FORWARD THRUST * A - COUNTER CLOCKWISE ROTATION * S - REARWARD THRUST * D - CLOCKWISE ROTATION * Q - PORTWARDS THRUST * E - STARBOA
426	a4d8ed18-2e53-4db0-aabe-96c19230ec77	Goldminer Cloner Honer Sconer	kinglynx	2008	kongregate.com	https://www.kongregate.com/games/kinglynx/goldminer-cloner-honer-sconer	gameplay			Arcade; Claw Game; Auto-zipped	Claw Game	Claw Game	Claw Game			8.3812	q051	Scaffold	0.0527	This is made using an emmanuel tutorial i followed his tutorial and made this goldminer clone. What ya think?
427	29655400-226f-4747-8bf8-08f749c688ff	Crazy Graviton		2008	gamesbob.com	http://www.gamesbob.com/crazygraviton	gameplay			Arcade; Platformer; Action; Pinball	indirect-physics			indirect-physics	bounce; gravity	7.9536	q189	Inheritance	0.0633	Crazy Graviton is a colorful mixture of pinball, pong and brickshooter! It's settled in a futuristic and scientific storyline and environment, packed with mind blowing action and eyecandy graphics. The Crazy Graviton is a cool future molecular laboratory and gravity based environment built for nanomedical science & engineering research. During the last experiment the laboratory got polluted by fiendish nano-particles by accident! The nano-particles rendered the Graviton useless! Your mission is to hunt down as much Nanoparticles as possible in a given Timeframe and destroy them to make the Crazy Graviton work again! To accomplish your mission you have a Nanobot that you can move through all 
428	102fd48d-1c44-4be0-b663-bb5d4359c2b1	Ludo Garden	emmanueleric3	2010	kongregate.com	https://www.kongregate.com/games/emmanueleric3/ludo-garden	gameplay			Strategy; Tabletop; Ludo	constraint-and-interface			constraint-and-interface	you can only move	6.9351	q090	Lineage Garden	0.0702	In this game it has four member group and each group contain 4 members called pieces. In this player select one group for his/her playing pieces and remaining computer pieces and in this user can click above flowers contain tree for drawing the number. If flowers draw 6 then piece ready for moving . Instructions 1) Every player needs to move its 4 figures to home. 2) To enter a piece into game play you need to have 6 flowers. 3) If you have X flowers you need to make X steps with the piece, but only if you can make these steps. 4) If you have 6 flowers you will have an additional flowers grow, with new x steps. 5) Nobody can enter into your home, and you can’t enter into others. 6) You can m
429	a6bbf5a1-6ede-45f4-9cef-a27d86c9f11f	Bubble Domination 2	Aimia	2011	kongregate.com	https://www.kongregate.com/games/Aimia/bubble-domination-2	gameplay			Strategy; Node-Based Strategy	Node-Based Strategy	Node-Based Strategy	Node-Based Strategy			8.9746	q029	Fuse Map	0.087	Bubble Domination 2 is a simple action strategy game. The goal is to conquer all Bubbles in water world. There are three different enemies and one neutral side. Each enemy has its own way of playing. There are 50 levels waiting for you! So lets go and became the greatest bubbler in the world!
430	cea8b2f2-2abe-427f-8d83-701ad4c82f48	Orb	jmaggard62 / Josh Maggard; ScreamRawr / Denver Poteet	2012	kongregate.com	https://www.kongregate.com/games/jmaggard62/orb	gameplay			Platformer; Action; Ludum Dare; Game Jam	distributed-agency			distributed-agency	different abilities	6.7201	q113	Alternating Teacher	0.0898	Orb is a game created by Denver Poteet and I for the Ludum Dare competition. It was made in 72-hours. Play through generations of monsters by learning new traits and abilities as you go! The longer you play, the more generations you’ll play as and the more traits you’ll have! Orb is a platformer with some beautiful brawl-like combat. ‘Mario’ your way over your enemies, or give them the ol’ One-Two Punch! Different traits will give you different abilities, both passive and active! So be sure to mix and match! Instructions WASD keys – move E – Interact Enter – Attack with arms or tail
431	18b1aa5e-aaec-493a-8329-a6c9a6c37997	Devil Forest Escape	Games2Rule		games2rule.com	http://www.games2rule.com/	gameplay			Adventure; Escape the Room; Auto-zipped	goal-revision			goal-revision	wrong way	6.7058	q149	Model Tokens	0.08	Devil Forest Escape is a new point and click escape game developed by games2rule.com. You decided for an adventurous trip to the forest. Unexpectedly you get lost in the midst of the forest. In that forest everywhere it looks scary and you are confused where is the way of escape from the forest. If you will be go on wrong way than may be you can?t came back because it?s too dangerous place. So you have to choose correct way of escape. Before choosing the correct way you have to search some clues, objects and then solve some puzzle after solving puzzle correctly then only you can get correct way of escape from that dangerous Devil Forest. Use your sharp escaping mind to choose correct way of 
432	24d0f48c-48d1-4da2-b908-1042fd08949c	Bullseye 2.0	Dan Berger; Dustin Dumovich; Cory Anotado; John Ricci Jr.; Nicholas Mooneyhan	2002	web.archive.org	https://web.archive.org/web/20060410133806/http://www.flashgameshows.com/game-B20.html	gameplay			Game Show; Pre-rendered 3D; Luck Roller	Luck Roller	Luck Roller	Luck Roller			4.6587	q005	Lantern Census	0.0864	"As our skills have evolved over the years, Bullseye was the ""target"" for a makeover; updating it to a 3D look and the normal version of play has made this game both visually stimulating and fun to play!"
433	c27fcab0-35da-4200-ad6f-bb61dcd7fcbf	Hungry Piranha			games144.com	https://games144.com/game/20355n-hungry-piranha-game.html#play	gameplay			Arcade; Food Chain; Aquatic; Fish	Food Chain	Food Chain	Food Chain			8.8065	q095	Closure Graph	0.0808	In Hungry Piranha, you are a small piranha, and you must eat smaller fish than you to grow. You have to eat constantly to sustain power, so always be on the lookout. Always dodge larger fish so you won't become their prey. Do you have what it takes to be the most feared predator in the fresh water food chain?
434	f2f94ac4-24bf-449d-a8e9-2c0c667394cb	Arctic Scrambled Eggs	gameonade.com		gameonade.com	http://gameonade.com/game.php?id=30	gameplay			Arcade; Avian; 3/4 View; Bomb Maze; Arctic; Auto-zipped	Bomb Maze	Bomb Maze	Bomb Maze			8.4821	q148	Delayed Commit	0.0715	This is just labirynth will all kind of animals that want destroy you. User your egges and blow them up!
435	055c700d-b79b-4554-8c98-19b08ceb18e3	Toy Titan	Shen Games	2011	kongregate.com	https://www.kongregate.com/games/alexandersshen/toy-titan	gameplay			Arcade; Clicker; Idle; Mouse-only	system-dynamics			system-dynamics	resource management	6.4618	q115	Partial Demonstration	0.0526	How many days does it take to become a millionaire? Find out in this fun resource management game featuring characters from three Wandering Panda Comics strips! Help Mr. Shen (Awkward Reference), Mister Goh (Mister Goh) and Ritz the Rboot (Robot in the City) follow their dreams as toy makers and help them be the most successful toy makers out there!
436	4d7c7194-e910-4680-bb7a-95c2db20e0d0	Chirality			educationalgames.nobelprize.org	https://educationalgames.nobelprize.org/educational/chemistry/chiral/ (Via Wayback Machine)	gameplay			Educational; Science	state-transformation			state-transformation	mirror image	5.7714	g032	Spine	0.0635	Chiral molecules can be used to control or speed up different chemical reactions. A chiral molecule is non-superimposable on its mirror image.
437	72288194-49d8-4506-8129-5f7e647e72de	Nightcrawlers	Jagged Blade Software;XD Productions Ltd	2010	newgrounds.com	https://www.newgrounds.com/portal/view/551642	gameplay			Platformer; Puzzle; Horror; Stealth	information		Stealth	information	invisible	6.9567	a042	Semaphore Garden	0.0691	The night crawlers are here and need to feed on humans to survive. Guide your night crawler through 15 terrifying levels by sneaking, crawling, jumping and becoming invisible to avoid the one thing that can kill you... LIGHT! We hope you guys enjoy this game. We'd love to know what you think so please be sure to leave a review. Thanks for playing =) Original Developer: XD Productions Ltd (
438	f8578430-442d-43a8-9a42-5be01a4934f8	Inside Out - Memory	InsideOutGames	2015	kongregate.com	https://www.kongregate.com/games/InsideOutGames/inside-out-memory	gameplay		Inside Out	Puzzle; Memory; Inside Out	topology-and-view			topology-and-view	inside out	5.5106	q154	Reservoir Crowd	0.0947	Inside Out Memory game – match the same Inside Out pictures to remove them from the game, every times you chose wrong pair of the pictures you will lose your score so let play and get high score by your perfect memory in Inside Out Memory game.
439	39f8d702-406f-4834-8423-0a4db33551d8	Destivial Paths	Logan J. Rager / Lohlite	2007	deviantart.com	https://www.deviantart.com/lohlite/art/Destivial-Paths-Choice-Story-63207140	gameplay			Adventure; Choose Your Own Adventure; Interactive Fiction	secondary-mechanic-tag		Interactive Fiction; Choose Your Own Adventure			5.7313	q030	Antidote Network	0.0663	Before you turn away from the file size and the fact that it's a story! Ever read a Choose Your Own Adventure story as a kid? If you have, then you just might like this! The Text File was extremely long, so I put it in this convenient easy to use and readable flash. Just click on the choice and end up right to the next part! If you don't like it, choose another path! You're guaranteed to like at least one ending with the story-line! Even if you are not a big reader, depending on the path, it might end up the size of one regular chapter. Now, where did this come from? I started making this a year and half ago, or more exact, the Thanks Giving Week of Novemeber, 2005. Why? I saw someone else's
440	4bdd07db-e2ef-4fa1-a35b-d9243a5d79f8	Warfare 1917	ConArtists	2008	armorgames.com	https://armorgames.com/files/games/warfare-1917-2267.swf	gameplay			Strategy; Lane-Based Strategy; Historical; Blood; Moderate Violence; Military	Lane-Based Strategy	Lane-Based Strategy	Lane-Based Strategy			8.7572	q124	Counter-Predator	0.0535	Lead the British or German army through the trenches of Europe in this First World War strategy game. Use infantry, armor and fire support to take control of the ground or bombard your foes into submission. - 2 Campaigns. British and German. - Custom battle mode. Setup skirmishes the way you want!
441	6a164986-b06e-4863-b80b-840d8d6990d1	Mind Your Manor	Jon Schubbe	2006	starogre.com	www.starogre.com	gameplay			Puzzle; Sequential; Auto-zipped	Sequential	Sequential	Sequential			8.3139	q143	Costly Preview	0.0826	Leave your kingdom and start your own without being caught by the king! READ IN-GAME INSTRUCTIONS!
442	befd6d2d-2b52-4db9-8958-86a0762ff463	Cake Workshop			girlgamesclub.com	http://www.girlgamesclub.com/game/cake_workshop.html	gameplay			Puzzle; Mixing	Mixing	Mixing	Mixing			8.4038	q149	Model Tokens	0.0748	It is possible to mix & create your own cakes and cupcakes with this online cake workshop game for girls. Use the various pastries, fruits and other baking ingredients to create your own cake recipes. Put the cakes on sale and find out if the customers like it (or not)
443	c1e40dda-7eca-4d16-aec3-2557fab9f1a4	Dibbles 3: Desert Despair	The Podge	2012	thepodge.co.uk	www.thepodge.co.uk	gameplay			Puzzle; Lemmings	Lemmings	Lemmings	Lemmings			8.6439	q149	Model Tokens	0.0818	The Dibbles are back with 44 all-new levels to solve. This time they are in the desert and the king has come specially dressed for the occasion, donning a natty Pharaoh outfit! - Brand new swamps and Melt command - New Rocks and Clear command - Now features multiple start and finish locations on some levels
444	4faf8c4a-4034-4489-8553-dbf4999e0520	Buggin' Out	Geoffrey, Inc	2003	scholastic.com	https://www.scholastic.com/play/bug.htm	gameplay			Promotional; Nature; Mouse-only; Pipe Connector	Pipe Connector	Pipe Connector	Pipe Connector			8.7494	a181	Certificate Path	0.0773	"Can you get the bug from the mushroom to the sweet-smelling flower? Build a pathway through the clover maze, and send the bug on his way. What's the buzz? Get the bug from the mushroom to the flower, avoiding all of the dark clovers. Build a pathway using the pieces above the maze. When your route is complete, click ""fly!"" to send the bug on his way. If you're ready, click to fly! Buggin' Out was inspired by the PLAY! Scholastic™ Bug Builder. The kit includes inter-locking transparent parts to construct 2 giant motorized insects. Explore how gears, motors, and electrical circuits work to bring your models to life. Available at Toys R Us® !"
445	01eb20f7-3c5d-4ef1-b65a-3f7617a6118e	Gravity Stick	DeadWhale.com		newgrounds.com	https://www.newgrounds.com/portal/view/442657	gameplay			Arcade; Score-Attack; Balancing	Balancing	Balancing	Balancing	indirect-physics	bounce	10.7356	g014	Long Shadow	0.0803	Hello everyone! This is a simple flash skill game that I made. You have to prevent the stick from falling down by moving it with your mouse for as long as possible. The red ball on top of the stick will bounce off the dropping larger balls, but the dropping balls are otherwise harmless. More great games at
446	0c105c12-1af7-489d-b5d1-e3024db5bd90	-Triple ShadoGal Special-	ken1171 (Ken Kawashima)	2008	deviantart.com	https://www.deviantart.com/ken1171/art/Triple-ShadoGal-Special-92736988	gameplay			Interactive; Animal Hybrid; Pre-rendered 3D	construction			construction	program the	7.1431	a088	Foundation Shift	0.0846	~Triple ShadoGal Special~ This is my very first 3-in-1 post combining three new deviations that can be switched using my brand new animated 3D menu. Simply click one of the 3 green buttons located at the picture's bottom to see the next one. See how the 3D menu animates and the next pic shows up with a nice transition effect. The current image number is indicated by the red triangle marker below the center button. That is, the center button upfront is the current one. Just as a note, this is NOT a prerecorded video or tweened Flash animation. The dynamic 3D menu animates in real-time and the transitions are also calculated in real-time. In addition, this animation is very high-res (768x1024)
447	95b53945-9a7b-4148-9def-8636b2d2d639	Easter Eggin'	Intermix Network, LLC	2005	mygamesworld.com	http://www.mygamesworld.com/game/7535/Easter_Eggin.html	gameplay			Arcade; Eastertide; Claw Game; Auto-zipped	Claw Game	Claw Game	Claw Game			8.3663	f031	Wake Up the Box	0.0638	Easter Eggin, The Ultimate Easter Egg Hunting Game! Find the eggs and haul \'em in!
448	286a74e2-a85d-4c6d-a1b9-0d57551035d5	Helicopter Game	SeeThru.co.uk	2004	addictinggames.com	https://www.addictinggames.com/clicker/helicopter-game	gameplay			Arcade; Flying; Score-Attack; Side View	indirect-physics			indirect-physics	balance; gravity	7.9231	q138	Command Composition	0.068	Game description Helicopter Game is a classic game of balance and timing. So, you think you can fly? Well, don't be so sure! It gets pretty hairy up there, once you're fighting gravity and dealing with an X and a Y axis you might just realize that flying is for the birds. Sharpen your retinas and crack your knuckles. Keep an eye on your speed, watch your altimeter, don't roll, don't overheat, avoid obstacles and try to keep your cool as you turbo thrust your way through a series f levels which get harder, faster, and more impossible to pass. If you thought a game like flappy bird was hard to play, you don't know what you're talking about. You literally have no idea. This is a chopper game de
449	56e5ae13-cce7-4ef1-9b3d-1997262d15fe	Riddle School 3	Jonochrome	2008	andkon.com	Andkon.com	gameplay			Adventure; Point and Click; Auto-zipped	constraint-and-interface			constraint-and-interface	two buttons	6.9223	q090	Lineage Garden	0.0687	EDIT! (August 2020) For the time being, the Riddle School series is very buggy in Newgrounds' substitute for Flash Player. To play a working version, download Riddle School 3 here until the Newgrounds Player is perfected. Click one of these two buttons on the GameJolt page: (If combining items is difficult in one version, try the other.) Thank you all so much for continuing to enjoy the series after all this time. ~ Jonochrome (AKA JonBro) ―――――――――――――― Riddle School 3 The biggest, hardest, and best Riddle School of the three! Help Phil escape from the high school using all of your point-and-click adventure game knowledge. Post your time when you finally beat it! (The game has a hidden time
450	7d451972-b9df-459b-9c65-e01bd744023f	Little Wars	BeGamer	2013	kongregate.com	https://www.kongregate.com/games/begamercom/little-wars	gameplay			Strategy; Node-Based Strategy	Node-Based Strategy	Node-Based Strategy	Node-Based Strategy			8.9729	q124	Counter-Predator	0.0816	Long time ago there were little wars between tribes. It is your quest to conquer the island by strategy, tactics, magic lightning and collecting resources like sheep or mammoths. You will meet your various enemies but also allies who will help you to be a dominant tribe in these little wars!
451	a71f4407-6550-4bb0-becd-ce72742ed3c6	Falling Lights - the crypt	Federico Rutenberg	2016	esklavos.com	https://www.esklavos.com/	gameplay			Adventure; Auto-zipped	distributed-agency			distributed-agency	several characters	6.6884	q106	Local Gravity Wells	0.0367	Dan estaba sentado en el pórtico de su granja, cuando todo se iluminó intensamente. La luz se desvaneció en la montaña del norte y todo volvió a estar a oscuras. A la mañana siguiente, Dan encontró el lugar exacto. Y comenzó a explorar… Falling Lights es un juego en el que pueden interactuar con varios personajes. Es importante tener en cuenta que no todos tienen las mismas habilidades. Por eso van a tener un selector de personaje para ejecutar diferentes acciones. Dan was sitting on the porch of his farm, when it all brightened. The light faded into the northern mountain and everything went dark again. The next morning, Dan found the right place. And he started exploring … Falling Lights is
452	fde92abc-9bf1-45b2-bee7-bb16a510fa86	FlyOver	monjod	2011	newgrounds.com	https://www.newgrounds.com/portal/view/583154	gameplay			Simulation; Flying	goal-revision			goal-revision	must not	6.6348	q115	Partial Demonstration	0.0562	The objective of FlyOver is to do a recon mission over the terrain shown, flying over the points of interest (the star symbols) and taking a picture (p key). The plane is controlled with a (left) or d (right). The closer the plane gets to the star, more points are awarded with a maximum of 20. Only 6 photos may be taken per flight, so they must not be wasted if the player wants to maximize his score. The mission will terminate by either running out of fuel, or flying into a mountain (darkest spots). The objective is to land the plane on the middle of the runway, and then that flight will be over with a bonus of up to 100 points for returning the plane safely. The complete game consists of 4 
453	cdb78aa8-fdf0-4f17-af1f-9ce9069cb6ff	BioCage	VR Genesis	2011	gameinterlude.com	http://gameinterlude.com/action-games/biocage/	gameplay			Arcade; Blood; Mouse-only; Food Chain	Food Chain	Food Chain	Food Chain			8.7715	q186	Deferred Mirror	0.0603	Evolution sandbox game. Hunt, feed and evolve to become stronger and bigger. Killing monsters heals you, while eating dead corpses heals you and makes you evolve (45 different evolutions). Your mutations depend on what you feed on. Will you survive long enough to unlock badass evolutions?
454	be37b1e4-58b1-4a15-89d3-1e35b63846ed	Blaster Ball	Mediakitchen	2010	mediakitchen.co.uk	www.mediakitchen.co.uk	gameplay			Arcade; Score-Attack; Bomb Maze; Auto-zipped	Bomb Maze	Bomb Maze	Bomb Maze			8.427	q035	Momentum Bank	0.0888	Blaster Ball is here. The object is easy, destroy the cones and your enemy with your super powered footballs to get points and move onto thenext level.
455	61a12ec8-fe55-4741-9f33-2f62d874988c	Fossils of the Cretaceous	Susan K. Lewis		pbs.org	https://www.pbs.org/wgbh/nova/nature/fossils-cretaceous.html	gameplay			Educational; Science; Interactive	system-dynamics			system-dynamics	ecosystem	6.4265	q186	Deferred Mirror	0.0475	Roughly 130 million years ago, in what is now northeastern China, volcanoes repeatedly showered down fine-grained ash, capturing remarkable details of ancient animals and plants. The fossils have allowed scientists to reconstruct a vivid picture of the ecosystem and gain insights into how modern organisms evolved. Here, glimpse the creatures—some familiar, others entirely alien—that inhabited the region long ago.
456	21bcb8cf-9e51-4499-8ee8-143348e6969f	Mirror	Borrys Hasian		games.bigfishgames.com	https://games.bigfishgames.com/en_mirror/online/	gameplay			Puzzle; Logic	state-transformation			state-transformation	mirror image	5.7001	q016	Blind Guide	0.1118	Find the matching mirror image in this tricky Puzzle game! Score as many points as you can, and pick only the matching one.
457	904662fa-c1ff-aace-9f2b-f47275d48166	PewCatPie: The Unfair Game	zoyer	2013	newgrounds.com	https://www.newgrounds.com/portal/view/618132	gameplay			Platformer; Intentionally Infuriating; Famous Person; Auto-zipped	information			information	invisible	6.9545	g048	Keyhole	0.0562	Fanmade game to PewDiePie. Cat Mario style Author Comments: Basic Arrow controls. Made this game because Pewdiepie really hates theese kind of games. It was ment that he would play this, maybe he will some day. I've made this game with all respect for him, he is a really nice and funny person. 2 Levels, 1 checkpoint in each level. Unfair game. It's not the best looking game out there, It's not the best coded game, I made this by my own in my spare time for less than 1 week. It's still challenging and unfair just what the game is ment to be. Level 2 is better done and the graphics is better there. ------------------------- ------------------------- ------------------------- ------------------
458	300ec608-bd2c-41c9-b18c-f091d11b7330	Donkey Kong: Changing Roles	Maira Oriana Batistta	2018	kongregate.com	https://www.kongregate.com/games/MaioryGames/donkey-kong-changing-roles	gameplay		Donkey Kong; Super Mario	Arcade; Score-Attack; Pixel; Super Mario; Parody; Donkey Kong; Primate	topology-and-view			topology-and-view	different perspective	5.2918	q089	Persistent Passenger	0.0503	Juega al clásico “Donkey Kong” desde una perspectiva diferente: ¡Lanza barriles para derrotar a Mario y no dejes que la Princesa se escape! Supera los niveles juntando las estrellas para mejorar tu puntaje. Este juego fue desarrollado por Maira Oriana Batistta, como trabajo final para la asignatura “Prototipado Rápido” dictada por el profesor Luciano De Liberato, de la carrera “Diseño y Programación de Videojuegos” – Universidad Nacional del Litoral – Argentina. Play the classic “Donkey Kong” from a different perspective: Throw barrels to defeat Mario and don’t let the Princess escape! Pass the levels by collecting the stars to improve your score. This game was developed by Maira Oriana Bati
459	13e61baa-9791-00a3-05f0-c33b2b8e83ad	Ragdoll Cannon 3	Johnny-K	2010	xgenstudios.com	www.xgenstudios.com	gameplay			Puzzle; Physics; Level Editor; Toss; Ragdoll; Box2D; Fixed Screen	secondary-mechanic-tag		Ragdoll; Level Editor; Physics			5.7145	a127	Triad Ban	0.0885	This third official Ragdoll Cannon game brings you 50 brand new levels and the possibility to create and share your own levels. Physics have been improved and you'll find lots of unusually placed bombs and explosives, which may or may not work to your advantage. Have fun!
460	8910e127-5488-44a0-92b0-81acd7aec012	Fend off the Zombies	Derek LaRue	2016	y8.com	https://www.y8.com/games/fend_off_the_zombies	gameplay			Strategy; Zombie; Lane-Based Strategy; Defense	Lane-Based Strategy	Lane-Based Strategy	Lane-Based Strategy			8.7182	f024	Personal Universe	0.0633	Defender who escapes from Zombie invasion takes refuges in the castle. Our this character has many arrows, weapons, shotguns, lewis-guns, laser weapons and ray guns. Zombies attack to destroy the castle increasingly. As you destroy the Zombies, you will also win the golds. Furthermore you can get power support for fortress repair. If the power bar of the castle runs out, this will be your end. Show yourself how you can endure against Zombies!
461	6fdde81f-26f6-43f7-a261-3beb5ab0d0f3	Mix a Monster	Spil Games	2011	en.y8.com	https://en.y8.com/games/mix_a_monster	gameplay			Puzzle; Mixing; Auto-zipped	Mixing	Mixing	Mixing			8.4005	q149	Model Tokens	0.0579	Gasp-worthy ghouls are guaranteed... Combine ingredients in the magic cauldron to create terrifying monsters that'll freak your pesky kid sister out. Try different combos for a variety of entertaining outcomes!
462	8f87b017-2899-4309-8c54-f394f672f92a	Skittles Kooky Conveyor	Neopets.com; Mars, Incorporated	2007	neopets.com	http://www.neopets.com/games/game.phtml?game_id=871	gameplay		Neopets	Arcade; Puzzle; Promotional; Score-Attack; Lemmings; Neopets; Auto-zipped	Lemmings	Lemmings	Lemmings			8.6373	q073	Phase Change	0.0884	Skittles Kooky Conveyor: Direct the pieces of Skittles bubble gum to the correct colour slot by clicking on the arrow switches that are found where the conveyor belts intersect. The arrow switches change the direction in which the conveyor belts move. Match the colour of each piece of Skittles bubble gum with the same colour of paper.
463	fd7ed422-157f-48dc-be55-8b856e1e1a39	CUBIQ	Shajby	2009	newgrounds.com	https://www.newgrounds.com/portal/view/494623	gameplay			Arcade; Puzzle; 3D; Score-Attack; Pipe Connector	Pipe Connector	Pipe Connector	Pipe Connector			8.6643	q164	Stop Test	0.0795	CLICK THE CUBE TO CHANGE ITS PART ROTATION. TRY TO CONNECT all lines to each other! Try to pass first 8 levels and if you want to become a real Master of Cubiq try then levels 9 and 10, that contain more solutions, but the only one is correct, will you find it? Nobody never solved all 10 levels, will you be the first Master of Cubiq? Use in game controls, w,s,a,d or arrows to change the cube rotations. Become Master of Cubiq!
464	1f1fe4b9-1c14-402d-98b5-849000148fa8	Balance Fury	Little Monster Games		physicsgames.net	http://www.physicsgames.net/game/Balance_Fury.html	gameplay			Arcade; Balancing	Balancing	Balancing	Balancing	indirect-physics	balance	10.4032	q129	Decoy Learner	0.0883	Drop blocks on the platform and try to keep them from falling off. How many blocks can you balance?
465	6a0942ec-ed4b-4ef1-a137-a554d2aff2dc	Reconstruct MA Artifacts			sec.state.ma.us	http://www.sec.state.ma.us/cis/ciskid/kidart/kidspuzz.htm (via Wayback Machine)	gameplay			Educational; Puzzle; Sliding; History; Mouse-only	construction		Sliding	construction	assemble	7.1181	a149	Controllable Object	0.072	"This game allows you to assemble picture puzzles of artifacts from Massachusetts' history. Click on the puzzle to shuffle the pieces and then click on a puzzle piece to move it around. If you want go on to a new puzzle, click on the ""Next Puzzle"" button. Best of luck!"
466	5fbe6f39-961c-4263-b317-ab74c217938b	Wolf Catch Sheep		2011	kongregate.com	https://www.kongregate.com/games/freegames1234/wolf-catch-sheep	gameplay		Pleasant Goat and Big Big Wolf	Arcade; Score-Attack; Claw Game; Pleasant Goat and Big Big Wolf	Claw Game	Claw Game	Claw Game			8.0833	q156	Bridge Logic	0.0797	The Wolf likes to eat sheep. If the male wolf get enough lamb food for his wife, then his wife will have more babies. Then the male wolf need to grab more to feed the babies.
467	47ad0667-9626-4f19-868f-1a3971e9a045	flOw	Jenova Chen; Nicholas Clark; Austin Wintory	2006	interactive.usc.edu	https://interactive.usc.edu/projects/cloud/flowing/	gameplay			Adventure; Top-Down; Mouse-only; Aquatic	indirect-physics			indirect-physics	balance; flow	7.8677	f031	Wake Up the Box	0.0681	FlOw is a game about piloting an aquatic organism through a surreal biosphere where players consume other organisms, evolve, and advance their organisms to the abyss. As part of Jenova Chen's thesis research, flOw inherits an embedded design of active DDA (dynamic difficulty adjustment), players with differing skill levels can intuitively customize their experiences in the zone and enjoy the game at their own pace. “Addicting” is the most common word its fans use to describe it. Design Features Minimal control opens the door for casual gamer and non-gamer Control the balance between speed and turning leaves space for hardcore player to master Wide range of gameplay from simply swimming aroun
468	0014debd-791a-4764-9b5c-3122c9b298dc	Treasure in the Dark	LiszkaY		liszkay.hu	http://liszkay.hu/treasure-in-the-dark/	gameplay			Arcade; Puzzle; Score-Attack; Maze; Top-Down	constraint-and-interface			constraint-and-interface	without touching	6.9014	q003	Blind Growth	0.0876	Find the path to the treasure chest and back to the cave entrance, without touching the cave walls. Try to memorize the path (the grids will help you.), because you can only see the cave walls at the cave entrance. Or you can cheat a little, by noting the path to a piece of paper. In some of the caves you can find holes in the grounds, through which you can use underground paths, There are some other treasures in the caves, through which you can earn lots of extra money, if you want to, but you must gather the treasure chest in every cave too. After each accomplished cave, you get bonus lives. You can buy many types of equipment in the shop after every cave.
469	85a78c0d-3b2c-3c1a-6214-78300e1c7906	Phage Wars 2	Armor Games, joeybetz	2009	kongregate.com	www.kongregate.com	gameplay			Strategy; Node-Based Strategy	Node-Based Strategy	Node-Based Strategy	Node-Based Strategy			8.9678	q098	Rescue Order	0.0608	Built on the extremely powerful Betz Biosystems, Phage Wars 2 is set up within a testing environment built around genetically modifying viruses. Your goal is to create the most powerful virus ever by defeating all the other genetically engineered viruses in this fast paced, strategy game.
470	e45bf7e1-7ec7-481b-a67a-decf4ad1240f	Defence Underwater	yohanes2010	2012	newgrounds.com	https://www.newgrounds.com/portal/view/593676	gameplay			Arcade; Action; Strategy; Tower Defense; Defense; Upgrade; Pirate; Aquatic	distributed-agency			distributed-agency	different abilities	6.6439	q098	Rescue Order	0.0681	Defense the treasure from invading divers Author Comments: A fun Tower Defense game where you must use towers with different abilities in order to protect your treasure from the invading divers
471	da3f2540-940f-4abe-bc45-192cc9fbb2d7	Retiring Day	Snails Animation	2011	snailsanimation.com	http://www.snailsanimation.com/RetiringDay.swf	gameplay			Arcade	goal-revision			goal-revision	must not	6.6178	q189	Inheritance	0.0734	Retiring Day is the third and final of the series... but also the most challenging >:) This time you're an old man who has worked in many factories all his life, and after all these years it's almost time to retire, but you must first train your successors! A humorous skill game with funky music. INSTRUCTIONS: Find the faulty items which you must not let pass through the conveyor. You can also make extra points by trying to keep your trainee attentive. (with a good old slap in the face!) CONTROLS: - Click the bad items with your mouse to select them. - Use the arrow keys to control the speed of the conveyor. (Left = faster, Right = Slower) - If the kid in training does anything inaproppriate
472	64ec7c38-4288-4e50-82f6-bfbd39d8a947	Amoebas	Mark Fennell		bubblebox.com	https://www.bubblebox.com/game/Skill/566.htm	gameplay			Arcade; Mouse-only; Food Chain	Food Chain	Food Chain	Food Chain			8.7176	q057	Raft Shape	0.0908	Slurp up your fellow amoebas and ensure your survival by being the biggest amoeba around. Cannibalism pays off when you try to make to to the next level. Eat the little ones, but stay away from amoebas that are larger than you ! Instructions Eat amoebas that are your size or smaller. Avoid the big amoebas. Use the mouse to move.
473	ae47bfc9-630f-7f79-36ad-d1ffcc11a78b	Playing with Fire 3	Vetal Games/Svetlovanton		y8.com	https://www.y8.com/games/playing_with_fire_3	gameplay			Action; Bomb Maze; Auto-zipped	Bomb Maze	Bomb Maze	Bomb Maze			8.3916	q074	Drift Law	0.0858	An awesome take on the old skool Bomberman! Guide your character around the maze placing bombs and picking up extra items. Try to take out all your opponents before they take you!
474	65ff098f-1ea0-4b8d-9e7d-6ab89d9b1097	Shop Empire 2	Little Giant World	2012	gamesfree.com	GamesFree.com	gameplay			Simulation; Pixel; Tycoon	system-dynamics			system-dynamics	resource management	6.3095	a153	Family Resemblance	0.0682	The popular Shop Empire game sequel. With more booths, new facilities, a fun new parking system for cars and trains. But sadly also more clever thiefs that want to rob your shops! Build a bigger and better shopping mall, hire staff members to run the place smoothly. Shop Empire 2 is a detailed and free resource management game.
475	e5066d58-4e20-45d4-9655-4a376d21c1d0	Ben 10 Hero Matrix Alien Creator			igrezadecu.com	https://igrezadecu.com/ben10-alien-creator/	gameplay		Ben 10	Toy; Creative; Ben 10	state-transformation			state-transformation	switch forms	5.4703	q129	Decoy Learner	0.0469	Ben 10 Hero Matrix Alien Creator let you join the super hero Ben10 and his magical watch omnitrix as you switch forms to create your own alien hero. Play free family friendly Ben 10 Hero Matrix Alien Creator Game no download.
476	ce7e6fc3-e272-442c-b2da-8dc257bdf2a6	Extra Solar Planets Interactive			highered.mheducation.com	http://highered.mheducation.com/sites/007299181x/student_view0/interactives.html#	gameplay			Educational; Simulation; Space; Interactive; Astronomy	information			information	infer the	6.952	q112	Negative Demonstration	0.0667	This interactive is used in Chapter 27. Is it possible that the “wiggle” of a star can tell astronomers about worlds in other star systems? Yes, it is, and this Interactive will show you how. When planets orbit a star, they impact the motion of the star, and by observing that motion, astronomers can infer the presence, mass, and distance of the planet. Things get more complicated when there are multiple planets. Observe Earth’s impact on the Sun’s motion, and you will understand why Earth-type planets around other stars are hard to detect. Compare that to a “Hot Jupiter” and see how much more readily it can be seen. Then observe the multiple planet system to see how its much more complex int
477	2e049a75-6a5c-4391-a017-7efc6f86c870	Disgust Facial Treatment			zeegames.com	http://www.zeegames.com/page/Download%20Games.html (via Wayback Machine)	gameplay		Inside Out	Simulation; Doctor; Inside Out	topology-and-view			topology-and-view	inside out	5.2785	q137	Shared Convention	0.0785	Today our Inside Out character ,Disgust is visiting the doctor for a facial treatment.Perform different facial treatment and make disgust look beautiful!
478	d1d4d7eb-a827-42a3-9b20-a514e63f3c21	Spring Ninja	Donovan Jackson	2013	newgrounds.com	https://www.newgrounds.com/portal/view/626262	gameplay			Platformer; Level Editor; Toss; Community Content; Ninja; Blood	secondary-mechanic-tag		Community Content; Level Editor			5.6901	q088	Mask Debt	0.0521	WARNING: You will want a mouse to play this game This was developed to work with a mouse. so a big heads up and preemptive apology to those of us using laptops, sorry guys this game will work, but the difficulty is quite high! Also keep in mind that since this was accidentally released about 7 days early, consider this a public BETA, with that said, my apologies for not having a more complete product. On the plus side this will allow me to make future games better. UPDATE - Ninja time now slows down the movement of all on stage objects, I was initially concerned this may cause for easy misjudgements on technical jump combos, but we will see where this takes us. On the plus side, if this does
479	9df13010-8737-4340-9dfa-54b63bed0c09	Autumn Racers			cartitans.com	http://www.cartitans.com/game/autumn-racers/	gameplay			Racing; Sports; Top-Down	construction			construction	circuit	7.1109	q062	Relay Shadows	0.0713	Autumn racers is one of the best free online racing games ever. Race away in this game and defeat the opponent in all the 4 levels. This is not a bike game so don't let the enemy overtake you because you will have a really hard time keeping up with him. As the autumn season is upon us, free online racing games are also adapting to the environmental situations. Autumn Racers is a simple free car games that you can find in our collection of cool games. As the title clearly suggests, the game is about two cars racing against each other, in the four available levels. No matter how good you think you can drive in a free online racing game, the first thing you should know is how to control your ca
480	71458ae8-0cbd-4420-8c34-9aff92a1076d	A.W.C.A.F.I.T	wonderwhy-ER	2009	deviantart.com	https://www.deviantart.com/wonderwhy-er/art/A-W-C-A-F-I-T-135334558	gameplay			Toy; Physics; Interactive	indirect-physics		Physics	indirect-physics	fluid; gravity	7.788	g007	Tumble Block	0.0583	What's that? (hmm weird DA things it is a link lol) :) Well LD games do need weird names :) Ok... It is 1:32 here and tomorrow I need to go to work... So I am calling it a day... No complete game for LD15 :( Spent too much time on testing ideas for that... Anyways go pretty close to it. In the end idea was like that. Spaceship stops at asteroids. Borrows a hole in them and tries to collect as much fuel (hydrogen or something) from them :) Should have worked well for 48H compo but I failed to do it in 48h... As once before stuck with testing new/old untested ideas for too long :) How to use Use slider or mouse wheel to rotate asteroid which changes gravity too. Hold mouse button to create flu
481	aa62f640-c878-437b-af27-d1fc479b0def	Push Cannon	Flash Ninja Clan	2009	kongregate.com	https://www.kongregate.com/games/Archbob/push-cannon	gameplay			Shooter; Arcade; Action; Score-Attack; Pixel	constraint-and-interface			constraint-and-interface	you cannot move	6.8999	a015	Calibration Crew	0.071	In this game, you must avoid the various types of shapes while trying to use your shot to bump these shapes into the four fangs of death on the 4 sides of the playing area. You cannot move outside the red-lined area. Shapes, when they initially spawn also cannot move outside this area. After they get shot, they turn purple and can leave the red-lined area, bump into the fangs of death, and die. The angle you shoot them from will effect how they move afterwards so auto-fire is not recommended. There are 12 achievements, most of which are incredibly hard. But to me, for it to be an achievement, it must be hard, otherwise you didn’t actually achieve anything.
482	2fc7cd1e-2e30-4971-904e-dddf76fd80e0	Sift Heads Cartels Act 2	Pyrozen	2013	newgrounds.com	https://www.newgrounds.com/portal/view/625728	gameplay			Shooter; Stick; Blood	distributed-agency			distributed-agency	teamwork	6.6167	q093	Milestone Garden	0.0693	And the story continues. After getting out of a sticky situation Vinnie is back on Luzio's trail with the help of Kiro and Shorty. But the fight will get interrupted suddenly by a returning clan. They will also discover that a new duo is on their tail, forcing them to rely on teamwork. We hope you enjoy this game. As always we sincerely thank you and your team for your continued support! Game controls: Use mouse to move and interact Left click to Shoot Press W or S to Cover, Stand or Aim Press A or D to move left or right Press 1 to 9 to switch weapons Press spacebar to reload Press P to pause the game
483	d947097c-6040-4354-9744-24da274e50ca	Orb 3	MasterFury Games	2013	coolmathgames.com	https://www.coolmathgames.com/0-orb-3	gameplay			Puzzle; Dodge; Auto-zipped	goal-revision			goal-revision	must not	6.5889	a055	Perishable Queue	0.0898	Instructions The object of Orb is simple. You must guide the orb through the level to the goal. You do this by simply clicking on the orb and dragging it to the green goal zone. But, the orb must not hit a wall or you'll have to start again. You don't always have to carry the orb. You can drop it and pick it back up again. The orb is not the only thing you can carry. There are crates that you can pick up that can be dropped on switches. Colors: The orb can change color. Depending on the color, you can do different things. The orb will change when it hits color changers.
484	2eea4098-82ce-42a0-9d20-0ee2ff0b1b8f	Halloween '08: Mina and Reno	Jackurai (6inchSAMURAI, BreakfastCheese, Pixelated-Parts)	2008	deviantart.com	https://www.deviantart.com/6inchsamurai/art/Halloween-08-Mina-and-Reno-101576892	gameplay			Halloween; Zombie; Fantasy; Anime; Ecard; Interactive	system-dynamics			system-dynamics	trade with	6.3042	f018	Windosill; Feed the Head	0.0385	My half of an art trade with He wanted something with his sibling OC's, Mina and Reno, dressed up as a mage and a warrior. Find the Easter eggs to activate their powers ^^ Mina casts Mini... Reno casts Undead.... Halloween isn't really Halloween if brothers and sisters aren't trying to prank or scare each other *nods*
485	b2879e52-3f74-4c0e-888b-6141e7753385	Scooby-Doo - Mirror Match			123chase.com	http://www.123chase.com/scooby_doo_-_mirror_match/11829	gameplay		Scooby-Doo	Puzzle; Matching; Scooby-Doo	state-transformation			state-transformation	mirror image	5.4613	a174	Bisimulation Bridge	0.0704	Find the matching mirror image of the Scooby Doo in this tricky Puzzle game! As you move on the progress the levels get more and more tricky. Pay attention to the details and score huge points in Mirrors. Happy Halloween!
486	96047a58-c3aa-4d21-bac2-178fc4b230f6	"NOVA: The Making Of ""The Elegant Universe"""	Lexi Krock		pbs.org	http://www.pbs.org/wgbh/nova/elegant/maki2-flash.html (via Wayback Machine)	gameplay			Educational; Interactive	information			information	invisible	6.9439	q124	Counter-Predator	0.0522	"From the initial concept to the finished product, take a detailed look at the creation of one scene from ""The Elegant Universe."" Many scenes in NOVA's miniseries ""The Elegant Universe"" draw directly upon the book by physicist Brian Greene on which the series is based. With its lively descriptions, analogies, and illustrations, Greene's book gave NOVA producers Joe McMaster and Julia Cort a concrete road map for telling the story of string theory, an extremely abstract and counterintuitive subject, to a general audience. With Greene's book in hand, the NOVA production team -- including the producer, camera crew, animator, and editor, to name a few -- created innovative visualizations of invis"
487	1218b8a9-5796-4565-9eda-0b9e2330e577	Inside Out Baby Riley Decoration	InsideOutGames	2015	kongregate.com	https://www.kongregate.com/games/InsideOutGames/inside-out-baby-riley-decoration	gameplay		Inside Out	Scene Creator; Inside Out	topology-and-view			topology-and-view	inside out	5.1452	q102	Walking Room	0.0755	Baby Riley got the room that she wanted in the new house of the family and right now she wants to decorate it. Play Inside Out Riley Decoration game and help baby Baby Riley to bring back to life this beautiful room, by choosing the most beautiful decorating items for it. Enjoy it! Play more games at
488	bc5af583-3bf1-4f9e-854e-1693cdf8418b	Nock Nock Nocking	"Turb Rono; Graeme ""Noodle"" Nordell"	2015	newgrounds.com	https://www.newgrounds.com/portal/view/667223	gameplay			Puzzle; Level Editor; Community Content; Archery; Medieval; Mouse-only	secondary-mechanic-tag		Community Content; Level Editor			5.6348	q124	Counter-Predator	0.0665	Play through 40 challenging levels, utilizing physics and special arrows types to defeat different types of bad guys. Win medals, compete for high scores, then build and share your on levels all right here on Newgrounds! ---------- Turb and I started this game... I don't even remember how long ago! It had to have been at least 2 years... We had difficulties finding a sponsor, and I kept making adjustments to try and attract interest in the game. I am super grateful to Turb for putting up with me, and accommodating all my stupid requests. I am thrilled to finally be sharing this game, and with the recent addition of level sharing, I think the game truly has something special to offer. -------
489	d763728a-c6ef-408b-bbb4-04c7d9387e87	Offroad Race			cartitans.com	http://www.cartitans.com/game/off-road-race/	gameplay			Racing; Sports; Top-Down	construction			construction	circuit	7.0762	g014	Long Shadow	0.0578	You think that you are smarter than the AI? Prove your skills with our cool truck game called Off-Road Race. In this game you have to become the champion in a cool race. Before your truck is ready to go off-road you have to do some customization to it. Big wheels were fitted and huge bars surround the cabin. You enjoyed our latest free driving games and you're eager to play an online racing game? We present to you the Off road Race. It is a top view circuit racing game where you get to drive a red monster truck. At first, you might find the game a bit trivial because there are lots of games on the internet that are very similar to this one. But you shouldn't think about that, just get ready 
490	923e2ca3-4afb-464f-824e-b47033bf5594	Gravity Flip	Tapir Games		tapirgames.com	https://www.tapirgames.com/Games/GravityFlip	gameplay			Puzzle; Physics; Sokoban	indirect-physics		Sokoban; Physics	indirect-physics	gravity	7.7162	q101	Carousel Coordinates	0.0658	Gravity Flip Description Help boxes find their lost children. Instruction Controls: Press R to reset current level. Left-Click a box to select it as the Target Box. To roll the Target Box, use either of these methods: press A-D press LEFT-RIGHT hold mouse at the left or right of the Target Box From level 3, press S or DOWN to flip the direction of gravity
491	c2a3371f-bb07-9dca-f30a-c571d0f11a5f	glorg	grapefrukt	2010	armorgames.com	armorgames.com	gameplay			Arcade; Adventure; Action; Timing; Dungeon Crawler; Mouse-only	constraint-and-interface		Timing	constraint-and-interface	one button	6.8939	q126	Copycat Trap	0.0972	The first and only one button dungeon crawler you will ever see! A game oozing with personality featuring music by the amazing dannyB (canabalt, super meat boy)
492	bb37a70f-5c4f-48e5-8e43-18e9bada43db	Fire and Ice Elves	GamesTwoPlayer	2013	gamestwoplayer.com	http://www.gamestwoplayer.com/Exclusive/fire-and-ice-elves/	gameplay			Platformer	distributed-agency			distributed-agency	cooperate	6.5594	g004	Seam	0.0769	Magic Kingdom is home to two special abilities Addict wizard, although their ability to allelopathy, but can also make up for the lack of capacity each other. One day, they heard a mysterious force ruby in a mysterious forest, a total of 200 teeth, as long as people have collected 200 ruby will be the realization of a desire, so they decided to cooperate together to find those mysterious gem. Will be on the road, they encountered many difficulties, make haste to help them overcome their difficulties. In the game, the Fire Wizard WAD to control movement, W jump, A to move left, D key to move to the right, the fire wizard will go out on the ground the flames, after the departure of the flame k
493	7092627b-1fd3-4233-adc2-d2202389e825	Xenospace Warzone	Odd1	2009	jaludo.com	jaludo.com	gameplay			Action; Axonometric	goal-revision			goal-revision	sacrifice	6.5677	q089	Persistent Passenger	0.0702	The Xenos have overrun Trebulon 5 and 6. The Colonial Marine Headquarters on Trebulon 7, heavily fortified and defended by a brigade of veterans, has been designated as a final fallback position before the Trebulon system is abandoned. You are expected to give all and sacrifice everything - even your life if need be - to make a last desperate stand that will prevent the Xenos from spreading to other systems. The yellow bar next to your selected weapon indicates your ammunition level. If you have no more ammo left, you can use your chain saw to cut your way through. Controls: Use your arrow keys and the space bar to play this game. Press B, C, V, X or Z to change weapon and P to pause the gam
494	aebf6b99-4473-4bf3-8bc8-8f3dbb8461a4	Winged	Eledora	2008	deviantart.com	https://www.deviantart.com/eledora/art/Winged-95354061	gameplay			Interactive	system-dynamics			system-dynamics	trade with	6.2988	q062	Relay Shadows	0.0744	Click on them to see why they're so excited! :D My part of art trade with :iconmythacalgirl:. She asked me to draw her and her DA sis :icondegrassi89:) get wings when one clicks on them. Sorry for forgetting to draw the flowers! I hope their wings are noticeable... I enjoyed drawing and coloring them in my own style! (Even when it looks a bit weird =P) To the other two requesters: Erm... I afraid I cannot finish all of the requests by August. Got too lazy and didn't really draw much during the summer holiday... ^^;)
495	3c0ff640-f409-48f8-bb8c-c7fae7c42ae8	Superheroes Mirror Match			123chase.com	http://www.123chase.com/superheroes_mirror_match/10768	gameplay		Ben 10; Pokémon; Scooby-Doo	Puzzle; Matching; Ben 10; Scooby-Doo; Pokémon	state-transformation			state-transformation	mirror image	4.3639	a174	Bisimulation Bridge	0.0698	Find the matching mirror image of the superheroes in this tricky Puzzle game! As you move on the progress the levels get more and more tricky. Pay attention to the details and score huge points in Mirrors!
496	3deb3ea3-cba6-4389-b295-e8275f883307	Pandora's Seed	grawsie	2010	spelletjes.nl	https://www.spelletjes.nl/spel/de-hoop-van-pandora	gameplay			Adventure; Role-Playing	information			information	invisible	6.94	g055	Fourth Verse	0.0579	Travel a vast game world filled with towns and monsters as you complete your quest to slay the roots of evil. Collect new weapons, skills, equipment and spells as you battle through 4 dungeons and slay 10 terrifying bosses. Controls: Arrows-move, D-Attack, E-Toggle text boxes, M-Music on/off, SPACE-Menu. Learned Moves: A-Dash, S-Magic Attack, W-Toggle Spells. Veiw Trailer: tch?v=K11_yCl-tSI Personal Note: I made this game a long time ago, but only now am getting around to releasing it. This was my final project in AS2, and have since then begun work on a much more advanced AS3 successor to it. I consider making this game mostly a learning experience, and looking back I see several design fla
497	a74989d1-109c-464d-bccc-32673ec2519e	Inside Out Space Cooking			zeegames.com	http://www.zeegames.com/page/Download%20Games.html (via Wayback Machine)	gameplay		Inside Out	Simulation; Cooking; Inside Out	topology-and-view			topology-and-view	inside out	5.1057	q080	Regime Cart	0.0866	Help inside out to prepare a delicious soup. Follow the simple instruction and you will cook delicious soup.
498	d473f4b4-7157-4dd8-b846-ae1094cbd3e0	Grizzly Adventure	Jade Game		jadegame.com	http://www.jadegame.com/games/grizzly/	gameplay			Platformer; Level Editor; Community Content; Ursidae; Auto-zipped	secondary-mechanic-tag		Community Content; Level Editor			5.5913	a165	Landmark Search	0.0716	I decided to build this game for long time, as a Donkey-Kong game on SuperNES and multi paralax big fan. Grizzly Adventure is Jadeware's first and most famous platform game complete with over 30 action-packed levels. An evil sorcerer has taken control of Grizzly's forest and driven the creatures completely mad. With the animals under control and the help of a few minions, the sorcerer plans to bring the forest down, but Grizzly's not gonna take it in these woods. Follow Grizzly on his journey through 3 different worlds as he takes on enemies that are out to get him! Goblins, trolls and killer bees will be only some of the many obstacles that will come his way as he tries to reach his quest. 
499	4779a9ad-6f8d-4439-a202-3952a4a7befb	Bond the Buddies Ben 10			123chase.com	http://www.123chase.com/ben_10_bond_the_buddies/2163	gameplay		Ben 10	Puzzle; Matching; Ben 10; Drawing	construction		Drawing	construction	connect the; draw a line	7.066	q145	Parallel Sandboxes	0.1063	Draw a line with your mouse connecting two or more of the same characters. You can draw over empty spaces, until you connect the same characters.Don?t let the characters reach the top of the screen or it?s game over!
500	e65a070e-d008-416d-b089-98fce52d154c	Chain Champs	YukonW	2014	newgrounds.com	https://www.newgrounds.com/portal/view/644979	gameplay			Arcade; Score-Attack; Timing; Pixel; Dodge; Ludum Dare; Game Jam; Auto-zipped	indirect-physics		Timing	indirect-physics	gravity	7.7074	q137	Shared Convention	0.0488	"Fight to save your planet from the enemy planet in-which it is literally chained to in this multiplayer brawler! Use gravity as your weapon as you launch crates at each other and collect powerups to increase your stance in the fight! This game was made during the Ludum Dare game Jam! The theme was ""Connected Worlds"" and I thought it was a good idea to make a game about two literally connected enemy worlds. I also wanted to incorporate multiplayer into it so I made it a sort of brawler! Hope you enjoy!"
501	1e7c9664-6397-4dbb-a746-6799e46cdf88	Tipover	Klas Kroon		oos.moxiecode.com	http://oos.moxiecode.com/examples/tipover/index.html	gameplay			Puzzle; Logic; Auto-zipped	constraint-and-interface			constraint-and-interface	without touching	6.8517	q003	Blind Growth	0.0815	"Arrowkeys to control. A remake of a great puzzle game called ""Tipover"" or ""The Kung Fu Packing Crate Maze"". Originally created by James W. Stephens. It also available as a boardgame, looks really cool ;). Basic gameplay Can you tip the crates to create a path to the ""goal"" crate without touching the floor? From the starting crate (you are the red outlined circle) you move by tipping crates over orthogonally. For you to move from one crate to another, a tipped-over crate must fall and land adjacent to another crate. You may then jump from the fallen crate to the adjacent one. The numbers printed on top of the crates indicate how tall the standing crates are. Blue creates are 2 units high, Gre"
502	4d0f66d3-0c95-4ac5-8c0a-6670414b70a9	The Adventure of Two	antvik		armorgames.com	http://www.armorgames.com/	gameplay			Platformer; Auto-zipped	distributed-agency			distributed-agency	different abilities	6.5089	q035	Momentum Bank	0.0787	This is a great adventure of the two friends that can do together some heavy things. They are two cute aliens who just want to find their ship and come back home. It is medieval age and they were patrolling the Earth, suddenly the ship broke and they had to teleport but the ship had gone, I heard that it is near the castle. Help them to find their ship. The main game feature is that heroes have different abilities separately and together. If they connected then it is easy to move heavy blocks, if separated the lower alien can jump higher and the upper can climb along the rope. The game has 18 puzzle levels, have fun.
503	ebc840c1-986f-41df-8c4b-8cd90191a767	Scary Graveyard Escape	Genie Fun Games	2017	geniefungames.com	http://www.geniefungames.com/	gameplay			Adventure; Escape the Room; Auto-zipped	goal-revision			goal-revision	must not	6.5143	q144	One Reset	0.0706	GenieFunGames - GFG Scary Graveyard Escape is another point and click game developed by Genie Fun Games. The adventure in the Graveyard went horribly wrong. You are struck in a haunted Graveyard infested by spooky things. The only chance to survive and escape is to interact with objects, puzzles, symbols and clues. Horrible atmosphere getting on your nerves but you must not panic play with all your strength to escape. Enjoy the most Epic and Thrilling paced game play. Good luck and have fun!
504	90e98a80-6df6-4839-827d-26cb68d1e3d2	Kingdom Fire	The Atomic Sponge		roundgames.com	www.roundgames.com	gameplay			Adventure; Role-Playing; Fantasy; Auto-zipped	system-dynamics			system-dynamics	trade with	6.2867	q035	Momentum Bank	0.0583	A hack and slash game very reminiscent of Diablo and similar games. Everything is controlled using the mouse. Point and click to move, attack, talk to allies, trade with merchants, open doors, and most importantly, LOOT! Have fun dungeon crawling!
505	966607c3-e38d-4d6e-8e14-702a097a84c2	Help Helen	Serious Sandbox LLC		rrrrthats5rs.com	http://www.rrrrthats5rs.com/games/help-helen/	gameplay			Experimental	information		Experimental	information	blind	6.9287	q065	Asymmetric Twins	0.064	"(fake comments) dho said ""I finally beat it!"" sarah said ""lmao helen keller"" (explanation from Named after Helen Keller, this experiment explored Flash games from a blind person's perspective. An exercise in gameplay without clicking on buttons or GUIs, only interacting with the words that tell you what to do. With almost no visual feedback in the entire game users grew frustrated, and with time limits that no one could see (blind people can't cross the street too slowly) winning was never as simple as it seemed. Some users think their resolution is the problem, because a game can't be completely dark, right? The Best of 3203 Comments: ""a dog attacked me!!!"" - andy ""Walk forward, find the re"
506	f824a46c-542d-4a08-b884-e458679e2b49	Inside Out Hand Doctor	gywlgame	2016	kongregate.com	https://www.kongregate.com/games/qywlgame/inside-out-hand-doctor	gameplay		Inside Out	Simulation; Doctor; Inside Out	topology-and-view			topology-and-view	inside out	5.0474	a034	Queue Garden	0.0355	Inside out Joy’s Hand was hurt When she was finishing memory balls,let us to help her treatment!
507	b82f23d1-6ff0-4529-a9e6-012f597c02ce	Drop Dead Final Cut	ttursas	2008	andkon.com	Andkon.com	gameplay			Arcade; Physics; Level Editor; Ragdoll	secondary-mechanic-tag		Ragdoll; Level Editor; Physics			5.5517	q164	Stop Test	0.0636	We realized that Drop Dead 2 wouldn't be finished before Christmas, so we did this instead. :D Send your best levels along with screenshots and level names to dropdead.finalcut@yahoo.c om, and if we get lots of good levels, we'll make a level pack! Use mouse to push the characters around, and feel naughty! Press I for instructions, H for help/keys, E for editor mode, T to change the graphical theme...
508	956b00f1-d73f-44e7-88ec-fb5c6e58aba7	Atomic Supercars			cartitans.com	http://www.cartitans.com/game/atomic-supercars/	gameplay			Racing; Sports	construction			construction	circuit	7.0509	q173	Density Drift	0.0515	Race against some of the best supercars on the planet in this dynamic drag racing game. Do I sense a speed addict? Then take your “medicine” playing the Atomic Supercars car drag race game and speeding down the circuit, reaching extreme speeds and leaving your opponents no chance of winning the race over you! If you want to be 100% sure that you win the race in top position, make sure you don't underestimate the importance of the before-the-race steps! Start this car tuning game by upgrading your sleek car and getting it the look and the power that will grant you the tittle of a car drag racing champion! Once you start playing the Atomic Supercars drag racing game, you get to give your car a
509	853a31e6-bd86-44d6-bf61-d29e4852d6fc	The WTF Game Experience	Benoit Freslon; Gilbert De Vera	2012	kongregate.com	www.kongregate.com	gameplay			Puzzle; Physics; Level Editor	indirect-physics		Level Editor; Physics	indirect-physics	flow	7.6572	a153	Family Resemblance	0.0538	The WTF Game Experience is a classic physic based puzzle game with WTF features, famous internet meme references and funny twists. During a boring party night 2 guys decide to create a giant puzzle game with bottles of beer a funnel, a baseball ball and various accessories. Find a way to flow the beer into the funnel. Level Editor: Build your levels and share them. Play thousand original levels made by the community.
510	647161fb-8318-4e05-a9ff-79c3aa26b2e8	Senet: Game of Pharaohs	Hacsev	2015	newgrounds.com	https://www.newgrounds.com/portal/view/656609	gameplay			Simulation; Puzzle; Tabletop; Ancient Egypt	constraint-and-interface			constraint-and-interface	you cannot move	6.83	g016	Slow Post	0.0809	Senet is an Ancient Egyptian game for two players, each with a set of a maximum of 7 pieces, although the game can be played with lesser but equal number of pieces (i.e: 6, 5 , 4, etc. pieces each). The board consists of 30 tiles called houses, arranged in three rows of 10 squares each. The pieces are placed alternatively starting on tile 1 and ending on tile 10. Red plays first. You may start with any piece that can make a legal move. Press the Dice Button to see how many tiles to move your piece forward. Pieces move around the board from left to right in the first row, right to left in the second row and left to right in the third row. Each dice roll will correspond to the following: •1 = 
511	552f7bee-70a4-4190-9a15-e3a9774e9e68	Together Alone			gamesonly.com	https://www.gamesonly.com/free-content/	gameplay			Platformer; Puzzle; Pixel; Stencyl	distributed-agency			distributed-agency	cooperate	6.3769	g039	Stitch	0.0885	Search for the lost crystals in this puzzle platformer: Together Alone. Try to pass each level by splitting into two controllable forms that can cooperate. Use the WASD and/or arrow keys to control the form(s). Use space to split and reunite and X to change the perspective between the two forms.
512	908b5786-ebd3-4fc8-b758-0597c072750d	Human Sacrifice	Ena Game Studio		games2rule.com	http://www.games2rule.com/	gameplay			Adventure; Escape the Room; Auto-zipped	goal-revision			goal-revision	sacrifice	6.5103	q062	Relay Shadows	0.0802	In the previous level you have found the map to reach the human sacrifice palace and Now you have to find another map here to reach the next level. Now it's your responsibility to find the way to reach the vampire's house to release the grandson's soul.If you have good problem solving nature, it is sure that you will succeed by finding the necessary objects and solving the puzzles. Have greater excitement and fun by playing escape games daily. Good Luck and Best wishes from escape games.
513	11ac3441-0269-4042-871b-4e6402d55a5b	Amazon Queen			girlgames.com	http://www.girlgames.com/amazon-queen.html	gameplay			Dress Up	system-dynamics			system-dynamics	ecosystem	6.0947	q166	Checkpoint Choice	0.0583	This Queen of the Amazons knows the jungles like the back of her hand. She knows that the rain forests have a delicate ecosystem, so all of the clothes and capes in her wardrobe are designed to protect her home. Use everything the forest gives you, and help this beautiful Amazon Queen protect her jungle wilderness from encroaching civilization.
514	96173617-dd77-4b8f-96f3-289e9ee3ac9b	Mastermind: World Conqueror	TheSwain	2008	newgrounds.com	https://www.newgrounds.com/portal/view/463278	gameplay			Strategy	information			information	cannot see	6.904	q156	Bridge Logic	0.0719	Manage your minions, defend your base, and conquer this puny planet ONCE AND FOR ALL! Author Comments: MASTERMIND: WORLD CONQUEROR - Manage your minions, defend your base, and conquer this puny planet ONCE AND FOR ALL! *PRESS SPACE TO LOCK YOUR CAMERA VIEW!* WARNING: For assistance in figuring out what to do next, click the Help button for options at the top of the game screen, or click the Question Mark buttons in each of your rooms for further explanation. This is the first game I have ever developed from scratch and programmed myself on top of all game visuals, so I do truly hope you enjoy my six months of efforts in bringing you this game. It wouldn't have been the same without the unriv
515	e41a83da-07ae-4e61-9cb3-be2abd3da4aa	Inside Out 6 Diff		2015	kongregate.com	https://www.kongregate.com/games/InsideOutGames/inside-out-6-diff	gameplay		Inside Out	Inside Out; Spot the Difference	topology-and-view			topology-and-view	inside out	4.967	q080	Regime Cart	0.062	Inside Out 6 Differencesinside-out-6-differences Find 6 differences between 2 inside out picture photos.
516	4a5019a9-90b5-23b3-847c-4f1373d85165	Ragdoll Cannon Level Pack	Johnny-K	2009	bubblebox.com	www.bubblebox.com	gameplay			Puzzle; Physics; Toss; Community Content; Ragdoll; Box2D; Fixed Screen	secondary-mechanic-tag		Ragdoll; Community Content; Physics			5.534	f031	Wake Up the Box	0.0544	Use ragdolls as cannonballs in this brand new version of Johnny K's hit puzzle/action game. There's 25 brand new challenging levels to get through!
517	02b3becd-6c75-4861-965c-e0768ef363cd	Underground Racers			cartitans.com	http://www.cartitans.com/game/underground-racers/	gameplay			Racing; Sports; Top-Down	construction			construction	circuit	7.0486	q164	Stop Test	0.0761	Underground Racers is another great online circuit racing game that our site has just released. It is one of those simple free racing games that everyone loves to play in their spare time. At the beginning of each level you get to choose the car that you'll be racing with. Once you have decided what vehicle you like most, you can just click the play button and start driving. In order to race, in Underground Racers you have to use only the arrow keys. But don't get fooled the simplicity of this flash 3d racing game, because the opponents are fearless and they will try to win the race themselves no matter the cost. So what you have to do is to drive as best as you can, keep you speed constant 
518	e75483c1-e4cc-44d1-95a6-a85c16b057b0	Run 3	Player_03	2014	coolmath-games.com	http://www.coolmath-games.com/0-run-3	gameplay			3D; Space; Runner; Third-Person	indirect-physics			indirect-physics	bounce; gravity	7.6316	q126	Copycat Trap	0.0651	Run, skate, float, bounce, and/or jump your way through even more space tunnels! Don’t worry if they fall apart on you, repairing them is someone else’s job. Run 3 builds on the most fun parts of Run and Run 2, adding new mechanics, new characters, major improvements to Infinite mode, and even a storyline (finally!). Follow ten unique aliens as they try to crack the mysteries of the gravity-shifting Tunnels, search for a path to the distant Wormhole, or just ignore all that and go home. The story is ongoing, so stay tuned for updates! You don’t need to play the previous games to understand this one. In fact, all you need are your arrow keys and spacebar. (Or WASD, your choice.)| Instructions
519	7945a5e3-7e00-41a6-9997-2040130c61f7	ASCIIvader III	CataclysmicKnight	2013	newgrounds.com	https://www.newgrounds.com/portal/view/622926	gameplay			Shooter; Dodge; ASCII; Auto-zipped	constraint-and-interface			constraint-and-interface	one button	6.7738	g055	Fourth Verse	0.0748	Upgrade, evade and annihilate hundreds of enemies in this hectic, nonstop ASCII-art game. Author Comments: The conclusion of the ASCIIvader Trilogy has Squareface finally able to fight back! Upgrade, evade and annihilate hundreds of enemies! Normal Mode Controls: WASD or arrows move, shooting is automatic (once you upgrade to be able to shoot). You can pause with ESC/SPACE or E, and that's it! One-Button Survival Controls: Space changes your direction in a clockwise manner (if you're moving right, you'll go down; if you're going down, you'll start moving left; etc). There is no shooting, just survive as long as you can, like in the first two games!
520	a915d012-3638-4a33-a9fe-2e04f9135ad9	BioGems	Mochigames	2011	kongregate.com	Kongregate.com	gameplay			Puzzle; Auto-zipped	distributed-agency			distributed-agency	multiple characters	6.3368	q143	Costly Preview	0.0783	Mochi Media is proud to present this fast-paced action fighter with match-3 gameplay! Featuring awesome animations, sound effects, powerups and bosses, this is sure to be one of the most intense action puzzle experiences you’ll play in a while! Choose from multiple characters to travel through space and beat up on some baddies. Make sure to keep an eye on your health and special meter to unleash the most powerful attack across the galaxy!
521	b03f3454-00ba-48df-9279-ca5c09727bb1	The Entrance	Ena Game Studio		games2rule.com	http://www.games2rule.com/	gameplay			Adventure; Escape the Room; Auto-zipped	goal-revision			goal-revision	sacrifice	6.4522	q102	Walking Room	0.0637	A Jokers soul is being trapped in an evil fiesta for years. The guard of the Joker 's property wants to reclaim the Joker's soul from evil fiesta to prove his loyalty. But to reclaim the Joker, the Guard needs pure human sacrifice and so he trapped a girl in his magic circle. Now , as a detective your job is to find the girl. You have to solve the enigma and clues. Have a great gratification while playing escape games. All the best ..
522	6495d373-7fb4-4a5a-81cc-5e0982ca433a	Solar Ranger	Evgeniy Kiselyov	2007	kongregate.com	https://www.kongregate.com/games/jeka911/solar-ranger	gameplay			Shooter; Arcade; Space; Upgrade	system-dynamics			system-dynamics	trade with	5.8757	f039	GemCraft	0.0442	Solar Ranger – space adventure. Defend your solar system, trade with planets, earn money, improve your ship.
523	bea802f4-fc48-46f7-ab4c-82436ed5253c	Customisable Anthemys - Dollmaker	WaywardInsecticon	2012	deviantart.com	https://www.deviantart.com/waywardinsecticon/art/Customisable-Anthemys-Dollmaker-291476908	gameplay			Dress Up; Auto-zipped	information			information	invisible	6.8924	q073	Phase Change	0.0631	[ETA:] Now with a Clear All function ( does not affect genetics or background ) and cuter shoes ( I don't tend to think of footwear beyond 'Boots! To protect the feet from mud and rocks!' ) It's over 5.5Mb, so give it a minute to load. ( These things just keep getting bigger ... ) And here is Customiseable Anthemys, which is basically Anthemys' Closet with added palette-swapping. So you can play it straight as Anthemys if you stick with the default colours, or make an Anthemys-build OC who dresses in Tethyn/Space Victorian fusion fashions. ;) Also you can change her nose. Because we care about noses. This one's done in the same way as Customiseable Chilla, only with more options. Pseudo-Vict
524	938798de-ebfb-4636-b98f-266e8c4cfcce	Barbie Inside Out Makeover			mafa.com	http://www.mafa.com/Barbie-Inside-Out-Makeover	gameplay		Barbie; Inside Out	Dress Up; Barbie; Make Up; Inside Out	topology-and-view			topology-and-view	inside out	1.4821	q144	One Reset	0.073	Disney movie Inside Out is Barbara's favorite movie. Barbara loves the cute outfits of the characters. She wishes she could have dressed up like that. To her surprise, Joy, Sadness and Disgust come to her house to make her dream come true! They will give Barbara a Inside Out makevoer! Starting from Joy. She will use the cosmetics to create a joyful makeup look for Barbara. Then choose one of the most beautiful dress from the Joy inspired outfits so Barbara will look fashionable and Cartoon-y. Up to the next is Sadness's turn. Last but not least we have Disgust as Barbara's stylist. Play this fun Barbara Inside Out Makeover game featured by Colorgirlgames.com!
525	8263e087-fa3f-4285-89b2-98b047198721	Dummy Never Fails	Tanoku	2010	xgenstudios.com	www.xgenstudios.com	gameplay			Puzzle; Score-Attack; Physics; Level Editor; Side View; Customization; Ragdoll; Achievements; Fixed Screen	secondary-mechanic-tag		Ragdoll; Level Editor; Physics			5.4898	a148	Reactive Floor	0.07	Throw crash dummies like a ragdoll to reach the goal, less pain the better! Play 52 levels to unlock 51 different dummy skins! Have Fun!
526	8f116cbe-cfe9-d498-d7c5-b3b871dd259c	Cargo Bridge	Limex Games	2012	coolmathgames.com	www.coolmathgames.com	gameplay			Puzzle; Physics; Side View; Box2D	construction		Physics	construction	build a bridge	7.0412	f031	Wake Up the Box	0.0719	Cargo Bridge at Cool Math Games: A great bridge building game that will really test your construction skills. Build a bridge so that the workers can gather cargo from the other side of the valley. INSTRUCTIONS Your goal is to build a bridge so that the workers can get the cargo from the other side of the valley. You have a limited budget for each level, so you'll need to plan ahead as you build!
527	d11678ca-5377-4931-bdac-2f98d8653de4	Which Madman are you?	AMC	2014	media.amc.com	http://media.amc.com/swf/originals/mad-men/whichmadmenareyou	gameplay			Adventure; Promotional; Choose Your Own Adventure; Personality Quiz; Auto-zipped	indirect-physics		Choose Your Own Adventure	indirect-physics	reflect	7.6052	q115	Partial Demonstration	0.0589	Over the years, the Mad Men cast of characters has undergone a number of changes. Sal got fired, Roger married Jane (then divorced her), Lane left the company. (We’ll leave it at that to avoid any spoilers). Recent years have brought some new faces to the scene: Don’s got a new young wife, Megan; former rival Ted Chaough is now a partner at SC&P; and the firm hired its first African-American employee, Dawn. All this change begs the question: If you were a Mad Men character now, who would you be? Take this new personality quiz (updated to reflect the series’ current lineup) to find out if you’re someone new or someone’s who been there from the beginning like Don, Peggy, Betty, Pete and Joan.
528	498a92cb-59a7-4522-95bc-83e210cf7a78	Circlen	"Robert ""Rob1221"" Alvarez"	2015	newgrounds.com	https://www.newgrounds.com/portal/view/658567	gameplay			Arcade; Dodge; Stencyl; Mouse-only	constraint-and-interface			constraint-and-interface	one button	6.7234	g019	Slow Bell	0.0783	Circlen is a one-button game of skill where the goal is to complete each of the 40 levels by collecting as many stars as possible. Stars are used to unlock later levels, and there are 3 stars per levels. Dodge various obstacles to collect the stars and then travel through the exit portal. Your circle will start each level spinning in a clockwise direction, and clicking or pressing Z changes direction so you can move around. Fast reflexes are needed, especially if you want to collect all the stars in the later levels. Do you have the skill to beat all 40 levels and collect all 120 stars?
529	cf32d2b2-9216-cd16-8cd5-77ea694b5cd3	The Ballad of Ketinetto 7	Federico Rutenberg	2010	esklavos.com	https://www.esklavos.com/the-ballad-of-ketinetto-7/	gameplay			Adventure; Point and Click; Pirate; Auto-zipped	distributed-agency			distributed-agency	several characters	6.2867	q129	Decoy Learner	0.0653	After a hard working jouney, Ketinetto 7 is here. Based on K-Rol 3.0 (the engine that can manage several characters walking in the screen). If you found any bug, please report :) In this new chapter of Ketinetto you have to travel to the mountain…
530	5062d50d-9bf6-dc9b-d18a-127edcccfdda	Nimian Hunter	popopt	2006	newgrounds.com	https://www.newgrounds.com/portal/view/330824	gameplay			Adventure; Auto-zipped	goal-revision			goal-revision	sacrifice	6.4504	f018	Windosill; Feed the Head	0.0631	You must make a choice to return a deadworld to life Author Comments: Capture and sacrifice the living creatures to return a dead land to life and undo the damage you have done. It a horsebound game (with a few surprise stallions) and my first with 360degrees of 3d motion. Feedback's the best part about this so don't be shy. NOTE: There are 2 alternate endings depending on which answer you chose - Yes or No INSTRUCTIONS: ride to the GREEN MARKERS to find your targets then get close and MOUSE CLICK to capture them and return them to the demon to feed
531	c088121d-590c-43da-8aa0-6f3c04b92a82	Z-Infect	Gilbert De Vera; Darko Peninger		miniclip.com	https://www.miniclip.com/games/z-infect/en/	gameplay			Puzzle; Zombie	system-dynamics			system-dynamics	infect all	5.7784	q102	Walking Room	0.0977	Turn the world upside down and help Zombies reach their human targets! Dodge spikes, avoid pits and blow up explosives as you infect all humans.
532	a91bdae2-541e-0381-55ca-f5bba9d6a66d	noitcelfeR	Wix Games	2012	armorgames.com	https://armorgames.com/play/13095/noitcelfer	gameplay			Platformer; Level Editor	information		Level Editor	information	invisible	6.8723	q164	Stop Test	0.0745	You are lost in a world of invisible blocks, but these blocks cast a reflection. Your only hope of escaping is to use the reflection to see where to jump. Try to avoid landing on the spikes or being killed by the enemies! PS. The best part of this game in my opinion is the level editor. Be sure to check it out!
533	0e66a522-bd70-4e98-ab6f-6ea018837d77	Inside Out: Dream Team			agnesgames.com	https://www.agnesgames.com/game/inside-out-dream-team.html	gameplay		Inside Out	Dress Up; Inside Out	topology-and-view			topology-and-view	inside out	1.0273	a069	Sparse Tracker	0.0682	Join the Inside Out team in the Headquarters for a fun dress up session! You can now decide what Joy, Anger and Disgust are going to wear. Choose a fabulous look for Disgust then dress up Joy with colorful outfits. If you want to make Anger smile for once, try on a funny outfit and each of them will have a unique style.
534	ccca6860-f79b-2f80-6f67-270c90956369	Anti-Idle: The Game	Tukkun	2009	kongregate.com	Kongregate.com	gameplay		You Have to Burn the Rope	Arcade; Variety; Card; Role-Playing; Mathematics; Clicker; Choose Your Own Adventure; Rhythm; Dodge; Idle; Interactive Fiction; Whack-A-Mole; Drawing; Minesweeper; You Have to Burn the Rope	secondary-mechanic-tag		Interactive Fiction; Drawing; Choose Your Own Adventure			5.4885	q129	Decoy Learner	0.0641	A game which you can play when you idle, and when you don’t. Gain some EXP, level up. Unlock many awesome features. Earn over 600 achievements. Climb the leaderboards. Brag to many friends, and even people you don’t know. Features endless gameplay and a lot of imaginary goals to achieve! This game is constantly updated with new stuff from player ideas!
535	3748c0d5-f9bb-4174-a0d7-37aeab7fbe90	Create Your Baby Stroller		2018	wowsomegames.com	http://www.wowsomegames.com/our-games/18201/create-your-baby-stroller	gameplay			Simulation; Creative; Object Creator	construction		Object Creator	construction	assemble	7.0091	q065	Asymmetric Twins	0.1029	As you can see there is another baby game, but this one implies having you as a baby stroller maker. Your job is to create from the ground an object that will allow you to walk your baby in it. You have to make measurements and then take it step by step and assemble the created pieces to obtain a beautiful baby stroller. Besides this, you have the possibility to find a perfect design that will suit the baby.
536	08708f0d-26dc-4f52-87a6-48b5671bf27d	Stuck on Junk	Geoffrey, Inc	2002	scholastic.com	https://www.scholastic.com/play/junk.htm	gameplay			Toy; Promotional; Creative; Mouse-only	indirect-physics			indirect-physics	gravity; magnet	7.596	a070	Exposure Window	0.0703	Create your own metal masterpiece! Cruise around a junkyard in a crane with an electro-magnet, picking up and moving objects of iron and steel to build your own work of art. Build your own metal masterpiece! Click on objects that you'd like the crane to pick up, remembering that it can only attract items made of iron or steel. Move the crane to the fence, and click where you'd like it to drop the object, creating your own junkyard art. Click to start picking up some heavy metal! Stuck on Junk was inspired by the PLAY! Scholastic™ Magnet Kit. This kit contains 20 magnetizing experiments, including projects in which you make a compass, levitate a train, make an electromagnet, and defy gravity.
537	9e6ee100-00d8-4153-ba74-5950f942490d	Candy Man - Cannibal Saga	Munguia	2014	newgrounds.com	https://www.newgrounds.com/portal/view/633576	gameplay			Arcade; Score-Attack; Time-Attack	constraint-and-interface			constraint-and-interface	without touching	6.7093	g018	Tide Ledger	0.0586	"When a Hard Candy wants to try its taste and value stands in front of a mirror and call CandyMan 3 times: ""... Candy Man, Candy Man, Candy Man .."", some believe it is an urban myth, others believe that appears after his call to devour all the candy in his way. and it is true. Dont play this if your hands are shaking, this is my version of a non touching walls game, a kind of the Classic Operation SKill Game, improves your skills if you like to draw. Play as Candy Man on this funny parody, test your skills: eat all candy without touching anything else, sounds easy? is not! is it funny?, Yes! Submit your Score to be the Fastest Candy and unlock some Medals for your collection Game made on a We"
538	f38824d7-78ce-4f3d-8c76-d0311ad2cfeb	Skin & Bones: Chapter 3 - Future City!	addictive247	2010	newgrounds.com	https://www.newgrounds.com/portal/view/535973	gameplay			Platformer; Action; Science Fiction	distributed-agency			distributed-agency	control both	6.2847	q062	Relay Shadows	0.0581	Platform fun where our 2 unlikely friends travel to Future City! Author Comments: A boy and a skeleton - two unlikely friends thrown together by an evil wizard. Platform game fun where you have to control both characters and use their unique abilities. Chapter 3 sees our two friends battle it out in Future City.
539	10751700-3872-493c-b160-0933dc8338b7	The True Criminal - Apartment House	Ena Game Studio	2017	enagames.com	http://www.enagames.com/	gameplay			Adventure; Escape the Room; Auto-zipped	goal-revision			goal-revision	must not	6.4289	q144	One Reset	0.0602	1995-The True Criminal � Apartment House: In previous game, we have found the body of Ben our last hope. It seems that murderer did what he wanted. But it is not finished yet. We guess his last plan is to escape from this crime. We should not let it happen. He must be captured before he wins. According to all the evidences that we have found till now, we guess it must be John. The true criminal must not be escaped.
540	fcfac2a4-22a8-4311-8440-9baaee4528d0	FISH Inc.	Ritter	2014	kongregate.com	www.kongregate.com	gameplay			Arcade; Clicker; Stencyl; Idle	system-dynamics			system-dynamics	ecosystem	5.7299	q095	Closure Graph	0.0782	FISH Inc is a small Incremental/Idle game where you build your aquarium ecosystem to get more and more fish. Try to get the 5 Achievements and a high score! Music:
541	f29c2984-86f9-472f-bad5-24a48a3f6415	Alone in the Park	amidos2006	2012	newgrounds.com	https://www.newgrounds.com/portal/view/607716	gameplay			Shooter	information			information	invisible	6.8316	g062	Ballast	0.0546	You are trapped in Mushroom Kingdom and fighting to survive hordes of cute evil mushrooms. Author Comments: Are you ready to fight hundreds and hundreds of cute but evil mushrooms to get out of the park? Story: After a hard-work day, john the cook closes his restaurant and goes home. But it's very very late, nobody is around in the city, and home is far away, so John decides to pass trought through the abandoned park to make his way shorter. The Park is strangely lighted with a strong blue white light... he enters to look for the reason.. a strange portal stands in the center of the park. It seems to call him next to it... He finds himself pushed into a strange park, with unnatural colors, a
542	a053661d-82fb-4a78-9356-b8df2a44f511	SHIFT 3	Armor Games; Tony / Antony Lavelle / The-EXP; Dan McNeely; Chris Ignatov; Brad Borne; Matte Bell; Dan Paladin; Dereks; Mihai Sorohan	2008	armorgames.com	https://armorgames.com/play/1846/shift-3	gameplay			Platformer; Puzzle; Level Editor; Side View; Community Content; Achievements; Silhouette	secondary-mechanic-tag		Community Content; Level Editor			5.4852	g050	Ash Path	0.0527	You asked for it, you got it. SHIFT 3 is here, and it's unlike any Shifting experience you've had before. A massive Adventure mode takes you to the roots of the SHIFT experiment, tonnes of achievements to earn and even an unlockable Celebrity secret character! And if that isn't your cup of tea, theres a selection of 18 Classic style levels from Shift players around the globe to battle your way through, and highscore boards all around! Have fun, this is SHIFT 3, and I made it just for you.
543	8992a0e0-bd2e-40bb-90f2-fa04df947ba4	Desert Racers			cartitans.com	http://www.cartitans.com/game/desert-racers/	gameplay			Racing; Sports; Top-Down	construction			construction	circuit	7.0019	q148	Delayed Commit	0.0922	Not a single online racing game is like the other that you have already encountered. And you haven't really raced until you get to drive in a race that happens in the heat of the desert. Desert Racers is a buggy racing game where you'll have to prove your professional driving skills in a series of dangerous races. Win them all and you'll be the champion that managed to defeat the heat and the sand that make these races so tricky. And you don't get to drive any car, but a little buggy vehicle resembling the karts that we all know. If you feel like you did something wrong and you want to start the race again, you can just press the reset button. You can do this as many times as you want. Anoth
544	408aff59-a0df-431d-8e52-72ba966b00aa	-Ken1171 Fireworks-	ken1171 (Ken Kawashima)	2008	deviantart.com	https://www.deviantart.com/ken1171/art/Ken1171-Fireworks-89617696	gameplay			Interactive	indirect-physics			indirect-physics	friction; gravity	7.5593	q065	Asymmetric Twins	0.0804	"~Ken1171 Fireworks~ And now for something completely different, this is a little experimental ActionScript3 (AS3) program I wrote for some fun with particles and physics. Every little part of the fireworks involves: * Gravity * Air friction * Ballistic trajectory * Combustion * Contraction/expansion Each of the firework explosions is unique because the physics are calculated in real-time, so things happen differently every time. There is only one particle system here, but it is controlled by many parameters. I arranged 3 sets of parameters to create 3 firework ""types"", and you can see each of them by clicking the fireworks screen and then pressing the ""1"", ""2"" or ""3"" keys on your keyboard. P"
545	9a8bc14a-af07-4221-adeb-d0a13b828ce5	Neon Catcher			hairygames.com	http://www.hairygames.com/play-neon-catcher.html	gameplay			Arcade; Score-Attack; Auto-zipped	constraint-and-interface			constraint-and-interface	one button	6.6884	g002	Bloom Order	0.0689	Your goal is to catch same colored neon orbs with a ring. Neon catcher is an addictive one button game. Also includes five cool power-ups to help you get by. Use your mouse to catch same colored neon orbs. Making successful catches gives you a time bonus and increases your score multiplier, but catching different colored orbs at once will break your combo. The more orbs you catch at once, the higher the score. The are also 5 cool powerups to be picked up as you play. Classic mode is a continuous battle of quickly catching groups of orbs as you get power-ups and time bonuses for good combos. Blitz mode is a quick 60 seconds game where you try to score as high as you can, without any time bonu
546	15c35a35-9bd0-459a-a5fa-86155726da13	Black and White	Juice10	2010	armorgames.com	http://www.armorgames.com/	gameplay			Platformer; Puzzle; Pixel; Side View; Silhouette; Auto-zipped	distributed-agency			distributed-agency	control both	6.2686	f006	Multitask	0.1238	A puzzle platformer in which you control both characters at the same time. The goal of each level is to bring them to the door of their own colour.
547	cfba7623-5200-4d20-92a7-2750d15596f3	Blocky	FreeWorldGroup	2011	kongregate.com	https://www.kongregate.com/games/FreeWorldGroup/blocky	gameplay			Puzzle; Maze	goal-revision			goal-revision	wrong way	6.4207	q065	Asymmetric Twins	0.0801	O M G – Blocky is lost! Can u help him get home? Landing on the Home Space: Blocky needs to land square on the home space to complete the level. If he is out of place you may need to reset the level and try again. The upside of blocky can be any color when landing on Green home blocks. See below for other colored home blocks! Colored home spaces: The upside of Blocky needs to be matching the color of the home space when he flips on it. If blocky is facing up the wrong way you will need to try again or reset the level!
548	bcaf9e03-2587-4723-af2b-d0fcee432101	Turnaround - Janet	Auctus177 (eXperion177)	2018	deviantart.com	https://www.deviantart.com/auctus177/art/Turnaround-Janet-730863427	gameplay			Interactive; Pregnancy; Pre-rendered 3D	system-dynamics			system-dynamics	trade with	4.8585	q102	Walking Room	0.0687	Finally, my piece for the art trade with Here we have his Janet, with an alternative hairstyle pregnant and trying to fit her outfit. :P After doing that experiment a few weeks back, I felt like doing it on a lesser scale. :D Here's his part of the trade, if you're interested!cmon its emi how can you not be Moonlight Emi by NewStuff4U And also the .gif variant (21mb warning) Turnaround GIF by Auctus177 ------------------Render Info & Credits------------------- Rendered in 3Ds Max 2014 with VRay 3.0 @712×1024(360 frames) Janet @ Janet was exported from Artificial Girl 3 and modified in 3ds Max
549	3b5b372d-10e9-49e2-9e41-9771e32f89bf	Bit Addiction	Goose; Dracophile	2011	trackmill.com	http://trackmill.com/bitaddiction/@create	gameplay			Level Editor; Mouse-only; Nonogram	information		Level Editor	information	decode the	6.7855	f031	Wake Up the Box	0.0632	"Part crossword, part sudoku - ALL fun! Use the provided clues to decode the secret pixel-art images in Bit Addiction, TrackMill.com's take on the popular Japanese ""Picross"" (picture crossword) puzzle craze!"
550	2db516da-a9f5-4962-ac6f-3c6c0626b7ab	Time Fcuk	Edmund McMillen	2009	newgrounds.com	https://www.newgrounds.com/portal/view/511754	gameplay			Platformer; Level Editor; Community Content; Fixed Screen	secondary-mechanic-tag		Community Content; Level Editor			5.4621	g014	Long Shadow	0.064	"online level submissions are back up! (9-20 3:20pst) -Team Fcuk ----------- Time Cfuk is a game about stasis, its a game about perspective and viewing both sides of the story from afar, its a game about blocks, platforms, drinking, high school reunions and work time fun. Time Fcku is a ""puzzle platformer"" about finding logic in irrelevance, its a 1+1=2 formula that will ask more from you after you leave it alone, its a community experience about communication with people who you dont like. Time KcuF is not an art game, its an allegorical game about stuff you've never experienced, its an escape from your current existence, its the feeling of loss and panic. Time Fcuk is a play on how if one c"
551	7e13d8ab-5d0d-4d50-8967-9439b0c1a7d3	Orbit Shapes Interactive Animation	Randy Russell	2005	windows2universe.org	https://www.windows2universe.org/physical_science/physics/mechanics/orbit/orbit_shape_interactive.html	gameplay			Educational; Space; Interactive; Astronomy	construction			construction	draw a line	6.9874	a018	Reversed Joint	0.0684	"This interactive animation shows two important features of orbits - shape and size. Orbits are ellipses. An ellipse can be like a circle, or it can be long and skinny. Mathematicians and astronomers use the term ""eccentricity"" to describe the shape of an orbit. An orbit shaped almost like a circle has a low eccentricity close to zero. A long, skinny orbit has a high eccentricity, close to one. If you want to tell someone how big a circle is, you tell her or him the length of the radius (or the diameter) of the circle. The ""semi-major axis"" of an ellipse is like the radius of a circle. Imagine a long, skinny ellipse with a high eccentricity. Draw a line from one end of the ellipse to the othe"
552	8c1ac49b-0e31-424a-9073-a75e12392ac1	Galaxy Wars!	ExplodingCrate	2009	newgrounds.com	https://www.newgrounds.com/portal/view/517270	gameplay			Arcade; Action; Space	indirect-physics			indirect-physics	bounce; gravity	7.559	q095	Closure Graph	0.0569	Play Galaxy Wars: For The Sake Of The Universe and as the last line of defense save the human race from an alien invasion force. Pilot a high-speed experimental space craft capable of inflicting a devastating, gravity-defying attack with your weapon. Galaxy Wars will test your hand-eye coordination as you dodge the enemy hoard, your weapon orbiting around you destroying everything it contacts! Your ship's wormhole drive allows it to move at impossible speed, use your mouse to move about the screen. Your movements cause your weapon to gravitate around you. Subtle mouse movements give you more control, allowing you to orbit your weapon in small circles. Time your pulse attacks to take out chun
553	2d284361-f324-4504-b2da-6df7fc7f2bbe	Don't Shoot The Puppy	RRRRThat's5Rs	2006	rrrrthats5rs.com	RRRRThats5Rs.com	gameplay			Arcade; Auto-zipped	constraint-and-interface			constraint-and-interface	without touching	6.6794	g018	Tide Ledger	0.062	"Viewed over 40,000,000 times, this game asked the question ""how hard is it to do nothing?"". When so many other Flash games needed lightning-quick reflexes and complex problem solving, Don't Shoot the Puppy looked like it needed those things too, but if you did anything you lost. Thousands of comments proved how hard it was for people to think of inaction as a strategy, and still more fell for the later levels (which somehow tricked people when all the ones before were solved without touching anything). From fake popup ads to fake blank screens to fake obstacles, players convinced themselves that this time the puppy needed help, but what we didn't realize was how many people could not just si"
554	d22b460d-4ca2-4bd7-9482-dce9852f9e21	Box Cooperation	Zabobinozaur / Jan Rozanski	2013	kongregate.com	https://www.kongregate.com/games/Zabobinozaur/box-cooperation	gameplay			Puzzle; Logic; Flixel	distributed-agency			distributed-agency	cooperate	6.2569	q189	Inheritance	0.095	Box Cooperation is a simple puzzle game. You have to cooperate with a player-controlled crate to make the yellow block touch the green one. Instructions Arrows: move X: switch focus between player and crate R: restart a level H: show the help message 0: mute +: increase volume -: decrease volume
555	1d603a8a-384e-42b0-aade-e78242ae134b	Apocalypse Village Escape	Ena Game Studio		enagames.com	http://www.enagames.com/	gameplay			Adventure; Escape the Room	goal-revision			goal-revision	sacrifice	6.4169	q065	Asymmetric Twins	0.0731	This is the 131th escape game designed by enagames.com. Assume that a deep forest village lives happily and harmoniously, Some warriors tries to attack these peaceful tribe to make them as a slaves and to sacrifice them for their gods. One day these warriors invade with their force to occupy these inocent people and arrested most of the people's except you. You are in the situation to escape from their. Click on the objects to interact and solve puzzles. Let us see how fast you are!!. Play enagames and have fun!!.
556	7d6fd5dc-779f-4fed-93fa-2f2a04bdad32	Dress-Up Faery	Princess-Peachie	2011	deviantart.com	https://www.deviantart.com/princess-peachie/art/Dress-Up-Faery-200455086	gameplay			Dress Up	system-dynamics			system-dynamics	trade with	0.6123	q138	Command Composition	0.0568	This is my half of the art trade with my very sweet and fun friend, ! :heart: ^_^ I absolutely adore this character, she is the essence of Fairy-Kei fashion! I had so much fun drawing her clothes. :aww: :heart: :star: Her colours were so yummy, like dolly-mixture candy. :meow: I hope you like this, * :hug: Thank you so much for your gorgeous Princess-Peachie dress-up game!! ( ) ;o; :heart: I still can't believe you made that for me... :blushes: :heart: --------------------------------------- This game is copyright Ruth Brain. The character Faery is copyright * :bulletpink: Do not steal, copy, edit and/or redistribute this game. :bulletpink: Do not post this game to other websites. :bulletpin
557	d22aefe9-a006-45af-9b69-67b041d622b5	Saber Duel	Mr. Shen; Kaolin Fire		gudmagazine.com	www.gudmagazine.com	gameplay			Experimental	information		Experimental	information	blind	6.7664	q149	Model Tokens	0.0742	Saber Duel is a blindfighting game. There are no fancy graphics, no sprites flying around the screen. When you don the training helmet, you will be blind except for the HUD showing hits, misses, and your best streak. This game requires sound, because that is how you will determine where your enemies lie. by Mr. Shen + Kaolin Fire
558	de8174d7-be79-452b-8897-5dd604e235d7	My Perfect Wedding			rainbowdressup.com	http://www.rainbowdressup.com/game/my-perfect-wedding/	gameplay			Puzzle; Variety; Match-3; Scene Creator; Dress Up; Memory; Object Creator; Make Up	secondary-mechanic-tag		Object Creator			5.459	q140	Grounded Labels	0.0594	What's your idea of a perfect dream wedding? It is a super luxurious, big wedding or rather a discreet and yet so very charmingly chic wedding reception? No matter your wedding-related fantasies, now it's your chance to make them come true and really have your talent as a wedding planner tested. Get the my perfect wedding management game started! It's going to be a really busy day for you, for your agenda sure is full with all those must-do activities before the... wedding bells start to ring! You're the most famous wedding organizer aroundhere, so this dashing future bride has full confidence in you that you'll do just fine! First, you need to stop by the flower shop and make sure that the 
559	a9a9ae86-23f4-462a-acfa-f2c1a8136d59	Super Fisticuffs Boxing	Jason Cirillo / Robotube Games		robotubegames.com	http://robotubegames.com/play_game.php?gameid=6 (via Wayback Machine)	gameplay			Arcade; Sports; Score-Attack; Boxing	construction			construction	circuit	6.9389	a048	Livelock Lights	0.0497	How to Play CONTROL (Keyboard Only): A: Left Jab S: Right Jab UP: Block SPACEBAR: Super Haymaker TIPS: -After landing a number of punches, your Super Meter on the bottom of the screen will max out. You can then throw a devestating Haymaker! -Block your opponent's uppercuts, and strike back immediately! You will stun him, allowing you to throw many more punches! -Watch for your opponent's weakpoints and special techniques. Being hit by a special technique can knock you out instantly, so watch out! -When you're knocked down, press BOTH punch buttons as fast as you can to regain your strength! -Don't give up! Your opponents will get smarter and harder as you progress up the ranks. Keep practici
560	84406b17-e7a8-47d7-a588-a8e6b8a1e053	Every 10 Seconds a Window Washer Falls to his Death	"Fernando Serboncini; Dominique ""Dom2d"" Ferland; Ryan D. Roth"	2013	fserb.com	https://fserb.com/gamejams/ld27/	gameplay			Arcade; Ludum Dare; Game Jam	indirect-physics			indirect-physics	bounce; momentum	7.5522	a145	Self or Wind	0.0598	Based on an article on the Onion of the same name exaggerating the rate at which window washers die, our game sends you, with a jetpack, to save these poor cleaners from a horrible death Controls: Fly around with WASD or the Arrow keys. How to Play: Heal ropes by flying over them, kick birds and save falling cleaners! In Hardcore mode, the game is over at first death. In Chaos mode, a death meter fills up with each dude splashed on the ground - don't let it fill up completely and try to clean 100% of the building! PRO TIPS: - You can bounce off the edges of the screen, left, right, bottom and top. Use this technique to keep your momentum when switching directions! - Some low-flying birds are
561	03edaabe-371c-49a5-97e4-7bb296c67275	Pina Pony	Gameshot.org		horse-games.org	http://www.horse-games.org/Pina_Pony.html	gameplay			Runner; Auto-zipped	constraint-and-interface			constraint-and-interface	one button	6.6342	a070	Exposure Window	0.0688	Pina Pony is a Free Pony Game which can be played online at horse-games.org. Take this cute Pina Pony through a candy adventure and have a wonderful time while playing with it. You can play a normal mode, where Pina Pony can move by using left-right arrow key or by moving your mouse and jump by pressing the space bar or left mouse button. The other is -one button- mode, where you don`t have to accelerate or decrease speed, just jump to collect as many candies, bonus jumps and avoid obstacles, spikes, and fun spoilers. Press twice space bar or left mouse button for a higher jump. Direction can be suddenly changed and next to that you know is a backward or upside ride. The background music is 
562	2ae407d0-4f7e-41e4-a593-42f7ddfbec33	Pic Tart The Pirates Band Of Misfits			game-game.com	https://game-game.com/68338/	gameplay			Puzzle; Jigsaw	distributed-agency			distributed-agency	several characters	6.2246	a057	Thermostat Tiles	0.0753	We must hurry to leave the ship, if he set foot on the famous pirate and his unpretentious team. They want to loot a lot of gold to the captain was able to take part in the competition, which will be determined by the best pirate of the year. Get it from them or not, remains a secret for now collect puzzle featuring several characters of this cartoon.
563	a917b97f-9088-47d5-864e-eee94fd34346	Hypersudoku			games.kidzsearch.com	http://games.kidzsearch.com/computer/title/hyper-sudoku-ks120414-122152/ (via Wayback Machine)	gameplay			Puzzle; Sudoku	goal-revision			goal-revision	must not	6.4052	g004	Seam	0.0747	This game is similar to sudoku, except that there are extra 3x3 regions where the numbers must not repeat. In this game there is a grid of 9 x 9 squares, you need to fill in each square with numbers 1 - 9 so that the numbers in each row or column or each 3 x 3 group the 9 groups surrounded by thick lines plus the 4 groups with dark background do not repeat. The faster you finish the game, the higher your score. Click the hint button when you are stuck, but you will suffer a time penalty when you do so.
564	f8fb2ea6-c0cc-48fd-8442-c99b82504079	This Bunny Kills	2Games	2009	newgrounds.com	https://www.newgrounds.com/portal/view/513806	gameplay			Action; Beat 'Em Up; Lagomorph; Auto-zipped	information			information	invisible	6.7465	g058	Solder	0.0772	Stylish side on hack and slash, play as the ninja killer Bunny! Author Comments: Stylish side on hack and slash, play as the ninja killer Bunny and eliminate an entire army of over 100 opponents. You've been tracked down by the Neo-Ninja-Corp. They've sent an army 100 strong just to wipe you out! But you are Bunny ... you kill ... Kill all 100+ members of the Ninja army, or at the very least kill as many as you can before you fall. A = Attack S = Super move D = Invisible Arrow keys = Walk Double tab left / right = Dash attack. Note: This is inspired but not related to the Bunny Kill series. Tell me what you think!
565	4ac3b10c-05ff-43e7-bf8e-757d9f1f5f9c	Moto Tomb Racer	[noname]Lab		bubblebox.com	https://www.bubblebox.com/play/2863/moto-tomb-racer.htm	gameplay			Arcade; Action; Sports; Score-Attack; Physics; Motocross; Side View; Ragdoll	secondary-mechanic-tag		Ragdoll; Physics			5.4523	q126	Copycat Trap	0.0728	Discover vast tombs on your sweet dirt bike! If you're a fan of the Tomb Raider series, then you'll be familiar with who's riding the bike! This isn't your average dirt bike game; this one involves exploration and skills to navigate. Thankfully, it has super tight controls and the ability to turbo by pressing the space bar! Make sure you don't just boost into levels; there are traps littered throughout! Also, be sure to check your map by pressing M if you get lost! Can you make it through all of the tombs in this game?
566	a2f4ea1c-0585-45ab-963c-44b518903405	I Hate Candy: Pony Mayhem	Ducat		armorgames.com	http://www.armorgames.com/	gameplay			Arcade; Auto-zipped	construction			construction	circuit	6.9139	q006	Shadow Cargo	0.0656	? It's an old-fashioned contra style 2D shooter game ? But, there is an exploration, there is a fun stuff, there is a deadly traps and there is a cool secrets in the game! ?????????? There's no time to explain! We lost our secret weapon crates at candy planet Hurry up and recover it! ?????????? Strange meteor has crashed the cargo ship with our secret weapon! It has fall to the candy planet! And you are the only one, who can get it back! But be aware, remember that your devices are afraid of sweets and you can get short circuit! At ease, colonel! ?????????? Game features: - Wonderful colorful graphics - The story in comics - 5 different lethal ammo type, including BFG40000 and lethal Light S
567	a725f79c-be0d-4ae3-8bfb-2a21f52f3381	Gravity Thruster	Wigs Games; Kid2will		wigsgames.com	www.wigsgames.com	gameplay			Puzzle; Flying; Level Editor; Auto-zipped	indirect-physics		Level Editor	indirect-physics	gravity	7.5485	g039	Stitch	0.0722	Help your ship escape the gravitational field obstacle course in Gravity Thruster. Before taking your rocket out into space, learn to control it in the obstacle course which is Gravity Thruster. You'll be flying in a gravitational field, so you have to thrust with one hand and steer with the other. Learn to use the tractor beam to carry orbs along with you, so you can move them to their goals to unlock the exit portal and fly out of each level. Watch out for blocks and other obstacles, don't hit the floor and beware of the auto-aiming gun turrets. Don't forget you can shoot back at the guns and obstacles you wish to to remove. To unlock the next level, complete the tasks and get your rocket 
568	9ad9841d-47cf-4ffb-b4e8-d040a7ac9e58	BlockDude	Klas Kroon		oos.moxiecode.com	http://oos.moxiecode.com/examples/blockdude/index.html	gameplay			Puzzle; Logic	constraint-and-interface			constraint-and-interface	you can only move	6.551	g058	Solder	0.0904	A remake of an old TI-83 game called Blockdude, the original game was written by Brandon Sterner. The objective of the game is to get to the exit, the door. The problem is that you can only move one step up at the time. So you need to move blocks in order to get there. There are 11 levels from the original game + 3 bonus levels I found in a windows remake. The tile graphics are made by Chris Kotiesen. Many thanks!! ;) Keys: Left/Right Arrowkeys - Move left/right Up Arrow - Jump up on a block Down Arrow - Pick up block (standing next to one). Down Arrow again - To drop the block. Shift + Arrowkeys - Scroll around the level, for overview. R - Reset Level. Q - Quit to menu.
569	c3b75e86-b696-fcd0-41dc-85ccc5be8827	Purbalds	whileworking	2016	newgrounds.com	https://www.newgrounds.com/portal/view/674646	gameplay			Platformer	distributed-agency			distributed-agency	teamwork	6.1937	g004	Seam	0.0692	Meet the Purbalds! Author Comments: They are purple, bald and always come in groups, The Purbalds! Your mission is to guide at least a certain amount of Purbalds to the exits in this puzzle platformer. Thing is, you control all of them... at once! And there is no I in Purbalds, teamwork is key! Controls: Arrows/AWD and space. You'll learn by playing the game. Hotkeys: R to replay a level Space to move on between levels
570	3dfa9d64-e0f6-42dc-beab-f827421705ba	The Circle 1: 21 Stone Home	Ena Game Studio		games2rule.com	http://www.games2rule.com/	gameplay			Adventure; Escape the Room; Auto-zipped	goal-revision			goal-revision	sacrifice	6.3788	q102	Walking Room	0.0664	Now you are in the stone house again you need to extract the dark soul from this stone house and trap it inside the Angel. Be careful to cross this horror area. Find necessary objects and solve the puzzles and clues to extracting the dark soul with your intelligence and and then collect a clue about the next location of sacrifice. Have gratification while playing escape games
571	d3dae954-a5a3-43a6-8b06-1e3461f82640	Crown Run - 1	Ena Game Studio	2015	kongregate.com	www.kongregate.com	gameplay			Adventure; Escape the Room; Auto-zipped	information			information	invisible	6.6538	q144	One Reset	0.0767	1066th-Crown Run - 1 is one of the most adventurous point and click type new game developed by ENA games for free. Assume a situation that you are on a mission to fetch the princess crown from a mysterious land. But it is not going to be an easy one, as there was an invisible person asking demands to get fulfilled. It would be achievable only if you have determination. As an adventurer surely you would pass on all the obstacles and finally you will fetch the crown for the princess. As you have the ability of accomplishing this game, certainly it is going to be an entertaining one for you. Have loads of fun. Good Luck and Best Wishes from ENA games.
572	03c2a527-893f-4995-84a4-aa0cd77dd960	Modern Tactics	Throw the Project; Ben D	2008	throwtheproject.com	https://www.throwtheproject.com/play/modern-tactics/	gameplay			Strategy; Level Editor; Turn-Based; Axonometric; Mild Violence; Military; Auto-zipped	secondary-mechanic-tag		Turn-Based; Level Editor			5.4494	q124	Counter-Predator	0.0707	Command your squad to victory using modern technology. In this original tactical-rpg. Author Comments: Hey i'm back with an other tactical-rpg. I have taken a different approach on this one and I hope you enjoy it. Instead of building points and selecting a units class, players create there own classes and custimize there squad to there liking. Everything has been redone and polished. Please recommend this to a collection if you enjoyed it. *Game tips* q/e rotate the map 0-9 select units Hiding behind walls and kneeling/prone increases your evasion to gun fire.
573	95cd0a80-47cb-41a7-8171-579d978578d3	Rockman Crossover Reborn -30th Anniversary Special	ultimatemaverickx	2017	deviantart.com	https://www.deviantart.com/ultimatemaverickx/art/Rockman-Crossover-Reborn-30th-Anniversary-Special-721002136	gameplay		Mega Man	Action; Pixel; Mega Man; Run 'n' Gun	construction			construction	circuit	6.88	q123	Last-Move Guard	0.0521	Here's an updated version with the Overdrive Mechanic. Rockman Crossover Reborn- Scaravich Stage (Update) by ultimatemaverickx My first Flash Game! Last October, I thought at least I should try to make a game. I used simple characters to start which is the Bad Bad Mettaurs. It would be complicated to do Megaman or X and Zero first. I've searched tutorials and I was able to make them move left or right and jump. I got ecstatic the first time I was able to make the Mettaur attack and destroy an enemy.I got super happy that I decided to create 1 level which is this.Things got frustrating at some parts because I don't know how to stop the camera, create checkpoints, change characters, etc. I've 
574	da5cca49-29c2-4a61-a2b6-8b902c816b90	Violet Black	Newmark Software / James Short	2014	newmarksoftware.itch.io	https://newmarksoftware.itch.io/violet-black	gameplay			Action; Pixel; Stencyl; Shoot 'Em Up; Science Fiction; Vertically-Scrolling Shooter; Game Jam; Cyberpunk Jam	indirect-physics			indirect-physics	balance	7.5475	g062	Ballast	0.071	//You are VIOLET BLACK, courier for the Takinawa Corporation. //On your back rests the [REDACTED], an object that will tip the balance of power in MEGA DETROIT 2055 //Chased, hunted, and cornered by the Monahan Corporation atop the Alex J. Murphy building, you now face one last run: //to the bottom How To Play: Z - Time Dilation X - Shoot Left C - Shoot Right Left, Right, Up, Down Arrows - Move Pro-Tips: 1. Above your character are the time dilation and ammo bars 2. When you run out of ammo you have a sword. The sword is devastating to enemies and gives you bonus points per kill but is super risky to use 3. When you kill enemies, they will drop their weapon. Grab it to get new weapons or ref
575	2add1eec-d7b1-48ec-9368-c430b5145dfb	Madpet Frogger	Michal Sajban / Shajby	2011	littlebigplay.com	http://www.littlebigplay.com/shajby/index.php?mygame=1639 (via Wayback Machine)	gameplay			Arcade; Score-Attack; Side View	constraint-and-interface			constraint-and-interface	without touching	6.5133	q003	Blind Growth	0.0838	DESCRIPTION: 7th part of popular Madpet adventures is here! HOW TO PLAY: JUMP ON THE CROCODILES AND TRY TO GET AS FAR AS POSSIBLE! WHILE IN THE AIR, DO THE TRICKS TO GET THE EXTRA POINTS! JUMP ON THE BIRDS OR STARS TO GET THE EXTRA POWER AND COMBO POINTS! EACH PERFORMED COMBO MULTIPLES YOUR TRICK POINTS! Try to get the mega combo +2500 points by performing all the tricks without touching the crocodiles! Watchout the speed is increasing! Controls: - left/right to move - tricks: Q, W, E, A, S
576	32d44f66-cc98-4c4d-a36e-ff6d268fa890	Mario Jungle Escape		2015	play-games.com	https://www.play-games.com/game/5576/mario-jungle-escape.html	gameplay		Super Mario	Platformer; Super Mario; Feral	distributed-agency			distributed-agency	teamwork	6.1787	a042	Semaphore Garden	0.0798	In this game you need skill, agility and spirit of adventure to face the challenges. Mario and Luigi in the Jungle is one of the newest adventure games appeared on our website where you have to help the Mario and his brother Luigi, get out of the jungle full of dangers that were lost. Although it seems easy should not underestimate the difficulty of the game because only through teamwork you manage to escape from the jungle with Mario and Luigi. This is a game for two players which means you need a partner. A player you will control Mario with arrows, the other player will control Luigi him with the keys w, a, s, d. In this game Mario will have to pay attention to obstacles because if you go
577	3d419102-4556-46db-9f5f-e1e191a7b449	Stickman Jam: Sticktanic	Shah Games		bubblebox.com	https://www.bubblebox.com/play/3750/sticktanic.htm	gameplay			Puzzle; Stick; Auto-zipped	goal-revision			goal-revision	must not	6.3654	a149	Controllable Object	0.0639	Do you have courage to look into darkness of deep blue ocean? Some stickmen just found old shipwreck. It hides many mysteries and secrets. Ones which must not be uncovered, Stop'em before its too late. Try to unlock all of the achievements and find all the different ways to kill all the sticks. Careful though, there is only ONE way to kill ALL the sticks. Good luck!
578	478f1365-ba76-4e62-95ad-6afccf821282	Mega Man Christmas Carol	ACESpark/ Ace-Spark	2010	newgrounds.com	https://www.newgrounds.com/	gameplay		Mega Man	Shooter; Pixel; Christmastide; Side View; Mega Man	information			information	blind	6.6412	q076	Rule Thermostat	0.0617	"Game 1.0. If you see otherwise, clear your cache and reload the flash. Click on the game to set focus. Update Log: (Major Changes Noted) Revision 1.10 Changes: * A fairly large one should be noticable just above. Unless you're blind. * Control set up added. No more complaining about the controls! If you want joypad, JoyToKey. * Difficulty select added. The changes each difficulty level makes is noted in game. If the game is too ""Impossible"", tune the difficulty down a notch. * Various bug fixes to the Past fight. * Present got a buff in Normal difficulty. * Variety of graphical glitches have been fixed. * Pressing enter on the first half of the intro now skips the entire thing. * The ""spawn "
579	3ee63626-9291-474c-84ef-2cd23b20a3ed	Ricochet Kills 2 Players Pack	Mibix; Alexey Matov		bubblebox.com	https://www.bubblebox.com/play/2581/ricochet-kills-2-players-pack.htm	gameplay			Shooter; Arcade; Puzzle; Physics; Level Editor; Ragdoll	secondary-mechanic-tag		Ragdoll; Level Editor; Physics			5.4288	f031	Wake Up the Box	0.0804	Ricochet Kills 2 is back with a plethora of all-new levels! Get to bouncing those bullets off other obstacles to eliminate all the people in each level. It's all about the angle shot, aim wisely.
580	5477ba0a-7f63-41e7-a478-9816a8ebc3a7	Connect Hearts	Shajby	2016	newgrounds.com	https://www.newgrounds.com/portal/view/674869	gameplay			Arcade; Score-Attack; Matching; Time-Attack	construction			construction	connect the	6.8654	g027	Cue	0.0832	Edit to how to play: You can end the game and submit your score anytime by pressing the X button in the top left corner. =============================================== Will you make it into TOP20 highscores in this simple to play puzzle game for all ages? How to play: While the left mouse button pressed move over at least 3 hearts of the same color in a way that you connect them all together - you must connect the last heart in your created chain with the first heart so there is a closed chain of hearts! Please review the screenshots to see how to play. Remember, bigger heart chains you create, better score you get! Submit your score at the end of the game to a global leaderboard! More game
581	b8e9351c-89f4-46e8-9122-8420d1a5c0d3	Rebuild	Sarah Northway	2011	kongregate.com	https://www.kongregate.com/games/sarahnorthway/rebuild	gameplay			Strategy; Turn-Based; Zombie; Axonometric; Blood; Cartoon	indirect-physics		Turn-Based	indirect-physics	balance	7.5357	q175	Pendulum Phase	0.0639	I wrote this game while travelling in Europe and Central America, and created everything but the music myself. It's not your usual point and shoot zombie game; Rebuild is a thoughtful, wordy game that takes real strategy to win. You need to balance acquiring food, expanding your base, killing zombies and keeping your people happy. Gamers should start on Hard difficulty and expect to lose their first game (it's more fun that way).
582	e9efd9fd-5e63-4093-8208-13e7ca20a32c	Breakfast	gio-m	2012	y8.com	https://www.y8.com/games/breakfast	gameplay			Arcade; Timing; Auto-zipped	constraint-and-interface		Timing	constraint-and-interface	one button	6.4746	q130	Rhythm Rival	0.0964	I made this game for the Mochi one button game contest. Use the space bar to make breakfast for your friend. There are three different ending.
583	ef278f3d-2df2-40db-9e27-98d560e13295	Rainbow Cat Adventure	Games2Rule		games2rule.com	http://www.games2rule.com/	gameplay			Platformer; Auto-zipped	distributed-agency			distributed-agency	cooperate	6.1773	q134	Relay Syntax	0.0838	This is a adventure and puzzle game, the Rainbow cats can shift shape to be different props to across the obstacles. Both of the rainbow cats should cooperate with each other to pass every level. In this game, you will enjoy the puzzle and shape shift and have a adventurous journey to rainbow castle and find holy water.
584	d809cfda-29a6-4397-8ad5-10f8589c2b08	Rainbow Forest Escape	Games2Rule		games2rule.com	http://www.games2rule.com/	gameplay			Adventure; Escape the Room; Auto-zipped	goal-revision			goal-revision	sacrifice	6.3432	f031	Wake Up the Box	0.0818	Rainbow Forest Escape is a type of point and click new escape game developed by games2rule.com. Do you like adventure? Some tribes trapped a you in an unknown rainbow forest for their sacrifice. There is no one near to help you out. Use your sharp mind to escape from that rainbow forest and come back to the city. Can you do it?Good Luck and Have Fun!
585	66d60141-1195-42d5-8570-b490c26065fe	Outpost	Luxregina, GameYourWay	2011	newgrounds.com	https://www.newgrounds.com/portal/view/586969	gameplay			Shooter; Action; Top-Down	information			information	invisible	6.6238	g014	Long Shadow	0.0533	"""The owl men are here, and they're so very hungry."" Gary Mason, former head of security, Outpost:Haven. A distress call wakes you and your crew mate from C-Sleep. A suspected rad leak at the nearby Outpost space station needs investigating. Don't worry, it should just be a quick jump in, jump out job... Enjoy. V1.1 - Level 3 made easier. Also forcefield is triggered during vulnerable sections of the level. - El presidente medal fixed. - Challenges fixed, no more broken numbers. - Various tweaks and fixes. V1.2 - Bug with weapons unavailable in Swarm mode fixed. - Turrets accuracy fixed. - Console intro can be skipped by clicking. - Level 3 tweaked so its less likely to break ( Yet again ) - "
586	96350173-1c26-4cda-8392-44ebf8a13753	Gravitee Wars	FunkyPear	2010	kongregate.com	https://www.kongregate.com/games/FunkyPear/gravitee-wars	gameplay			Space; Physics; Artillery; Turn-Based; Upgrade; Mild Violence; Cartoon; Achievements	secondary-mechanic-tag		Turn-Based; Physics			5.4183	q124	Counter-Predator	0.0568	Battle for control of the galaxy in this space based artillery game based on the Gravitee series of games. Slingshot your missiles around planets to destroy your enemy and utilize the 10 different weapons and utilities available. As you progress you’ll earn up to 50 different awards, and 21 different rewards. Upgrade your team as you earn money by improving your unit’s health and accuracy or by buying extra units for your team. Instructions In game tutorial explains the controls. Click and drag from the highlighted unit to aim. [WASD] moves the camera, arrow keys or [IJKL] moves your units around the planets.
587	e2e3f138-13a5-49f9-bad1-794169d707a6	Tim's Workshop			y8.com	https://www.y8.com/games/tim_s_workshop	gameplay			Puzzle; Jigsaw; Auto-zipped	construction			construction	assemble	6.8292	f031	Wake Up the Box	0.0564	Tim's Workshop it's free cars game for toddlers. By dragging and dropping various car parts (body, doors, wheels, headlights, etc.) kids assemble a cool cars. Here you can find ambulance car, fire engine, concrete truck mixer, excavator and bulldozer, lots of passenger and sports cars, minivans, etc. Kids can ride each car they made - there is a mini test drive for each solved puzzle with cute passengers and drivers. Guess who will drive the new assembled car - little kitten, elephant, hedgehog or maybe lion cub? Here you will find a large number of machines - start to create cars from a simple Smart and finish the game by assembling a huge bulldozer. In the game collection: ambulance, fire 
588	0e9f9ad5-094c-4a0c-827a-8a812d9f2134	Trampoline	Terry Paton	2008	newgrounds.com	https://www.newgrounds.com/portal/view/441109	gameplay			Arcade; Strategy; Score-Attack; Live Action; Drawing; Endless Jumper; Bounce	indirect-physics		Drawing	indirect-physics	bounce	7.5356	q126	Copycat Trap	0.0695	Bounce Terry higher and higher! Author Comments: In the square shapes in the lower right hand corner, draw the symbols you see falling down the screen to make Terry bounce higher and perform tricks. The more symbols you get correct the higher you bounce, and the more points you gain. But, get 5 symbols wrong and it's game over.
589	6a196e22-62b5-4039-8aee-8389de369c33	Hopagon	Harris Munir; Cody Lutzel		maxgames.com	MaxGames.com	gameplay			Arcade; Action; Runner; Side View; Auto-zipped	constraint-and-interface			constraint-and-interface	one button	6.4492	q022	Counterweight Lab	0.1094	Hopagon is a challenging one button platformer. It features multiple worlds, each adding new mechanics such as platforms, jump pads, jump tokens, and more. The game also includes a permadeath hardcore mode with leaderboards for players who have completed the main game.
590	dedcabb1-1e49-4b49-97cc-67deca52cd9b	Skin & Bones: Chapter 1	www.addictive247.co.uk		arcadeset.com	https://www.arcadeset.com/play-skin-and-bones-chapter-1.html	gameplay			Platformer; Action	distributed-agency			distributed-agency	control both	6.1301	a025	Which Hand	0.0625	In Skin and Bones a boy and a skeleton, two unlikely friends thrown together by an evil wizard to perform some quests. It is a platform game fun where you have to control both characters and use their unique abilities. Use cursor keys to move, ctrl to jump, and spacebar to switch characters.
591	7cd05a4f-e2bc-403c-9198-7a3ac8aea850	Throw Ancient Stuff	molkman	2008	armorgames.com	https://armorgames.com/play/1381/throw-ancient-stuff	gameplay			Arcade; Action; Defense; Ancient Egypt; Auto-zipped	goal-revision			goal-revision	must not	6.3422	a088	Foundation Shift	0.0748	"Isn't it fun to throw stuff at mummies? Note: you must NOT hold down ""A"", just press ""A"" twice! 1st to pick up an item and charge, 2nd time to throw it. With poking, you can push the mummies back a bit. Author molkman"
592	c4cce211-9c3e-4b7f-b1b0-9dfeffd13fc0	Invisible Hero			bubblebox.com	https://www.bubblebox.com/play/2223/invisible-hero.htm	gameplay			Shooter; Arcade; Action; Score-Attack; First-Person Shooter	information			information	invisible	6.5917	q029	Fuse Map	0.0795	Invisible Hero is a great take on the sniping genre. With varying levels that have anywhere from 1-20 targets, you will always be on your toes. Keep your eyes peeled for targets, and once you have a shot, take it! Work quickly and quietly while combing each level for the bad guys. Remember, the best kind of sniper is the one they never even knew was there!
593	5dcfae6d-40af-cf6e-671f-1bacb6eb5f1d	Duke Dashington Remastered	Adventure Islands	2018	newgrounds.com	https://www.newgrounds.com/portal/view/705667	gameplay			Platformer; Puzzle; Timing; Sliding; Pixel; Side View; Stencyl; Time-Attack; Ancient Egypt; Remake	secondary-mechanic-tag		Sliding; Timing			5.4132	q102	Walking Room	0.067	Escape each room in 10 seconds! Duke returns with his original adventure remastered! Author Comments: Hop in the shoes of Duke Dashington, bumbling adventurer and explorer and save treasures from collapsing dungeons! You have only 10 seconds to escape each room before the ceiling collapses! Do you have what it takes to be the fastest treasure hunter in the world? Originally released in 2014, Duke Dashington Remastered is a complete remake with improved controls, polished level design and completely redrawn graphics! CONTROLS: Arrow Keys / WASD: Dash Esc: Pause menu M: Mute Music N: Mute Sounds
594	5de7bd62-c009-45a1-ba21-ed96540fb0c4	Draw4Play	Alex Gagin	2011	addictinggames.com	https://www.addictinggames.com/strategy/draw4play	gameplay			Platformer; Drawing; Auto-zipped	construction		Drawing	construction	draw a path	6.7874	q123	Last-Move Guard	0.0693	GAME DESCRIPTION Get your little dude to the door. Draw a path; erase a path. Be careful; some obstacles will mess with your lines! Timing counts. INSTRUCTIONS mouse to art; arrow keys to move
595	a95a2101-95bb-4201-8056-5f97c80707c2	"StarDust I: ""The Fall of Man"""	Jason Killeen	2012	kongregate.com	https://www.kongregate.com/games/nosajimiki/stardust-i-the-fall-of-man	gameplay			Shooter; Simulation; Space; Shoot 'Em Up; Incomplete	indirect-physics			indirect-physics	balance	7.5336	q124	Counter-Predator	0.0741	In the not so distant future, man kind is exiled into space following the mysterious destruction of Earth. As the Commander of one of the few remaining outposts of humanity, the decisions you make will determine the fate of all living things. Game updates: JUN 20, 2013 7:27PM Due to some bad settings in my automated hard-drive backups, and the recent lose of my old computer, I will be unable to continue work on this tile since the past six versions of .fla files were lost. DEC 13, 2012 1:00AM (Dec 13,2012) Beta Ver 1.5.2 Bug Fixes: - Load game after dieing big fixed. (Old save slots will need to be restarted to work properly.) - Fatal event counter issue fixed DEC 6, 2012 10:11AM (Dec 5,2012
596	ca5c0488-f894-4f2f-b92c-95ec4f836eaa	Canabalt	Adam Saltsman	2009	adamatomic.com	adamatomic.com	gameplay			Arcade; Score-Attack; Runner; Flixel; Pixel; Side View	constraint-and-interface			constraint-and-interface	one button	6.4364	q062	Relay Shadows	0.0856	Escape the destruction of your city with just one button! The game that popularized the infinite runner genre is back with two-player mode, new challenges, new music, new achievements, and new leaderboards!
597	e6c8216b-82c4-488b-a3b0-50f347ea840d	Master Chef Cats			g2k.co	https://www.g2k.co/play/3292-masterchef_cats.html	gameplay			Platformer	distributed-agency			distributed-agency	cooperate	6.1213	a047	Two-Phase Move	0.0726	"These cats are the chief of the kitchen. They are going to cook meals and are going to eat other cat’s fill. But, before they cook, they need materials. These two cookers need your help to collect materials. Cooperate and collect all materials. Game controls: Player 1: Move: ""W,A,S,D"" Grab: ""SPACE"" or ""DOWN ARROW"" Player 2: Use ""MOUSE"" and ""LEFT-CLICK"" Good luck!"
598	d9917822-6515-4642-a617-c797f08c9f4d	Hiring Day	Snails Animation	2011	snailsanimation.com	http://www.snailsanimation.com/HiringDay.swf	gameplay			Arcade	goal-revision			goal-revision	must not	6.3313	q138	Command Composition	0.0616	"You know you have an awesome job when you get to smash stuff with a mallet! You try to get hired to work in a factory, because you need money to buy the new WiiStation360. The game consists of finding the faulty items wich you must not let pass through the conveyor. CONTROLS: Click on items that do not match the picture(s) on the wall. (The direction the object is facing doesn't matter.) Click again to deselect the object if you've made a mistake. Visit the ""How to play"" section for a short tutorial Press ""Q"" to toggle quality (if the game runs slow)"
599	eebe6552-00d4-4ed0-ba7e-364b701b4ac1	Achromatized	NoLanLabs	2012	newgrounds.com	https://www.newgrounds.com/portal/view/595152	gameplay			Platformer; Puzzle; Stencyl	information			information	blind	6.5301	q173	Density Drift	0.0697	"Change colors to escape a world of darkness in this platforming puzzle. Author Comments: NOTE: If you find ""peanut butter,"" ignore it - that was for a sequel that was never made. Solve a challenging series of switches, buttons and doors to escape a monochromatic world. Jump into pools to change colors and pass through lasers to reach your goal. Move with the LEFT and RIGHT keys, jump with UP, and enter doors with DOWN. Flip switches with SPACE. C enables color-blind mode and 0 (zero) mutes background music."
600	5059d85e-fa91-93c0-7a10-a71551a7ab49	Demolition City 2	Armor Games; Joey Betz	2009	armorgames.com	https://armorgames.com/play/4611/demolition-city-2	gameplay			Puzzle; Physics; Level Editor; Community Content	secondary-mechanic-tag		Community Content; Level Editor; Physics			5.3942	q173	Density Drift	0.0813	Demolish buildings all over the world. Strategically place different explosives on a building or tower and take it down under the goal line. Watch out for falling debris causing too much damage to the surrounding environment. Build custom buildings that you can share with your friends in the editor.
601	57bd23ec-bf80-47d2-92e0-a19f1976eccc	Monster Chains	Shajby	2015	newgrounds.com	https://www.newgrounds.com/portal/view/665431	gameplay			Arcade; Puzzle; Score-Attack; Matching; Time-Attack	construction			construction	connect the	6.7807	g027	Cue	0.0824	"Create chains, create Monster Chains and go for highscores! Instructions: Press and hold the left mouse button and move over at least 2 monsters of the same kind horizontally or vertically to remove them. Create closed/Monster Chains for best points! IMPORTANT rule: To achieve the best points try to be creating mainly ""Monster Chains"" - to create Monster Chain you must connect the last monster with the first monster in your chain. With Monster Chains you can achieve XX more points than with normal (not closed) chains."
602	d7120c26-5196-4107-998b-728cad41a6b4	Days of Blood	bnpla	2012	newgrounds.com	https://www.newgrounds.com/portal/view/603125	gameplay			Action; Beat 'Em Up; Blood; Moderate Violence	indirect-physics			indirect-physics	fluid	7.53	q164	Stop Test	0.0365	==CHANGE LOG== [BUG FIX] [V17] 04.oct.012 [spotted by Nikal] *Sword's pickup indicator don't go away when you have the weapon in some cases. [UPDATE] [V16] 30.sep.012 *Epic sounds added in V12 now removed. [UPDATE] [V15] 29.sep.012 *Added Restart button. [suggested by Alexalmo] [UPDATE] [V14] 25.sep.012 *Added QUALITY button. Suggested by a few people, triggered by Skrulz-The-Young. *Line of 9 enemies spaced out a bit. [suggested by Ryuzaki999] *BUG fix, intro's dead monks disapeared after restart. [spotted by me] *Change: changed the sword indicator from text to an icon when it's on the floor. [MIXED PATCH] [V13] 24.sep.012 *BUG Fix: enemy dont chase player if player teleports. [spotted by 
603	8f7a0081-1a0f-458c-bccd-96fcbf701400	Arrow Flyer	dannybirch	2009	newgrounds.com	https://www.newgrounds.com/portal/view/508417	gameplay			Arcade; Score-Attack; Side View; Dodge; Auto-zipped	constraint-and-interface			constraint-and-interface	one button	6.4167	f009	Loved	0.0887	Guide the arrow through the tunnel by using you up arrow! Author Comments: Arrow avoider, you use your up arrow to guide the arrow through the maze You can only use one button to fly the arrow(Up arrow) Submit your score and view your rank in the world
604	75e14a77-0fe5-486a-888e-bc7e792db811	Mega Nigger Battle	ZabuJard	2011	newgrounds.com	https://www.newgrounds.com/portal/view/584439	gameplay			Fighting; Racism	distributed-agency			distributed-agency	several characters	6.1002	q189	Inheritance	0.0687	Choose between several characters and battle friends or computer opponents tried to make it similar to ssb or Newgrounds rumble. if u hate it then leave a comment otherwise leave a comment hey tom fulp ive been here since 2006 put me on the front page already LOL i can dream
605	ddfd2546-e194-47af-93db-b12e63be6bd2	3D Racer 3	sevad3	2013	newgrounds.com	https://www.newgrounds.com/portal/view/611748	gameplay			3D; Driving; Dodge; Auto-zipped	goal-revision			goal-revision	wrong way	6.2598	q189	Inheritance	0.0942	Use your stolen policecar to unleash rage on cars driving the wrong way! Author Comments: Would love to hear your feedback. How do you like the upgrades? What do you think we can do to improve further? What can make the game more fun?
606	e45a47dd-9e1d-b7bf-a859-d669acb93d7e	Ghostly Me	PPLLAAYY	2013	newgrounds.com	https://www.newgrounds.com/portal/view/617362	gameplay			Platformer; Pixel; Ghost; Auto-zipped	information			information	your shadow	6.4988	a106	Shadow Packing	0.0778	What is it like to be a small spirit in a huge world of the abstract? What is it like to feel that your shadow is always gliding behind you? Investigate incredible hypnotic worlds, move through portals, slow down time with a single keystroke. After all, to find yourself, you need to experience the entire world, with all its colors and sounds. Original FlashPunk platform game.
607	f89567ed-3416-4262-83c9-f82134b0611b	messages for our future	Jason Nelson; Griffith University	2012	secrettechnology.com	http://www.secrettechnology.com	gameplay			Adventure; Experimental; Story-Driven; Choose Your Own Adventure	secondary-mechanic-tag		Experimental; Choose Your Own Adventure			5.3337	a168	Dynamic Frontier	0.0567	With every major event, every natural disaster or societal change there are a multitude of visions, thousands lenses documenting the experiences, the victories and the challenges. “Messages for our Future” recreates these visions through an interactive mosaic digital artwork which uses hundreds of images and poetic/enlightening texts captured by the citizens and students from the Japanese tsunami impacted city of Tohoku. Armed with cameras they captured scenes of rebuilding, of a hopeful future amidst the rubble and damage. Each of those images is a story, a forever inspiring narratives, and the artwork recombines them, forming compelling mosaic combinations with each exploration. Every time
608	2bde200d-2d7c-4281-9fe0-815575301850	Robo.Puppy	PlayPink	2012	dressupwho.com	https://www.dressupwho.com/games/robo-puppy/	gameplay			Simulation; Pet; Machine	construction			construction	connect the	6.7773	g032	Spine	0.0682	The times change in a very alert rhythm and technology is one of the main reason why this happens. If you are also fond of high tech gadgets, you may appreciate this great game. You have to help your friend Jessica take care of her new robo puppy. First help him do his exercises by pressing the left arrow button to make him jump and reach the red arrow. There is a power scale that will help you determine the height. Then connect the wireless stations with accumulators. They should not intersect each other or touch the obstacles. Now that the radio station is in order, you should control the puppy, clicking next to him to go in the opposite direction. Direct him to the finish line. You can ma
609	bb961fe8-9221-447b-acf7-2d9c7b2161cc	Maestro Nav	Intrapath	2021	newgrounds.com	https://www.newgrounds.com/portal/view/782669	gameplay			Arcade; Rhythm; Dodge; Flash Forward Jam	indirect-physics			indirect-physics	reflect	7.53	g047	Peephole	0.0652	NOTE: If you see a white screen, give the game a sec to load! This might take a few minutes; this appears to either be an issue with Ruffle or Newgrounds. In Maestro Nav, you play as a sound wave! You've been sitting inside of a dusty old stereo for ages, but one fateful day, an old friend comes back to play you. It's a DJ you've known for years, and he needs your help: he's performing for a party, but it's been a while since he's played, and he's feeling nervous. Some of his bad vibes got on the record he was handling, and you need to make sure to dodge them on your way out of the stereo. Also, turns out you're not the only one that's been sitting around in that thing; the stereo's particle
610	5c6099e6-fae2-4674-a1be-1dd97f2dea91	Mouse Maze: Revamped	Nuggs	2006	newgrounds.com	https://www.newgrounds.com/portal/view/330773	gameplay			Arcade; Dodge	constraint-and-interface			constraint-and-interface	without touching	6.3478	a133	Anonymous Robots	0.0671	"Please submit a review, I respond to all! Special thanks to blanblan, -Chaz-, -Evan-, for beta-testing, and thanks to Armor games for sponsoring a great contest. ------------------------ Now that that is out of the way, I bring to you Mouse Maze: Revamped. This game features 20 levels, 10 different cursors, and some super-schnazzy graphics! It was a load of fun to make and I hope you enjoy it as much as I did. Instructions are in-game, but just in case you are to lazy to read them- Use the mouse and follow the paths, without touching any of the obstacles in the way. You begin by placing the mouse over the white circle, then, without hitting the walls, place your mouse over the red ""next leve"
611	5fa9fca9-0a38-4524-8161-e74853c6cdfe	Flying Sectional Dragons	Trevor McCauley		senocular.com	https://www.senocular.com/flash/source/?entry=598	gameplay			Other; Interactive	distributed-agency			distributed-agency	follow each other	6.0799	q100	Recursive Gate	0.081	These dragons are made up of separate movieclips that follow each other as the dragon flies through the air. The first movieclip, the head, follows the mouse. The second, smaller dragon has a reversed pattern by altering the mouse properties for that one instance.
612	986afe1d-59ad-42db-8a2a-b8337c95a3e5	Hitori Light Volume 1	Conceptis	2012	kongregate.com	www.kongregate.com	gameplay			Puzzle; Auto-zipped	goal-revision			goal-revision	must not	6.2521	a111	Occlusion Cover	0.071	Each puzzle consists of a square grid with numbers appearing in all squares. The object is to shade squares so that the numbers don’t appear in a row or column more than once. In addition, shaded squares must not touch each other vertically or horizontally while all un-shaded squares must create a single continuous area. There is only one unique solution for each puzzle.
613	a08a9248-ad21-45c9-b28d-584ae959cf04	Silver & Dragon	Leversa	2009	deviantart.com	https://www.deviantart.com/leversa/art/FlashGame-Silver-and-Dragon-V1-128361090	gameplay			Platformer	information			information	cannot see	6.4965	g014	Long Shadow	0.0865	"Cannot see the flash for some reason here in DA? Go there>>> [link] Err, I wasn't going to submit this in DA, but since my gallery is dying, I thought, ""why not?"" xD This is my school assignment back there in April. For the assignment, we have to make a game&watch-style flash game. (If you have live long enough like I do, you probably recognize the name :P) The coding was a living hell for me. I am seriously dumb when it comes to action script >_> This one gave me headache and nightmares for whole two weeks >_> Thanks a lot to my teacher's help, I managed to finish this on time. I owe my life to her! xD (and thanks to my brother to be my beta tester as well!) And to my surprise, this got a f"
614	f5dfd6e1-9b39-48df-b4e9-5a78682f5dfd	Modern Tactics 2	Throw the Project; Ben D	2008	newgrounds.com	https://www.newgrounds.com/portal/view/434385	gameplay			Strategy; Level Editor; Turn-Based; Axonometric; Mild Violence; Military; Auto-zipped	secondary-mechanic-tag		Turn-Based; Level Editor			5.3317	g027	Cue	0.0644	Custimize your squad and then command them using various tactics. In this tactical-rpg. Author Comments: *Guide for mission 10* A lot of people are stuck on level 10. So i'll write a small guide. Equip your commander with the knife, bomb, and flash grenades. On your first turn throw the bomb at him, next turn aim + flash him. After that knife and then aim + knife again to finish him off. Modern Tactics 2 is now out. Many parts of the engine has been redesigned to be as efficient and solid as possible. The graphics and animation has also been improved. All the bugs have been fixed that were in MT1. So please enjoy. You can create maps in the editor and share them by pasting the share code in 
615	a07ac136-9a4e-4691-b6f2-0d670aa22273	Little Sheep	Sun Games	2011	newgrounds.com	https://www.newgrounds.com/portal/view/568413	gameplay			Puzzle; Drawing	construction		Drawing	construction	draw a path	6.7742	a126	Relation Closure	0.0885	You don't need to be a great artist to draw a path for this little sheep. This sheep seems lost! Left click and drag your mouse to draw a path for the sheep, so he can reach the flag safely. Don't let him fall! Once you draw, click on Go!
616	909264d4-1434-4dc0-bc44-e8ccf7a64055	Ballz! Bounce	Gimmick, Asandir	2011	newgrounds.com	https://www.newgrounds.com/portal/view/583477	gameplay			Auto-zipped	indirect-physics			indirect-physics	bounce; gravity	7.5191	g062	Ballast	0.0761	"[EDIT] Uploaded a new version with the bug (""cannot end game"") fixed. Sorry for the inconvenience! Ballz! is my version of the ""bounce-a-ball"" game, which has a slight alteration -- differing platforms and upgrades! It's meant to be simple, yet good in terms of gameplay, which may or may not be fulfilled. Either way, here's the instructions: » To bounce the ball, click on it. This is the important part. CLICK ON THE BALL! » You lose a life every time the ball touches the ground. You have 3 lives in each game. » You can upgrade: »» The force at which you hit the ball (directly influences money earned) »» The money earned with each ball click (self-explanatory) »» The weight of the ball (decre"
617	81a441e3-d487-4446-aaa0-d7b149ec3428	133CH	Simon	2009	newgrounds.com	https://www.newgrounds.com/portal/view/487558	gameplay			Arcade; Score-Attack; Dodge; Auto-zipped	constraint-and-interface			constraint-and-interface	one button	6.3456	q069	Echo Windows	0.0953	Guide 133CH through the water while avoiding the blue blocks. Author Comments: This is a tribute to one of my favorite flash games of all time: Copter. The gameplay is basically the same with only one button to worry about. Oh.. and it's not a helicopter this time. It's 133CH!!
618	2b140a42-279d-4c93-8ca2-dd6f307221f0	Bugongo	Havana24		havana24.com	http://www.havana24.com/	gameplay			Platformer	distributed-agency			distributed-agency	control both	6.0479	g048	Keyhole	0.1016	In Bugongo you play as a little green dragon who is desperately trying to chase and at the same time protect his egg from the dangerous viridian hills of the world! The main feature of the game is the ability to control both Bugongo and his egg, and start running because, believe me, the egg will not wait for you!
619	fa64333e-dc2a-4bbb-9d73-f9c22973b017	Iraq Attack	Carrot Clock	2003	newgrounds.com	https://www.newgrounds.com/portal/view/91331	gameplay			Shooter; Auto-zipped	goal-revision			goal-revision	must not	6.2317	q143	Costly Preview	0.0674	"Our oil is in danger! Go in there and take care of biznaaatch! Favorite comment so far: ""you're spiralling down to the ground and later blown to smithereens by Bush who decides that Iraq must not get a hold of their technology....Hold that thought, Bush....if the controls for the helicopter are this bad, the Iraqis probably won't bother."" Keep on truckin'!"
620	9a0241f8-40b4-403a-1d63-5264651566f8	Invisible (Homeless Simulator)	duckydream	2015	duckyrui.itch.io	https://duckyrui.itch.io/invisible	gameplay			Adventure; Story-Driven; Visual Novel; Heavy Themes; Auto-zipped	information			information	invisible	6.4959	q138	Command Composition	0.0533	"Invisible: An interactive narrative about homelessness in Montreal Go through a day as a homeless person and strive to change your future! This game is made for the Integrating Activity at JAC. This game is made by: Rui Ting Ji (@duckyrui) TO PLAY: Please download the swf file and play it via My apologies for the inconvenience! I am looking at ways to port the game to HTML5 in the meantime. If you know how to do so and can help me out, please reach out to me. Thank you! Attributions: Music: ""Mesmerize"" Kevin MacLeod (incompetech.com) Licensed under Creative Commons: By Attribution 3.0 Sound effects: Walking in snow: [x] / Dog bark: [x] / Restaurant background: [x] / Stomach growling: [x] / S"
621	b07f121a-9a3a-4c6b-958f-fa1ca5d2fd85	Carve n' Share	Evil-Dog; poxpower	2010	newgrounds.com	https://www.newgrounds.com/portal/view/551135	gameplay			Pixel; Creative; Halloween; Community Content; Object Creator; Auto-zipped	secondary-mechanic-tag		Community Content; Object Creator			5.3145	q158	Causal Rhyme	0.0573	EDIT v1.5 - Added the 2013+ time ranges Hey people! I decided to make a little Halloween game this year and I teamed up with poxpower to give you Carve n' Share, a retro looking pumpkin carving (more like drawing!) gadget! Draw your pumpkin designs with the knife tool and the patch tool (OMG TOTALLY UNREALISTIC!!!), change the candle's color, adjust the pumpkin's brightness and use various brush types and and size to achieve your masterpieces! Hit the share button to share with the other newgrounders! We hope you enjoy! Leave us comments we like it! Yesh we do!
622	353543bd-ab5b-4eb2-a5e2-dd00c3106723	Christmas Game	Shajby	2016	newgrounds.com	https://www.newgrounds.com/portal/view/686141	gameplay			Arcade; Puzzle; Score-Attack; Match-3; Matching; Christmastide; Time-Attack	construction			construction	connect the	6.7647	g027	Cue	0.0804	Will you make it into TOP20 in this simple X-mas puzzle game? How to play: Press and hold the left mouse button and move over at least 3 same type of Christmas symbols to create chains, remember you must connect the last symbol of your chain with the first one to collect the points! Longer chains = better score!
623	9a6e771d-9b80-4d13-b50d-3ef16caad531	Delaware Adventure	DELETETHIS	2009	newgrounds.com	https://www.newgrounds.com/portal/view/509479	gameplay			Platformer; Adventure; Action; Side View; Fantasy; Auto-zipped	indirect-physics			indirect-physics	bounce	7.4933	q164	Stop Test	0.0603	This is my greatest work yet, featuring the love-able character known as Delaware going off on his own adventure in this action packed side-scrolling fantasy platformer. I would like to thank all the audio creators for making this game all the more beautiful. The landscapes and features of Delaware Adventure is as captivating as being near the real thing. It's music fits the situation so much so that it can bring a tear to anyone's' eyes. I like to call this something more than a game. I like to call it art. But the art submission form wouldn't take .swf files so I will submit my game here. Hopefully you can have an experience as enriched as I had when making this masterpiece. I hate to ask 
624	090bca5e-c977-48da-b1b7-5994ee7fff7f	Mario Interactive	Serpent101	2006	newgrounds.com	http://www.newgrounds.com/portal/view/242319 (via Wayback Machine)	gameplay		Super Mario	Adventure; Pixel; Choose Your Own Adventure; Super Mario	constraint-and-interface		Choose Your Own Adventure	constraint-and-interface	one button	6.34	q143	Costly Preview	0.0773	It is unfinished but there is only one button that doesn't work. The finished version will be much longer. I got the idea for this from when I used to read those make your own adventure books in 2nd grade, and now I am making it into a game. I hope you enjoy.
625	12147108-1020-4778-bdf6-d9ad5dc2c8f0	Kristmas Kombat	2reanim.dk	2003	addictinggames.com	https://www.addictinggames.com/action/christmas-combat	gameplay			Action; Fighting; Christmastide	distributed-agency			distributed-agency	different abilities	6.0413	q186	Deferred Mirror	0.047	Battle as Christmas' most beloved characters in violent combat. Combine your different abilities to defeat your opponent. This is exactly how Jesus would have wanted to celebrate his birthday.
626	21ac5bfe-4ff7-410a-bb59-fc1b4eeb2c89	Mineral Rush: Runes Zero	Maxiecole	2014	newgrounds.com	https://www.newgrounds.com/portal/view/633961	gameplay			Simulation; Clicker	goal-revision			goal-revision	sacrifice	6.2045	q019	Apprentice Path	0.0721	Mineral Rush: Runes Zero is a game where you have to mine to find minerals, you then smelt your ores with coal. And you can buy and smith equipment to mine more efficient. You sacrifice rocks for runes for power ups, and finish quests. The Barbarian Paulous is jealous of your mining skills, so watch your health. Will you ever defeat him?
627	d6a390cf-f47f-459f-87cd-599a913e700a	Hitting Stuff at a Building	Barfquestion Games	2016	newgrounds.com	https://www.newgrounds.com/portal/view/679121	gameplay			Arcade; Sports; Stick; Tennis; Brick Breaker	information			information	invisible	6.4926	g060	Snakelock	0.0701	"Is there a better way to spend a lazy afternoon than by pelting a structurally unstable monolith with debris? You'll be too busy ruining the lives and dreams of a local construction company to find out. Starring the Arrow Keys as the Movement Controls, Tab and the i key as the Inventory Selector, the Shift and Enter Keys as your invisible Throwing Arm, the Oscar-nominated Space Bar as the Strangely Indestructible Racket, and the P and Escape Keys as the Masters of Time. Featuring music by Sulek: ""Break Me Down"" and ""Devil's Grin"", both available on their latest album ""Unbound at Last""."
628	67776702-8f6b-400e-bcfb-c237c8756041	The Adventures of... Super Captain Dan! And the Monocled Man! Against a Horde of Alien Zombies and Their Evil Plan!	bonuslevel.org; Captain_404		bonuslevel.org	https://bonuslevel.org/games/game_captain-dan-v-zombie-plan_14.html	gameplay			Action; Level Editor; Zombie; Community Content; Stealth; Alien	secondary-mechanic-tag		Community Content; Stealth; Level Editor			5.3092	q126	Copycat Trap	0.0861	Sneak around the zombies until you find the gun, then get all of them before they get you!
629	b8e186bd-bd52-4547-b62e-8145d9fcd038	Rural Race			cartitans.com	http://www.cartitans.com/game/rural-race/	gameplay			Racing; Sports; Top-Down	construction			construction	circuit	6.7566	g041	Spindle	0.0825	There's a new free online car game available now from our one and only Rural Race. It is a circuit racing game where you get to drive none others than industrial vehicles. You thought only professional drivers get to participate in a race? Well you were wrong. Here, in this flash racing game, you can be a racing champion too, no matter where you're from or what you do. Rural Race is an online driving game that has four levels available. The controls are pretty easy to get used to. You only have to use the arrow keys: up arrow key for acceleration, left and right arrow keys for steering and down arrow key is usually used for braking. Not very difficult, is it? But be careful, as the other con
630	8248c71a-6fc9-4858-ba81-a0ffc368193f	Coal Express 3			freeaddictinggames.com	http://www.freeaddictinggames.com/game/coal-express-3/	gameplay			Arcade; Driving; Physics; Side View; Train; Auto-zipped	indirect-physics		Physics	indirect-physics	balance	7.4877	g043	Shunt	0.068	You drive a train that transports coal. You can choose between three different trains: one's faster, one has a better balance and one's accelerating faster. Once you've completed all the levels, you can also drive the supertrain, that combines the best of all three other trains. If an exclamation mark appears, you'll have to slow down. Collect all yellow icons, that represent achievements. In the shop you can upgrade your train with the money that you've earned. Drive the train and keep from spilling too much cargo. Upgrade train as you unlock new maps. Instructions: Instructions are in the game
631	95c9b1c8-9ddb-49f2-8904-9ad170f419e8	Trip Through Time	Fancy Fish Games	2013	newgrounds.com	https://www.newgrounds.com/portal/view/617393	gameplay			Runner	constraint-and-interface			constraint-and-interface	one button	6.3354	a066	Strobe Swarm	0.0794	A robot from a post-apocalyptic era is sent back in time to observe the nature of humans and decide whether or not they are worth bringing back. Trip Through Time is a runner where you travel through 7 eras of human history, in order to determine the true nature of humanity. To avoid paradoxes, you must phase shift through all obstacles you encounter - including several historical figures. Trip Through Time is a one button game (hold the mouse button to phase shift), and is easy to learn, but is difficult to win, requiring fast reaction times and energy management. If you are not skilled with runner games, I recommend switching to the Easy difficulty. This game was my March One Game A Month,
632	caa657b5-7ed0-4ca4-8d83-539b7a32f9d8	Georganism 2	Karma Team		coolmathgames.com	https://www.coolmathgames.com/0-georganism-2	gameplay			Platformer; Puzzle; Achievements	distributed-agency			distributed-agency	different abilities	6.0282	g029	Twinned	0.0711	Use the arrow keys to move. Different colored jelly creatures with different abilities travel mysterious islands. Combine them to be able to do new things. Beware of the terrible monster!
633	65e8844d-a46b-453b-9ae7-cd06b692978c	The Circle 1: 22 Auditorium Of Bull Fighting	Ena Game Studio		games2rule.com	http://www.games2rule.com/	gameplay			Adventure; Escape the Room; Auto-zipped	goal-revision			goal-revision	sacrifice	6.1961	q102	Walking Room	0.0735	According to the book next you have to extract the dark soul from the auditorium where the bull fighting area is located and then trap the soul inside the Angel and also gets a clue to go to next location of sacrifice. All the best and keep playing escape games.
634	f3badac1-dfc6-454b-bf4b-78cc1577c5d2	Shadowless	Dragosha Games	2016	armorgames.com	https://armorgames.com/play/18046/shadowless	gameplay			Platformer; Action; Role-Playing; Side View	information			information	your shadow	6.4445	q143	Costly Preview	0.0863	You are a wanderer without a shadow. You don't remember much about your past, but you've heard that the nefarious Queen of Shadows takes them from those that she recruits to do her bidding. Collect loot, gamble and level up your character to better battle the Queen's minion horde so that you may learn the truth about you and your shadow.
635	112726f0-bfeb-444e-aa9a-571b347aa832	Panda Toy Shoot			games250.com	http://www.games250.com/games/panda-toy-shoot/ (via Wayback Machine)	gameplay			Arcade; Puzzle; Physics; Toss; Ragdoll	secondary-mechanic-tag		Ragdoll; Physics			5.3035	f031	Wake Up the Box	0.0715	A very funny game which will make you have a lot of fun with panda bear toys. Who thought that you could actually use panda bear toys to to have so much fun? Shoot with panda bears and catch all the bamboo sticks in the bubbles. You can throw as many panda bears as you want and above that, you are not against time. In fact you have plenty of time to finish every level. Let us see how good your eye is? Could you use just a few panda bears to catch all the bamboo sticks? Play and discover how skilled you are when it comes to pointing the right spot. There will be lots of little obstacles as you go on with the game which will just make the game more interesting and will challenge you more. Do n
636	6ff999f3-67eb-46bc-9b04-209cebbca26c	Rescue The Kid From Park		2016	kongregate.com	https://www.kongregate.com/games/Enagamess/rescue-the-kid-from-park	gameplay			Adventure; Escape the Room	construction			construction	circuit	6.7543	q052	Lens Bench	0.0642	1212th-Rescue the kid from park is an enchanting point and click type new escape game developed by ENA games for free. Presume a situation that school students went for a one-day excursion, organized by their school. A teacher was given in-charge to take care of the students. The teacher took care with full responsibility. In spite of that, a kid went inside a park, which is under construction. Since it is Sunday, no men are working inside. As there is a forest at backside of the park, it was electrically fenced. So, the teacher informed the guard. The guard is none other than you. The guard is none other than you. Now, you need to switch off the electrical circuit and then you need to searc
637	090b7ab0-67fe-4c77-9616-ceceafbd9ee9	Greenhouse Gas Attack!	NASA	2011	spaceplace.nasa.gov	http://spaceplace.nasa.gov/review/greenhouse-gas-attack/game.swf (via Wayback Machine)	gameplay			Arcade; Educational; Science; Brick Breaker; Environmentalism	indirect-physics			indirect-physics	bounce	7.4616	q149	Model Tokens	0.0746	Some gases in the atmosphere are called greenhouse gases, because they have a greenhouse effect on Earth. If not for any greenhouse gas, Earth would be too cold. But too much greenhouse gas can make it too hot. Help Earth get rid of the excess greenhouse gases in the atmosphere. What this game is about: In this game, different colored blocks stand for different kinds of greenhouse gases. Green blocks could stand for carbon dioxide, orange blocks could be methane, purple could be ozone, and blue could be water vapor. Yellow balls fall from the top of the screen. These represent sunlight that shines down through the atmosphere. Even though the atmosphere contains greenhouse gases, light has no
638	679293a6-1cac-ce64-d7f6-171c4d4d8476	X-Mas Adventure	123Bee		123bee.com	http://www.123bee.com/	gameplay			Puzzle; Score-Attack; Christmastide; Time-Attack; Pre-rendered 3D; Auto-zipped	constraint-and-interface			constraint-and-interface	without touching	6.329	q003	Blind Growth	0.0926	Move the gift package inside the Maze without touching the Enemy's. Collect the bells as many as, to gain more points. If you hit the Enemy's, a life will get reduce.
639	500bd32c-2d2a-4719-a788-5addb567cd78	Shy Guy's Big Bird Chase	Asvegren		playmariogames.com	https://playmariogames.com/shy-guy-bird-chase	gameplay		Super Mario	Arcade; Score-Attack; Pixel; Super Mario; Button Masher; Auto-zipped	distributed-agency			distributed-agency	control both	5.9834	q095	Closure Graph	0.056	The big Shy Guy will chase you and your main objective is to fly away from him. This game is as hard as famous Flappy Bird. You will need to control both of your wings with keybinds and press them as fast as possible. Find your own strategy to fly faster. RAPIDLY PRESS THE L AND R ARROWS TO FLY VERTICALLY
640	615038f1-e79a-4d56-a2dc-77482c81470d	The Circle 1: 35 Desert Home	Ena Game Studio	2017	enagames.com	http://www.enagames.com/	gameplay			Adventure; Escape the Room; Auto-zipped	goal-revision			goal-revision	sacrifice	6.1826	q062	Relay Shadows	0.0764	2114-Desert Home-1: In this level you need to cast-off the evil spirit from the human body and also find the next location where the sacrifice is going to happen. Find the necessary objects and clues, solve interesting puzzles to complete the task. Keep g
641	3615e562-3c3a-423a-bd73-a56352631f58	Flip Out!	Kyle Gray		y8.com	https://www.y8.com/games/flip_out	gameplay			Arcade; Time-Attack; Auto-zipped	information			information	invisible	6.4119	q057	Raft Shape	0.0789	Flip all the tiles in the grid to clear them up, before the time runs out, in this nice little puzzle game. Move your Mouse Pointer over the tiles to flip them. It means that if you place the mouse pointer over a visible tile then it will become invisible, and vice versa. Try to make the maximum number of tiles invisible to score the maximum points. Some tiles require two flips to make them disappear.
642	8263a13e-71f3-416f-93db-067856e78176	Gamestar Mechanic	E-Line Media; Institute of Play		gamestarmechanic.com	http://gamestarmechanic.com/	gameplay			Arcade; Platformer; Educational; Level Editor; Community Content	secondary-mechanic-tag		Community Content; Level Editor			5.2897	q113	Alternating Teacher	0.0633	Gamestar Mechanic is a game and community designed to teach kids the principles of game design and systems thinking in a highly engaging environment. It is designed for 7- to 14-year-olds but is open to everyone. We've included features in Gamestar that make it useful for kids playing the game on their own or with family members at home, as well as in moderated and educational settings. For more information about the features of Gamestar Mechanic and the learning theory behind it, please see the For Parents and For Teachers sections.
643	4d2f8c2e-686e-4843-a7a2-629f767ab205	Crown Jewels	FunOnlineGamesZone		fanfreegames.com	https://www.fanfreegames.com/game/jewel-royal-crowns	gameplay			Puzzle; Matching; Time-Attack	construction			construction	draw a line	6.7523	f024	Personal Universe	0.0667	Have fun with this game where you have to put together the royal crowns to get as many points as possible. It is a game similar to the classic jewel but this time the protagonists are the crowns. You have to draw a line to raise many of the same minimum crowns have to be three and a rate for it. If you join more than three making greater combo you will get extra points. Each crown is worth and not be the same ones that others put together. You got something more than a minute to unite as many crowns and accumulate points. After that time, the game ends and you have established your personal brand. In the following attempts you should try and beat that mark and unite more crowns than in the p
644	1f9b8daf-2883-4d76-87f3-3b02d7a7d1ac	Seasons Interactive			highered.mheducation.com	http://highered.mheducation.com/sites/007299181x/student_view0/interactives.html#	gameplay			Educational; Simulation; Space; Interactive	indirect-physics			indirect-physics	flow; reflect	7.4528	a077	Universal Joint	0.0562	This interactive is used in Chapter 2. That our seasons come from the tilt of Earth’s axis relative to its orbit of the Sun is easy to grasp, once you have used this Interactive. It shows the flow of seasons as the planet orbits the Sun, the angle of the Sun’s rays for a given location on Earth, how temperature varies at that location, and how the Sun’s path varies in the sky by season. Choose from 3 planets to see how their seasons reflect their unique tilts, or customize the tilt. What would “winter” be like if Earth had no tilt? This Interactive will show you.
645	9cffb035-01cd-4887-908b-0eb4ae0c1154	Pixel Platformer	trunkyredstone	2017	kongregate.com	https://www.kongregate.com/games/trunkyredstone/pixel-platformer	gameplay			Platformer; Action; Pixel; Stencyl	constraint-and-interface			constraint-and-interface	without touching	6.3236	q003	Blind Growth	0.0985	Travel across the realm only just blobbering along using only jumps! Post how many coins you get and post them in the comments, you may get a special mention in the next update! Instructions use the arrow keys to move. get to the green area without touching the red!
646	3c8323a7-82d9-483c-9993-bc8ca0f65e06	Dino Meat Hunt 2			bubblebox.com	https://www.bubblebox.com/play/3838/dino-meat-hunt-2.htm	gameplay			Platformer; Puzzle; Auto-zipped	distributed-agency			distributed-agency	different abilities	5.9445	f035	The Codex of Alchemical Engineering	0.0559	Your task in Dino Meat Hunt 2 is to guide 2 dinos in their quest to clear each level. Use their different abilities to overcome challenging puzzles. Much fun!
647	bd0b687d-3f9a-4b33-8e82-a888a2a88051	May Cover Girl			rainbowdressup.com	http://www.rainbowdressup.com/game/may-cover-girl/	gameplay			Dress Up	goal-revision			goal-revision; indirect-physics	must not; reflect	5.4874	f006	Multitask	0.0559	The May issue of this worldwide known, super popular fashion magazine has to reflect all the spring's loveliness and early summer's fabulocity, you know! So, the look of the supermodel appearing on its cover should be as lovely and girly chic, so very feminine, but at the same time sharply colored, bold and edgy looking. Do you think you could get her such a fabulous, springy-summery catwalk look getting the may cover girl dress up game started? Now the main word to define the lovely chic wardrobe put at your disposal would be: highly feminine. Yup, in the may cover girl dress up game you're going to find boho chic, flower pattern blouses to pair with so very breezy, lightweight maxi size su
648	a68112e0-fbdc-4963-8ac5-ef30381fb78c	A Hobbit's Tale		2014	hidden4fun.com	https://www.hidden4fun.com/hidden-object-games/3021/A-Hobbits-Tale.html	gameplay		The Lord of the Rings	Puzzle; The Lord of the Rings; Hidden Objects	information			information	invisible	6.3871	a176	Alias Breaker	0.065	Many years ago, in the territory of the Middle-earth, there was a wonderful hobbit village, where all hobbits lived in peace and happiness. Young hobbit named Milo also lived in that village. One day Milo accidentally finds out in his house, some strange letter. By reading it, Milo finds out that it was written and left by his grandmother. In that mysterious letter Milo's Grammy reveals some strange things about the history of the village and talks about some magical medallion that has kept the village safe, many, many years ago. As the letter says, the evil forces of Gaberton wanted to attack the village and conquer it, but with this medallion the village becomes invisible so the evil Gaber
649	b5454b82-49cb-4cd2-ac2b-cf2070b7f36c	The Drawing Grounds	Mattster, Mike	2012	newgrounds.com	https://www.newgrounds.com/portal/view/602385	gameplay			Toy; Creative; Community Content; Drawing	secondary-mechanic-tag		Community Content; Drawing			5.2813	q002	Afterimage Mill	0.0506	Welcome to the Drawing Grounds, the first-ever multiplayer game using the Newgrounds API! :) If you get stuck on a loading screen, simply refresh the page! :D This game is very dependent on the API. If it fails to connect, try refreshing the page. All feedback is welcome! Special thanks to everyone who helped me test this out and gave feedback! // Controls \\ -Left/Right arrow keys to adjust brush size -[Z] Undo brush stroke -[R] Redo brush stroke -[Backspace] Undo last letter -Double-click a color swatch to open the color picker -Press and hold down on a swatch and drag onto the stage to pick a color from your drawing
650	9b82abec-25b6-4ba9-bbd0-e8f0c83a8c7d	Gridshock	Bowler Hat Games	2009	newgrounds.com	https://www.newgrounds.com/portal/view/499158	gameplay			Arcade; Puzzle; Score-Attack; Matching	construction			construction	circuit	6.7489	g062	Ballast	0.075	After my first game, Chroma Circuit, I wanted to create simpler matching game that would appeal to wider audience. I came up with Gridshock, which is a bit of a mix between Tetris and Collapse. Instructions: Match three or more lights, in any direction, to clear them from the grid. If the grid fills up, the game is over! Simply click each row on the grid to activate new lights. Control the tide as the timer fills up and new columns are activated automatically. Get big cascading combos for the maximum possible score. Alternative Keyboard Controls: The UP and DOWN arrow keys change rows. The SPACEBAR activates a light.
651	ccf4614f-24c7-4ec7-a165-1e2de07b4cd2	Circle vs. Squares	53xY83457	2013	newgrounds.com	http://www.newgrounds.com/	gameplay			Shooter; Arcade; Action; Artillery; Shoot 'Em Up; Blood; Moderate Violence; Ludum Dare; Game Jam; Auto-zipped	indirect-physics			indirect-physics	gravity	7.4471	g058	Solder	0.0717	In this game you're the only thing that isn't a square. Needless to say they're all out to get you. Arcade - Defeat enough henchsquares to lure out the boss. He won't go down so easily... low centre of gravity. Endless - A never-ending swarm of enemies. Last as long as you can for a high score. ASDW - Move Arrow keys - Shoot (press two at once for diagonal shots) Z - Move on / retry etc. when prompted P - Toggle sound This was created within 48 hours for Ludum Dare 26, theme: minimalism. I worked solo on this but it uses some code from Bloody Christmas and as a result turned out quite similar. For this reason and for some uncertainties towards the sounds used (although they are all royalty f
652	acc20d6f-f6cd-3eee-7de0-1ad366d906d0	Insert Coin	Dr.LudoS	2015	newgrounds.com	https://www.newgrounds.com/portal/view/661258	gameplay			Arcade	constraint-and-interface			constraint-and-interface	one button	6.3224	a200	Fault-Tolerant Assembly	0.0642	"A funny one-button game where you have to trick an arcade cab into giving you credits Author Comments: A short and funny one-button game where you have to ""buy"" as many credits as possible from an arcade cabinet using a single coin tied to a string. Do you know how to get unlimited credits with a single coin? - Tie a coin to a string. - Insert the coin inside the machine to buy a credit. - Then click your mouse button repeatedly to pull the string, until you get your coin back! - Send the coin back into the machine, buy another credit, and pull it out again. - Repeat over and over! Sound simple right? Unfortunately, modern arcade cabinets are protected against such techniques; they will send"
653	a3cfa640-3f47-4e18-ba44-e5083db99d6b	Fireboy and Watergirl 2: In The Light Temple	Oslo Albet; Jan Villanueva	2010	kongregate.com	https://www.kongregate.com/games/Joliner/the-light-temple	gameplay		Fireboy and Watergirl	Platformer; Side View; Fireboy and Watergirl; Fixed Screen	distributed-agency			distributed-agency	control both	5.7688	f006	Multitask	0.0891	Help FireBoy and WaterGirl in this new adventure! Control both characters at the same time to solve platformer puzzles! Direct light beams to the sensors using different kinds of mirrors, activate buttons and levers to move platforms, push boxes and roll balls, collect all the diamonds and get each character to his door!
654	9102fb8a-92a1-4ae7-b8c9-9cf300d41882	Snakes on a Cartesian Plane	netgrind	2012	kongregate.com	Kongregate.com	gameplay			Arcade; Flixel; Snake	information			information	blind	6.3866	g055	Fourth Verse	0.076	The mother of all snake games with 28 variations on that game you played on your candy bar cellphone. COLOR BLIND PLAYERS You can change the color pallet to one that works well for you in the options screen. Instructions Arrows – Move snake Mouse – Navigate menus Space – Advance screen Escape – Exit screen P – Pause game R – Restart game 0 – Mute audio - – Volume down + – Volume up
655	abd7a281-534a-42e2-91d4-04f8517b546a	Cannon Plunder	5minutesoff; hardcircle; InFlash Studios	2009	newgrounds.com	https://www.newgrounds.com/portal/view/518425	gameplay			Arcade; Action; Level Editor; Toss; Community Content; Pirate	secondary-mechanic-tag		Community Content; Level Editor			5.2805	q143	Costly Preview	0.0611	Collect the coins! When you beat our levels create your own or play other people's. Author Comments: Hope you guys enjoy it. Just aim your cannon, hold your mouse down and release it to fire at whatever power. Your preferences and progression are automatically saved for sound, music, language, level completion. Don't forget to check out the awesome levels users have made. If you want to make your own you can too.
656	9a5a3994-f8ab-48c5-054e-63e0e0e615d6	Circuit Game	123Bee		123bee.com	http://www.123bee.com/	gameplay			Puzzle; Auto-zipped	construction			construction	circuit	6.6867	g027	Cue	0.0813	"In this game you have to connect similar ICs of the same colors. When you connect them, you should ensure that the wires do not overlap or cross each other. If this were to happen, then it will result in a short circuit taking place. For connecting two red colored ICs, you have to use a red pen, and to wipe out a line, you should click on the ""Undo"" button. If you click on ""Reset"" button, it will undo the entire level of the game played. After you complete the first stage, the second and third will open simultaneously. Skipping one stage will result in yet another stage opening up, ensuring that there are two stages open at any given moment of time. There are a total of 20 stages to this gam"
657	db56a307-2698-499a-a9a0-0ae84551f7ad	A Tale of Colours	Giovanni Beninato	2012	newgrounds.com	https://www.newgrounds.com/portal/view/599756	gameplay			Platformer; Adventure; Pixel; Stencyl; Stick; Metroidvania; Auto-zipped	indirect-physics			indirect-physics	fluid	7.4228	q154	Reservoir Crowd	0.0561	EDIT: Ver 1.5 is up. I've tweaked the running and braking a little. Movement should be more fluid now. I've also enlarged the offscreen window, so NPC popup should be nonexistant now. Enjoy and keep up with the feedback! Sorry for the outline thing. It won't appear again. ------------------------- ------------------------- ------------------------- -------------- Controls: LEFT and RIGHT ARROW to move Z to jump, double jump and glide DOWN to duck and stop gliding UP to save in front of a SavePointMan X to fight (when the time comes) P to pause A Tale of Colours is a nonlinear platform game with heavy emphasis on exploration. In this game you will find: - A huge world filled with peculiar cha
658	d6553b9c-05ee-42be-a1dc-c4c8e8cf47b0	Desert Jumper	Mollerhoj	2010	kongregate.com	https://www.kongregate.com/games/Mollerhoj/desert-jumper	gameplay			Arcade; Score-Attack; Runner	constraint-and-interface			constraint-and-interface	one button	6.2501	q062	Relay Shadows	0.1108	Desert Jumper is a one-button-game. You control a man who travels in the desert. Avoid the dark shadows and pick up coins and power-ups in to help you reach a highscore. Instructions Left click to jump. Avoid the dark shadows and pick up coins and power-ups in to help you reach a high score.
659	eb9a27b0-834a-4982-af0e-f30aebb4eed3	Fireboy and Watergirl 3: In The Ice Temple	Oslo Albet; Jan Villanueva	2012	kongregate.com	https://www.kongregate.com/games/Joliner/the-ice-temple	gameplay		Fireboy and Watergirl	Platformer; Side View; Fireboy and Watergirl; Fixed Screen	distributed-agency			distributed-agency	control both	5.7319	f006	Multitask	0.0896	Help FireBoy and WaterGirl in this new adventure! Control both characters at the same time to solve platformer puzzles! Direct light beams to freeze and melt water, activate buttons and levers to move platforms, push boxes and roll balls, collect all the diamonds and get each character to his door!
660	c97e7e03-e5e5-3f05-3613-2f7c201458ac	World's End: Chapter 3	Mezzanine Stairs	2017	newgrounds.com	https://www.newgrounds.com/portal/view/703591	gameplay			Role-Playing; Turn-Based; Strong Language; Axonometric; Moderate Violence	information		Turn-Based	information	invisible	5.7853	q102	Walking Room	0.0605	"The darkly comedic strategy RPG continues. Will Tevoran and Company find fortune as they plunge deeper into foreign political strife? World's End Chapter 3 Patreon: Twitter: Facebook: Press Kit: Walkthrough: More: Thank you for playing! March 6th This bug applied to Flash plugin versions over 2 years old, so if it affected you then please right-click within the game and select ""Check for Updates"". - Cleared obstacles in post-battle cutscenes - Fixed a party (menu) crashing issue with the Grotto Merkin accessory - Codex updated - Ysabel's shotcrossbow working normally - Stalagmites could hit unintended targets causing possible future game freezes - Inescapable black screen if Vera is rescued "
661	dc47b8c5-b626-14a5-bded-edf347f659de	Draw Play 3	Eggy	2008	newgrounds.com	https://www.newgrounds.com/portal/view/466087	gameplay			Platformer; Puzzle; Level Editor; Drawing	secondary-mechanic-tag		Drawing; Level Editor			5.2724	q126	Copycat Trap	0.0672	Draw Play is simple, draw your own level to get your guy to the flag, but beware of traps that hurt you and your ground. Draw-Play 3 is the last in the series. I can't believe it's been so long since the first came out. This should wrap up everything I wanted to do with things like erasing and destructible ground. Things to note - - Drawing under yourself and pushing up is NOT a glitch. - The game has evolved a bit and has a lot more action then the previous ones which were more just puzzle. - It's mainly just black and white style. If you hate that style, just don't rate the game :P It's the style that really suits the overall feel to me. - If you're stuck, try thinking a bit differently re
662	da008be2-e49e-450e-bea9-f3fab0f1174b	ATV Racers			cartitans.com	http://www.cartitans.com/game/atv-racers/	gameplay			Racing; Sports; Top-Down	construction			construction	circuit	6.6857	g041	Spindle	0.0874	There's a new free online car game available now from our one and only Atv Racers. It is a circuit racing game where you get to drive two atv vehicles. You thought only professional drivers get to participate in a race? Well you were wrong. Here, in this flash racing game, you can be a racing champion too, no matter where you're from or what you do. Atv Racers is an online driving game that has five levels available. The controls are pretty easy to get used to. You only have to use the arrow keys: up arrow key for acceleration, left and right arrow keys for steering and down arrow key is usually used for braking. Not very difficult, is it? But be careful, as the other contestants are tenacio
663	95e6696e-1788-4cd2-8bbe-e4235e993a51	Momentum	Sandamnit	2013	newgrounds.com	https://www.newgrounds.com/portal/view/626190/	gameplay			Platformer; Action; Puzzle	indirect-physics			indirect-physics	gravity; momentum	7.4218	a051	Priority Chute	0.0861	Solve a variety of puzzles using momentum, portals, gravity, rotations, boxes, and the environment. There are 45 levels (15 per chapter), each with their own scoreboard. There are three music tracks that build layer-by-layer as you progress. This is my first attempt at making a game. My goal was to create a challenging (and hopefully not too frustrating) minimalistic puzzle/platformer that required planning, attention, and patience to solve. There are some obvious inspirations for the presentation, mechanics, and style, primarily Thomas Was Alone and Portal, but there are many others. All in all, I hope you find this enjoyable, challenging, and ultimately worth your time!
664	2db826d4-4264-4694-8329-18ca11b96ed4	Dodgeball 2600	Don Calaca		unknown		gameplay			Sports; Auto-zipped	constraint-and-interface			constraint-and-interface	one button	6.2015	q193	Routine Builder	0.0765	A very simple one button game. This game channels the early phases of the video game industry. One button, one action, low res, small screen, monocolor, limited. This is all about Dodgeball! Literally nothing left to say about this game but Dodgeball 2600 seems like a game released in...chenen....Atari 2600! Controls: Catch= Left-click
665	5d267013-25fe-4d2c-972d-7b06beeeb51a	Unseen	Jonathan Wideman	2014	myfarmsgamejam.itch.io	https://myfarmsgamejam.itch.io/unseen	gameplay			Puzzle; Flixel; Pixel; Maze; Stealth; Incomplete; Game Jam	secondary-mechanic-tag		Stealth			5.2544	g007	Tumble Block	0.0671	This game was a submission to the MyFarms Game Jam II - Feb 2014 Entry by Jonathan Wideman Game Name: Unseen Notes: The game is currently unfinished; sorry :( All my mechanics are in, but I couldn’t finish the level. I took an extra hour during the grace period to try to finish some things up and was able to add some much needed checkpoints and a start/end state. I think the time can be justified as I spent at least that much time facilitating the jam. You’ll need Adobe Flash Player to play. Tips: The game is quite unfinished, and some parts of the level are more difficult than I'd like, so here are some tips to get through. Minor spoilers ahead! Traps are vicious. Block them off to get past
666	dff56f94-2d69-4e85-b8ee-d0ae48f1fa0a	20000 Cogs under the Sea	GeneralVimes	2018	kongregate.com	https://www.kongregate.com/games/GeneralVimes/20000-cogs-under-the-sea-beta	gameplay			Arcade; Idle; Incomplete; Aquatic	construction			construction	connect the	6.6813	q015	Reciprocal Hands	0.0553	Experience an awesome underwater steampunk adventure! - Build mad science machines - Connect the cogs to make them work in the most efficient way - Explore the ocean - Employ octopuses and whales - Mix different gases The game feacebook group has 7500+ members now. Android version is available Instructions Tap the underwater volcano. Earn money, buy a Hammer. Connect it to the volcano. Keep tapping, earn more money, buy a Cogwheel. Connect it to the Hammer. Spin the cog to earn faster. Keep earning, and exploring, unlock 10 other machines!
667	a2a1a1a5-4659-4d2d-ae25-2e0129533be2	Gravity Variations Interactive			highered.mheducation.com	http://highered.mheducation.com/sites/007299181x/student_view0/interactives.html#	gameplay			Educational; Simulation; Space; Interactive	indirect-physics			indirect-physics	balance; gravity	7.4183	q149	Model Tokens	0.0706	This interactive is used in Chapter 5. This Interactive is as much a game as it is an educational experience: you could call it the Isaac Newton Universal Gravitation Challenge. Place yourself on the Sun, the Moon, or any of the planets, and fire a cannonball with such precision that its trajectory lands it on a target. You’re trying to balance the force of gravity, which depends on the size and mass of the world on which you stand (or hover, for worlds with no solid surface). Now, choose your world, feel the force, and fire!
668	53b1d517-d6cf-499f-895e-610764f54d5c	Mad Pixel Run	Shajby	2013	newgrounds.com	https://www.newgrounds.com/portal/view/616040	gameplay			Arcade; Score-Attack; Runner	constraint-and-interface			constraint-and-interface	one button	6.1884	q065	Asymmetric Twins	0.0787	Mad Pixel is a crazy one button highscores go-to-distance game with a new twist! Simple but addicting gameplay! How to play: Simply click/up/spacebar to jump! Survive as long as possible in this crazy arcade game and submit your score to see who is the best!
669	bdaec5d7-4c69-4e88-a2bc-d8e5a2d6e87c	Sproyro 4	Sleepers Games	2015	newgrounds.com	http://www.newgrounds.com/portal/view/651207	gameplay			Adventure; Toy; Point and Click; Visual Novel; Choose Your Own Adventure; Interactive Fiction; Auto-zipped	secondary-mechanic-tag		Interactive Fiction; Choose Your Own Adventure			5.2524	f030	PileOBubbles	0.0532	After 15 years in development Sleepers Games present's Sproyro 4. Play as Sproyro on his quest. Use Arrow Keys to control the dragon. This is the complete version which I realized I never updated it to. It removes the copyrighted music with music we have permission to use as well as more playable character, a story mode and an easter egg.
670	9f74aad7-459e-4925-9970-3f481434d0ae	Candy Match	toon3.com		fanfreegames.com	https://www.fanfreegames.com/game/match-candy	gameplay			Puzzle; Match-3; Time-Attack	construction			construction	connect the	6.6812	g004	Seam	0.0864	Candy Match is a game very similar to many other kinds Bejeweled or Candy Crush where you have to connect the same to make them disappear and score points with this block. You must collect at least three identical blocks to make them disappear but they can also be more than three. If you can join a larger number of identical blocks will form special new one that can cause a large explosion eliminating nearby blocks. Collect points and go passing levels to move forward in the game. You have a time limit to get as far as possible in this game, so hurry to join the goodies of the same type. Now you can show your great skill with these games and show the world that you are a professional.
671	d9a758c9-f543-4136-85b6-399d977401c2	Ninja Ballers II	Nelson Wang	2010	addictinggames.com	https://www.addictinggames.com/puzzle/ninja-ballers-ii	gameplay			Puzzle; Physics; Level Editor; Creative	indirect-physics		Level Editor; Physics	indirect-physics	bounce	7.4149	a023	Dead Zone	0.0672	Ready for more ninja adventures? Select the ninja ball that suits you best: big and fast? Small and bouncy? Then draw paths and bounce to glory! INSTRUCTIONS Mouse to draw paths; see in-game instructions
672	6e089936-4be1-4bb3-8c36-fdeb9ef64cc1	Mighty Knight 2	FirebeastStudio	2015	y8.com	https://www.y8.com/games/mighty_knight_2	gameplay			Action; Auto-zipped	constraint-and-interface			constraint-and-interface	one button	6.171	q126	Copycat Trap	0.1011	In Mighty Knight 2, use arcade controls to smash buttons on your keyboard to battle monsters. This game features great artwork and the control system only allows one button to be pressed at a time, giving the game an arcade cabinet sense to it. There are many stages to unlock and upgrades to find in Mighty Knight 2.
673	c982c855-2db8-4440-9e60-36f5157fae39	Drop Dead 3	ttursas	2011	kongregate.com	kongregate.com	gameplay			Arcade; Physics; Level Editor; Ragdoll	secondary-mechanic-tag		Ragdoll; Level Editor; Physics			5.2257	q124	Counter-Predator	0.0659	The King has been kidnapped, so DROP DEAD! Fling ragdolls and watch them explode once again. Contains more blood and explosions than before, and missiles. 15 playable characters, boss fights, and ingame editor.
674	e6dde0e1-b826-4232-9c8f-f5b6a173d418	Escape Threo Room			ajazgames.com	http://www.ajazgames.com/ajaz-escape-games/escape-threo-room/Play/	gameplay			Adventure; Escape the Room	construction			construction	place objects	6.6632	q062	Relay Shadows	0.069	Escape Threo room is the new escape game from ajazgames. can you escape the three (threo) room at the earliest, its a simple game that makes you think a little different on where to get the clues and to place the objects. just use your smart, cunning ideas to place escape through the three simple door$s and solving puzzles. These simple game has no much puzzles, just try to place objects at random place to get clues, get clue on all sides, use the tools taken to unlock the locked,screws and to break through some obstacles. This threo room is a free game that you can download and play for free, outsmart through all obstacles. all the best good luck.have fun playing escape games, free escape g
675	6e4398ed-4106-4cd6-85d0-7d893f1118c8	Coal Express 5			freeaddictinggames.com	http://www.freeaddictinggames.com/game/coal-express-5/	gameplay			Arcade; Driving; Physics; Side View; Train; Auto-zipped	indirect-physics		Physics	indirect-physics	balance	7.396	a076	Scissor Lift	0.0707	Train games fans !! Coal express is back revision 5 , collect you cargo from your base and deliver it to your destination this game also has upgrade like the last version upgrade your trains with speed , acceleration, and balance to help you complete the levels as you go through them. also there are different island s to unblock and some wicked trains too unblock, so jump on board this coal express 5 and enjoy the adventure, of your favourite train games Instructions: Instructions are in the game
676	c362b094-4160-408f-9a8c-8e4e639b154b	Funny Trump Face	FrivMan	2017	newgrounds.com	https://www.newgrounds.com/portal/view/690897	gameplay			Toy; Politics; Famous Person; Auto-zipped	constraint-and-interface			constraint-and-interface	two buttons	6.1618	a042	Semaphore Garden	0.082	"The game does not require you any special effort, because at your disposal there are only two buttons. With the help of a computer mouse you will stretch the face of the construction magnate in various directions. You can cancel your actions with the button ""Reset"", and if you liked the work done, then using the ""Animate"" button you can liven up the picture. Have fun! Video on Youtube:"
677	0d138615-5bcb-4246-b58d-efb0d7324375	Absentia - Episode 1	Twilight Software / twilightsoftware	2010	newgrounds.com	https://www.newgrounds.com/portal/view/536618	gameplay			Adventure; Puzzle; Experimental; Jigsaw; Point and Click; Interactive Fiction	secondary-mechanic-tag		Interactive Fiction; Experimental			5.2149	a122	Between Lines	0.0679	"This is the first episode in our new series, Absentia, entitled ""Episode 1: Notes"". The puzzles are simple: click on hidden note fragments; click to move through scenes; and drag the collected note fragments into place. It's a simple, linear format, that allows us to focus on story-telling. The atmosphere is deliberately heavy and haunting, with professional narration. Feedback welcomed."
678	bb730bc9-fa06-42d1-72ce-2835e3e4bdd4	Shopping City	Flonga	2009	newgrounds.com	https://www.newgrounds.com/portal/view/503573	gameplay			Simulation	construction			construction	route the	6.6313	a148	Reactive Floor	0.0835	Build your own resort island. Earn money by building and operating the network of shops. Author Comments: Build your own resort island... Earn money by building and operating the network of shops... You can upgrade or sell your buildings. Build fast serving shops at the intersections. You may construct different sizes of buildings at the same route. The shops can be damaged,you need to repair them. Fire or robbery can be accidently happened as well. Tips: 1-)Build fast serving shops like pet shops in the intersections and receive customers from severeal routes. 2-)You can build additional measures(benches,music ads etc.) in order to slow down the coming customers. Especially if two routes ar
679	91656c52-a0a0-4f3e-8efc-f1f3654c5e38	Catnarok - Longcat Rampage 2	Hyakkidouran	2012	newgrounds.com	https://www.newgrounds.com/portal/view/587285	gameplay			Arcade; Score-Attack; Rail Shooter; Auto-zipped	indirect-physics			indirect-physics	balance	7.3949	q115	Partial Demonstration	0.0896	"Well, here is my gift for the new year. The sequel to my quite failworthy but popular game ""Catnarok Longcat Rampage"", and hopefully this fails less than the original. The game has an entirely different logic : it now has a beginning and a end, and the hi-score, though an important part of it, isn't the only objective. The basic attack was also replaced to something more convenient, even though the eyebeams are still there as a secondary attack. The upgrade system was also complety upgraded for a complex techtree to get new skills at each level up. the number of powers also increased quite a bunch to include a shield and a special ""rage mode"". The classic Shoop da Woop ultimate attack is bac"
680	373ecd1c-d21e-4714-9663-b376f328bb64	Stoner	RexGamez	2010	kongregate.com	https://www.kongregate.com/games/KingDotCom/stoner?acomplete=stoner	gameplay			Puzzle; Match-3; Matching; Auto-zipped	constraint-and-interface			constraint-and-interface	you cannot move	6.1613	q119	Analog Lesson	0.0913	The gods of stone will send precious blocks your way. You must move them around to match three or more of the same colour. If you cannot move the blocks quickly enough, you will be sacrificed!
681	627d6fdc-2c42-4c0c-9ce6-93808fcff1cc	Ben 10 Omniverse Game Creator	Yamago		gamecreator.cartoonnetwork.com.au	http://gamecreator.cartoonnetwork.com.au/index.html	gameplay		Ben 10	Arcade; Platformer; Action; Other; Level Editor; Creative; Community Content; Ben 10	secondary-mechanic-tag		Community Content; Level Editor			5.2086	a141	Reversible Scrambler	0.0563	This Ben 10 game lets you build your own action games or play millions of games made by other players. The easy and intuitive level editor lets you quickly build awesome levels to challenge your favorite Ben 10 aliens. Use Swampfire, Humungousaur, Spidermonkey, Jetray, Big Chill, Brainstorm, Cannonbolt, Echo Echo, Waterhazard or Terraspin to battle the bad guys and save the day. Add legions of enemies, build tricky traps or insert devious puzzles-you can build your levels any way you want. Then send them to Cartoon Network Australia so we can add them to our gallery, where anybody can play your game. Or try out the gallery yourself, and play millions of games that have already been created b
682	a158b2e6-6589-4b14-9cba-b8e7a7ff6d05	Stream Master Unlimited	Char Studio		flonga.com	www.flonga.com	gameplay			Puzzle	construction			construction	connect the; draw a path	6.6303	a127	Triad Ban	0.1222	Connect the bubbles of the same colors by drawing paths to fill the entire board. Each path must begin and end at a colored bubble, and may not intersect another path. Good luck! Click and drag with your mouse to draw a path.
683	f8df4733-cebb-467f-bfc0-9cea7cf4b3be	GravityPods2	Keith Peters		wickedpissahgames.com	http://www.wickedpissahgames.com/ (via Wayback Machine)	gameplay			Puzzle; Physics; Logic; Silhouette	indirect-physics		Physics	indirect-physics	gravity	7.3909	q148	Delayed Commit	0.0661	Gravity Pods 2 is a vector-based physics shooter / puzzle, a follow up to the very successful Gravity Pods. The objective is simple: shoot a projectile at a target. Of course, there are some barriers, and naturally there is a way around those barriers. By strategically placing Gravity Pods around the screen, you can bend the path your projectile takes, so that it goes around walls, down halls, curves back on itself etc. The trick is figuring out where to put them to lead the projectile to the target. The first levels are simple, but it gets progressively tougher as the courses get harder, and more elements come into play. Gravity Pods 2 adds several new elements, including a simplified UI an
684	ecd144f0-e5d7-507f-2697-e7c0f3f69be8	Poto & Cabenga	Honeyslug	2010	newgrounds.com	https://www.newgrounds.com/portal/view/536541	gameplay			Runner	constraint-and-interface			constraint-and-interface	one button	6.1569	q090	Lineage Garden	0.0918	A One Button Game in which you control two characters, avoiding Beasties. Author Comments: Cabenga is riding along the plains on her trusty steed Poto, when a nasty mishap befalls her. The pair are separated, and must avoid many beasties in order to be reunited. Instructions: Poto: Press and hold button to dash. Release button to jump. Cabenga: Press button to jump. Release button to dash.
685	f5ca4047-13a0-4246-b2a6-fecb0d9d5908	"Line Rider ""i'm ridin' it"""	inXile Entertainment	2008	web.archive.org	https://web.archive.org/web/20090418113050/http://www.minisizefun.com/linerider.php	gameplay		McDonald's	Toy; Promotional; Physics; Creative; Side View; Drawing; Sandbox; McDonald's	secondary-mechanic-tag		Sandbox; Drawing; Physics			5.2055	q189	Inheritance	0.0838	Seen the ads, well now build your own! Make the Line Rider sledder Bosh slide over your Snack Wrap® and across whatever you can imagine. Click here to build your own custom Line Rider track with cool McDonald's® food and fun music.
686	83e0a0c5-a0c0-4385-9c81-d1363a94079c	Nicholas' Weird Adventure	Nicholas Walstrom	2005	newgrounds.com	https://www.newgrounds.com/portal/view/283531	gameplay			Adventure; Pixel; Auto-zipped	construction			construction	program the	6.6273	q065	Asymmetric Twins	0.053	Help Nicholas get the DVD he wants and get out of the mall in his first-ever RPG! Author Comments: Featuring 100% original graphics and music, it's Nicholas' first-ever adventure game! Help Nicholas find the DVD he wants and get out of the mall. Featuring giant witch-doctor things, otakus, magic potions and dead squirrels (okay, only one of each), this RPG will hopefully entertain everyone. If anyone gets stuck or encounters a glitch, please tell me in your review and I'll respond as soon as I can. Special thanks to Ramon Osborn for the music and to Lesser Raven for giving me help on starting to program the engine.
687	ed59fb25-513d-4c12-abc7-de4376155961	Barrel Roller	Sandeep Saha; Satyajit Chakraborty	2016	sandyloisa.weebly.com	https://sandyloisa.weebly.com/barrel-roller-ludum-dare-35-entry.html	gameplay			Puzzle; Physics; Ludum Dare; Game Jam; Mouse-only	indirect-physics		Physics	indirect-physics	friction	7.3896	g062	Ballast	0.0645	For some reason, mafias have become your enemy and you need to hit them and hit them hard! And you got the best weapon of your choice ever: BARRELS!!! Yes, hit them with barrels by turning it over into rolling position and then again back to upright position. Move your barrels intelligently to harm them in any way possible. Make use of the physics environment and use it tactfully to clear all baddies in a level. Enjoy the 16 levels of real physics puzzle fun. CONTROLS: Mouse only. Click on barrel to change its position. Rolling position: Heavier weight and less friction. Upright position: Lighter weight and high friction.
688	f1fbbe78-9531-4899-98f8-668faabb4b8f	One Button Vania	DirtyMangle	2014	armorgames.com	https://armorgames.com/play/15857/one-button-vania	gameplay			Platformer; Adventure; Metroidvania; Mouse-only; One Button; Auto-zipped	constraint-and-interface			constraint-and-interface	one button	6.1425	q148	Delayed Commit	0.0769	A metroidvania game where you fight huge bosses, find new items, gain level and its all done with ONLY ONE BUTTON.
689	8c4877a3-76d1-492e-84ba-5fa2d4bdadca	Raft Wars	Martijn Kunst	2007	addictinggames.com	AddictingGames.com	gameplay			Action; Artillery; Turn-Based; Side View; Mild Violence; Cartoon; Stereotyping; Tropical; Voice Acted	secondary-mechanic-tag		Turn-Based			5.181	q143	Costly Preview	0.0717	Help Simon defend his treasure from pirates in this raft wars game. Simon made the discovery of diamonds while playing in the sand one day. His story hit the news and now pirates from all around the world want to fight this little guy for his loot! With the help of his baby brother and dog, Simon is set on defending his rightfully earned treasure. This aim and shoot game is misleadingly easy looking but can be difficult to play. First, select the angle by moving your mouse. Then select the strength by moving your mouse up and down. Your goal is to knock out each of your opponents using tennis balls or other items that you’ve acquired. Every time you take a turn, they’ll make their aim in res
690	935eaf0f-d3da-4571-a8e6-6ab3192ebadb	TrapDraw	Alex Heaton		andkon.com	http://andkon.com/arcade/obstacles/trapdraw/	gameplay			Arcade; Strategy	construction			construction	connect the; draw a line	6.6224	g041	Spindle	0.1138	Use the arrow keys to move around and the spacebar to draw a line. Trap the dots in the line but be sure to connect the whole thing together. Use SHIFT to use the explosives.
691	367e99bb-8476-4bcc-98aa-e9cd5c21ba4c	Hit the Troll	Alexey Stashin; Yuri Stepanov/derecstar; Igor Makeenko/Terrax	2012	bubblebox.com	https://www.bubblebox.com/play/2933/hit-the-troll.htm	gameplay		Trollface	Arcade; Puzzle; Score-Attack; Physics; Level Editor; Trollface; Auto-zipped	indirect-physics		Level Editor; Physics	indirect-physics	bounce	7.3862	f031	Wake Up the Box	0.0712	Use physics to teach those pesky trolls lessons! Hit the Troll is an awesome physics bases puzzler where you must use your special balls to take out those pesky troll faces! Some balls explode! Some bounce like crazy! Some are just blah. Remember to aim and use them strategically when the right situation calls! Good luck, and happy trollin'!
692	25d3f337-188d-4f32-a4e6-57b30791a42b	Discus Throw 2012	Shajby	2012	newgrounds.com	https://www.newgrounds.com/portal/view/599794	gameplay			Sports; Score-Attack; Toss; Athletics	constraint-and-interface			constraint-and-interface	one button	6.1402	q164	Stop Test	0.0835	Olympic games 2012 are coming! Can you achieve the best score possible in 3 attempts of Discus throwing in this simple one-button highscores skill game? Use the left mouse button only!
693	01409564-3ed6-8472-eb22-6f2c74c46a4b	Line Runner 2	Locke Wong & Sebastien Romero	2010	newgrounds.com	https://www.newgrounds.com/portal/view/556353	gameplay			Racing; Arcade; Runner; Level Editor; Community Content; Cartoon	secondary-mechanic-tag		Community Content; Level Editor			5.1616	g030	Rewind Twin	0.0534	"Race through different obstacles by drawing a path for your runner. Author Comments: 18/12/10 - improved obstacles for mission 2C, 3C and 5C. 17/12/10 - reduced mine collision area. 15/12/10 - slowed down the animation. Line Runner is back! Race through different obstacles by drawing a path for your runner. Collect rings for speed while avoiding the purple mines. In addition to new levels and bosses, I introduce ""LR Designer"" - a built-in software for creating and sharing your own levels. Each level you upload to Newgrounds is entitled a scoreboard of its very own. MOUSE MOVE - draw path LEFT CLICK - dodge up or down SPACE - pause ARROWS - volume adjust"
694	f5c405b0-20ae-437e-886d-022eac345a15	Sara's Cooking Class: Gingerbread House			girlsgogames.com	https://www.girlsgogames.com/game/gingerbread_house_saras_cooking_class	gameplay			Simulation; Cooking	construction			construction	assemble	6.6086	f006	Multitask	0.0773	You don’t have to live in a fairy tale to make a delish gingerbread house. Sara’s back in the kitchen, cooking up some seasonal delights. Would you like something sweet and a little spicy at the same time? Of course you would. This gingerbread is easy to make and tastes incredible…plus you can amaze your friends with your incredible gingerbread house creation. Follow Sara’s simple instructions through the process; make sure to get your measurements right so your gingerbread tastes great. Mix the ingredients for the gingerbread and assemble your house carefully. Next, use candies to decorate your house beautifully. Complete each level quickly for bonus points. Once you’ve done a trial run, ho
695	a6a77632-4589-40a5-a339-f1024948bf8f	Gravity Pinball Challenge	Whole-Meal	2006	newgrounds.com	https://www.newgrounds.com/portal/view/343684	gameplay			Physics; Dodge; Auto-zipped	indirect-physics		Physics	indirect-physics	gravity	7.3821	q148	Delayed Commit	0.0498	Gravity Pinball 2 coming soon! Cant reveal much yet, but im about half way through developement Front page! Thanks to all of you who wrote good reviews, and good luck to everyone who hasn't won the secret prize yet... ** PLEASE DO NOT REVIEW UNLESS YOU COMPLETE THE GAME!!! ** thank you. 'nother edit: If you want to have fun then don't read this: It's got out that if you right click - play then it goes to the next section, but also if you press [SHIFT] + [CTRL] + [ALT] then you can select a level (bt the sound goes strange so i would just play through the levels) I had to down the music quality because I think 30 meg is a bit over the 10 meg limit. Control the dropping ball through 120 levels
696	9660e036-8dc4-4914-af25-70593b72de40	Sik Trix BMX	Steve Castro & Josh Tuttle	2008	entropicorder.net	Entropicorder.net	gameplay			Sports; Level Editor; Cycling; Auto-zipped	secondary-mechanic-tag		Level Editor			5.1543	g038	Tally Room	0.0715	Sik Trix BMX has the most extreme BMX bike tricks you have ever seen in an online Flash game. Fly off ramps onto building rooftops and do all kinds of crazy sick tricks with your bike. With 13 distinct characters, 35 fantastic tricks, 5 pre-made levels and a level editor, Sik Trix BMX will have you glued to you computer until you've unlocked it all! You may have played the demo on someone else's site, but this is the full version and it's free! How to Play Sik Trix BMX Choose whether or not to load the music and press Start Game to start biking. Press Left and Right arrow keys to move and Spacebar to jump. Press 'Z' + an arrow key to do a regular trick in the air. For every trick you land yo
697	73b7a2c7-9a52-4e14-a3b0-97d54c42757c	Glazier Club			girlgamesclub.com	http://www.girlgamesclub.com/game/glazier_club.html	gameplay			Creative; Object Creator	construction		Object Creator	construction	assemble	6.6084	q065	Asymmetric Twins	0.0813	Assemble your own line of exclusive sunglasses together with just a few simple mouse clicks. Select the shape, color, glasses and decorations and keep creating new glasses for your collection! Play Glazier Club using the mouse cursor.
698	06475b4b-fcfa-40ed-8dbd-1301e0995093	Super Morse Code RPG	Des & Grent	2011	newgrounds.com	https://www.newgrounds.com/portal/view/567733	gameplay			Educational; Role-Playing; Military; Game Jam	indirect-physics			indirect-physics	signal	7.3745	q002	Afterimage Mill	0.0618	"Des&Grent's submission for Game Jam 4! Our handicap was that the game's controls could only consist of a single button, so instead of making Cowbell Hero, we decided to make a quick little RPG using Morse code. We ran out of time to come up with an effective in-game tutorial, and I wasn't conscious enough to write one in here last night, but there's a few tricks in the game I feel like I should have brought up: On the map screen, ""Search"" will either get you into an encounter at your current location, or enter the STOR (once it's working) if you're at it. You also have about a one-in-four chance to encounter an enemy in a previously visited area when you travel to it. You will need to train "
699	8b65d6ce-4513-4789-aaf7-972406ac4944	Shadowjumpers	PIZZAPRANKS / Andrew Baillie	2014	pizzapranks.itch.io	https://pizzapranks.itch.io/shadowjump	gameplay			Platformer; Action; Stencyl; Science Fiction; Stealth; Game Jam; Top-Down; Cyberpunk Jam	secondary-mechanic-tag		Stealth			5.1147	a042	Semaphore Garden	0.0598	Still a little busted (alert state mostly). Make try to fix it after Procedural death/7drl. You play as a Shadowjumper, an elite, agile, work for hire who specializes in reaching the highest levels towering skyscrapers and escaping by jumping down to the street below using special wing attachments. On Foot W - Up A - Left S - Down D - Right Q - Switch between gun and sword E - Use computer (You can only use specific computers that prompt you) Left Mouse Button - Attack Each mission objective is located on the third (50th) floor. Elevators are marked by plants. Players can escape out windows by first shooting them out or by using the elevator. You can't use the elevator while the alarm is rai
700	7c2cd853-178c-4254-a067-dc0203049000	DNA	Terry Paton	2008	newgrounds.com	https://www.newgrounds.com/portal/view/438846	gameplay			Arcade; Puzzle; Score-Attack; Time-Attack; Connect the Dots	construction			construction	connect the	6.5999	f031	Wake Up the Box	0.0682	Connect the DNA nodes from the star and #1 up to finish the strand before time runs out Author Comments: Connect the DNA nodes from the star and #1 up to finish the strand before time runs out. A very simple little game that evolved from quite a different idea. The neat part was coming up with rotating DNA strand, that really has nothing to do with the gameplay!
701	c445c527-4a72-4f2c-b7d3-7ec6f55f6de3	Unbalanced	dpkgame	2015	newgrounds.com	https://www.newgrounds.com/portal/view/666199	gameplay			Platformer; Puzzle; Physics; Science Fiction; HaxeFlixel	indirect-physics		Physics	indirect-physics	balance	7.366	q104	Conveyor Frame	0.072	Unbalanced is a side-view action puzzle game where players must strategically move around an ever-tilting world in order to restore balance. The catch: everything in the game has weight. Players must figure out how to balance a board with moving enemies, objects, and even their own weight as they traverse the levels. Players will have visual feedback with the physical tilt of the board and meter on the X axis that indicate if the board is successfully balanced. Controlling a handy robot, BEE-3, players can shock enemies and move weighted objects to change the board’s tilt to balance the level.
702	59dff850-32dd-4850-8496-a94a1cc9e1e0	Drawscape	David Maletz; Natalie Maletx; Robot Horse	2013	newgrounds.com	https://www.newgrounds.com/portal/view/608968	gameplay			Platformer; Action; Level Editor; Community Content	secondary-mechanic-tag		Community Content; Level Editor			5.1116	q193	Routine Builder	0.0698	"Drawscape is a physics platformer where you draw shapes to overcome many challenges and puzzles. Play through 22 unique levels as Kami, a curious fox girl with the power to create and destroy. You can also create your own levels in the world builder and share them with others! Instructions are written on signs in game. Having trouble? Click the ""Show Me"" button on the bottom left corner (only available for levels 2,3 and 4). Drawscape is definitely easier to play with a mouse or tablet, but it is playable on a laptop. Here's a video of the gameplay: tch?v=4EscHA5kBhY Note: To clean up the shared levels, I will be manually deleting any ""blank"" or unplayable levels. These levels will remain in"
703	61b8fea0-9109-45af-e425-4c0e93d16ba3	Line Flyer			armorgames.com	https://armorgames.com/play/527/line-flyer	gameplay			Toy; Creative; Drawing	construction		Drawing	construction	draw a path	6.5662	q019	Apprentice Path	0.0549	Line Flyer, a free online Miscellaneous game brought to you by Armor Games. Draw a path, then let your little guy go crazy!
704	93e4684c-d25d-4c6e-8072-021a8b8f7a53	Blobbs 2	nutter666	2011	kongregate.com	https://www.kongregate.com/games/nutter666/blobbs-2	gameplay			Arcade; Level Editor; Game Jam; Mouse-only; Game in Ten Days; Achievements	indirect-physics		Level Editor	indirect-physics	chain reaction	7.3618	q131	Pulse Language	0.0752	With 8+ new blobb types, a level editor and a whole bunch of achievements. Blobbs 2 will be a whole new challenge to new players and Blobbs veterans alike. Use the mouse to fire a pulse to cause a chain reaction and kill the blobbs. Instructions Use the mouse to fire a pulse, create chain reactions to kill the Blobbs
705	74ae7d12-a0ab-4b7c-9e76-7359f1527ec7	Nuactris	carbonlad (Alexey Pajitnov)	2022	newgrounds.com	https://www.newgrounds.com/portal/view/856735	gameplay			Arcade; Puzzle; Experimental; Score-Attack; Tetris; Time-Attack; Alcohol; Tobacco	secondary-mechanic-tag		Experimental			5.1112	g055	Fourth Verse	0.0636	NUAC NUAC NUAC NUAC NUAC NUAC NUAC NUAC NUAC NUAC NUAC NUAC NUAC NUAC NUAC NUAC NUAC NUAC Author Comments: =============================================== N U A C T R I S =============================================== CONTROLS: ARROWS ---- MOVE SPACE/UP --- ROTATE BEAT ALL FOUR LEVELS NUAC NUAC NUAC NUAC NUAC NUAC NUAC NUAC NUAC NUAC NUAC NUAC NUAC NUAC NUAC NUAC NUAC NUAC NUAC NUAC NUAC NUAC NUAC NUAC NUAC NUAC NUAC NUAC NUAC NUAC NUAC NUAC NUAC NUAC NUAC NUAC NUAC NUAC NUAC NUAC NUAC NUAC NUAC NUAC NUAC NUAC NUAC NUAC NUAC NUAC NUAC NUAC NUAC NUAC NUAC NUAC NUAC NUAC NUAC NUAC NUAC NUAC NUAC NUAC NUAC NUAC NUAC NUAC NUAC NUAC NUAC NUAC NUAC NUAC NUAC NUAC NUAC NUAC NUAC NUAC NUAC NUAC NUA
706	2a750e16-0735-44cf-8bd8-033f702c8da3	Ultimate Pizza Maker			allfuncookinggames.com	http://www.allfuncookinggames.com/play/ultimate-pizza-maker.html	gameplay			Creative; Object Creator	construction		Object Creator	construction	assemble	6.5522	a038	Deque Ferry	0.0752	Your friends are coming over for tea and you have decided to serve them some pizza. Set up the table and assemble the pizza. Select a base, add cheese and sauce, vegetables, herbs and other delicious toppings.
707	8252ea25-b55a-42de-bce4-ca63d00440f4	GravityPods	Keith Peters	2007	wickedpissahgames.com	http://www.wickedpissahgames.com/ (via Wayback Machine)	gameplay			Puzzle; Physics; Logic; Vector Display	indirect-physics		Physics	indirect-physics	gravity	7.3607	g058	Solder	0.0694	Gravity Pods is a vector-based physics shooter / puzzle. The objective is simple: shoot a projectile at a target. Of course, there are some barriers, and naturally there is a way around those barriers. By strategically placing Gravity Pods around the screen, you can bend the path your projectile takes, so that it goes around walls, down halls, curves back on itself etc. The trick is figuring out where to put them to lead the projectile to the target. The first levels are simple, but it gets progressively tougher as the courses get harder, and more elements come into play. The game took about two weeks to program, part time. Then about a week of creating levels followed by a week off and anot
708	b1e54300-ad1b-44a6-846e-618ba82f4dce	One/Hundredth	MRindependent	2015	newgrounds.com	https://www.newgrounds.com/portal/view/661799	gameplay			Arcade; Experimental; Score-Attack; Stencyl; Intentionally Infuriating; Mouse-only; Achievements	secondary-mechanic-tag		Experimental			5.11	q189	Inheritance	0.0822	One Hundredth is an **experimental game** about human stubbornness and will to accomplish certain objective. On the first level of the game you have **99.9%** of chance to get to the next level, on the last level you only have** one hundredth** of a chance. To win the game you must rely on your luck and pass through 12 levels. In the process of creating I added some items and upgrades to make the game easier. Still it's not easy to finish it. I's a weird game, I hope it's somewhat enjoyable. **Instructions**: Use your mouse to navigate around the level and left click on one of percent icons to see if you can pass through. If you get to the next level the score multiplier will increase by 1. 
709	35b1a44e-6356-00ef-6e51-d38dbb77dc6b	Sushi Cat: The Honeymoon	Armor Games, JoeyBetz, Jimp	2010	sushicat.top	http://sushicat.top/sushi-cat-4.html	gameplay			Arcade; Feline; Pachinko	indirect-physics			indirect-physics	bounce	7.3349	q045	Scout Drones	0.072	The new game Sushi Cat 4, which is called Sushi Cat: The Honeymoon. This arcade game in which you have to throw a round elastic Cat. He will be eating sushi in large quantities. The cat jumps on the various moving and stationary obstacles and eats all the sushi that caught him on the way. Further he falls into one of the boxes at the bottom of the screen. Not for the first time you have to help the blue cat to gain weight. To do this, he must eat sushi as much as possible. In addition to new levels in the game there are additional opportunities. After the main character eats a special sushi, he can throw his tongue just like a frog. All the sushi, which caught him on the way, stick to it. Ch
710	e032b308-5b65-8a7c-aa35-48891923a0db	Starlight 2	Kostiantyn	2010	armorgames.com	https://armorgames.com/play/5542/starlight-2	gameplay			Puzzle; Level Editor; Community Content; Mouse-only	secondary-mechanic-tag		Community Content; Level Editor			5.1077	q089	Persistent Passenger	0.0777	There's only you and a night sky full of stars. Turn your imagination on and find out what pictures are hidden between the stars! Starlight 2 is here, with almost twice more levels that in original game. You've asked for challenge? Two new gameplay modes are there to satisfy those who aren't looking for easy ways. And now you can create your own constellations too! Check out built-in levels editor (with video tutorial). And don't forget to share your creation with others!
711	95b9df8c-59ce-45d1-ae0b-696e190d9e14	Learn to Fly 3	Light Bringer Games	2016	kongregate.com	https://www.kongregate.com/games/light_bringer777/learn-to-fly-3	gameplay			Arcade; Side View; Upgrade; Avian; Arctic; Broken Feature	indirect-physics			indirect-physics	balance	7.3294	f008	Upgrade Complete	0.0642	The third game in the Learn to Fly series. This time, our penguin is challenged to not only fly, but make it to space! 1.1.14 notes: Failure to update your sardines/consumables on the servers give you the possibility to retry the call. It’s not pretty, but it works and you won’t silently lose free sardines anymore. 1.1.0 notes: - Introducing the Black Market, where you can buy extra items, cheat options, fast-forward, slow motion, unlock over-leveling items to 100 and much more! - Brought back online saves - Added 6 new omega items - Added new medals - Extended the late game with more difficult challenges and goals -You can now see the progress of your previous flights - Reworked and rebalan
712	636be336-1820-4daa-a81d-1b97a7336bfc	Zombie Launcher 2	NikolaiS; Max Postnikov/stagefear; Vyacheslav Bugayov; Igor Makeenko; Alexej Alehin		bubblebox.com	https://www.bubblebox.com/play/2656/zombie-launcher-2.htm	gameplay			Arcade; Puzzle; Score-Attack; Physics; Zombie; Ragdoll; Auto-zipped	secondary-mechanic-tag		Ragdoll; Physics			5.1047	f031	Wake Up the Box	0.0761	Launch zombies across the screen with your Zombie Cannon! The objective here is to hit all of the smiley faces on the map. Physics are key here, so make sure you use parts of the level wisely. Also, the less shots you take, the higher your score is going to be. Have a zombietastic time! If you like this game, check out Explodabot!
713	081f7f1d-88d2-4b3f-9c04-39b754fdaa25	Galactic Explorer	NASA Space Place		spaceplace.nasa.gov	http://spaceplace.nasa.gov/review/galactic-explorer/	gameplay			Arcade; Score-Attack; Space; Dodge	indirect-physics			indirect-physics	gravity	7.3274	q012	Private Appetites	0.0617	Your mission is to safely fly your spacecraft on a journey. You'll want to visit as many galaxies as possible. A galaxy is a huge collection of gas, dust, and billions of stars all held together by gravity. All galaxies are made up of these same things. However, they come in many different shapes and sizes. Here are a few types of galaxies you might see out your window as you're jetting through the universe: Spiral galaxies look like giant pinwheels. The arms of the pinwheel are made up of stars and lots of gas and dust. Gas and dust are some of the main ingredients needed to form new stars. Young stars burn much hotter than older stars, so spiral galaxies are often some of the brightest in 
714	bb297062-6c5c-4926-abd2-414453144b4e	The Bomar Gene	Jason Nelson	2006	secrettechnology.com	http://www.secrettechnology.com	gameplay			Toy; Puzzle; Experimental; Variety; Story-Driven; Epilepsy Warning; Memory; Time-Attack	secondary-mechanic-tag		Experimental			5.1017	q102	Walking Room	0.0649	interactive fiction artwork exploring genetic science Within every human there is a singular gene, unique only to that individual. And with that gene comes a singular ability, a rare, mostly never realized capacity for interacting with the world. The Bomar Gene explores this mythical gene, through a series of ficto-biographies, with each story being retranslated and spatialized through interactive interfaces and embodied animations. Each section opens up to such questions as: How are we defined by our genetic code? What does it mean to be an individual, to be unique? What are the implications of a society obsessed with rare abilities and super-powers? An interactive fiction/poetry hybrid. Aw
715	48b8c6ea-e808-4d2c-aefd-0e091cb45afb	Straight Outta Pixels	Munguia	2019	newgrounds.com	https://www.newgrounds.com/portal/view/737325	gameplay			Arcade; Puzzle; Physics; Logic; Pixel; Moderate Language; Auto-zipped	indirect-physics		Physics	indirect-physics	gravity	7.3032	a108	Guillotine Floor	0.0619	Yo, Rap is illegal, all rappers are behind bars, set them free Author Comments: Yo, Rap is illegal, all rappers are behind bars, set them free A hip hop hooray for all those cool rappers of any time Use your mouse to click, not a regular gravity block game, preatty funky eazy,...or not Down with OPP full of BIg Pun and medals
716	d1c7cf27-4487-8efb-18db-9d3b21134d65	Light-Bot 2.0	Coolio-Niato	2010	armorgames.com	https://armorgames.com/play/6061/light-bot-20	gameplay			Puzzle; Logic; Level Editor; Community Content; Axonometric	secondary-mechanic-tag		Community Content; Level Editor			5.0877	f033	Light-Bot	0.1015	Check out Light-bot.com, for more Robot Goodness! Light-bot is back, more puzzling than ever! Use programmer-style logic to tell the bot how to light up all the blue tiles! Functions, conditionals, recursion, expert levels- many different features for new and old players. Light-bot 2.0 is a collection of a lot of the ideas I received from the first one and I want to thank each and every supporter of the original game. This would not be the same game it is now without you all! Big thanks to Shael Riley and the Double Ice Backfire ( for creating an addictive soundtrack- one of the songs is a remix of the original Puzzling tune! Have Fun :) CoolioNiato Controls Mouse - Click to move Commands in
717	85088081-d22c-4d3f-b7eb-0a147b988fa8	Red Menace 2	GodvilGames		gimme5games.com	http://www.gimme5games.com/playgame/864	gameplay			Arcade; Puzzle; Score-Attack; Physics; Level Editor; Auto-zipped	indirect-physics		Level Editor; Physics	indirect-physics	gravity	7.2985	q101	Carousel Coordinates	0.1016	Remove shapes, turn on propellers and shift gravity to move the red shape onto the target platform.
718	74db6862-5fdf-40dd-8591-a666bd18833e	Pixel Zen	neodeltai	2009	kongregate.com	https://www.kongregate.com/games/neodeltai/pixel-zen	gameplay			Toy; Experimental; Other; Pixel; Sandbox	secondary-mechanic-tag		Sandbox; Experimental			5.0764	q115	Partial Demonstration	0.0713	In the beginning, there was nothing. And then… There were pixels. Use the combined power of your mind, mouse, and keyboard to create dazzling particle effects in this interactive art piece. Those who demonstrate patience may even learn wisdom from Pixel Zen itself. Please see tutorial / pause menu for controls.
719	23aed367-fae2-4384-906a-beb2668ffa5b	Nocturnal Letters	Ms-Bowser	2006	newgrounds.com	https://www.newgrounds.com/portal/view/348493	gameplay			Adventure; Point and Click; Horror	indirect-physics			indirect-physics	magnet	7.2926	g054	Metre	0.0776	A scary/creepy point-and-click adventure game. Very plot-driven. You can almost call it an interactive movie. Ivy lives with her family in a big house in the forest. Things have been rather strange lately. Help Ivy find out what is wrong, and uncover the awful secret. SPOILER ahead: Walkthrough: After waking up, look around the house. [Press the cardboard boxes on the first screen, then the umbrella, and the small table next to the door for the first second and third Creator's Notes. A sound will tell you when you've got them]. Exit. When you get to the second house, pick up the FLASHLIGHT from the ironing board. Enter the kitchen, talk to Ruth and you will get the JUG. [You will find some C
720	d076cca5-0ee2-fe82-1c40-d3aea842347c	Free Rider 3	Kano Games	2012	kanogames.com	https://www.kanogames.com/free-rider-3	gameplay			Level Editor; Community Content; Cycling	secondary-mechanic-tag		Community Content; Level Editor			5.0497	a124	Exists Exactly One	0.0662	Over 6 years ago Free Rider was released to the world launching one of the most successful Flash game franchises in history. Then came Free Rider 2. Over 100 million people have driven the baseball-capped rider to his death. Millions of tracks have been created, thousands of fan videos and even unlicensed clones have emerged. The true strength of Free Rider has always been you, the community. Free Rider 3 is only the start of things to come. Our developers are ready to hear your feedback, add new features and build the game you want.
721	a6f8057d-b4fb-41c1-8ce4-987812df12ed	Slingo: Lucky Stars	GetALifeGames.com		classic.slingo.com	https://classic.slingo.com/games/play/lucky-stars	gameplay			Arcade; Puzzle; Score-Attack; Match-3; Auto-zipped	indirect-physics			indirect-physics	chain reaction	7.2921	f031	Wake Up the Box	0.0752	Thank Your Lucky Stars for This Game! Lucky Stars is an action-packed board-matching game that lets you play in a field of moons, stars, planets, even rocket ships and bug-eyed Martians! This exciting game will take the sharp eyes and sharper wits of an astronaut to get a high score and rake in those Slingo coins. To play Lucky Stars, you just need to swap any two items on the board to make a match of three items in a row or more. (Sorry, if it doesn't make a match you can't switch them.) All of your matched items will disappear, making the rest of the board fall to fill in the space and reveal new matches and new items. You'll have to use strategy, too, to clear away matches in the right or
722	e3f7c474-4e95-44e8-adc4-b822dc409db6	Swords and Sandals: Crusader (Demo)	3rdsense.com	2007	newgrounds.com	http://www.newgrounds.com/portal/view/391219	gameplay			Strategy; Turn-Based; Fantasy; Blood; Mild Violence; Trial	secondary-mechanic-tag		Turn-Based			5.046	q158	Causal Rhyme	0.052	The Swords & Sandals world just got a whole lot bigger with the all-new Swords & Sandals: Crusader! Step out of the gladiator arena and onto the field as you lead hundreds of troops into battle against the toughest lords in the realm. Swords & Sandals Crusader is an epic mix of fast paced arcade combat and RPG strategy. Lay siege to castles in the pouring rain, fight a giant Cyclopes in dank swampland or send your cavalry against a horde of skeletons in the heat of the scorching desert. Featuring particle weather and spell effects and a variety of army and game types, Swords & Sandals Crusader takes off where Swords & Sandals 2 ended, as the battle against the undead Emperor Antares intensif
723	6aad6900-195d-4a23-8ca9-8f5164c016c8	Dragon	Fig Hunter / Pseudolonewolf	2009	fighunter.com	http://fighunter.com/?page=blogpost&id=38 (via Wayback Machine)	gameplay			Dress Up; Auto-zipped	indirect-physics			indirect-physics	balance	7.29	g011	Slick	0.069	Hello there. It's not Sunday, but here is a news article anyway. I hope you enjoy it immensely, in a carnal sort of way. Firstly: [here is a link]! There's this 'MyBrute' thing that I've seen around a lot... one of those things that's based a lot around referral linking which tends to clog up forums and annoy a lot of people. At first, I didn't even bother looking into it because I assumed it'd just be something annoying, but once my curiosity did finally get the better of me, I found it rather interesting as a little browser 'toy' if not necessarily as an enthralling game. I can certainly see the appeal of it, and would like it if you would [click my referral link]! : D No, I'm not overdoin
724	dab30b4b-6de9-c15f-73ef-0404574365e2	Freigeist	Wallross; Cope2K; Kirbyfemur; MarkP0rter	2011	newgrounds.com	https://www.newgrounds.com/portal/view/585053	gameplay			Platformer; Experimental; Politics; Side View; NG Game Jam; Game Jam; Heavy Themes; Real World Violence; Auto-zipped	secondary-mechanic-tag		Experimental			5.0438	g062	Ballast	0.0624	Created by Team Tolstoy in four days for Newgrounds Game Jam #6. Please note that the screen might stay white for a short while, before the preloader appears. If you're on a slower connection, please wait patiently. We understand that it's short. It could easily have been twice as long, but we had to draw everything twice... Play as an unnamed Jew, living an oppressed life in Nazi Germany. In an order to advanced their medical system they conduct bizarre and cruel experiments upon you. Soon, it becomes obvious there is only one way to break free. Use the WASD keys to explore the landscape. Press space to change worlds and make new paths available to you. Use W and Up to while next to a ladde
725	79f46170-50f2-48fd-80b9-34e94d242e16	Principal Constituents of the Thermosphere	The COMET Program; HAO		windows2universe.org	https://www.windows2universe.org/earth/Atmosphere/thermosphere_constituents.html	gameplay			Educational; Informative; Science; Interactive	indirect-physics			indirect-physics	fluid	7.2694	q073	Phase Change	0.0796	The gases in the lower layers of Earth's atmosphere (the troposphere, stratosphere, and mesosphere) are well-mixed, and the density of each different type of gas (nitrogen, oxygen, etc.) declines at about the same rate with increasing altitude. However, in the extremely thin air of the thermosphere the mixture of gases no longer behaves as much like a well-mixed fluid as it does in the denser, lower atmosphere. The physics of particle (molecules and atoms of gases) motion begins to play an increasingly important role in governing the behavior of the constituents of the thermosphere. This means that the density of each constituent varies at a different rate as altitude increases. The graph be
726	c22ac832-2304-4565-9870-07a7dae97390	Puzzatales!	Moonkey; Snow Snow Productions; Spike Vallentine; Matthew Stradwick	2009	abroy.com	abroy.com	gameplay			Adventure; Puzzle; Story-Driven; Memory; Time-Attack; Holiday; Interactive Fiction; Webcam	secondary-mechanic-tag		Interactive Fiction			5.0392	q090	Lineage Garden	0.0497	Solve a Scene to advance the Story. 3 Stories to unravel! “BiteMyValentine”: A vicious monster lurks around town causing havoc. His motives change when Valentines Day captures his interest. “GunnyHunnyBunny”: Two creatures in love ready to commit as Hunny Bunnies. What a perfect story! Or is it? “SkyClowns”: Saphon has been preparing for countless weeks to fly to the floating mountain. Will his training be enough? Win the Stories to unlock them in “Play Movies” where you can watch them seamlessly and in full screen! Animated puzzle pieces! 9 Original Puzzle Shapes! 9 Difficulty Levels. 4 Musics! Even play in Webcam Mode! Grab your family! Best friend? Spouse? Doggy? Bunny?
727	e2cd4459-e76f-4163-8d52-ac244dc14243	Magnetic Moment	Paegames.com / Plus And Eric's Games	2011	web.archive.org	https://web.archive.org/web/20210120154629/http://www.hoodamath.com/games/magneticmoment.html?utm_source=Flora&utm_medium=flora&utm_campaign=HoodaFlora	gameplay			Arcade; Puzzle; Score-Attack; Physics; Box2D	indirect-physics		Physics	indirect-physics	magnet	7.268	f031	Wake Up the Box	0.0914	* HoodaMath.com Goal is to get the white ball to the basket. Click and place positive and negative magnets to move the white ball. * Paegames.com / Plus And Eric's Games Guide the ball into the bucket by placing the given magnets on the screen. Red magnets attract the ball and blue magnets repel it. ** Instructions To complete level put a ball to the basket. Use magnets to move ball: Red magnet draw a ball. Blue magnet pushes away ball. The more close to a magnet the more force of action.
728	a3adbff9-0c94-4dc6-98cd-b636caf7b543	Ragdoll Laser Dodge 2	Stupidflashgames101	2011	newgrounds.com	https://www.newgrounds.com/portal/view/563298	gameplay			Arcade; Dodge; Ragdoll	secondary-mechanic-tag		Ragdoll			5.0379	a095	Plastic Trail	0.0788	***TO THE PLAYERS AND POSSIBLE HOSTS*** In Ragdoll Laser Dodge 2, the game uses Mochi Coins. HOWEVER, Mochi Coins does not affect the game-play at all. EVERYTHING IN THIS GAME CAN BE UNLOCKED THROUGH IN-GAME PLAY. You can figure out how to unlock them in the achievements, they'll be under the (name of the ragdoll) + unlocked. Use different ragdolls and their special abilitys to make it easier for you to unlock the other ones. It is not impossible to do this either, I myself have played through the game and unlocked every character without the use of coins. And I consider myself an average gamer. Yes, some people will have trouble unlocking everything, but with a little bit of practice and ti
729	5b9181ac-5cc7-4e24-800b-7689b190e584	Immortal Dress Up	Shattering-Gravity; Firelight342	2019	deviantart.com	https://www.deviantart.com/shattering-gravity/art/Immortal-Dress-Up-812614551	gameplay			Creative; Fantasy; Character Creator	indirect-physics			indirect-physics	gravity	7.2651	g054	Metre	0.0514	NOTICE! It is SLOW! Give it time! This is a flash game and requires a laptop to work. At the end of the Dawn Age, half of the Kalestar left their silver beaches and ancestral territories, gave up their wings and entered the inner valleys of Aelevar. Once based in Aelevar's crystal jungle, they established the hidden kingdom of Caelum and shared their healing powers with the native tribes and any bold adventurers entering their forest in search of the mysterious healers. As the years passed, Caelum became the capital city of Eslantica, an empire of rulers and nobles who were so long-lived and so difficult to kill that the Kalestar came to be known as Immortals. The other races of Aelevar reco
730	17dcecb5-16f2-4efa-86ea-def9c31b830c	Draw Play 2	Eggy	2008	newgrounds.com	https://www.newgrounds.com/portal/view/349940	gameplay			Platformer; Level Editor; Drawing; Auto-zipped	secondary-mechanic-tag		Drawing; Level Editor			5.0344	f031	Wake Up the Box	0.0671	Well here it is, the sequel! Thanks to everyone emailing me to make a new one and giving me suggestions. Thanks to everyone on my forum for ideas. Thanks guys :) The idea of the game is simple, use the arrow keys to move your character and get him to the flag. Use the mouse to draw your own level. New features - - 40 New levels - Level Editor - Line Colour Selecter - Music Selection - Hard Mode - New Traps If you have any feedback at all, feel free to contact me at Eggy55555@hotmail.com
731	d1c673aa-cb52-4206-bbe5-a1a56840b4ef	Heroic Ants	Fupa.com	2012	fupa.com	http://www.fupa.com/play/Action-free-games/Heroic-Ants.html	gameplay			Arcade; Launch	indirect-physics			indirect-physics	bounce	7.249	g024	Cuff	0.0697	The rumor is that the world outside of the ants' colony is beautiful, boundless, and it gives plentiful food. The ants are so excited that they wish they could reach the blue sky, but at the same time they are also worried about the pesticides widely spread by humans. A little ant, our hero, has volunteered to be the adventurer and explorer, so as to gather more information for the expansion of the colony. In order to help the little ant to travel a longer distance, its fellows have constructed a leaf sling, so that the little ant can be sent further. Your goal in the game is to help the little ant to reach the distant lands by controlling the launching angle and power of the leaf sling. Whe
732	7965208c-136e-4dbc-9405-49c83f7d8f4c	Stonelegs 2	Skudge, Brandon Nathaniel Collier	2013	newgrounds.com	https://www.newgrounds.com/portal/view/615710	gameplay			Platformer; Pixel; Level Editor; Community Content; Auto-zipped	secondary-mechanic-tag		Community Content; Level Editor			5.0297	f006	Multitask	0.0548	Original platformer with 100 new levels, level editor & online sharing! Author Comments: Stonelegs is coming to mobile soon (early 2018)! Check back soon ;) -------- Stonelegs is back! 100+ new levels, a level editor, and level sharing with the Newgrounds API! I had a lot of fun making this! Let me know what you think!
733	50ced4cd-037c-46fc-a75b-43417fb59f93	Slingo Bumper		2002	classic.slingo.com	https://classic.slingo.com/games/play/bumper	gameplay			Arcade; Puzzle; Score-Attack; Matching; Auto-zipped	indirect-physics			indirect-physics	bounce	7.2446	f031	Wake Up the Box	0.0786	Bounce into Fun With Bumper! Bumper is the wild bumper car strategy game that lets you have carnival-style fun and take out a little aggression all while building up a crazy pile of points! In each round of Bumper you get five cars to place on the grid (and you have to place all five too, no shortcuts here). You can put a bumper car on any blank beige oval on the screen. But this is a puzzle game, so of course it's not as simple as all that - you'll have to do some thinking ahead about where you're going and be ready to change your route if you run into an unexpected roadblock. Your goal is to create lines of same-colored ovals - when you get five in a row, whether they're up and down, acros
734	f2746f96-eb7f-41c4-b74f-b2598299424d	T in Y World	Tom VII / Tom 7	2012	tinyworld.spacebar.org	http://tinyworld.spacebar.org/	gameplay			Educational; Puzzle; Pixel; Community Content; ASCII; Computer Science; Ludum Dare; Game Jam	secondary-mechanic-tag		Community Content			5.0239	q019	Apprentice Path	0.0513	"Sup guys. I made this game in 48 hours for Ludum Dare #23, whose theme was ""Tiny World"". It is an experimental homage to an old game called ZZT, with some twists like that everyone can edit the game world, making it a Moderately Multiplayer On-Line Rule Playing Game. Other features: Very expensive simulated color-ASCII graphics Content & technology double-whammy False dichotomy Four new music tracks, including shamelessly self-referential theme song You can turn off the annoying music Spoiler 1 Thrilling Computer Science based gameplay Integrated level editor Spoiler 2 Boss battle!! You can play it or get the soundtrack, or both!"
735	fa73450a-379e-d20a-acf7-c62766075423	Pumpkin Remover 3	Gaz Thomas	2011	kongregate.com	https://www.kongregate.com/games/TheGameHomepage/pumpkin-remover-3	gameplay			Puzzle; Physics; Halloween	indirect-physics		Physics	indirect-physics	gravity	7.2421	f031	Wake Up the Box	0.0796	Use fire and gravity to solve a new set of Halloween themed physics puzzles. Your goal is simple – remove the rotten and black pumpkins. You can remove the rotten pumpkins by clicking on them. Black pumpkins are a little more tricky though, either set them on fire or make them fall out the screen to get rid of them. One last thing – don’t let any fresh pumpkins fall off the screen. This game is Halloween themed spin-off of Red Remover, hope you enjoy it! Instructions Remove the rotten and black pumpkins. You can remove the rotten pumpkins by clicking on them. Black pumpkins are a little more tricky though, either set them on fire or make them fall out the screen to get rid of them. One last 
736	d18b1ae5-6d48-411d-8c82-ee53b909f4ba	Little Red Forest Adventures			rainbowdressup.com	http://www.rainbowdressup.com/game/little-red-forest-adventures/	gameplay			Arcade; Puzzle; Variety; Timing; Dress Up	secondary-mechanic-tag		Timing			4.9771	a091	Pinched Tube	0.0537	How would you like to join sweet Little Red on her thrilling adventure in the forest that she needs to cross when she heads to her dear granny's house? Help her get her basket loaded with all kinds of finger-licking good foodies for her granny, then help her get herself a so very pretty, lovely chic look to impress her grandmother with and, while crossing the maze-like pathway in the woods, watch her back, lest the wolf should scare her away, sending her back home! Enjoy Little Red Forest Adventures, no doubt one of the most addictive skill games for girls that you've enjoyed so far! The very first challenge that your sweet little friend will face: spotting all the treats that she was planni
737	d5d4f86f-187f-48bd-bfba-73968e2803d7	Flipped!			cartitans.com	http://www.cartitans.com/game/flipped/	gameplay			Simulation; Driving; Side View; Science Fiction	indirect-physics			indirect-physics	gravity	7.2358	q144	One Reset	0.0764	Flipped! is a side view online driving game that you'll find to be very entertaining and addictive. It's got cars, explosions, great game play, nice graphics and cool soundtrack. So now that you know that this is a truck driving game that you must now miss, maybe you should know what you have to do. There are 8 levels available, the first one being more of a tutorial level where yo learn how to play. The fun part of Flipped! is that no matter if your car turns upside down, you can still drive it because it won't take any damage. It's supposed to flip so that you can have fun while driving across the multitude of obstacles that you'll come across. The only way to fail the level is if fall int
738	1f48ca02-a126-47d4-ab76-a79c982e1c88	Balloons vs Zombies 3	bestphysics.com		flonga.com	flonga.com/play/balloons-vs-zombies-3.htm	gameplay			Shooter; Puzzle; Physics; Zombie; Ragdoll; Auto-zipped	secondary-mechanic-tag		Ragdoll; Physics			4.9521	a120	Chain Exchange	0.0572	Balloons vs. Zombies 3 is a physics puzzle-shooter that equips you with high-tech guns. Use balloons, bats, grenades and knives ammo wisely in order to kill all zombies, but also to save the ones who are still alive. To earn a star you must shoot the star from the zombies head. Use your mouse to aim and shoot.
739	fa0344b9-1a05-456c-a26c-ac9a4d0849be	Inflate theFrog	snakesssss	2012	newgrounds.com	https://www.newgrounds.com/portal/view/604064	gameplay			Experimental; Physics	indirect-physics		Experimental; Physics	indirect-physics	inflate	7.2325	q144	One Reset	0.0851	Inflate your frog holding the mouse over it, but do not collide with other animals, while the mouse is over a frog! The larger the frog, the stronger it is! Goal of the game to win all the animals at the level, turning them into frogs.
740	e063f951-2de9-44a2-8daa-1f07b280334f	Crimeface	Retina Circus; Bellyfeel	2008	crimeface.net	http://www.crimeface.net/	gameplay			Adventure; Experimental; Strong Language; Live Action; Auto-zipped	secondary-mechanic-tag		Experimental			4.9438	q143	Costly Preview	0.0473	Crimeface is an interactive film. An innovative new media project that mixes popular formats: film, literature, music and gaming. The result is an episodic hyper-narrative backed by reams of extra material that is interactive and multiplatform; playing in cinemas, on DVD, mobile phones and here on the internet. Enough of the techno-crap-speak already! On with the show... the action takes place in UNION CITY- a grim north European metropolis. Our hero- Tranz works in the UCPD 'Modern Device Crime Unit' and he's about to get called to a grisly murder case. HISTORY: Crimeface came about late in 2003 after Wayne Simmonds, Richard Davis, Tim Birch and myself had been working together for several 
741	45d02a1e-917d-4561-bd55-720d4c65cd63	Age of Delaware	DELETETHIS	2009	newgrounds.com	https://www.newgrounds.com/portal/view/510485	gameplay			Platformer; Side View; Fantasy; Auto-zipped	indirect-physics			indirect-physics	reflect	7.2306	g012	Metronome Guard	0.0506	Today brings some sad news. So sad that I don't feel it is right to give it away. We have lost a friend, a companion, a great... thing. In her honor, Delaware has gone on a rampage to find her killers and stop them from causing anymore harm to anybody. Delaware is feeling cold today. I have to admit this game takes a more serious route than the others. Although it obviously isn't my best work (might actually be my worst), it is important to reflect upon the story of a blob with no way home. I got the idea while, well who knows I just thought it up randomly. But this isn't a game to reckon with. It is one to follow and learn from. As the drifting eyes of our friend slowly disperse into an eve
742	65fbb8d8-72a1-472f-867a-726a2fa5cb8a	Juggernaut II: Uprising	Jordan Allen / TheEnkian; Nick Johnson / MSGhero	2014	newgrounds.com	https://www.newgrounds.com/portal/view/641969	gameplay			Role-Playing; Story-Driven; Pixel; Turn-Based; 3/4 View; Achievements; Voice Acted	secondary-mechanic-tag		Turn-Based			4.9376	g024	Cuff	0.0574	The adventure continues in this RPG, the second game in the JUGGERNAUT series. Author Comments: It's been a little over seven years since the events of JUGGERNAUT: Awakening and Aura has spent that time seeking answers. In the time between, he's learned of another ordeal involving a young girl being kidnapped by a machine and he's convinced that there's a lot more to be uncovered. He's happened upon a lead that steers him to the town of Hart in order to find a man named Dagon. This man supposedly has a similar story to tell, maybe they can find the answers they're looking for if they work together? Elsewhere, the Juggernauts have been unleashed. What could this mean for the world as they kno
743	d9848ebf-02e5-4fd7-b3ca-1b300ff5cf69	Inflate Us	PSP Miracle / Alexandr Porubov		learn4good.com	https://www.learn4good.com/games/physics/interactive.htm	gameplay			Puzzle; Physics	indirect-physics		Physics	indirect-physics	inflate	7.2286	f015	Factory Balls	0.066	Get yourself ‘pumped up’ for a truly innovative problem solving challenge! Inflate Us is a highly stimulating, interactive physics-based puzzle game for middle & high school age kids where you have to use savvy creative thinking and proactive engineering skills in order to inflate and expand colored blocks so that they come into contact with a blue flask in each level. The story goes that an evil magician has turned the world’s population into rather unfortunate shapes with faces, and the only way to break the magician's spell is to capture the potion that lies within the blue flask. Luckily for the colored shapes, they can still move by morphing and inflating from blocks into balls, and vic
744	09a96691-0939-46fe-b395-b90cfc48f7ce	Queensland Flood and Cyclone Mosaic	Jason Nelson	2011	abc.net.au	https://www.abc.net.au/local/videos/2011/12/22/3396516.htm?site=southqld&date=201112	gameplay			Experimental; Interactive	secondary-mechanic-tag		Experimental			4.9338	q144	One Reset	0.0616	"Help build Queensland's Flood and Cyclone Mosaic By Ursula Skjonnemand, 22 December, 2011 11:13AM AEST, ABC Local Around Queensland there are tens of thousands of photographs of the 2010-2011 flood and cyclone disasters. Contribute yours and help bring the whole story together. The State Library of Queensland is collecting images from anyone and everyone to create the Flood and Cyclone Mosaic; an interactive collection of digital photographs that document and explore the disasters. Project artist, Jason Nelson says photographers of all levels are welcome and quality is not an issue. ""Really the stories lie in all of these individuals,"" says Jason. ""We're looking for people's messy, half-way "
745	c2b35571-122d-4537-b0bf-fcfad1a7efb0	Lever Physics			gamesbutler.com	https://www.gamesbutler.com/game/23649/lever-physics/	gameplay			Puzzle; Physics; Mouse-only	indirect-physics		Physics	indirect-physics	balance	7.1885	q065	Asymmetric Twins	0.0838	Be rest assured this is not a clash of titans; it's a fine combination of mathematics and physics. In this game, your goal is to balance the lever by putting all of the given objects onto it. At the start of each level, you will be given a lever which has labels to indicate the distances between the marked positions and the pivot of the lever. The objects and their weights are displayed at the bottom of the screen. As you advance in the game, the number of objects will increase, and the calculation will become more complicated. Play with family and friends and see who can achieve the perfect balance! Play Lever Physics game online on your mobile phone, tablet or computer.
746	39ab40cd-87b5-40e4-a1db-8d825a53176c	Counter Terror	Moonloop	2013	newgrounds.com	https://www.newgrounds.com/portal/view/611754	gameplay			Shooter; Platformer; Action; Score-Attack; Pixel; Level Editor; Side View; Blood; Mild Violence; Hidden Content	secondary-mechanic-tag		Level Editor			4.9235	q089	Persistent Passenger	0.0623	"Your job, as part of an elite squad of heroes, is to execute missions to take out the bad guys and rescue hostages, leading up to a final confrontation with an evil scientist who knows all that strange and mystifying dangerous stuff like ""chemistry"" and ""math"". Use the [arrow] keys to move, [Z] to jump, and [X] to shoot. [S] will cycle through your special weapons like grenades, deployable ropes, and flashbangs, while [C] will use whichever is equipped. You'll need to use cover, cunning, and the advanced technique known as ""spraying everything ahead of you with bullets"" in order to save the day... as long as you don't fall and break your own neck in the process."
747	e3cde8d4-4e75-4c07-88a8-07bad31d834e	Camaquen	ChatterBoxers		gambit.mit.edu	http://gambit.mit.edu/loadgame/summer2009/camaquen/camaquen_play.php	gameplay			Adventure; Choose Your Own Adventure; Auto-zipped	indirect-physics		Choose Your Own Adventure	indirect-physics	reflect	7.1797	q088	Mask Debt	0.0671	Camaquen is the first of a series of games exploring conversation in games. As you play, consider how it compares to other methods of game conversation you’ve seen. What aspects of conversation does it emphasize? What works and what doesn’t? What audience do you think this would appeal to? If you were to make a similar game, what would you do differently? My hope is that Camaquen is not simply about conversation, but it will also stimulate conversation. Reflect. Discuss. Enjoy.
748	80e4b5d7-4607-4c4a-b83e-a4b1fd31a961	Modern Tactics 4	Throw the Project; Ben D	2011	throwtheproject.com	https://www.throwtheproject.com/play/modern-tactics-4/	gameplay			Strategy; Level Editor; Turn-Based; Axonometric; Customization; Mild Violence; Military; Auto-zipped	secondary-mechanic-tag		Turn-Based; Level Editor			4.9232	q124	Counter-Predator	0.0835	Command a squad of five soldiers and save the world from terrorists. Author Comments: Hey Modern Tactics 4 is now out! Thanks to everyone who supported me.
749	610c2215-7a2d-4040-884c-dc4639e331f4	The Stippler	Frogmanex	2009	kongregate.com	https://www.kongregate.com/games/Frogmanex/the-stippler	gameplay			Drawing	indirect-physics		Drawing	indirect-physics	flow	7.1726	q089	Persistent Passenger	0.0558	Instructions Choose a colour. Click and/or drag to stipple. Change the size of your dot with the Size slider, and the rate at which they appear with the Flow slider. Erase your picure by clicking the NEW button. To share a picture, use the PrtScr or SysRq button on your keyboard to store the screen image to your clipboard. Open up a program like Paint, and paste the image. You can crop or edit from there. Save the file as a .png. Upload it to a photo hosting site. Description Basically, a drawing program for when you’re feeling bored or creative. Stippling is simply creating a picture using only dots. It’s kind of time-consuming if you want to make a great picture…
750	87022561-0c51-4427-a51c-872248ab3d13	sydney's siberia	Jason Nelson	2009	dpoetry.com	http://www.dpoetry.com	gameplay			Adventure; Experimental; Story-Driven; Choose Your Own Adventure; Interactive	secondary-mechanic-tag		Experimental; Choose Your Own Adventure			4.9221	q162	Claim or Explore	0.0642	It is not technology making our wires, nodes and swimming data streams, our ever growing networks, beautiful. Instead it is the stories/poetics, the forever coalescing narratives that form the inter/intranet into a vitally compelling mosaic. To explore, simply mouse-over/navigate to an appealing square, click and click, read, contemplate connections and repeat.
751	74be4055-eb4a-4962-88f5-6bb4433656eb	Air Gifts	Cyberdd3	2012	newgrounds.com	https://www.newgrounds.com/portal/view/596991	gameplay			Puzzle; Physics; Auto-zipped	indirect-physics		Physics	indirect-physics	balance	7.169	a153	Family Resemblance	0.0716	A balance game with a rather simple but fascinating gameplay. Author Comments: Save the gifts falling from the sky using only rocking platform and some objects! There are some features available: - 20 relaxing balance-based physics game levels - Interesing gameplay features like time-stopping and shaky objects - Enjoyable soundtrack and graphics - In-game help - Nice ending - Rating system with progress saving You have to save gifts as many as you can using all the objects. Just drag them from the top to the stick below. Be careful, because the stick can also fall! When you're ready, click on a cloud and wait for the gifts stop in your formation.
752	77f0942b-13ce-4625-a33a-473aa951844b	Spider Stickman			gamesbutler.com	www.gamesbutler.com	gameplay			Arcade; Score-Attack; Physics; Side View; Stick; Ragdoll; Mouse-only; Auto-zipped	secondary-mechanic-tag		Ragdoll; Physics			4.9199	g007	Tumble Block	0.0802	A physics base stickman, that throws web to go to different obstacles. Swing the ragdoll from platform to platform. Avoid falling off of the edge and try for a personal high score!
753	3b2b0c3e-705d-4a3d-941b-2060e195b440	Spate	GeeksWhoShower.com	2009	xgenstudios.com	http://www.xgenstudios.com/game.php?keyword=spate (via Wayback Machine)	gameplay			Arcade; Puzzle; Score-Attack; Physics; Vertical Drop; Mouse-only	indirect-physics		Physics	indirect-physics	flow	7.1436	f031	Wake Up the Box	0.0653	Spate is a deceptively clever action puzzler that has you managing the flow of boxes. Your job is to sort the boxes into groups of three, earning points and building up massive combo multipliers. Don't let the crates overflow, once you let any crates slip down the side of the bucket -- it's game over!
754	9a91f908-737e-c4a0-a2ae-c54f65e6ed6a	Crush the Castle 2 Players Pack	joeybetz	2011	armorgames.com	ArmorGames.com	gameplay			Artillery; Level Editor; Toss; Community Content; Medieval	secondary-mechanic-tag		Community Content; Level Editor			4.9145	q140	Grounded Labels	0.0464	"With hundreds of castles submitted, the Crush the Castle 2 Players Pack was made for the fans by the fans. Thanks to everyone who submitted. :) A plague has befallen the people of King Blutias's empire. Those who are infected seem to be possessed by some kind of voodoo. The Redvonian King is afraid the plague will spread to his empire so he has sent you, his trusty Siege Master, to destroy the castles of those who are infected. New special ""foundation"" blocks have been added as well as a new Undead Mode that tests your trebuchet skills. Produced In-House by Armor Games Inc. Programmed by Joey Betz. Art by Chris ""Con"" Condon and James ""Jimp"" Pearmain Special thanks to John, Dim, Joel. Want to"
755	acfcb1ba-01c2-4377-b37a-12c5325c957e	Tailspin	Christine Wilks	2008	crissxross.net	http://crissxross.net/elit/Tailspin.html	gameplay			Experimental; Story-Driven; Epilepsy Warning; Auto-zipped	indirect-physics		Experimental	indirect-physics	friction	7.108	q074	Drift Law	0.0666	An interactive story about a grandfather, his daughter and her children. The old man's Tinnitus and partial deafness is a source of friction yet he stubbornly refuses to contemplate treatment or hearing aids. The daughter is hurt and mystified by his angry reactions, but the key to his behaviour lies deep in the past.
756	1ae8f08d-db77-4153-a6f9-e534b7e5485f	Modern Tactics 3	Throw the Project; Ben D	2008	throwtheproject.com	https://www.throwtheproject.com/play/modern-tactics-3/	gameplay			Strategy; Level Editor; Turn-Based; Axonometric; Mild Violence; Military; Auto-zipped	secondary-mechanic-tag		Turn-Based; Level Editor			4.9047	a051	Priority Chute	0.064	Build a squad and command them to victory using modern technology Author Comments: * 6* Fixed glitches. Added cheat 'god mode' Modern Tactics is back. The combat, ai and class making have been improved. Glitches have been fixed too. Please understand the game before you review because there are too many people reporting glitches that are supposed to happen. Also don't complain this game is too boring or hard this is a strategy game not an action game, use your head. I suggest you play the huge list of tutorials I have made in the help section of the game. Everything is explained there. You can download over 1000 MT3 custom maps and get cheats at the my website. page=modern_tactics3 Enjoy the
757	81788392-dd81-4565-8e00-d8efefd71267	Orange Gravity 2	TommyCreo		coolmathgames.com	https://www.coolmathgames.com/0-orange-gravity-2	gameplay			Puzzle; Physics; Auto-zipped	indirect-physics		Physics	indirect-physics	gravity	7.1074	f031	Wake Up the Box	0.0708	Your goal is to help the orange collect all of the coins in each level and escape through the door. Click and drag your mouse across a rope, then release, to cut the rope. Whenever the orange touches a new block, it will attach itself to the block. Arrow blocks in the level will change the direction of gravity if the orange touches it. Click the triangles around the arrow block to change the direction of gravity again (only some have these). Some blocks have a handle. Click and hold the handle, then move your mouse in a circular motion, to make the rope longer or shorter.
758	91b0e539-ea1f-4b0d-8b0a-330f5a0a12d1	The Ancient Evil	Flaxington	2010	deviantart.com	https://www.deviantart.com/flaxington/art/The-Ancient-Evil-189915980	gameplay			Toy; Other; Fantasy; Loop; Interactive; Dragon; One Button	secondary-mechanic-tag		Loop			4.9033	g012	Metronome Guard	0.0726	"So this is just something i made because of the music. The first time i heard it was in ""Achievement Unlocked 2"" by Jmtb02 (if you're reading this, i love your games ;D) When i first heard the music i kind of just sat there and listened for a little while. Anyway i got the music and felt the need to make a flash bit to go with it. SO I DID! here it is! i hope you like it! plz don't steal =P PRESS SPACE TO MAKE THE MONSTER ROAR@@@@@@ PRESS SPACE TO MAKE THE MONSTER ROAR@@@@@@ PRESS SPACE TO MAKE THE MONSTER ROAR@@@@@@ PRESS SPACE TO MAKE THE MONSTER ROAR@@@@@@ PRESS SPACE TO MAKE THE MONSTER ROAR@@@@@@ ~fightermarth"
759	1502de05-6ad2-45e6-a8c1-1417affcbb71	Splitter	Eugene Karataev	2008	kongregate.com	https://www.kongregate.com/games/EvgenyKarataev/splitter	gameplay			Puzzle; Physics; Mouse-only; Box2D	indirect-physics		Physics	indirect-physics	gravity	7.1058	f031	Wake Up the Box	0.1062	In Splitter, each level can be solved in a number of different ways. Will you be able to come up with a brand new solution? Split the boxes and find out! Your goal is to reach the brown exit, and preferrably collect the star(s) on the way. You do this by splitting certain objects and let gravity do its thing. Instructions CLICK and DRAG to split the material in the way you wish. You can split joints and wood objects, but not metal and brick objects.
760	7b7832d3-c2b5-4518-ac61-8f622ac4dd42	Proletarian Ninja X	Sebastien Benard	2013	deepnight.net	http://deepnight.net/games/proletarian-ninja-x/ (via Wayback Machine)	gameplay			Action; Puzzle; Pixel; Time-Attack; Stealth; Ninja; Blood; Moderate Violence; Ludum Dare; Game Jam	secondary-mechanic-tag		Stealth			4.8993	g049	Cloudbank	0.0651	This game was made for the Ludum Dare 27 in 48h. The theme was: 10 seconds. The year is 1930. You are the Proletarian Ninja X. You fight the great capitalism with murder and violence. Peace is for the weak. Problem is: you really have many many people on your Kill List. Consequently, you definitely cannot spend more than 10 seconds on each contract. But, hey, you’re a ninja, remember? Stay out of sight and kill everyone in the room in 10sec or less! LEFT CLICK - move / kill RIGHT CLICK - throw shuriken R - Restart level S - Toggle sounds
761	64d5c8a4-c6a7-44d7-bf41-a03b5e244b1a	SHIFT 2	Armor Games; Tony / Antony Lavelle / The-EXP; Chris Ignatov; Joel Atkinson; Theorichalcon	2008	armorgames.com	https://armorgames.com/play/964/shift-2	gameplay			Platformer; Puzzle; Level Editor; Side View; Achievements; Silhouette	indirect-physics		Level Editor	indirect-physics	gravity	7.0587	g054	Metre	0.0872	Exclusive to Armor for the next week, get your SHIFT fix with the next action packed flipping frenzy that is the world of SHIFT. This time not even gravity is what it seems!
762	5eb3471f-ebe4-4c5d-91c2-fed0ce724693	Pit Chess	devwil	2012	kongregate.com	https://www.kongregate.com/games/devwil/pit-chess	gameplay			Strategy; Puzzle; Pixel; Turn-Based; Chess; Mouse-only	secondary-mechanic-tag		Turn-Based			4.899	g027	Cue	0.0796	Capture pieces of the opposite color, and build up your multiplier for even more points! Capturing a pawn will reduce your multiplier to 1x, but it will keep more pieces from falling into play. Pieces will drop into the play area when you don’t capture a pawn, and if there aren’t enough open columns to accommodate the number of pieces that will fall (Pieces To Fall), it’s game over. If you make a move without capturing any pieces, the Pieces To Fall number increases, making it harder to stay alive! It helps to have a prior knowledge of chess, but the pieces don’t always move exactly the same way. However, bishops and knights do. Pawns can only move up and to the right or left, and only to at
763	84e37662-aebb-4749-862c-9aac24928574	Harvest Ranch	Rocanten; Flashchaz		bubblebox.com	https://www.bubblebox.com/play/2509/harvest-ranch.htm	gameplay			Puzzle; Physics; Artillery; Auto-zipped	indirect-physics		Physics	indirect-physics	gravity	7.0168	q065	Asymmetric Twins	0.0769	The animals on the farm are very hungry and it is up to you to feed them! Launch food out of your awesome chow-slinging contraption and deliver it to our adorable little barnyard buddies so the can eat and be merry! Be sure to take into account gravity and the angle of the shot, as it can effect whether or not the food reaches the animals. Can you get GOLD STARS on all levels?
764	efc95091-ba6d-4dae-aa17-bad3effc7af5	Fifteen	CastLead; Romwell	2009	newgrounds.com	https://www.newgrounds.com/portal/view/477818	gameplay			Walking Simulator; Politics; Time-Attack; Real World Violence	secondary-mechanic-tag		Walking Simulator			4.8945	g024	Cuff	0.0786	A peaceful morning in Sderot. The sun rises slowly, warming the people down there. When suddenly.... A code red alarm begins and you know that you have nothing but fifteen seconds to get a cover. Our hero is an extraordinarily ordinary person. He has a single target in life: To get from your left side of the screen to the right side. While walking there will be code red alarms from time to time. When there are - get in a shelter until the missile hits the ground or else you will lose a life. Think about it as Baseball: You have to run between the bases without getting hit. This game might not be the funnest thing ever, but I had a need to make one and deliver the message. I'm living this rea
765	3161b50a-26ab-471a-9346-f99a4e80663b	Platform Bounce	Crushy-Media	2007	kongregate.com	https://www.kongregate.com/games/Crushy/platform-bounce	gameplay			Arcade; Platformer; Score-Attack; Level Editor; Cartoon	indirect-physics		Level Editor	indirect-physics	bounce	7.0008	q166	Checkpoint Choice	0.0495	Platform Bounce is a fun and cartoony platformer. You are ball, a bouncy ball. Play 25 levels including 5 ‘Ultimate Level’, a level editor and tons of other cool stuff! I really hope you enjoy it!
766	6cfb6f0d-4a0d-493f-9d0a-c6fb22d1a4bb	PileOBubbles	Keith Peters		wickedpissahgames.com	http://wickedpissahgames.com/	gameplay			Puzzle; Experimental; Physics; Logic; Vector Display	secondary-mechanic-tag		Experimental; Physics			4.8922	f030	PileOBubbles	0.0843	Pile O’Bubbles is part puzzle, part action, part strategy. You start with a couple of blue bubbles connected by an elastic thread, resting on a bed of small green bubbles. Your job is to get one of the blue bubbles into the blue target area. You do this by inflating the green bubbles to lift the blue ones up. Sounds easy enough. But did you ever try to control a pile of bubbles? Pile them up, avoid the various obstacles, and make it to the target to complete each level.
767	1badbce5-74ac-4a58-a23c-b46cd9f44e28	The True Tale of Brown Beard	Grant Titus	2010	addictinggames.com	https://www.addictinggames.com/funny/the-true-tale-of-brown-beard	gameplay			Platformer; Level Editor; Creative; Auto-zipped	indirect-physics		Level Editor	indirect-physics	gravity	6.9753	a025	Which Hand	0.0828	The most piratey activity is getting rich! Work through many levels with bouncies, gravity switches, and helpful ghosts to gather the gold. Not enough? Two words, peeps: Level Editor! INSTRUCTIONS arrow keys to move; spacebar for actions
768	f20fef7a-bd3b-46e8-947e-578ee6d5680a	Forest & Desert	Krisada	2017	mega.nz	https://mega.nz/file/DJN2VIgJ#_VHykp-J1ZAn_cbgRd0GxSI5r4mk715k2q-WtughK8g	gameplay			Strategy; Turn-Based; Nature	secondary-mechanic-tag		Turn-Based			4.8868	q134	Relay Syntax	0.0588	Forest & Desert Collection Game | Wallpaper Pack | Artbook ---------------------------------------- Greetings deviants! I'm proud to present my latest flash game: Forest & Desert! Play as God of Forest or God of Desert, transform the neutral planet into your realm, use power of god and spread miracle of your temple across the land! I have uploaded Wallpaper Pack last week for you all to enjoy. What are you waiting for? Play the game and use my wallpaper! Special thanks to caje23 and tsayarh for beta testing. All music are royalty free. Attribution is in the Credit. -------------------- Developer's Note: Unsustainable agriculture, polluted industrialisation, or greenhouse gas emissions, are o
769	11147af2-2ba0-4b8c-bce4-25b4156916d0	Bricks And Minions	Sandeep Saha		sandyloisa.weebly.com	https://sandyloisa.weebly.com/bricks-and-minions.html	gameplay			Arcade; Physics; Toss; Mouse-only	indirect-physics		Physics	indirect-physics	gravity	6.9641	q058	Antenna	0.0745	You need to get rid of these bricks. What can be a better tool than minions? Shoot minions to the bricks and try to remove them from the screen. Each colour has a different gravity orientation, learn them and plan accordingly. Different coloured terrains have different qualities, learn them as well and use them to remove blocks. Good luck!
770	3efbbde0-d004-4ee8-95ef-cb6848df6591	ALZ	Dylan	2014	newgrounds.com	https://www.newgrounds.com/portal/view/634905	gameplay			Simulation; Experimental; Walking Simulator; Story-Driven	secondary-mechanic-tag		Walking Simulator; Experimental			4.8853	q042	Sonar Pips	0.0603	A short game. Well more like a short film. Well more like an experimental short film in ever-so-slightly interactive of a format. Enjoy your walk. Interact with your surroundings. Or don't. Have a forgotten, but hopefully not forgetful, experience.
771	3ad4c087-4e42-44cc-ad36-59c0252cca0f	Cactus Hunter 2		2013	kongregate.com	https://www.kongregate.com/games/JeuxNet/cactus-hunter-2	gameplay			Shooter; Puzzle; Physics	indirect-physics		Physics	indirect-physics	bounce	6.9323	q129	Decoy Learner	0.0624	You’re a cactus and a hunter and you’ve to kill all the bad animals. In this 20 levels game, you have to kill using ricochet all the bad animals you can find in the desert with using a minimum of bullets. You have to let the bullets bounce on the walls to kill the bad wild animals, it is a ricochet game. In Cactus Hunter 2, you control the shooting of the cactus with your mouse. English, Russian & French
772	a7b85b96-941b-4e12-a845-9e38d1239eb1	Stick Figure Smash 3	jocara		ragdollgame.info	http://www.ragdollgame.info/stick-figure-smash-3.php	gameplay			Arcade; Stick; Ragdoll; Auto-zipped	secondary-mechanic-tag		Ragdoll			4.8845	g008	Two Skins	0.0552	Stick Figure Smash 3 is the latest edition to the Stick Figure Smash series. It features the original game modes, such as - Score mode - Where you aim to achieve online highscores by smashing the ragdoll for maximum score! Life mode - Kill the ragdoll as fast as possible to see where you measure up on the scoreboards! Multiplayer - Vs your friends or team up for a highscore! The new and improved Bloodbath Mode - Fill the room with the blood of the ragdoll as fast as possible using new and exciting weapons such as a gun, a knife, and grinders! Stick Figure Smash 3 also has four brand new modes - Trials mode - Kill the ragdoll as many times as you can before your timer runs out! Challenges mod
773	e10d7865-8d88-40c7-a199-a886aea662a9	Fluid Simulation Experiment	billythegoat101	2010	deviantart.com	https://www.deviantart.com/billythegoat101/art/Fluid-Simulation-Experiment-168288553	gameplay			Toy; Physics	indirect-physics		Physics	indirect-physics	fluid	6.9244	q144	One Reset	0.0596	IF anyone was actually paying attention to my account im going to apologize for both kind of ignoring da for a while and for the fact that you may have so little to do that you actually cared to notice i was gone :P I played the demo of PixelJunk Shooter game recently and saw that it had the most amazing fluid simulation thing i have ever seen, so i felt like trying to recreate something similar to their awesome graphics and by similar i mean not even close this was actually surprisingly simple to create with the Actionscript Physics engine not for me of course cuz i dont know jacksh*t >.< in my opinion this isnt all that great so i would like any advice you could give me but if you want to 
774	1bb3658d-5b1f-4a30-bd58-d85a3cf4d758	Randy Learns Science	Dungeonation	2021	newgrounds.com	https://www.newgrounds.com/portal/view/782652	gameplay			Educational; Experimental; Variety; Horror; Science; Flash Forward Jam	secondary-mechanic-tag		Experimental			4.8839	g047	Peephole	0.0754	When it's time to Learn, Randy's your Concern! Enter the world of Randy, where children can have fun and actually learn Science too! Never miss an atom in your child's education! Randy's here to supplement what your child's missing. Do you hate it when your kid isn't INTERACTING with their learning? Those worries are in the past! In the Randy Learns... line of games, children learn the fundementals of how the world works! Great educational adventures await! Oh boy! Made for the Newgrounds Flash Forward jam, which is showing off Ruffle's emulation of Adobe Flash. (Yep, this is a Flash game!) LET'S PLAYERS: Capture the whole game window. You'll thank me later. I hope you like what I've done he
775	3326e39b-4721-4e1c-b95e-d610c54c10db	Roly Poly Snowman	glowmonkey	2014	newgrounds.com	https://www.newgrounds.com/portal/view/650552	gameplay			Puzzle; Physics; Christmastide; Auto-zipped	indirect-physics		Physics	indirect-physics	gravity	6.9134	q016	Blind Guide	0.0857	This snowman was having so much fun that he lost his head! Help roll his head back onto his body so he can be completely happy :) In this physics puzzler you'll need to place ice blocks, turbo boosts, and gravity changers to help guide him. 24 fun, challenging levels will keep you busy, and out of the cold.
776	746de221-70df-4c88-8778-b39280825a97	Drop Dead Cannon	Ville Helin	2013	kongregate.com	www.kongregate.com	gameplay			Action; Artillery; Level Editor; Ragdoll; Auto-zipped	secondary-mechanic-tag		Ragdoll; Level Editor			4.8743	a107	Nesting Cargo	0.0665	The Drop Dead series is back with a big blast� from the barrel of a cannon! Shoot everything to pieces in outer space, under water, classic games and even indoors. Contains a level editor, global level sharing, and big explosions.
777	3854f552-b645-43e9-8bd4-de2b8edb843f	Pearl Breaking-Gravity	sindygame.com	2012	gamesflow.com	https://www.gamesflow.com/jeux.php?id=2126204	gameplay			Puzzle; Score-Attack; Physics; Matching; Mouse-only; Box2D; Fixed Screen	indirect-physics		Physics	indirect-physics	gravity	6.8811	g012	Metronome Guard	0.0725	You can get score reward every time you remove more than two gravity pearls with one click. Remember that bomb can help you in an emergency!
778	d21ed9b5-c8f3-4fa3-8b95-c34f5db8f3c9	Professionalism and Ethics Simulation	ZapDramatic	2005	zap.ca	http://www.zap.ca/casestudy1.htm	gameplay			Adventure; Educational; Quiz; Choose Your Own Adventure	secondary-mechanic-tag		Choose Your Own Adventure			4.8736	q149	Model Tokens	0.06	Background The Agricultural Institute of Canada prepared a guide book on the standards of professionalism and ethics for all professional Agrologists. It became mandatory that all professional agrologists abide by the rules set forth in the guide book and the Institute undertook the task to communicate the rules to all of its members. The Challenge The guidebook rules are deceptively simple. Most professionals who read the guidelines believe that they would never engage in unethical behaviour. Yet, every year a few will find themselves caught in a bad situation. How did they get there? What did they do wrong? Often bad situations begin with a seemingly innocuous conversation. An experienced 
779	caae839c-87d2-43ba-b385-2ada26c19682	Care Bears: Rainbow Slide	NDI Teravision		agkidszone.com	http://www.agkidszone.com/care-bears/games/rainbow-slide/3176285	gameplay		Care Bears	Arcade; Score-Attack; Timing; Care Bears; Auto-zipped	indirect-physics		Timing	indirect-physics	bounce	6.8052	q173	Density Drift	0.077	Ride the rainbow and collect Star Buddies with Wonderheart Bear! How to Play: -Use the right and left arrow keys to move Wonderheart between stripes on the rainbow. -Grab all the Star Buddies that you can! The more Star Buddies Wonderheart collects, the faster she'll go. -Try to reach maximum speed to collect even more Star Buddies Watch Out: -Beastly and the Beasties are out to cause trouble! Avoid running into their storm clouds! -Gold Beasties will temporarily slow you down. -Brown Beasties will reduce your speed a little. -The Green Beastly will reduce your speed and bounce Wonderheart around! Use arrow keys to move.
780	e68b13b4-f730-47be-977d-09c2fa09c7a8	Spider Stickman: Clash of Clans	Tatay Games		gamesbutler.com	https://www.gamesbutler.com/game/26762/spider-stickman-7-clash-of-clans/	gameplay			Arcade; Score-Attack; Physics; Side View; Stick; Parody; Ragdoll; Mouse-only	secondary-mechanic-tag		Ragdoll; Physics			4.8644	f042	Spewer	0.0554	The web slinging spider stickman returns for a Clash of Clans adventure! Find out how far can you travel by flinging yourself between all of the crazy obstacles.
781	dd228d3d-b16a-489b-940a-5e91fc37d196	arKristal	Luchox	2009	newgrounds.com	https://www.newgrounds.com/portal/view/509046	gameplay			Arcade; Level Editor; Brick Breaker; Auto-zipped	indirect-physics		Level Editor	indirect-physics	fluid	6.7784	q065	Asymmetric Twins	0.0693	"arKristal, is an arkanoid game and also my first Flash Game :) Author Comments: ""arKristal"" is an Arkanoid! THE FPS is 45 !!! There is a TextField where you can see the ""Extrapolated FPS"" so It should be near 45. In ""Internet Explorer"" the VM is slower than ""FireFox"". Try both and please let me know your FPS & Browser to adjust future versions. The game should have a very fluid move. With my own collision engine. Good OOP. And my first game in Flash! I hope you enjoy it. -Any comment is welcome. -Any bug please report it to me. >>=============> BACKDOOR: press ""SHIFT-C"" to pass the LVL! - 01: New graphics! - 02: The pad is faster!!! by Luchox"
782	460118a8-9a22-4d79-b465-e15bbdf59358	Clim'Way	Eric Gorman; Bernard Alaux; Jean-Alain Pigearias; Emily Le Rouzic; Benoit Santa Maria; Romain Faugeron; Frederic Jesson; Annabel Blusseau	2008	climcity.cap-sciences.net	http://climcity.cap-sciences.net (via Wayback Machine)	gameplay			Strategy; Educational; Simulation; Turn-Based; Mouse-only; Environmentalism	secondary-mechanic-tag		Turn-Based			4.8608	q175	Pendulum Phase	0.0518	Pourquoi le réchauffement de la planète s’accélère-t-il ? Pourquoi les activités humaines perturbent-elles le climat ? Comment réduire les émissions de gaz à effet de serre ? Quels sont les impacts actuels et futurs des changements climatiques ? Comment l’Homme pourra-t-il s’y adapter ? Etes-vous prêt à entamer un voyage au cœur des changements climatiques et du développement durable? Oui ? Alors, en avant ! How and why is global warming accelerating? What sort of climate can we expect in 2100? Which human activities are most responsible for greenhouse gas emissions? How can we reduce these emissions? How does climate change currently affect our ecosystems and what impact will it have on the
783	6b73460d-07ce-4713-bbac-9a23e886f6af	Webheads To Go!	Indigo Entertainment	2014	kidsgamesheroes.com	https://www.kidsgamesheroes.com/play/webheads-webheads-to-go	gameplay			Arcade; Variety; Score-Attack; Timing	indirect-physics		Timing	indirect-physics	balance	6.7573	g012	Metronome Guard	0.0664	Play this Webheads game. You must do it better than the other Webheads. Enjoy with 3 different skill games like the trackpad balance game or the other where you have to the light in time perfectly.
784	f3928d82-15d6-4bd7-9956-b566728baaad	CoBaCoLi	bonuslevel.org; Tonypa		bonuslevel.org	https://bonuslevel.org/games/game_cobacoli_6.html	gameplay			Puzzle; Physics; Level Editor; Community Content	secondary-mechanic-tag		Community Content; Level Editor; Physics			4.858	f042	Spewer	0.0588	Clear levels by knocking each colored circle into a wall of its own color. Move mouse, click to shoot.
785	c86cba09-9085-4db3-adec-08126c578369	Rainbow Salad			cookinggames.com	http://www.cookinggames.com/rainbow-salad.html	gameplay			Creative; Object Creator	indirect-physics		Object Creator	indirect-physics	balance	6.7255	a108	Guillotine Floor	0.0699	Not all salads need to be full of leafy greens! Fill this salad bowl with the sweet taste of sugary syrup, fruits, and frozen yogurt! If you're overloaded with sweetness, make yourself a little chocolaty drink on the side to balance out all of that fruitiness. Everything's better with chocolate!
786	831b1f7a-9c9d-4706-902e-6c36a470286c	Manic Rider			bubblebox.com	https://www.bubblebox.com/play/1487/manic-rider.htm	gameplay			Arcade; Action; Sports; Score-Attack; Physics; Motocross; Side View; Ragdoll	secondary-mechanic-tag		Ragdoll; Physics			4.8487	q143	Costly Preview	0.0823	A great physics based bike riding game. The game takes some time to master. Make sure you get enough practice before entering the extreme levels later on :)
787	0aca73c1-ac42-4ad8-b3e8-de1f55949959	Assault Carnivale	gamexeon game studios		gamesfree.com	http://www.gamesfree.com/game/assault_carnivale.html	gameplay			Arcade; Puzzle; Level Editor	indirect-physics		Level Editor	indirect-physics	chain reaction	6.6987	f041	Boomshine	0.0793	Assault carnivale is a flash game with over 20 levels of fun chain reaction mayhem, 30 level of mind bogging Puzzle Mode, and a level editor to create you own custom levels.
788	912348ed-c0a8-4c99-ae77-602c95501559	Under the Rubble	Booblyc		bubblebox.com	https://www.bubblebox.com/play/3163/under-the-rubble.htm	gameplay			Arcade; Puzzle; Score-Attack; Physics; Level Editor	secondary-mechanic-tag		Level Editor; Physics			4.8424	f031	Wake Up the Box	0.073	Blow up zombies using TNT in this awesome physics puzzler! Under The Rubble is here, from the developers that brought you Cars Vs. Zombies! Your objective here is simple: Plant TNT on certain areas of the map, then blow it up to kill all zombies! Make sure you save the good zombies; they're the ones with the smiley faces! Also, be sure to try out the game's level editor! It's super fun and easy! Have a good time!
789	25bb602f-5181-412d-873f-ecca3251a13b	IcyGifts	Silen Games		andkon.com	https://www.andkon.com/arcade/other/icygifts/	gameplay			Arcade; Timing; Christmastide; Upgrade; Mouse-only; Achievements	indirect-physics		Timing	indirect-physics	chain reaction	6.6896	f041	Boomshine	0.0878	A chain reaction game with extremely addictive gameplay, upgrade system and a lot of achievements to earn.
790	8963e62b-34a9-44ab-afd2-94213636ff2d	isoType	Boštjan Čadež / fšk	2005	deviantart.com	https://www.deviantart.com/fsk/art/isotype-22890129	gameplay			Toy; Experimental	secondary-mechanic-tag		Experimental			4.838	q144	One Reset	0.0794	this is a little something i made for my typography class. it lets you type in 3d. its not perfect but i am not spending another minute on this because i spent waaaaaaaaaaaaaaaaaaaaaaaay to much time on it as it is:). so how does it work? the gui is split in three parts: colour, character orientation, cursor movement colour: this lets you change the colour of the sides of the cube. you klick the side you want to change, pick a colour, optionally do the other two and press ok. from there on the cubes will have that colour. character orientation: this lets you control how the character will be oriented relative to the cursor. by klicking on the sides of the cube once you chose the plane on whi
791	25046228-1ee8-47c5-b65a-c64a332aa1bd	My Little Pony Bounce			horse-games.org	http://www.horse-games.org/My_Little_Pony_Bounce.html	gameplay		My Little Pony	Arcade; Timing; My Little Pony	indirect-physics		Timing	indirect-physics	bounce	6.6512	a042	Semaphore Garden	0.0723	In My Little Pony Bounce, you need to help the little ponies bounce and reach the other side of the platform. It sounds easy as pie, huh? Well, to be honest, it is not as easy as it seems. On the other hand, it is not that hard if you think it is impossible to complete the game, either. Now, all that you have to do is to move your mouse to the left and right and watch out for our little ponies not to fall on the ground. But, how fast should you move your mouse and how good your reflexes are is a matter of time. You have only 5 attempts throughout the game and if you lose five times, the game ends. Luckily, you can also catch life bonuses and increase this number, or get other falling bonuses
792	0357891d-a0cc-47eb-9e80-dcc121cad5ec	The Adventures of Sabredragogashi	Firequill	2007	deviantart.com	https://www.deviantart.com/firequill/art/The-Adventures-of-Sabre-57238200	gameplay			Adventure; Choose Your Own Adventure; Fantasy; Nature; Feral; Dragon; Dinosaur; Mouse-only	secondary-mechanic-tag		Choose Your Own Adventure			4.8331	q090	Lineage Garden	0.0679	"Auuugh, I shouldn't be ALLOWED to have this much patience! I got so BORED after the first hour... realizing that I still had more than half the thing to finish... so I sort of rushed it nearer the end. It's a relief to know that now I can go and study for my biology test! Yes! So relaxing and... effortless.... And apparently I can't fit ""The Adventures of Sabredragogashi"" in the title box thing. Tch. (Ugh, stupid preloader errors) EDIT: Gwuh. I changed the preloader to a loading bar. Also, apparently one of the frames was skipped (""You've been encountered! Randomly!"") So I fixed that..."
793	fbe1641f-1eb4-4361-bf33-b3b34ca8bded	Perfect Balance: Harmony Editor	ttursas	2009	kongregate.com	https://www.kongregate.com/games/ttursas/perfect-balance-harmony-editor	gameplay			Level Editor; Music	indirect-physics		Level Editor	indirect-physics	balance	6.6458	q055	Funnel Forge	0.0556	Create and play your own Perfect Balance: Harmony levels using this editor! Send us your best levels and we’ll create a level pack, or add your level to Perfect Balance: Harmony iPhone & iPod Touch!
794	23116125-ed21-4244-8acd-921a46755169	FMA BEANZ-Draw on Beanz ver.Ed	snowbunnyluv	2015	deviantart.com	https://www.deviantart.com/snowbunnyluv/art/FMA-BEANZ-Draw-on-Beanz-ver-Ed-23978191	gameplay			Toy; Creative; Drawing	secondary-mechanic-tag		Drawing			4.8181	a015	Calibration Crew	0.0854	*EDIT* re upped another version, i noticed that when you reset the music doesn't reset and after many resets the music is repeating itself at the same time over each other x__X so now the music resets when you click on reset xD also, some people have been asking about a eraser xD well there is sort of an 'eraser' if you click on the pale purple button ontop of the black one, it 'erases' the bg, but not ed. i dont know how to make a proper eraser sorry x__X but at least you can make mistakes on the bg and get rid of them ^^; PLEASE READ BEFORE COMMENTING AS I MIGHT HAVE ANSWERED YOUR QUESTION HERE ;) wahh its been ages since i've submitted somethin ^^;;;;;;; anyway, wat i've been doing for th
795	2f717dc6-a604-427b-859f-581950d0e5a1	Ping Pong Fuck Fest	ZabuJard	2013	newgrounds.com	https://www.newgrounds.com/portal/view/612127	gameplay			Arcade; Score-Attack; Level Editor; Strong Language; Brick Breaker	indirect-physics		Level Editor	indirect-physics	bounce	6.5805	g029	Twinned	0.0711	BOUNCE THE BALL ALL AROUND THE STAGE USE THE ARROW KEYS TO MOVE WATCH OUT FOR TRAPS!
796	74ac1d15-a4a1-47a4-9867-4b36fb917552	Ir/rational Investigator	tjubert	2018	kongregate.com	https://www.kongregate.com/games/tjubert/ir-rational-investigator?acomplete=ir+rational	gameplay			Adventure; Puzzle; Point and Click; Logic; Interactive Fiction; Mouse-only	secondary-mechanic-tag		Interactive Fiction			4.8172	q130	Rhythm Rival	0.0491	Description Solve crime using logical deduction. A comedic detective adventure featuring unique puzzles, written and designed by Tom Jubert, developer of Subnautica, FTL and The Talos Principle. The not even slightly awaited sequel to the world’s best and only sentence logic deduction game, Ir/rational Redux Investigator was originally planned to be a commercial product, but after building this demo scenario I got bored of designing logic puzzles, so here it is for your enjoyment. Developed by Tom Jubert. Music by Mikko Tarmia. Art by Martín Santana Camargo. Additional Programming by Chris Burrows. My website “My narrative design blog”: blog.tomjubert.com Donations FOLLOW ME ON TWITTER: @TOM
797	1ea46e49-1227-4734-b6eb-1f3d681ae46c	Crazy Traffic Control			freeaddictinggames.com	http://www.freeaddictinggames.com/game/crazy-traffic-control/	gameplay			Arcade; Timing	indirect-physics		Timing	indirect-physics	signal	6.5654	f035	The Codex of Alchemical Engineering	0.0842	Control the traffic in the busy area of a city. Click on red signal to stop and green signal to resume the traffic. Clear the assigned target shown at the bottom to complete the level use the mouse to control and play
798	d36ee84a-e143-4d10-ad4d-cea0f3e2846f	Flash Particles	wolfgangmeyers	2014	wolfgangmeyers.itch.io	https://wolfgangmeyers.itch.io/flash-particles	gameplay			Creative; Sandbox; Mouse-only; Box2D	secondary-mechanic-tag		Sandbox			4.8124	q102	Walking Room	0.0639	"After finding the ""Falling Sand Game"" in college, I was so intrigued by the possibilities in extending the idea that I ended up writing my own version of it - several times. This is the latest version of that simulator, implemented in flash. I'm not much into actionscript programming these days, so I don't plan on adding any more features, but have posted it here for public access. Current features include: Several particle types with different behaviors including water, ice, steam, fire, torch, moss. Save/load of worlds using local flash storage. Drag and drop regions to create multiple reusable clipboard objects. Heat transfer between particles and with the world - you can boil the ocean, "
799	a3ae8378-5782-48d0-b605-2c9bde09ab42	Animal Stackers	longanimals		y8.com	http://www.y8.com/games/animal_stackers	gameplay			Arcade; Timing	indirect-physics		Timing	indirect-physics	balance	6.5538	g062	Ballast	0.0815	See how high you can stack the animals! Build a tower of animals by dropping them in the right place to keep the pile in balance. Click on animals to drop them. Make a tower, but don't drop animals over the side.
800	42461e4f-a54b-41e3-b23c-256b2ca9a90a	Pandemic Rooms	Jason Nelson	2005	secrettechnology.com	http://www.secrettechnology.com/	gameplay			Experimental; Heavy Themes; Auto-zipped	secondary-mechanic-tag		Experimental			4.8066	q039	Charge Pairs	0.0641	"Interactive Art/Fiction/Poetry Hybrid The modern world is consumed with fears, with paranoid coverage of both real and hypothetical disaster and pandemic. Businesses flourish preparing companies for the day when half their workforce dies, and millions of chickens are burned in viral destroying blazes. With photograhs of abandoned industrial and institutional buildings as backgrounds, this artwork uses interactive spaces to explore our obsessions with microscopic species killers. From GanterCourses.net: ""Pandemic Rooms is an interactive piece of net/web artwork created by Jason Nelson that plays off of societal fears and paranoia around contracting a pandemic disease in the form of a flu viru"
801	c918ba4e-12ba-4504-970c-7122e77142b9	Line Boarder	HallPass		freegameaccess.com	http://www.freegameaccess.com/play-line-boarder.htm	gameplay			Platformer; Drawing; Auto-zipped	indirect-physics		Drawing	indirect-physics	friction	6.5371	a092	Crease Memory	0.0758	The Line Flyer game mod to use a snowboard. This version has a higher crash tolerance and less friction for big air.
802	c92ea9f3-1ad9-424a-aebc-8d32fab2754f	Asterius	Astro; Crispy	2018	kongregate.com	https://www.kongregate.com/games/BoopsGames/asterius	gameplay			Adventure; Turn-Based; Fantasy; Dungeon Crawler; Top-Down	secondary-mechanic-tag		Turn-Based			4.8041	g014	Long Shadow	0.0608	This game is in open beta. Please let me know of any issues. Thanks. “Deceptively simple turn-based dungeon crawler” If you like Rogue-likes but are tired of things like inventory management and stats comparison but still want the depth and adventure, then this is the game for you! All you need is WSAD* (*author’s preferred control scheme, you can also use arrow keys or mouse). Asterius is a “smart” and true, but streamlined rogue-like dungeon crawler game, inspired by ASCI games like Rogue (obvs), but made so each procedurally generated dungeon is winnable. The game is carefully crafted to give each dungeon a hand-designed feel with the randomness of a Rogue-like. The mechanics are easy to 
803	96e793af-22d5-4152-89eb-62ea133b73f2	Kiwitiki: Tikiwi Rescue	MagicFred / Frédéric Smyczynski; Fardeen Ghulam	2010	newgrounds.com	https://www.newgrounds.com/portal/view/539977	gameplay			Arcade; Puzzle; Timing	indirect-physics		Timing	indirect-physics	chain reaction	6.5018	q149	Model Tokens	0.0899	Tikiwis are lost in the wild for up to about 16 levels! To bring them together, watch carefully and trigger a smooth chain reaction in a simple click!
804	811bc96c-6b70-4bc9-89e8-2f687faacaef	Cerebral Game Stew	Guy-Unger; Butzbo	2016	gamesbutler.com	https://www.gamesbutler.com/game/29547/cerebral-game-stew/	gameplay			Adventure; Experimental; Dungeon Crawler; Top-Down	secondary-mechanic-tag		Experimental			4.7956	q149	Model Tokens	0.0607	Welcome to Cerebral Game Stew! How will the game look, play, smell, or taste? Try a random seed-code and explore a STEW of possible (shooting) games! Or just input your favourite number and see what comes from it, the power is YOURS. A little experimental procedural game with a bunch of random game modes, made within a week for the PROC JAM 2016. CONTROLS WASD to move. Use your handy MOUSE to shoot things. EDIT (12-03-2016) - Thanks for Frontpage!, :D As the game has been a bit confusing for some, here's a brief introduction: HOW does it work? - When you input a number(seed) at the start screen, you get into one of multiple possible games with variable objectives. Each game consists on a tot
805	73de8f4c-13ec-4e85-99cb-3060afa56f88	The Real Gilligan's Island Island Hop			jason scott's personal discord	Jason Scott's personal Discord	gameplay			Arcade; Score-Attack; Timing; Auto-zipped	indirect-physics		Timing	indirect-physics	signal	6.4634	q137	Shared Convention	0.0495	Help Gilligan get the gang off the island by lighting a signal fire before a passing ship slips out of sight!
806	718c1bfc-1d60-4cdc-b9e5-82cf7a4eb80d	Balloons vs Zombies	bestphysics.com (wayback machine)	2012	flonga.com	flonga.com/play/balloons-vs-zombies.htm	gameplay			Shooter; Puzzle; Physics; Zombie; Ragdoll; Auto-zipped	secondary-mechanic-tag		Ragdoll; Physics			4.7953	q140	Grounded Labels	0.0692	Ballons Vs Zombies is a game where your bave hero lost all of his weapon except for the cannon that shoots with knives and a bubble gun and having only them he is supposed to kill all the dead guys and save those who are alive.
807	4af17877-6603-4819-b73c-2bba904df045	Blowgunz		2017	y8.com	https://www.y8.com/games/blowgunz	gameplay			Shooter; Arcade; Timing	indirect-physics		Timing	indirect-physics	chain reaction	6.4113	g006	Chain Bloom	0.0785	A unique game where you have to destroy a number of bombs. To do that you must trigger a chain reaction between the blowgunz.
808	b713a12d-d298-44a0-8e32-e85522b69fd0	2048 Game	ken1171 (Ken Kawashima)	2014	deviantart.com	https://www.deviantart.com/ken1171/art/2048-Game-495133263	gameplay			Arcade; Puzzle; Score-Attack; Sliding; Time-Attack	secondary-mechanic-tag		Sliding			4.7904	g027	Cue	0.0817	"~2048 Game~ **PLAY the R-Rated version! That Elf II- by ken1171 **WARNING: PLAY AT YOUR OWN RISK - DON'T COME CRYING TO ME IF YOU BECOME ADDICTED!! :innocent: This is my version of the ""2048"" game, created from scratch over this weekend in AcrionScript 3.0 using FlashDeveop (free) and the Adobe Flex/AS3 Framework (also free). I have used the same board design and colors as found in the original game. The reason my version has a TIMER is for you to see how addicting this game can be - you won't notice how long you have been playing!! :XD: *RULES: ========== Use the arrow keys to move all tiles to one direction. When 2 equal tiles touch, they create a new tile with the SUM of the original numb"
809	7225a3b1-1f56-4bed-b565-730016821b01	Perfect Balance 3: Last Levels Editor	ttursas ltd.	2010	kongregate.com	http://www.kongregate.com/games/ttursas/perfect-balance-3-last-trials-editor	gameplay			Puzzle; Level Editor	indirect-physics		Level Editor	indirect-physics	balance	6.2025	q055	Funnel Forge	0.0745	Create and play your own Perfect Balance 3: Last Trials levels using this editor!
810	f943e8ae-d48b-45e4-9f4a-546bd0691892	Choose Your Own Adventure	Dekuscrub	2004	newgrounds.com	https://www.newgrounds.com/portal/view/110025	gameplay			Adventure; Choose Your Own Adventure; Stick; Interactive Fiction	secondary-mechanic-tag		Interactive Fiction; Choose Your Own Adventure			4.7902	a155	Exception Ladder	0.0687	Awesome. This cartoon has had the most views out of all of mine. It got a decent score, but over twelve-hundred people watched it. And that's good for me. No joke, I literally made this cartoon in a day... and I guess it shows, really. But, the file's puny, so watch it anyway.
811	b6fdbf0b-be8f-4961-97fb-5cc940554654	A Chain Reaction Game V.2	Glailel Games		andkon.com	http://andkon.com/arcade/other/chainreactiongame/	gameplay			Arcade; Score-Attack; Timing	indirect-physics		Timing	indirect-physics	chain reaction	6.1904	f041	Boomshine	0.0719	Click around to explode the bombs in hopes of setting off a huge chain reaction.
812	e500d7df-9542-4a59-b142-0ea30fdcde99	The Icy Cave of Frustration	Team Caribou	2010	newgrounds.com	https://www.newgrounds.com/portal/view/557884	gameplay			Arcade; Score-Attack; Timing; Auto-zipped	secondary-mechanic-tag		Timing			4.7865	q149	Model Tokens	0.0605	DISCLAIMER: First: THE GAME IS NOT BROKEN! (the preloader is however). Second: Not for those who have any of the following: - A weak will. - No sense of timing. - A fear of killing caveman. - Some sort of heart condition. - Are pregnant Play the role of God and undo the mistake of creating humanity, by killing it in it's early stages. You've already frozen up the world, and trapped them in their caves. Now drop deadly icicles on the cavemen successively to win. There are different obstacles that change throughout the game that make it increasingly difficult. If you win this game you are indeed a god, it's HARD! This game is made for the Newgrounds GameJam, and is produced from scratch in *st
813	6cbe29a5-858c-4fdc-a18b-03c70ee371cd	Maryoku Yummy: Wishing Well Wishes			agkidszone.com	http://www.agkidszone.com/maryoku-yummy/games/wishing-well-wishes/3176217	gameplay		Maryoku Yummy	Arcade; Timing; Maryoku Yummy	indirect-physics		Timing	indirect-physics	bounce	6.0512	q189	Inheritance	0.0813	You can make a wish with the Wishing Well! How to Play: -Use your mouse to help Maryoku bounce the coin. -Try to get the coin into the well. Remember: -Watch closely to see when the coin will come out. Use the mouse to play.
814	ff4d80da-f25c-49ff-94e1-223c1e168164	Mutant Uprising	GP Studios	2010	gpstudios.com	https://www.gpstudios.com/games/view/mutant-uprising/	gameplay			Adventure; Horror; Interactive Fiction; Blood; Moderate Language; Moderate Violence; Alcohol	secondary-mechanic-tag		Interactive Fiction			4.7856	q170	Commit Threshold	0.0563	Use mouse to choose options. P to Pause. From the twisted minds that brought you Bunny Invasion comes a tale of horror, gore and stupidity. A deadly disease has turned most of the population into hideous mutants. Can you survive? You can become a crazed killer and mutilate your mutated enemy, or you can choose the much kinder option and spare them... Or you can run like hell. Choose your destiny! Depending on your performance, you will receive a different ending and ranking - if you make it out alive that is. Enjoy!
815	d731a055-8353-44d4-b0ab-3cd8086df3fa	Quickdraw (PDS)	53xY83457	2010	newgrounds.com	https://www.newgrounds.com/portal/view/534617	gameplay		Dad 'n Me; Pico's School; Salad Fingers; Strawberry Clock	Arcade; Timing; Epilepsy Warning; Stick; Pico's School; Strawberry Clock; Dad 'n Me; Salad Fingers; Auto-zipped	indirect-physics		Timing	indirect-physics	signal	5.1975	q041	Keyhole Budget	0.0657	"Quickdraw (Pico Day Special) Shoot your opponent before they can shoot you- simple as that. When you hear the signal, press the space bar to fire. Instead of using the mouse to click on buttons, you can now use the ""a"" key (caps lock off). This is just like the original but all your opponents are regulars of Newgrounds. Who knows who you'll end up facing... --UPDATE-- This game has been resubmitted as part of the Quickdraw collection. PLAY QD COLLECTION: PDS & CH TO GET MEDALS FOR THIS GAME!"
816	b1f2722a-a664-4b41-8864-f6c7c44108fa	Drop Dead 2.5	ttursas	2013	kongregate.com	Kongregate.com	gameplay			Arcade; Physics; Level Editor; Ragdoll; Auto-zipped	secondary-mechanic-tag		Ragdoll; Level Editor; Physics			4.7834	q124	Counter-Predator	0.0465	Toss ragdolls and watch them explode! 5 has now 8 characters instead of 4, unlocked boss fight, plus improved graphics and optimizations.
817	6b958504-82d2-4e49-bd2b-28e904f46e61	QD Collection: PDS & CH	53xY83457	2010	newgrounds.com	https://www.newgrounds.com/portal/view/544170	gameplay		Dad 'n Me; Doctor Who; Pico's School; Salad Fingers; Star Wars; Strawberry Clock	Arcade; Star Wars; Timing; Epilepsy Warning; Stick; Moderate Language; Moderate Violence; Doctor Who; Pico's School; Strawberry Clock; Dad 'n Me; Salad Fingers; Auto-zipped	indirect-physics		Timing	indirect-physics	signal	5.1842	a192	Self-Clocking Path	0.0622	"2 games in 1- My entries for Pico and Robot Day NOW WITH MEDALS!! QUICKDRAW: PICO DAY SPECIAL- A series of duels against the heroes of Newgrounds. QUICKDRAW: CYBER HELL- A series of duels against famous robots (and close enoughs). Shoot your opponent before they can shoot you- simple as that. When you hear the signal, press the spacebar to fire. Press ""a"" to cycle through text. AS ALWAYS, IF YOU ENJOY THIS GAME, HELP ME OUT BY RECOMMENDING IT FOR THE ""SHOOTING GAMES"" COLLECTION."
818	1a5885c3-0048-4f09-938e-9baba677171e	Gravity Pinball Challenge 2	Whole-Meal	2006	newgrounds.com	https://www.newgrounds.com/portal/view/344983	gameplay			Physics; Level Editor; Dodge; Auto-zipped	secondary-mechanic-tag		Level Editor; Physics			4.7812	a153	Family Resemblance	0.0667	***edit*** WTF?!? Daily Feature award? How did this happen? And front page woo. If you havent played the Ball Revamped series you realy should, cos they are the best steer-the-falling-ball games you'll play on the net. The sequel to the game like marmite... You love it or you hate it. Main features: *Level Editor *Tutorial Mode *New Blocks *50 Campain Levels oh yea, you need to unlock each section to get a new peice for the editor! Blam it or adore it, you decide!
819	c0821500-c523-432a-a6ee-88c9e3d973f0	The Winter Sleigh Ride			rainbowdressup.com	http://www.rainbowdressup.com/game/the-winter-sleigh-ride/	gameplay			Simulation; Variety; Time Management; Dress Up; Object Creator	secondary-mechanic-tag		Object Creator			4.7725	q140	Grounded Labels	0.0587	Are you ready to let the winter spirit overtake you? Go through all the 4 “chapters” of this lovely winter story here, one of the most engaging skills games for kids of the season, and have loads of fun carrying out these fun cold season-specific activities such as... decorating your cute winter sleigh or putting together a cozy chic, lovely winter fashion look! As you go through through the four mini winter games included in this 4-in-1 winter game here, feel free to start with the very first one listed there: the “Shop for a Sleigh” one! See if you could make a great ski shop manager, attending to all those winter sports addicts as quickly as possible, then go ahead and style up the charmi
820	f6cbb25c-bde2-41fd-bb36-23a1075716f6	The Press & Punch Collab	AlmightyHans; CriTiaS-CreaTionS; danomano65; Luis;  MaestroRage; MRat;  Oney	2008	newgrounds.com	newgrounds.com/portal/view/437345	gameplay		Pico's School	Adventure; Action; Choose Your Own Adventure; Moderate Violence; Collaboration; Pico's School; Auto-zipped	secondary-mechanic-tag		Choose Your Own Adventure			4.7679	g019	Slow Bell	0.0594	ATTENTION!!!!!!! WHILE WATCHING RYANS PART WHERE IT ENdS WITH PICO HOLDING A LITTLE GIRL, MANY PEOPLE THINK THTA WHEN YOU CLICK DARNELL IT TAKES YOU TO THE MAIN MENU. I MADE THE MISTAKE OF PUTTING THE MAIN MENU BUTTON OVER THE DARNELL HITS BUTTON, I CAN'T FIX IT NOW FOR LONG REASONS BUT JUST BE CAREFUL WHEN YOU HIT THE DARNELL BUTTON, IT STILL WORKS. My second pico day submission. Pico fights are the generic thing to do on pico day. I wanted to do that but give it a twist. I decided to do a collab, give it some sort of continuity, but then the idea of making it interactive came to mind. where the viewer chooses where to take it. I admit there are some continuity flaws. But over all it's a fi
821	4d620c5b-4f13-46e9-bdcf-b5417c95fff2	The Circular Blot 2	Paegames.com / Plus And Eric's Games	2009	web.archive.org	https://web.archive.org/web/20120420083410/http://paegames.com:80/game/the-circular-blot-2/	gameplay			Puzzle; Physics; Level Editor; Creative; Cartoon; Mouse-only; Box2D	secondary-mechanic-tag		Level Editor; Physics			4.7581	q095	Closure Graph	0.0672	Sequel of the fun physics-based game. More fun, more colors and more possibilities! ** Instructions Use mouse to move big blot to guide small blots with numbers to basket. Use left button of the mouse to rotate level.
822	22562be7-d76e-4951-8f52-77989d410cf5	Spider Stickman 2: City Traffic	Tatay Games		gamesbutler.com	https://www.gamesbutler.com/game/18682/spider-stickman-2-city-traffic/	gameplay			Arcade; Score-Attack; Physics; Side View; Stick; Ragdoll; Mouse-only	secondary-mechanic-tag		Ragdoll; Physics			4.7444	f006	Multitask	0.0658	The Spider Stickman returns with a lot of new obstacles to avoid! A simple stickman physics base that throws web to go to different obstacles, this time in city!
823	3ab80eba-5f95-41be-ac8b-191baedb21b3	Territory War Online	Afro Ninja Productions	2008	xgenstudios.com	www.xgenstudios.com	gameplay			Shooter; Strategy; Artillery; Turn-Based; Side View; Toss; Stick; Blood	secondary-mechanic-tag		Turn-Based			4.7393	g005	Rube Hall	0.0637	Defend your turf! They think they can take over your land? They have another thing coming... A throwback to classic games such as Worms and Scorched Earth, this turn-based battle game is off the chain; unleash ballistic destruction upon the invaders and shed no tears as they burst into dust. Test your skills online in this multiplayer edition -- Can you be the top dog? Jump online with your XGen account, or hit quickstart for instant action.
824	088d5174-ceda-4800-85e4-dbe44c651380	Spider Stickman 5: Xmas Special	Tatay Games		gamesbutler.com	https://www.gamesbutler.com/game/22451/spider-stickman-5-christmas/	gameplay			Arcade; Score-Attack; Physics; Christmastide; Side View; Stick; Ragdoll; Mouse-only	secondary-mechanic-tag		Ragdoll; Physics			4.7387	f006	Multitask	0.0646	The stringy ragdoll returns with more web slinging fun! This time navigate your way around Christmas items and snowy terrain.
825	48f89e47-39e3-40fd-8a6c-5742111fe365	Nájdi ma!	Miro Mandák	2010	members.chello.sk	http://members.chello.sk/miro.mandak/animaflash4.html/	gameplay			Experimental; Level Editor; Creative; Auto-zipped	secondary-mechanic-tag		Level Editor; Experimental			4.7298	q060	Clockwork Tool	0.0189	Na štvorcovom pláne sú dve srdcia, pričom jedno hľadá druhé. V ceste sú im prekážky v podobe múrov. Algoritmus vyhľadávania v bludisku nie je možno najrýchlejší, ale vždy splní úlohu. Nájsť cestu od jedného srdca k druhému. Príjemný program na experimentovanie so stavaním rôznych múrov bludiska.
826	d5ee5e16-03cf-437d-9b7a-daa8fcbfe3af	Rhumb Line	Martin Samuel	2005	sapphiregames.com	www.sapphiregames.com (via Wayback Machine)	gameplay			Strategy; Turn-Based; Auto-zipped	secondary-mechanic-tag		Turn-Based			4.7267	q175	Pendulum Phase	0.0825	As rank has its privilege ... the player with the Officer stones starts the game by placing a yellow stone in any position on a radial. The opponent may then place a Sailor blue stone in any other position on any radial ... and so on. Position stones on the radial lines of degrees where they intersect the concentric circles in the compass. Place the stones, one at a time, building on those already on the board to complete &/or block new point-winning rhumb lines. As the game progresses, several point combinations may be completed with a single turn. e.g. a stone placed on NW completes a Radius = 10 points and a Spiral = 30 points for a total of 40 points. Radius & Arc & Spiral = 60 Points ..
827	df640e71-070e-ec27-9182-a935c8bbed78	BOSCHVOS	BABARAGEO	2006	babarageo.com	http://babarageo.com/flash/boss/index-j.html	gameplay			Shooter; Space; Pixel; Level Editor; Shoot 'Em Up	secondary-mechanic-tag		Level Editor			4.7213	g030	Rewind Twin	0.0745	■PLAYモード シールドが無くなる前に全パーツを壊すか、コアまたは艦橋を破壊すればクリア マウス操作。左ボタンでオート連射 カーソルキー左右:前、次のエリアに移動 カーソルキー上:エリア一覧 カーソルキー下:現在のエリアの確認 ■EDITモード オリジナル戦艦を作って公開できます。 パレットからパーツを選んで設計図に配置してください。 動作チェックとテストプレイ後に保存できます。 DISCRIPTION Side view space shooter. Fight against thousands of battleships constructed by someone in the net. Create your own warships/fortresses and present them to all over the world. CONTROLS (PLAY MODE) Wipe all enemy units out or destroy all Bridges and Cores to finish an area, If all shields are lost, your starfighter will be destroyed. Mouse operation. Left click to fire weapon. LEFT and RIGHT cursor key - skip to previous/next area.. UP cursor key - View area list. DOWN cursor key - View infor
828	90c253c3-3ef2-4bf1-8e6a-eff417bdebe7	Tronic Worlds	Denny Menato	2014	menato.net	menato.net	gameplay			Adventure; 3D; Pixel; Creative; Sandbox; First-Person; Procedural Generation	secondary-mechanic-tag		Sandbox			4.7195	g008	Two Skins	0.0765	WASD keys to move, 'SPACE' to jump, mouse position to change view and target, left mouse button to hit target, 'R' to exchange ax from a spatula and vice versa (same by holding 'SHIFT'), '1' to choose previous block for spatula, '2' to choose next block for spatula. Click SAVE icon to save current game locally on the PC, game will be saved as a cookie of the site. P for pause.
829	9f6f0240-37b8-463b-9644-ba6c93c54378	Casual Game Design Competition #1	Tonypa; John-Paul Walton; Mateusz Skutnik; David Durham; Bart Bonte; Lars A. Doucet; Nick Redmond; JR; DDams; Rob Allen; Phillip Reagan; Rey Gazu; Elizabeth Reynolds; Sean; Anders Gustafsson; Vlad Kvitnevski; Matthew Dirks; Damir	2006	jayisgames.com	https://jayisgames.com/review/game-design-competition-1.php	gameplay			Adventure; Puzzle; Jigsaw; Point and Click; Logic; Interactive Fiction; Casual Gameplay Design Competition	secondary-mechanic-tag		Interactive Fiction			4.7191	a200	Fault-Tolerant Assembly	0.0756	We hosted our first Flash game design competition, and what an amazing event it was! 21 creative and original puzzle games were submitted from all over the world, and just about any one of them could have walked away with one of the prizes. You simply must play every one of these games and experience the amazing quality present in each of the entries. Cheers to everyone that participated, either by submitting an entry or by playing the games submitted!
830	c466a45e-a5cd-4ad4-b179-d7c2378cc961	QwertyFish - Fishin' for Mission	PsychoPop	2013	deviantart.com	https://www.deviantart.com/psychopop/art/QwertyFish-Fishin-for-Mission-413124134	gameplay			Arcade; Simulation; Timing; Strong Language; Fishing	secondary-mechanic-tag		Timing			4.719	q057	Raft Shape	0.0526	"QwertyFish: Fishin' for a Mission is a ""complete enough™"" game I salvaged from the remains of another game I had started that definitely WASN'T ""complete enough™."" My original project, Dick Argonauts: Fishin' for a Mission (In Time), was a time traveling fishing real-time strategy game. The game design was mildly fleshed out, and I had drawn a shitload of fishes. Then I realized that it probably wouldn't actually be that fun of a game, so I abandoned it. I had a bunch of fish graphics lying around, so I started making this. I got tired of making this, but, lo and behold, it was already in a playable state! Since I knew I would never make the effort to ""finish"" this game (since it was started"
831	5420031f-8cad-4665-a7f8-07aade2a1a6e	Open the Mystery Box	AceDecade	2009	deviantart.com	https://www.deviantart.com/acedecade/art/Mystery-Box-109169124	gameplay			Experimental; Interactive	secondary-mechanic-tag		Experimental			4.7178	f031	Wake Up the Box	0.0559	"Contains a 10 second sample from the song: Ascend to Oblivion - God is an Astronaut Open the box however you can. You are encouraged to think ""outside the box,"" no pun intended. Try a manner of things, such as mouse keys, clicking and dragging, and even use of the microphone. I don't want to give too much away, but the left torch looks a little suspicious to me... Games such as these have been circulating around the internet since the late 80s. The earliest such instance was created and published in 1987 by Thomas Alpine, a very inventive and creative man at least 10 years before his time. The engine he designed circulated around high-compatibility user interface and a simplistic, yet effect"
832	1caddee2-5834-4d4d-8771-95ffe469d83e	kuczkiLas	Ela Wysakowska-Walters	2009	elawwalters.wordpress.com	elawwalters.wordpress.com	gameplay			Experimental	secondary-mechanic-tag		Experimental			4.7153	q144	One Reset	0.0732	ENG >> Project kuczkiLas explored the difference between the perceived and the experienced. The whole experiment was also an excuse to explore the juxtaposition of my imagined world (inspired by a nearby forest) and local Kuczki village legends. The cat’s image belongs to the beautiful friend Conrad the Cat, who disappeared in the real kuczkiLas in 2010. The project is multi-dimensional. On the surface, it records a walk through a forest from two perspectives — a cat’s and a human’s. However, if the viewers care to look deeper, they will find a project which plays with them, which encourages reflection as well as some philosophical dwelling. Some stops in kuczkiLas are naive, if not silly. S
833	9ee3b6cb-4cbb-447f-bdc2-869f6190e12a	Ragdoll Cannon 2	Johnny-K	2008	andkon.com	https://andkon.com/arcade/puzzle/ragdollcannon2/	gameplay			Puzzle; Physics; Toss; Ragdoll; Box2D; Fixed Screen	secondary-mechanic-tag		Ragdoll; Physics			4.7145	q101	Carousel Coordinates	0.0907	Use ragdolls as cannonballs in this brand new version of Johnny K's hit puzzle/action game. Fire the stickmen onto the target sign to proceed to the next level. Try to clear all seventy levels!
834	1905b00a-9d72-49e8-b775-aec2a7aeff48	Ricochet Kills 3 Level Pack	Mibix	2012	bubblebox.com	https://www.bubblebox.com/play/3445/ricochet-kills-3-level-pack.htm	gameplay			Shooter; Arcade; Puzzle; Physics; Ragdoll	secondary-mechanic-tag		Ragdoll; Physics			4.7071	q154	Reservoir Crowd	0.0832	Want more levels of Ricochet Kills? You asked, and we delivered! Ricochet Kills 3 Level Pack is here with more of the same bouncing bullet action we've all grown to love. Put your aim to the test and get ready for some swift kills. Good luck!
835	f59dd6d6-693a-4b2f-87eb-8a8ffff5a790	Marula	game103	2012	kongregate.com	https://www.kongregate.com/games/game103/marula	gameplay			Arcade; Timing; Level Editor; Procedural Generation	secondary-mechanic-tag		Level Editor; Timing			4.6927	a120	Chain Exchange	0.0582	You are a hungry elephant who wants to eat some fresh Marula fruit. Grab it with your trunk, but watch out! The monkeys will take the fruit right out of your trunk. Instructions Click: Extend trunk to grab fruit Grab all the fruit in the tree to complete the level. Hitting a monkey with the tip of your trunk will cause you to fail the level.
836	1e2f9810-f19f-4caa-bedb-1124ab04a630	Elephant Quest	Armor Games; jmtb02; Jimp	2011	armorgames.com	https://armorgames.com/play/10606/elephant-quest	gameplay			Shooter; Platformer; Adventure; Action; Role-Playing; Side View; Scavenger Hunt	secondary-mechanic-tag		Scavenger Hunt			4.6905	q143	Costly Preview	0.0502	**Please install Flash Player 10.2, this seems to be resolving some issues for people. Thank you! ** Latest version is v1.09. Some of these fixes may require a NewGame+ or NewGame to have the game fixed (saved game may retain bugs) 09 This version fixes the following: • Umbrella quest fixed (when loaded from save) • Trophy quest fixed • Map fixes for some browsers • Elephant names hidden on loaded Save Game • Area 12 walls climbable • Area 25 walls climbable • Area 31 jumping challenges fixed • Old gun trails removed on new area • Area 42 ghost block patched 08 This version fixes should resolve most world map loading for users. The fight is on! Wooly has taken your precious bowler cap and no
837	85ed3db6-f29c-42e4-ac7e-a18a105002c8	Prison Escape	FreeWorldGroup	2007	kongregate.com	https://www.kongregate.com/games/FreeWorldGroup/prison-escape	gameplay			Arcade; Puzzle; Score-Attack; Historical; Stealth; Top-Down	secondary-mechanic-tag		Stealth			4.6905	f031	Wake Up the Box	0.0736	It’s World War II, you’ve been captured by the German SS during a covert mission in enemy territory. They transport you to a secret prison facility deep in Nazi Germany dedicated to extracting information from spies. Your objective is to escape from the prison if you can! You have to move quickly or they’ll get the information out of you or kill you. You can move and use objects to get through different rooms. Watch out for the guards, you can usually sneak around them if they are not looking directly at you. 27 levels in total, lots of puzzles and challenges to overcome.
838	211b0539-7370-41a6-8c3f-0be17f860d95	Alea Story	eychanchan	2009	deviantart.com	https://www.deviantart.com/eychanchan/art/Alea-Story-145239501	gameplay			Adventure; Choose Your Own Adventure; Course Project	secondary-mechanic-tag		Choose Your Own Adventure			4.6897	g002	Bloom Order	0.0542	PLEASE READ BEFORE PLAYING, or read the in-game information at least. - Most of the outcomes are randomized. Yes, there is something to “Staying Home” repeatedly. That’s all I’m saying because this more of a conceptual piece for my senior project final. - There are 10 different “outcomes” in this one. And that this is my first time ever doing this kind of animation in flash DX (I usually do frame-by-frame because I was stupid). TIME: 4 Weeks. (From Start to Finish; Designing, organizing, drawing, animating, scripting, testing, refining). CREDITS: MUSIC/THEME: David Espana & Daniel Mehta FLASH SUPPORT: Tobias Sojobom (sjobom.com) and Hanley Weng GAME TESTERS: Sam Bullock, Merritt Langley, Sam
839	57d793a0-46e7-4354-9a4c-23aaedd0bc88	Cars vs Zombies	Booblyc.com		bubblebox.com	https://www.bubblebox.com/play/2691/cars-vs-zombies.htm	gameplay			Puzzle; Physics; Level Editor; Zombie	secondary-mechanic-tag		Level Editor; Physics			4.6889	g027	Cue	0.0638	Drive the cars into the zombies in this clever puzzler! Click on a car to make it drive, then click it again to stop it. The objective is to run over all of the zombies on each level. This game is a physics based puzzler, so make sure you don't flip your cars! Also, certain missions have certain obstacles like red blocks that you can click away! Can you kill every zombie on every level?
840	943892bb-dac1-4399-a236-def4912de01b	Baby Madison Prankster	DressUpWho	2015	dressupwho.com	https://www.dressupwho.com/games/baby-madison-prankster/	gameplay			Adventure; Holiday; Interactive Fiction	secondary-mechanic-tag		Interactive Fiction			4.6882	q029	Fuse Map	0.0567	Cute Baby Madison has already started preparing for the funkiest day of the year - April Fools Day. This year she plans to prank all her everyone, so today she needs your precious helping hand to practice all the pranks she has in mind to make sure everything will work just perfect on the big day. The first one will be played on her way to school and the school bus seems to be the perfect place for her early morning pranks. Join her in getting the ‘Baby Madison Prankster’ game started and help our cute baby girl prepare the pranks for her colleagues: fill in a delicious cookie with tooth paste, prepare the ice cream treat for Jake and ruin Jill’s sleep with a speaking-tube. That was fun but 
841	13cd1885-1cbb-41fb-a2f3-5285a1ac381e	MARDEK Chapter 3: Keystones	Fig Hunter Games / Pseudolonewolf	2010	kongregate.com	https://www.kongregate.com/games/Pseudolonewolf/mardek-rpg-chapter-3	gameplay			Adventure; Role-Playing; Pixel; Turn-Based; Fantasy; Auto-zipped	secondary-mechanic-tag		Turn-Based			4.6846	q148	Delayed Commit	0.073	An homage to and affectionate light parody of ‘retro RPGs’, but a full, deep game in itself, with many hours of gameplay. And some people thought this would never come out! But hey, look! It did! Gasp. This is the longly-delayed third chapter in the MARDEK saga. Numerous setbacks have caused it to take years to complete. It’s a long game, and since it’s a full RPG, it requires a lot of time to play through fully. There’s a lot of talking. There may be bugs. Please report any that you find and I’ll try to upload an update as quickly as I can. If you do report bugs though, please try to reproduce them and tell me HOW you get them to occur.
842	b259842e-65d1-4d9c-b27c-d7639411c0b9	N.E.O. Scavenger	Blue Bottle Games	2014	bluebottlegames.com	https://bluebottlegames.com/games/neo-scavenger/play-demo	gameplay			Role-Playing; Turn-Based; Trial	secondary-mechanic-tag		Turn-Based			4.6807	g052	Odometer	0.0561	The demo version is an unlimited time, limited area sample of NEO Scavenger's gameplay. It includes the opening encounter, and a subset of items, creatures, and crafting recipes from the full version. The full version has the following additions: Save games - You can save and quit at any time, to resume later. Full Map - No limits on map exploration. More Items - More item types and loot variety. More Crafting - Wider range of recipes for crafting. Detroit - Access to a major city, with services and encounters. Markets - Places to buy and sell supplies. More Encounters - More events like the cryo facility opening encounter (currently about ~12 as big or bigger than cryo, and ~100 mini encoun
843	e8a9451f-6db3-4103-8330-6fe5f31a1e3f	Vox Populi Vox Dei 2	Great Cogs	2015	kongregate.com	https://www.kongregate.com/games/greatcogs/vox-populi-vox-dei-episode-2	gameplay			Platformer; Pixel; Stealth; Ninja; Trial	secondary-mechanic-tag		Stealth			4.6794	q088	Mask Debt	0.0595	The story of Vox Populi Vox Dei: Episode 2 continues where the original left off: Dr. Wolf has taken the lovely girl and he tried to kill our hero, but he doesn’t know how hard he is. The adventure begins with the ninja waking up inside a cave, with no clue about his girl. When he started his mission, a long time ago, he didn’t realize how big the problem was, the wolves has created an empire, the enemy is stronger that ever. Through his path he discovers a new world that forces him to expand his journey and fight not just on the ground. Dr. Wolf’s army is waiting for him, the ninja must pass different challenges without hesitation but little does he know of his new adversaries. Full version
844	65d39348-11fa-453a-ae95-231d5953dfaa	Everybody Edits Offline	ZendroForce Ltd	2010	github.com	https://github.com/Seb-135/ee-offline	gameplay			Platformer; Action; Pixel; Level Editor; Community Content	secondary-mechanic-tag		Community Content; Level Editor			4.6784	q133	Spatial Grammar	0.0513	Everybody Edits: Offline (EEO) is a recreation of Everybody Edits (EE), adapted by Seb135 and LuciferX for singleplayer due to Adobe ending support for Flash.
845	433b490e-6b22-4d69-9e38-114f8b99a569	wittenoom: speculative shell and cancerous breeze	Jason Nelson	2009	heliozoa.com	http://heliozoa.com/?p=21	gameplay			Experimental; Story-Driven; Epilepsy Warning; Interactive	secondary-mechanic-tag		Experimental			4.6692	a042	Semaphore Garden	0.06	Exploratory work using various digital poetry interfaces. Digital poetry should surround the reader, to encompass them in the experience, to entice their hands and eyes to move with the language and explore the interface. It’s critical for digital writers to see the interface, visuals, sounds, and movements as poetic/fiction elements. ….. Multimedia and interface components are not just navigational holiday lights to pretty up the place, they add/change/expand the artwork. Within this work, I designed a responsive creatures as both fun to play and allow the reader to jump between texts, to read in their own ordering, to non-linearly explore the inherently non-linear nature of poetry. Layerin
846	91f69b1c-d96c-425f-9ee2-de69e5b2090e	Balloons vs Zombies 4	bestphysics.com	2016	flonga.com	http://www.flonga.com/play/balloons-vs-zombies-4.htm	gameplay			Shooter; Puzzle; Physics; Zombie; Ragdoll; Auto-zipped	secondary-mechanic-tag		Ragdoll; Physics			4.6687	f031	Wake Up the Box	0.0627	Use balloons, clubs, grenades, knives, all this at your fingertips, to kill all the undead. Shoot the head of the zombies and win many kizkoins to win amazing prizes! Have fun!
847	ecec2a35-c69c-4590-ba30-30bfce76e2ed	Surprise Birthday Cake			rainbowdressup.com	http://www.rainbowdressup.com/game/surprise-birthday-cake/	gameplay			Creative; Object Creator	secondary-mechanic-tag		Object Creator			4.6673	a020	Mixed Axes	0.0579	Just imagine: someone dear to you, your mommy or maybe your closest friend is about to celebrate her birthday? What could make a lovelier birthday surprise gift if not a yummy, yummy, mouth-watering dessert, one cooked by you and you only. That would really impress her wouldn't it? Play the surprise birthday cake decoration game and challenge that skillful pastry cook inside you to pull off a spectacular, jaw-dropping cake décor! So, are you ready to start working your creativity as a chef and your decoration skills on your present cake's very first layer? Not until you've selected the lovely, gorgeously colored or superbly patterned cake stand that you'll be placing your super birthday gift
848	bec3dd11-cebe-4374-aaac-fb439709493f	Magic Miner	Karma Team; HackDay	2011	kongregate.com	https://www.kongregate.com/games/elmortem/magic-miner	gameplay			Adventure; Role-Playing; Pixel; Turn-Based; Survival	secondary-mechanic-tag		Turn-Based			4.6645	f006	Multitask	0.0669	Pixel-art RPG. This game was made ​​by us for 2 days at the conference HackDay. Dismantle the rubble, collect gems, be engaged in alchemy, destroy monsters. In battle: select item for attack. Goal of the game there, because we did it for 2 days at the conference HackDay. You can: Break brown blocks (to extract gems) Breaking the blocks you have growing skill miner (gray column) Combine simple gems in double gems Use gems in a battle with monsters (the gems of the same color with a monster causing more damage, and double gems even more damage) Using the gems you have the magic skill increases (4 column color, the color of gems) Hearts seek to restore life Improve all the skills and kill Black
849	b2784a59-baf3-4d4b-8f36-58754ed7cf2f	Volcano Idols	laFunk / laFunkhh		gamesbutler.com	https://www.gamesbutler.com/game/27928/volcano-idols/	gameplay			Platformer; Action; Physics; Ragdoll; Box2D	secondary-mechanic-tag		Ragdoll; Physics			4.6574	q148	Delayed Commit	0.0988	Grapple hook your way to the Idols, find all the coins and don't forget your hat! 27 levels and 135 coins, can you find them all? Make sure to keep your hat as you collect all of the idols. Users can even create levels!
850	22267d90-1bef-426a-827c-e7c0268cfa61	"Puzzatales 2: ""Winter Wonder"""	Moonkey; Snow Snow Productions; Spike Vallentine; Matthew Stradwick	2011	andkon.com	Andkon.com	gameplay			Adventure; Puzzle; Story-Driven; Memory; Time-Attack; Holiday; Interactive Fiction; Webcam	secondary-mechanic-tag		Interactive Fiction			4.6546	q115	Partial Demonstration	0.0651	"Solve a Scene to advance the Story. 3 Stories to unravel! Try the new ""Drop"" mode in Custom Game! ""HoldOn"": Leon expresses his feelings to an unexpected friend. ""Hi"": After reading the book ""How To Get Girls"", will Cid find true love? ""GunnyHunnyBunny2"": Coldness and hunger is only the beginning for Blu and Mocha."
851	8fd59f84-d15e-4ce8-ae57-dc3ead2c32f5	Ragdoll Cannon Remake	Johnny-K	2009	andkon.com	Andkon.com	gameplay			Puzzle; Physics; Toss; Ragdoll; Box2D; Fixed Screen	secondary-mechanic-tag		Ragdoll; Physics			4.6485	q009	Peripheral Current	0.0655	The original Ragdoll Cannon game has become even more fun! The main improvement is made on level design. There's twenty-five brand new challenging levels to get through.
852	d3623ffd-73e0-e647-cf03-223fae3c5b74	Ragdoll Cannon 1.5	Johnny-K	2008	armorgames.com	armorgames.com	gameplay			Puzzle; Physics; Toss; Ragdoll; Box2D; Fixed Screen	secondary-mechanic-tag		Ragdoll; Physics			4.6396	q166	Checkpoint Choice	0.072	Click and shoot the ragdoll man from the cannon. Hit the HERE button to go to the next lvl. There are 20 level total and 5 extra lvls On the sponsors site. Have fun..
853	90e87ddc-e28c-42c1-9cb5-4305c5eebef3	Rolling Fall 2	Mibix		coolbuddy.com	http://www.coolbuddy.com/games/game.asp?gid=3250	gameplay			Arcade; Puzzle; Score-Attack; Physics; Zombie; Time-Attack; Ragdoll; Box2D; Auto-zipped	secondary-mechanic-tag		Ragdoll; Physics			4.638	f031	Wake Up the Box	0.0804	Kill the zombies by cutting the chains and exploding the Bombs but be careful there are good guys too.
854	34be9be2-4f91-46c1-9be9-b757138668ad	Bomb's Vacation	Georgy Matveev; Evgeny Spitsyn; Mike Rudoi		oyunlar1.com	http://www.oyunlar1.com/online.php?flash=6478	gameplay			Arcade; Puzzle; Physics; Timing	secondary-mechanic-tag		Timing; Physics			4.6312	f031	Wake Up the Box	0.0726	Bombs Vacation play information Mr. bomb needed a vacation and booked a ticket. Blowing up stuff on a tropical island usually calms him down. Help bomb to blow up 20 practice targets along his tropical journey. Completing this physic-driven flash game requires some timing and precision. Bombs Vacation controls Use your mouse cursor to use the tools inside each level. Hold your spacebar to fast-forward. Press on R to restart the current level.
855	30006a2c-bb1d-44fc-a064-7aa624d10b67	A Couple of Questions	stoogebag	2014	stoogebag.itch.io	https://stoogebag.itch.io/a-couple-of-questions	gameplay			Adventure; Choose Your Own Adventure; Moderate Language; Ludum Dare; Game Jam; Mouse-only; HaxeFlixel	secondary-mechanic-tag		Choose Your Own Adventure			4.628	q148	Delayed Commit	0.0845	A Couple of Questions is a Murder Mystery set entirely within an interrogation room. Bill Hamilton has been murdered: Whodunit? His jealous twin brother? His on-off girlfriend?YOU must interrogate them to find out. This is essentially a 'minimalist adventure game': one room, no items. All you can do is observe, and ask. Can you crack the case? HOW TO PLAY: Navigate the menus to look at the evidence. Interrogate the suspects, but watch their reactions! They might not be in the mood to answer you.
856	3f4b9385-7520-4690-8094-ca371fdf4fac	A Paradox of Biblical Preportions	PsychoPop	2006	deviantart.com	https://www.deviantart.com/psychopop/art/Paradox-ofBiblical-Proportions-37488887	gameplay			Adventure; Choose Your Own Adventure; Moderate Language; Alcohol; Crude Humor	secondary-mechanic-tag		Choose Your Own Adventure			4.6264	q129	Decoy Learner	0.0588	"A PARADOX OF BIBLICAL PROPORTIONS: THAT FACE EDITION IS COMING IN FALL 2009 OH MY GOD YEAH I JUST ADMITTED IT IT'S REALLY HAPPENING! Welcome to ""a Paradox of Biblical Proportions,"" Fü's first Choose-Your-Own-Adventure game. You control yourself in a world where 2/0 is a mathematic equation just as common as 2+0. A world where you cay say ""The next sentence is true. The previous sentence is false."" and all will be well. A world where you can have a box containing itself. This is the craziest game ever, it took me about 2 weeks to do, and I'm willing to bet there are plenty of errors in it. If you find any problems (answers that don't make ANY sense, animations that don't play) please tell me "
857	5e69fb12-2165-4ee9-94ee-685bfee05573	Catapon: Catapult Warriors	Nayata	2015	gamezhero.com	https://www.gamezhero.com/games/catapon	gameplay			Arcade; Level Editor; Toss; First-Person; Achievements	secondary-mechanic-tag		Level Editor			4.6232	g019	Slow Bell	0.0694	Your main task is to destroy all enemies! Using a catapult, you will be able to aim perfectly and make the most accurate shot! The less cores you use, the more stars you can get! Is everything clear? So, start it now! This game is a kind of the most favorite and coll puzzle game. So, if you really like Angry Birds, well, this is quite the same. And your goal is to kill all of the baddies by catapulting projectiles at them. But there are also good creatures, try to save them. Just use the catapulting and shot like a professional. There are a lot of fun, so do not waste your time and destroy all blocks and kill all these angry creatures. Enjoy a lot of levels and get more stars here. Are you a
858	66a7eac9-a8d7-4069-9ebd-eeb021f634df	Save The Dummy Holidays	sandyloisa / Sandeep Saha		gamesbutler.com	https://www.gamesbutler.com/game/18677/save-the-dummy-holidays/	gameplay			Puzzle; Physics; Logic; Christmastide; Stick; Ragdoll; Mouse-only	secondary-mechanic-tag		Ragdoll; Physics			4.6227	q101	Carousel Coordinates	0.0537	The multi-award winning game is back with 25 levels of festive fun. Drop the dummies off of the screen to complete each level.
859	4dcda852-fde4-483b-a3c9-42531237e55f	Copper: Larry's Abduction	Esshole	2009	fanart-central.net	http://www.fanart-central.net/pictures/user/Esshole/765278/Copper-2-Flash-Game	gameplay			Adventure; Choose Your Own Adventure; Strong Language; Stick; Blood; Moderate Violence	secondary-mechanic-tag		Choose Your Own Adventure			4.6202	q144	One Reset	0.0608	"Hey there, this is my forth flash and second game. I tried harder on this but I still know I got a long way to go. But believe me, I'm trying. Story wise, this is a ""sequel"" to my first game Copper: It's Saturday. However, the whole game is non-cannon aside from the bar seen (Copper: It's Saturday, I mean.) Anyhow in this game - Local bartender, Larry, was kidnapped by street gang, The Stix, Copper must track them down and save Larry. It's the only bar Copper is still allowed to go to. Anyhow rate and give thougts and advice. I know I got my problems. ---- Sorry about the bad coloring. I made this on an older computer."
860	b28e6931-2672-4e16-9922-2c38df2c8a7f	nothing you have done deserves such praise	Jason Nelson	2013	secrettechnology.com	http://www.secrettechnology.com	gameplay			Platformer; Action; Experimental; Dodge	secondary-mechanic-tag		Experimental			4.6191	q102	Walking Room	0.0518	Video games are a language, a grammar or linguistics of various texts. The sounds, the movement, the graphics, the rules or lack of rules, everything about a video game is a component of language. A digital poetry game must combine all these elements, strange and interactive stanzas, crossed out and obstructed lines, sounds and texts triggered and lost during the play. Indeed the game interface becomes a road to inhabiting the digital poem, to coaxing the reader/player into living and creating within the game/poetry space. Nothing You Have Done Deserves Such Praise is an art/ poetry/ adventuring game, a playland for exploring our ever-present desire for constant and over-blown rewards. Our w
861	fcd48a67-085b-4401-b66a-978416b1b022	Yeti Yeti Yeti Yeti	Dustin Covan	2013	kongregate.com	https://www.kongregate.com/games/dustincovan/yeti-yeti-yeti-yeti	gameplay			Platformer; Adventure; Stencyl; Interactive Fiction	secondary-mechanic-tag		Interactive Fiction			4.6173	g013	Rot Garden	0.0606	How do you play a game designed by The Enemy? What do you do if the only tasks you can seemingly accomplish are the ones where The Enemy wins? Are they really the only options? Is The Enemy really your enemy? What kind of Yeti goes around trying to solve a worm’s problems in the first place? These are just some of the questions you may ask yourself once you choose to experience Yeti Yeti Yeti Yeti, by Dustin Covan. Like an episode of Teletubbies directed by David Lynch, this interactive short story will reveal itself to you in ways you may not be used to or comfortable with; however, satisfaction is guaranteed. Arrow Buttons to Move and Jump. Space Bar to Pick Up, Choose, or Fight. Space Bar
862	b1af7aef-a723-4468-9e1b-9c6fc4d28b40	Summer Flavored Cake			rainbowdressup.com	http://www.rainbowdressup.com/game/summer-flavored-cake/	gameplay			Creative; Object Creator	secondary-mechanic-tag		Object Creator			4.6169	q140	Grounded Labels	0.06	Which is for you the ultimate summer flavor? The taste of fresh strawberries or maybe of refreshing, yummy raspberries or maybe that of a tasty icy fruity cocktail? Now, what if you could added your favorite summer flavor and to your dream cake dessert turning it into an eye-tempting summer flavored cake, a true feast for your taste buds during the hot days of summer? Get this fun cake decoration game started and put together the ultimate tantalizing treat of the season! If you want your cake to look simply spectacular, you should not neglect the importance of all those tiny decor details that make the different between a common dessert and a five-star one. First of all, pick the loveliest t
863	17c359d4-1ced-4efd-8b75-482707a69e6a	Android Soccer	Wolf Games		officegamespot.com	http://www.officegamespot.com/android-soccer.htm	gameplay			Arcade; Sports; Timing; Launch; Soccer; Auto-zipped	secondary-mechanic-tag		Timing			4.6058	q045	Scout Drones	0.0703	"Android Soccer v1.8 includes a TWO-PLAYER MODE as well as a revised single player mode, eight different goalkeeper characters, and improved target positioning. Out-smart the robot goalkeeper and hit the targets in this penalty shot flash soccer game. Controls / How To Play: 1) Click on the ball with your mouse and drag the arrow in the direction you want to shoot. The length of the arrow indicates the shot power. 2) Spin the ball by clicking closer to the left or right side of the ball. 3) Jump the ball by clicking closer to the bottom half of the ball. 4) Hit the targets (5 or 10 points) to earn extra points. Two Player Mode: Select ""TWO PLAYER"" from the main menu. Choose your character and"
864	54f80619-7fa5-43cc-bc54-ec5f742cd369	Paper Train		2010	silvergames.com	https://www.silvergames.com/en/paper-train	gameplay			Arcade; Timing; Train; Mouse-only	secondary-mechanic-tag		Timing			4.6007	q076	Rule Thermostat	0.067	"""Paper Train"" is an addictive railway traffic management game that puts you in control of a busy train station. Your task is to manage the train traffic by strategically controlling the switches and signals to ensure that each train arrives at its destination safely and on time. As the station master, you'll face increasing challenges as more trains arrive at the station, each with their own unique destinations and schedules. Your goal is to prevent collisions and delays by carefully timing the movements of the trains, adjusting their speeds, and making sure they follow the correct tracks. Start and stop the trains at the control spots by clicking on the red/green traffic light. Switch the t"
865	bfe5b91e-1a27-4716-83bc-846450290108	Ragdoll Rooftops	GameTwoThree		bubblebox.com	https://www.bubblebox.com/play/2677/ragdoll-rooftops.htm	gameplay			Arcade; Physics; Ragdoll	secondary-mechanic-tag		Ragdoll; Physics			4.6001	q167	Probe or Act	0.0781	Blast your lifeless ragdoll from rooftop to rooftop! Try to keep him on the right side of the screen for as long as possible. If he falls off the bottom or off the left side, it's game over! You can only blast him twice in a row: the ragdoll has to hit another object before you can get your shots back! How long can
866	6888bdfb-863c-47df-bad2-c58140e53816	Randomizator Poezji	Ela Wysakowska-Walters	2011	elawwalters.wordpress.com	https://elawwalters.wordpress.com/poetry-randomiser/	gameplay			Toy; Experimental; Creative	secondary-mechanic-tag		Experimental			4.5989	a086	Counterbrace	0.0174	PL >> Randomizator Poezji to interaktywny projekt flash. Randomizator Poezji wykorzystuje bibliotekę losowych fraz zaczerpniętych z czasopism kobiecych. Nie jestem wielką fanką treści publikowanych w czasopismach dla kobiet. Są one skarbnicą uproszczonych porad, raczej płaskich i stereotypowych wyobrażeń o tym, kim jest lub kim powinna być kobieta. Randomizator Poezji bawi się tym dyskursem. Po wpisaniu dowolnej frazy w aktywnym polu i kliknięciu ’wygenerują linię wiersza’, program wybiera z biblioteki przypadkowy fragment tekstu i wyświetla poniżej frazy wpisanej przez użytkownika. ENG >> Poetry Randomiser is an interactive flash project. Currently this project uses Polish only. Poetry Rand
867	7a43734d-f633-4faa-a249-bf3050ad2a85	Troll Cannon 2	Gameshot.org		trollquests.com	https://www.trollquests.com/games/troll-cannon/	gameplay		Trollface	Arcade; Physics; Toss; Ragdoll; Mouse-only; Trollface	secondary-mechanic-tag		Ragdoll; Physics			4.5946	q045	Scout Drones	0.0731	Troll Cannon is that special combination of gaming genres that will make everyone love playing it. The game looks like a holiday table - there’s something for everyone: some launch gaming, some shooting, some elements of quest and the great adventurous spirit. In the end, it’s generously seasoned with very bald and sparkling jokes, funny memes and images. Each level is insanely creative and entertaining. Help the main hero find his way to happiness and to survive all the challenges. You will be pleasantly surprised how diverse and special each level is!
868	16b04977-f714-4239-b343-b759e16a33af	Super Mario 63	Runouw	2009	runouw.com	http://runouw.com/games/sm63/	gameplay		Super Mario	Platformer; Pixel; Level Editor; Side View; Super Mario; Collectathon	secondary-mechanic-tag		Level Editor			4.5929	q124	Counter-Predator	0.0814	Updated November 26th 2012: The level designer has a few new additions, and is using the new portal. Check it out! Updated July 23th 2009: Added a mode in the level designer that lets you play other people's levels vote on them. Also fixed a few glitches. Updated June 27th 2009: Fixed a few glitches (such as the slide in the basement, etc.) and added in w more Level Designer Items, such as Level Transitions, Orange Block Switches, etc. Super Mario 63 is a fan-game inspired by Nintendo's Super Mario 64. Many levels and features are based upon it and other of Nintendo's games, but a variety of them are completely original. Among them include a detailed storyline, ability to play as Luigi, a hi
869	21875e6f-1bb1-43c1-bee5-10d3bfba5a03	Chessboard of the Golden Witch	Selberzeichner / Abysswolf	2010	deviantart.com	https://www.deviantart.com/abysswolf/art/Chessboard-of-the-Golden-Witch-173456632	gameplay		When They Cry	Strategy; Pixel; Turn-Based; Chess; Anime; 3/4 View; When They Cry; Auto-zipped	secondary-mechanic-tag		Turn-Based			4.5925	g014	Long Shadow	0.0573	This is a little tribute to the awesome visual novel created by 7th expansion, Umineko no naku koro ni (When the seagulls cry). I guess a lot of people who read it might have a similar idea to this, since the novel keeps comparing itself to a chess game and the characters to chess pieces, but i wanted to give my own view of it =) Still, the arrangements of the pieces might be innacurate (I seriously doubt Bernkastel and Lamdadelta can be considered pieces!) but meh, it's not of a big deal. Here's the pieces arrangement: [] WHITE SIDE King - Ushiromiya Battler Queen - Bernkastel Bishops - Ushiromiya George and Ushiromiya Jessica Knights - Kanon and Shanon Rooks - Ushiromiya Maria and Kumasawa
870	72c6be9a-35e7-dead-39a9-a3e8247ac2f0	Dead Drunk	Eric Gurt	2014	kongregate.com	http://kongregate.com/games/eric_gurt/dead-drunk-1-9	gameplay			Platformer; Adventure; Choose Your Own Adventure; Side View; Stick; Blood; Alcohol; Tobacco; Silhouette; Auto-zipped	secondary-mechanic-tag		Choose Your Own Adventure			4.5924	q138	Command Composition	0.0621	Game about classic friday of system administrator. Is it easy to find way home? (v1.9 now). Game length increased since previous updates. And also now you can play with friends as now I finally have possibility to dedicate server for multiplayer. Multiplayer can show strange effects but I’ll look for what I can do in few days. Enjoy and try not to get too drunk ;)
871	5077a853-6ce4-4e71-8444-5fcd4bb41b11	Bakuhatsu Panic! 2	Jason Cirillo / Robotube Games		playfg.com	https://www.playfg.com/bakuhatsu-panic-2-game.html	gameplay			Arcade; Score-Attack; Timing; Auto-zipped	secondary-mechanic-tag		Timing			4.5874	q148	Delayed Commit	0.0719	This is a story of a little hero saving our planet by catching bombs. You can use the mouse to move the role you choose left or right to catch those black, green and red bombs while avoid the white one. For the blue bomb, you should catch them when they turn pink after rebound. What's more, you can get a bonus when you collect all 5 types of sushi. Demo Original Description: This is a 15 level demo...but it's still fun as hell just the same. Also PLEASE NOTE the full version does not get this hard this fast!!! I only added that craziness near level 13-15 to give you a taste of the REALLY higher levels in the final version. After a half a year, I thought I was going to keel over from lack of 
872	b7dbd71b-d099-4fdf-9127-6e0a341b7f2d	"""Build a Tree"" Dendrochronology Activity"		2011	windows2universe.org	https://www.windows2universe.org/earth/climate/dendrochronology_build_tree.html	gameplay			Toy; Educational; Creative; Object Creator; Biology	secondary-mechanic-tag		Object Creator			4.5848	g062	Ballast	0.0692	"The interactive diagram below demonstrates a very simple model of tree ring growth. Select a temperature range (Normal, Cool, or Warm) and a precipitation amount (Normal, Dry, or Wet) for the coming year. Click the ""Add Yearly Growth"" button. The tree (which you are viewing a cross-section of the trunk of) grows one year's worth, adding a new ring. Add some rings while varying the temperature and precipitation. Which of these factors has a stronger influence on the growth of the type of tree being modeled here? Use the ""Reset"" button to start over. The ""Show Specimen Tree"" button displays a section of an ""actual"" tree specimen. Can you model the annual climate during each year of the specime"
873	3436ca15-58d9-4d52-a7d8-e181be11f75f	Balloons vs Zombies 2	bestphysics.com	2013	kongregate.com	https://www.kongregate.com/games/adgard/balloons-vs-zombies-2	gameplay			Shooter; Puzzle; Physics; Zombie; Ragdoll; Blood	secondary-mechanic-tag		Ragdoll; Physics			4.5826	q166	Checkpoint Choice	0.072	Kill zombies with the help of balloons, knives and grenades in this “trash” shooter. You should kill all the dead guys and save those who are alive.
874	396ce45a-6b9e-67dd-567b-7cc9f897c109	Drop Dead Extended Edit	ttursas	2008	andkon.com	Andkon.com	gameplay			Arcade; Physics; Ragdoll	secondary-mechanic-tag		Ragdoll; Physics			4.5791	a092	Crease Memory	0.0797	NOTE! This is not Drop Dead 2, but Drop Dead 1: Director's Cut. Just something to play before Drop Dead 2 comes out... :D Enjoy the fixed scoring, new levels and audio, and lots of little tweaks. Also, thank El Topo for the cool new characters! :) Use mouse to push the characters around, and feel good!
875	c6f3f771-22b5-45b8-9c2e-49624007ad6a	Juggernaut -Awakening-	Jordan Allen / TheEnkian; Nick Johnson / MSGhero	2013	jayisgames.com	https://jayisgames.com/games/juggernaut-awakening/	gameplay			Role-Playing; Story-Driven; Pixel; Turn-Based; 3/4 View	secondary-mechanic-tag		Turn-Based			4.579	g048	Keyhole	0.0654	The story of the Juggernauts begins in this RPG adventure. Author Comments: When a group of children go against their parents wishes and venture deep into the forest which surrounds their village, they get more than they bargained for. They soon realise that there are dangerous and mysterious things in the dark corners and crevices of the world. The story of the Juggernauts begins in this RPG adventure! Battle the creatures of the forest, help out the villagers, and discover a few secrets here and there. Edit: Difficulty lowered, this should fix some issues. We've also increased the starting level of the characters and given some extra items to begin with.
876	9ace2af4-57e4-4ed4-9529-2f34bf9c3052	Starchitect	Project P.I.: James Harold;Programming: Evaldas Vidugiris;Science Advisor: Dean Hines;Graphics support by Nina Klymenko;Some starfields generated with SpaceScape by Alex Peterson		starchitect.net	https://www.starchitect.net/	gameplay			Toy; Space; Object Creator; Astronomy	secondary-mechanic-tag		Object Creator			4.5787	q189	Inheritance	0.0715	Welcome! Starchitect is a free astronomy education game about stellar and planetary evolution. Here you can create different types of stars, then add planets, and even try for life. All of this happens at a million years a minute (for reference, that would make our solar system about three days old). As much as possible Starchitect is based on our best understanding of astronomy, astrophysics, and astrobiology. The evolution of the stars, the incidence of supernovas, etc., are all based on current science. See what you can do... make a star, add some planets, and see if you can get life going. Good luck! Things To Know Take your time: Starchitect runs at one million years to a minute. At tha
877	d0dee3fc-6bce-49c8-8408-06c763b1109a	QWOP	Bennett Foddy	2008	foddy.net	Foddy.net	gameplay			Arcade; Sports; Intentionally Infuriating; Athletics; Ragdoll	secondary-mechanic-tag		Ragdoll			4.5756	q124	Counter-Predator	0.0447	QWOP is a simple game about running extremely fast down a 100 meter track. QWOP has developed quite a following online, spawning comics, speedrun videos, parody videos, and weird Japanese homage videos where the man is replaced with a 3D schoolgirl on the moon. It has also been featured on the US version of The Office, and several times on the Japanese TV Show Angry New Party. In 2016 I updated it to work with HTML5, so you don’t need Flash to play it. Should work fine even on a smartphone, using the on-screen buttons.
878	0c13f559-06dd-807f-aa28-0160bc383d11	Ragdoll Cannon 4	Johnny-K	2011	silvergames.com	www.silvergames.com	gameplay			Puzzle; Physics; Toss; Ragdoll; Box2D; Fixed Screen	secondary-mechanic-tag		Ragdoll; Physics			4.569	q101	Carousel Coordinates	0.105	The ragdolls are back, this time with two brand new ragdoll types. Launch ragdolls from your cannon to hit the target in each level to progress.
879	b89a4e1f-6f44-4240-ae27-8fea7a4e35be	A Team for the Job	Storm Alligator		flonga.com	http://www.flonga.com/play/a-team-for-the-job.htm	gameplay			Fighting; Puzzle; Pixel; Turn-Based; Fantasy; Auto-zipped	secondary-mechanic-tag		Turn-Based			4.5644	q090	Lineage Garden	0.0757	The king is looking for a powerful team for an important mission with a high reward! He will only select a team of 5 adventurers which members are in different classes: a thief, a ranger, a warrior, a necromancer and a witch. Will you gather a complete team before your opponent? You draw a card each turn. You can’t have more than 3 cards in hand at the end of your turn. You can play one card each turn. Each card has a come-into-play capacity, except the witch. Roll over the cards to see their capacity!
880	9451f7e9-bf46-498c-88ba-95458fb7bdaf	Father and Son			y8.com	https://www.y8.com/games/father_and_son	gameplay			Adventure; Simulation; Interactive Fiction	secondary-mechanic-tag		Interactive Fiction			4.5638	q189	Inheritance	0.0776	No matter you are already a father or not, you will experience the joyful moments and difficulties of raising a child in Father and Son. Throughout this simulation game, you will assume the role of a father, and you will need to make different decisions based on the given scenarios, for example in the first scenario, the baby will fall when he is trying to walk. You need to decide whether to help or encourage him by clicking the corresponding button at the bottom right corner of the screen. Your child will grow based on your decisions in the game, and you can click the magnifying glass at the top right corner to view the current growth of your child, in terms of creativity, family, justice, 
881	a1171198-a93f-4252-8afb-677c2f9382c3	Butter Quest	Artix Entertainment		ebilgames.com	http://www.ebilgames.com/games/ButterQuest/	gameplay			Turn-Based; Comedy; Interactive	secondary-mechanic-tag		Turn-Based			4.5636	q144	One Reset	0.0715	"ButterQuest Click the Attack button, till you are quite gourd of the buttery action. Excerpt from WarCry Network Interview WarCry Interviewer: ""Artix Entertainment is based near Land O'Lakes, Florida so this question must be asked: Land O'Lakes, like the butter?"" *grins* Artix Krieger: ""Are you trying to butter us up? That question has been churning in my mind since we moved here. It is nice building the games in one place since we were spread so thin before. Ironicially it is really our puns that are our bread and butter here. It really helps our profit margarines. I am really milking this joke... but do not worry we are open minded here - not lactose intolerant at all. Sorry, I am a little"
882	4fef3e08-306f-4011-b246-1c6f0072cddb	BlockAction	Daigo Sato	2006	blockaction.net	BlockAction.net (via Wayback Machine)	gameplay			Platformer; Action; Level Editor; Creative	secondary-mechanic-tag		Level Editor			4.5624	g062	Ballast	0.0602	"Introduction: Get the little guy to the exit! Here, you can play games and even create your original stages. There are timeattacks, evaluation, comment functions, also you can sort stages by the level of difficulties or scores. The details of how to create stages are below in this page. Just enjoy it!! 1. Click the button ""Create New Stage"" 2. Then you can edit new stage.Please select block and place it. 3. If you want to save the stage, please click ""Save"" button. 4. Please fill out the form.If you don't fill ""password"" column , you won't be able to edit the stage again. Be careful. 5. After you submit your stage,you can ""Edit"",""Delete"",""Clear Ranking"" the stage with your password. 6. If yo"
883	952d668c-f6e2-4391-94ff-b01025b57f94	Bugbusters	Cédric Barthez	2002	cedricbarthez.fr	http://www.cedricbarthez.fr/work/bug-busters	gameplay			Adventure; Choose Your Own Adventure; Epilepsy Warning; Cartoon	secondary-mechanic-tag		Choose Your Own Adventure			4.5615	a143	Return Parity	0.0559	Bugbusters is an online cartoon series relating the story of two bugbusters in a futurist world where disco is the latest trend. This episode was realized in three months from february to april 2002. It's a school project. The exercise was to create the first episode of a full season series, and by consequence to create the big bible of this show (Background & storyline definition, character personalities and visuals, etc). The main idea was to make something with all the cool things i've seen on tv during the 80's : Starsky & Hutsh, Ghostbusters, etc. With that, I've tried to add some humour et funny things, and using Flash to make something a little bit interactive. With a great funky soun
884	fa36d5f8-42ab-4070-8e8b-69bf17b4f004	Ninja Bear	Rob and John Donkin	2012	armorgames.com	https://armorgames.com/play/12891/ninja-bear	gameplay			Puzzle; Level Editor; Community Content; Ninja	secondary-mechanic-tag		Community Content; Level Editor			4.5615	q129	Decoy Learner	0.0762	Join Ninja Bear and Purple Teddy in their fight against the evil monsters. Can you complete all 44 levels in time for Purple Teddy to get back and play Skyrim?
885	7cf1eb06-e1e9-4929-9239-cacc318c3112	Gnomeo And Juliet - Align Image			play-games.com	https://www.play-games.com/game/1081/baby-juliet-and-gnomeo.html	gameplay			Arcade; Puzzle; Score-Attack; Sliding	secondary-mechanic-tag		Sliding			4.5607	f031	Wake Up the Box	0.0829	Gnomeo And Juliet Baby is one of the games we bet that you will be preferred because in this game you have the chance to prove that you can use that brain smart and put together some pieces, so as to produce a puzzle exception. In this game you must give evidence of much intelligence and perseverance, because they could not get out of you first. You need to concentrate as much as possible to do everything possible to solve this puzzle in as short a period of time. Also think that this puzzle will give the finish a certain score, which reflects your efficiency and effectiveness throughout the game. This score should be larger if you want to come in among the best players of puzzles. This game
886	1bcc6eba-48b4-408a-ab31-5f530cbabd8a	Territory War	Afro Ninja Productions	2006	armorgames.com	https://armorgames.com/play/279/territory-war	gameplay			Shooter; Strategy; Artillery; Turn-Based; Side View; Toss; Stick; Blood	secondary-mechanic-tag		Turn-Based			4.5542	q175	Pendulum Phase	0.0697	This game was a few solid months of work, so I hope you enjoy. You can play mission mode, challenge mode, or custom battle mode. Play against a human opponent or a CPU one. Unlock additional stages, missions, and hats! This game will also track your stat progress as far as kills, head shots, accuracy, etc.
887	11e15013-a2d3-45f1-8e37-8857fbd1dee2	Burning Fridges	Noncho Sanov	2013	foumartgames.com	https://www.foumartgames.com/games/BurningFridges/	gameplay			Puzzle; Science Fiction; Sokoban	secondary-mechanic-tag		Sokoban			4.5522	g058	Solder	0.0715	A spaceship was infiltrated during interstellar voyage. One Mechanic wakes up from crio-sleep to investigate and fix the damage... Mouse Controls: Clicking the adjacent green tiles to move or the main character to pause and skip the turn. Keyboard Controls: Arrow keys or WASD to move, Space to pause and skip the turn. Instructions: Navigate the Mechanic (the green unit) and use a Fridge (red terminal) to capture the Litoxyde spawn (the red burning unit). All boxes can be slided by pushing them in the desired direction. The goal is to plug the hole in the spacecraft shell with a captured Litoxyde. You'll get only one chance to do that, so spare your moves and watch for oxygene and temperature
888	7c854a89-536f-4d66-bb26-a3db78c57978	Villain Glance	Titoulion	2012	kongregate.com	https://www.kongregate.com/games/Titoulion/villain-glance	gameplay			Shooter; Action; Stealth; Ludum Dare; Game Jam; Top-Down	secondary-mechanic-tag		Stealth			4.5521	q143	Costly Preview	0.0764	Be the Villain. Shoot your peers. Be discreet. Be quick. They become suspicious. They feel your guilt. If you get caught red-handed they’ll make you pay. Tips : The red ones are suspicious, they have a larger angle of view. Global suspicion increase their rotation speed. You turn dark with your guilt, and they tend to look at you. Instructions WASD to move. Left button mouse to shoot. R to restart. M to back to menu. X to mute/unmute.
889	928de1e9-3037-4deb-8a1f-437713a64e68	Territory War 3	Afro Ninja Productions	2012	xgenstudios.com	http://www.xgenstudios.com/play/territory-war-online-3	gameplay			Shooter; Strategy; Artillery; Turn-Based; Side View; Toss; Stick; Blood	secondary-mechanic-tag		Turn-Based			4.5493	f006	Multitask	0.0719	The long awaited sequel to one of the most popular online frag arenas of all time is finally here! Featuring new maps, new weapons, gameplay modes and new ways to earn XP, level up and kick some ass! Including a new level editor, for you to create the arena of your dreams - and your friend's nightmares.
890	58a8226a-b546-49a4-b8ff-88dbbc42f2df	AmanojaQ	Akkii	2012	ku-da.net	https://www.ku-da.net/flash/games/amanojaq.html	gameplay			Arcade; Variety; Timing; Time-Attack; Mouse-only	secondary-mechanic-tag		Timing			4.5487	a110	Mobile Cover	0.0443	遊び方 募集：さかさま職人 資格：4才~200才迄の男女、経験不問 時間：60秒、休憩あり 休日：完全週休7日 ミニゲームを60秒間でクリアしまくり、得点を競うゲームです。 ミニゲームのお題に「何をするか」が表示されるので指示に従いますが、赤い字で書かれた箇所は反対にして考えなくてはなりません。 りんごを取れ → りんごじゃないものを取れ 逆立ちをしろ → 逆立ちをするな 「あまのじゃく」になって、ひねくれて下さい。 タイトル PLAYボタンで説明が表示された後に、ゲームが始まります。 Rankingボタンで現在のランキングを表示します。 ステージ ミニゲームのタイトルとお題が表示されます。 あまのじゃくになってゲームをしてください。クリアの仕方は、それぞれのミニゲームによって違いますが。マウスだけで遊べます。基本的に、お題の赤い字を反対にして答えを出すクイズと考えてください。 ミニゲームは10秒からカウントダウンして、0秒になったら不正解になります。間違った答えを選んでしまっても不正解です。 正解を選ぶと時間の残りと時間の横にある倍率を掛けた値がスコアに加わります。不正解の場合は、その値がスコアから引かれます。 ゲーム全体の残り時間からも同時にカウントダウンして0秒になったらゲームオーバーです。 ミニゲームをクリアした時に 残り時間の小数点以下は切り捨てられます。したがって、1秒以下でクリアしても1秒掛かったと見なされます。 ゲームオーバー ゲームオーバー画面のENDボタンでタイトル画面に戻ります。TweetボタンでスコアをTwitterにツイートできます。 Runkingボ
891	95ea928b-10d3-4da0-8618-4e714e1b57e7	Ragdoll Catapult	Joy People		gamesfree.com	http://www.gamesfree.com/game/ragdoll_catapult.html	gameplay			Arcade; Physics; Toss; Ragdoll	secondary-mechanic-tag		Ragdoll; Physics			4.5419	a118	Bottleneck Match	0.0717	Ragdoll Catapult is a crazy physics-driven flash game with ragdolls and catapults. Your objective is to smash little people into a special wall before you run out of ragdolls. Become the best ragdoll smasher of all times!
892	8fec358a-58f0-406f-9ceb-b94a7bed3331	Unholy Flesh			darkhorrorgames.com	http://www.darkhorrorgames.com/play/unholy-flesh/	gameplay			Adventure; Horror; Interactive Fiction	secondary-mechanic-tag		Interactive Fiction			4.5398	q052	Lens Bench	0.0647	Unholy Flesh is a horror text adventure game, where you type in commands to explore the world around and see if you can escape. In-game tutorial is pretty much detailed and it will give you everything you need, from basic 'look around' commands to more complex things. Such text-based games used to be very common in the old days, when computers didn't have such powerful graphic cards and monitors as they do now. To compensate that, people used to rely more on their imagination, which is not that bad after all. Today, such games are popular only among the smaller group of text game enthusiasts. In this game you play a role of a man who couldn't remember where, how and when he got there, but st
893	82e0145e-c262-44d8-af9b-0933277decbb	The Bear, the Cat and the Rabbit	rostok	2015	rostok.itch.io	https://rostok.itch.io/the-bear-the-cat-and-the-rabbit	gameplay			Adventure; Experimental; Role-Playing; Fantasy; Axonometric; Auto-zipped	secondary-mechanic-tag		Experimental			4.5378	q073	Phase Change	0.0704	"""The Bear, the Cat and the Rabbit"" is a short adventure with couple ""think outside the box"" puzzles. You control three anthropomorphic animals on a strange quest in abandoned yet hostile environment. All this in semi-isometric, 16-bit retro style. The game itself is a prequel to comic book of the same title Controls: W/S/A/D run Z action X summon others SPACE jump and roll TAB/1/2/3/wheel change character 1st mouse button go to click position 2nd mouse button tell others to go there F7/F8/F9 save/quicksave/load"
894	b5233105-e1e0-c316-14ca-8b78d43d114f	Hired Heroes!	Badim; MrDN; Squall_SS	2012	kongregate.com	https://www.kongregate.com/games/badim/hired-heroes	gameplay			Strategy; Role-Playing; Pixel; Turn-Based; Fantasy; Top-Down	secondary-mechanic-tag		Turn-Based			4.535	q175	Pendulum Phase	0.0616	Tactical game based on not serious fantasy story. - Find big scary Dragon and kill him! - Hire famous 12 heroes to fight along your side. - Shop for rare Artefacts – beside having awesome look, they will help you to overcome horde of enemies. - 15 Tactical levels to solve. If you like it – try it on your iDevice: few promos for that: XHRHRWJYWAJ9 HMXNKKH6FNNP ANLYEXPM4HM4 RH76PX9EKMH4 MH6ETPEPKXRY W3MXJLMP63P3 TYHWYAPARR9F 3P6L9W9JPHLJ 3NFRTW4M4HH4 EP399R6XENJ7 EETNPPRTYH3F
895	330940be-c96c-4ca7-8482-ffeb05b9e61a	GumBeat Gold	PanopXis		gambit.mit.edu	http://gambit.mit.edu/loadgame/spring2009/gumbeat_v20/gumbeat_v20_playgame.php	gameplay			Pixel; Stealth; Top-Down; Auto-zipped	secondary-mechanic-tag		Stealth			4.5316	q102	Walking Room	0.0645	In the world of GumBeat Gold, you take the role of a defiant teenage girl who musters up the courage to stand up against the oppressive government. Bubble gum is outlawed across the city! Anyone spotted chewing gum is severely beaten up. But oh, how unfair it is to prevent citizens to enjoy the sweet taste of bubble gum. In this fun and lively casual game, blow bubble gum and gather enough supporters to your cause to topple the anti-gum government. Are you up to the task? GumBeat Gold is a special update of the original GumBeat. With new graphics, controls, music, levels, and achievements GumBeat Gold lets you blow, stick, and pop your way to revolution like never before.
896	63ef2229-2c76-4809-baef-6fa1404595d4	iCobo	Polygon Gmen	2012	polygon-gmen.com	http://polygon-gmen.com/icobo.html	gameplay			Pixel; Community Content; Drawing; Mouse-only	secondary-mechanic-tag		Community Content; Drawing			4.528	q139	Clock-Skew Messages	0.0513	ジャンル：アイコンエディタ 操作方法：マウスのみ アイコン工房「いこぼー」はアイコンを作成してアップロードできるアイコンエディターです。アップロードしたアイコンは当サイト内のコンテンツで利用する事ができます。今後もiCoboのアイコンを使ったゲームをどんどん開発していきます！
897	660d4460-7ebc-4ae2-8a1b-47a41c23e04b	Hymns of the Drowning Swimmer	Jason Nelson	2007	secrettechnology.com	http://www.secrettechnology.com/	gameplay			Experimental; Auto-zipped	secondary-mechanic-tag		Experimental			4.5242	a184	Proof by Tiling	0.0664	On a trip to Ballarat, driving through the rural areas surrounding the town, I came across an crumbling church that now housed a make-shift antique store. At the bottom of a dusty book stack was a hymnal, with an inscription to a woman whose son had recently drowned. I was taken with the way water had become the music of the land in this area, how it defined so much of their lives and deaths. This digital poem creates a series of interactive poetic hymns, in part to this drowned son, and in part to the region and its own “drowning in drought”. An anthology of poems. Originally this was going to be three different works. Not able to finish those, I fitted them all together in 'selected works'
898	97b446b0-5ebd-4f8f-b93c-8d919853e73d	Street Fighter LoA2 Demo	Muja	2013	igraiigri.com	https://www.igraiigri.com/igri/Street+Fighter+LoA2+Demo	gameplay			Fighting; Turn-Based	secondary-mechanic-tag		Turn-Based			4.5233	q143	Costly Preview	0.0791	Street Fighter Legend Of Ansatsuken is, without a doubt, the best game I ever made. (To be more specific, the only game I ever made. I mean, without stopping half-way) So, of course, I always thought that someday I'd make a sequel. And so, yeah, I've been working on it in my spare time, still undecided if I should give priority to this over other projects I had in mind. In the end, I decided to post here on Newgrounds a few demos of all the projects I'm working on, see which one will take the best rating, and then make a full version out of it. So, here's the demo of Street Fighter LoA2. Basically, it's a role playing game with a turn-based fighting system and a unique gameplay I came up wit
899	e4c38dc4-3f94-4a27-9f97-f5601a4d54db	snut's flash draw	snut	2007	deviantart.com	https://www.deviantart.com/snut/art/snut-s-flash-draw-59973619	gameplay			Other; Creative; Drawing	secondary-mechanic-tag		Drawing			4.5231	q065	Asymmetric Twins	0.076	this has been finished for like a month i think to hear music: click the music note on the right! to change alpha: highlight/click on the 100 in the alpha box and type in your desired alpha. you can also change color and line thickness. and if you want to draw in pixels, right click and select quality>low. this could be useful to people without drawing programs, i think. you can actually make some pretty nice things with this, because of the alpha and all the colors and stuff. i made this: [link] done in flash professional 8 as usual! all drawn and coded by me! and the music is (c) Lullatone :) EDIT! I think I fixed the loading problem. Also, the music loops! yayayay If you weren't able to l
900	5c15b331-f27a-4503-a63c-f7346f3579ec	Solar System Builder			highered.mheducation.com	http://highered.mheducation.com/sites/007299181x/student_view0/interactives.html#	gameplay			Toy; Educational; Simulation; Space; Interactive; Object Creator; Astronomy	secondary-mechanic-tag		Object Creator			4.5227	a171	Irrelevant Paint	0.0666	This interactive is used in Chapter 7. This Interactive will allow students to build their own solar system by placing planets of different masses at different locations and watching these systems evolve. Choose from a Sun and Earth system; our solar system up to Saturn; or 2,000 randomly selected systems. Watch how a Hot Jupiter interacts with a Mercury-sized planet, or how Saturn interacts with a Mars-sized planet. What will happen? Check out the Interactive and see for yourself.
901	2a51b04c-69e5-41b4-9220-9ad90bf7a6f1	Vector Battleship	ken1171 (Ken Kawashima)	2009	deviantart.com	https://www.deviantart.com/ken1171/art/Multimedia-Vector-Battleship-138616703	gameplay			Strategy; Turn-Based; Battleship	secondary-mechanic-tag		Turn-Based			4.5216	q165	Hypothesis Stack	0.0635	~Multimedia Vector Battleship~ * IMPORTANT: When using the game sliders, always release the mouse button while the cursor is STILL over the slider!! This was my very 1st board game created in ActionScript3! The artificial intelligence is pretty clever, so expect reasonable challenge here! ^_____^ If you have a faster computer, you can just slide AI Speed all the way up for very fast game play! Otherwise AI speed at 50% should be fine for most slower machines. The game rules are explained in the built-in help system. Just click HELP to learn how to play. Sound volume control only affects sounds that are *not* currently playing. So volume changes will be noticed next time that sound plays. NOT
902	a72a86a0-ccd0-4a5b-8ee9-9cec2a9a4ec3	One Dimensional Quest	Donitz	2009	deviantart.com	https://www.deviantart.com/donitz/art/One-Dimensional-Quest-133803665	gameplay			Adventure; Experimental; Pixel	secondary-mechanic-tag		Experimental			4.5215	q148	Delayed Commit	0.0916	Click Left up or right to start. One Dimensional Quest is an experimental game. The premise is that the entire game is played out in a single dimension, that is. There is no height, no depth. Length only. (final destination!) The keys are Up arrow: Jump Left arrow: Move left Right arrow: Move right You play as the hero, the blue bar. Your goal in the game is to collect 8 leprechauns, the green bars, and return them to your home. But alas, the way to the leprechauns are filled with peril. There are lava pits, red bars. Eeevil rogues, orange bars, boxes, yellow bars, and teleports, purple bars. Your only defence against all these dangers are that you can jump for a short time to avoid them, bu
903	dd54229a-8949-46ca-91ee-d79a92f46238	Dragon Scape	Sonicbw	2008	kongregate.com	https://www.kongregate.com/games/sonicbw/dragonscape-3-1	gameplay			Role-Playing; Turn-Based; Upgrade; Cartoon	secondary-mechanic-tag		Turn-Based			4.5205	g048	Keyhole	0.0565	My new dragonscape! Its a small game but! I will update it everyday! SO IT WILL BE HUGE! Just to have fun game no point to it… Just to slay monsters. 05/29/08 11:02 Added New Monster…. 2 Orbs Near Castle Are Void Shops (click on the orbs) All for now… Fixed Rock Giant Glitch Please Post Ideas About More Monsters! 05/30/08 1:50 PM I made the game allittle harder no new monsters yet. Im more active on improving the actions… Not the monsters but i am adding 3 more. Took out the sun, due to lag. Made stat level up 30 coins each. Made monsters stronger everytime you beat them. More Updates soon! 05/30/08 3:20 Hey people added a new monster EMBER! You can’t use magic on it because its Immune. But 
904	c2c2046d-f5d5-49c2-88d7-53e386e8665c	Toadsy	Argon Vile	2014	furaffinity.net	https://www.furaffinity.net/view/12994908/	gameplay			Arcade; Timing; Flixel; Pixel; Maze; Time-Attack; Top-Down; Amphibian	secondary-mechanic-tag		Timing			4.5202	q130	Rhythm Rival	0.0714	Move with WASD, or the arrow keys. Hit -escape- to quit a level Here's a flash game I've been working on for a few weeks. An arcade game with a rhythmic twist. Hop across lilypads to get Toadsy from one end of the pond to the other while avoiding the crocodile. Keep a consistent tempo and learn each level’s unique rhythm to achieve faster times! But, move too quickly or ignore the correct timing, and you’re croc-food. This game has 36 levels. It gets super duper hard, but there's a few little extras for people who are up to the challenge. Good luck! This game is also at which I registered because i thought the domain name was hilarious. Yes, I paid about $100 for a butt joke. You can also pl
905	0b7b61ed-879d-4478-b7cc-17f8229cbc19	Riley's Diary		2016	gamesforgirlz.net	http://www.gamesforgirlz.net/game/15247/Riley-Diary	gameplay			Puzzle; Creative; Scene Creator; Stealth	secondary-mechanic-tag		Stealth			4.5167	g011	Slick	0.0723	Keeping a diary is fun especially if you have plenty of stuff to write in it and in this Rilay diary writing game you will get to fully customize one to your liking. This is a secret diary so you will have to be really stealthy when you will be writing because nobody can catch you while you are at it. This way you will be able to keep it a secret and nobody will know about it but you. Choose a diary that has a lock on it and you will be the only one with the key. Rilay has a fun and exciting life and she is always thinking of new things that she can write inside those blank pages. Add some pictures and customize it to your liking to make it look great.
906	e018d0a5-0c16-41e9-9923-f1320193ee66	The Unfortunate Life of Firebug 2	thePodge	2012	thepodge.co.uk	ThePodge.co.uk	gameplay			Platformer; Level Editor; Community Content	secondary-mechanic-tag		Community Content; Level Editor			4.5141	q090	Lineage Garden	0.0679	Firebug is back for more unfortunate adventures. Everything Firebug touches burns! Get to the end of each level before it completely burns away. Collect all the jellybeans for a bonus!
907	bd1c0d29-0acf-438a-aa3a-de5d45ec9899	Death Is Imminent	Variecs	2015	addictinggames.com	https://www.addictinggames.com/puzzle/death-is-imminent	gameplay			Puzzle; Sokoban; Stealth; Auto-zipped	secondary-mechanic-tag		Sokoban; Stealth			4.5128	f039	GemCraft	0.0579	Cool minimal puzzle game: Avoid your enemies and try to lure them into incinerators. Just be careful not to get burned.
908	21411713-770c-4027-8515-424d73ad53ee	Creamy Dreamy Cupcakes			rainbowdressup.com	http://www.rainbowdressup.com/game/creamy-dreamy-cupcakes/	gameplay			Creative; Object Creator	secondary-mechanic-tag		Object Creator			4.5118	a121	All But One	0.0651	How does the cupcake of your dreams look like? Is it chocolate or vanilla flavored? Does it have strawberry or brown sugar frosting? How about the fruity on top? Well, now it's time for you to step into dreamland and, instead of counting sheep... put together that eye-tempting cupcake treat of your dreams getting the Creamy Dream Cupcakes game started! Speaking of sheep, you may not be counting them in this dream, but instead you'll be preparing a mouth-watering, delightfully looking dessert for one cupcakes addicted sheep that you'll meet while in Dreamland! So, strive to make the most tempting selections starting with the... cupcake wrapper. It should be candy-colored and it should definit
909	a56491c2-6f07-4b6e-8bf8-7602eeb69f6c	Sheep'n'Poetry	Donswelt	2014	donswelt.itch.io	https://donswelt.itch.io/sheep	gameplay			Arcade; Score-Attack; Timing; Typing; Pixel	secondary-mechanic-tag		Timing			4.5109	q135	Parity Signals	0.0387	Idea, design & code by Torsten Hartmann, Music by MrMusicalLion How to Play - Type the letters shown on the sheep from left to right. - Missed letters make you count a sheep. - Don't count to many sheep or you will fall asleep. Thoughts I always wanted to make a game with sheep. As a kid, I used to play at my grandparents farm. There were a lot of farm animals including a bunch of sheep. After my grandparents passed away the sheep still remained on the meadow. Somehow they were forgotten until a few weeks later in the summer. I remember seeing a bunch of sheep on a hot summer day gathered in the shadow of a nearby broken shack. I don't know, what became of them. I guess mutton chops is a pos
910	7cc99a12-45e3-4e38-a2a6-e6844e0481c4	videograph fictions (or maybe poems...I'm not sure)	Jason Nelson	2013	heliozoa.com	http://heliozoa.com/?p=63	gameplay			Experimental; Story-Driven; Interactive	secondary-mechanic-tag		Experimental			4.5102	q053	Bridge Loom	0.0491	Stories/Poetry from interactive graphs driven by pop-videos. A strange hybrid work where writing is built directly from the videos and statistical graphs. ….. These are imaginary worlds/possibilities, with the background pop culture videos evidence and inspiration. After mousing over the data points/dots the statistics and lines pop-up. Perhaps the most difficult aspect of creation was determining the percentages and numbers which drive the stories/poetry, and how do those statistics coax the narrative/poetry along into semi-coherent streams. And being a child of the late 70s and 80s I am fascinated by the glory days of absurd pop culture, the notion that a near storyless video game pixeled 
911	23139537-ff90-444f-bb8b-0eda5496a6bb	Way of an Idea 2	Flazm		bubblebox.com	https://www.bubblebox.com/play/2319/way-of-an-idea-2.htm	gameplay			Puzzle; Physics; Level Editor; Auto-zipped	secondary-mechanic-tag		Level Editor; Physics			4.5088	q057	Raft Shape	0.0707	Issac Newton needs some new ideas and it is up to you to enlighten him! Make the apple fall on Newton's head by drawing lines and guiding it on its downward journey. Use physics to your advantage and hit your mark every time in this challenging yet super-fun puzzle game!
912	2be6e943-e325-4775-a080-a31bb0db11e1	Contour	shawkes / Sean Hawkes	2008	onemorelevel.com	http://www.onemorelevel.com/game/contour	gameplay			Puzzle; Physics; Level Editor; Maze; Axonometric; Mouse-only	secondary-mechanic-tag		Level Editor; Physics			4.5079	q016	Blind Guide	0.0853	Morph the land and guide the ball to the light blue square in the fastest time possible. You can also create levels and share them by posting the code in the comments!
913	b046de64-9a13-dc6d-9adc-b3cfa46000b9	Rolling Turtle (Bonuslevel.org)	jp		bonuslevel.org	https://bonuslevel.org/games/game_rolling-turtle_5.html	gameplay			Arcade; Platformer; Level Editor; Community Content	secondary-mechanic-tag		Community Content; Level Editor			4.5054	q089	Persistent Passenger	0.0684	Your objective is to reach the final flag. Controls : Space bar to jump. Left & right arrows to adjust speed. Up & down arrows to zoom in/out.
914	994d5503-0892-45b4-944b-0afb545bde5b	Adventure Boy Cheapskate	Paul Georghiou; Jez Swanson	2018	kongregate.com	www.kongregate.com	gameplay			Adventure; 3/4 View; Scavenger Hunt; Auto-zipped	secondary-mechanic-tag		Scavenger Hunt			4.5011	q016	Blind Guide	0.0465	Explore the seaside town of Estivale, meet dozens of fleshed out characters and track down the cruel thief who stole your bike! Pure swap-quest adventuring, with puzzles, secrets, and hilarious dialogue. A huge cast of funny, weird and thoughtful characters await you, as you guide Benson, the wise-cracking teen through a journey to reclaim his stolen bike.
915	9589ca9d-8d15-4466-97a5-6935734bdbda	six sided strange	Jason Nelson	2012	secrettechnology.com	http://www.secrettechnology.com	gameplay			Experimental; 3D; Interactive	secondary-mechanic-tag		Experimental			4.4966	q065	Asymmetric Twins	0.0648	Six Sided Strange is a net-artwork series built from unsolvable Rubik's cubes and hidden narratives, from pixilated game character collages to abstract streams of color and lines. The cube is central to how we organize and understand. It is a puzzle of unsolvable junctures, a humanistic shape created to order and organize. Six Sided Strange disrupts the cube, wandering inside/around the recombinatory playground of Rubik's 56 squares, exploring how images and designs relate to narrative. These are interactive/dynamic sculptures, brief storylands, and all manner of wonderments. There is nothing to win, but then again there never was. Screen based digital art often suffers from two-dimensional 
916	7f2e1024-a842-4efc-a225-63c722ed5593	NeoQuest 3D	Neopets		images.neopets.com	http://images.neopets.com/games/g831_v5_94922.swf	gameplay		Neopets	Adventure; Role-Playing; Choose Your Own Adventure; Interactive Fiction; Neopets; Auto-zipped	secondary-mechanic-tag		Interactive Fiction; Choose Your Own Adventure			4.494	q052	Lens Bench	0.0623	Welcome to NeoQuest 3D You are a stereotypical Neopian hero who has just awoken in a small, grassy clearing. You are not sure how you got here, but various scenarios of evil plots by villainous masterminds rush through your head. Eventually, you come to the conclusion that your friends are just messing with you again. You shrug and look around...
917	bb52760a-1149-42fa-8aec-24a68ff41321	Spider Stickman 6: Struggle	Tatay Games		gamesbutler.com	https://www.gamesbutler.com/game/23753/spider-stickman---struggle/	gameplay			Arcade; Score-Attack; Physics; Side View; Stick; Ragdoll; Mouse-only	secondary-mechanic-tag		Ragdoll; Physics			4.4931	q090	Lineage Garden	0.0955	Help the struggling stickman, trough his toughest challenge! and see what will happen in the end.
918	fa40791d-5f56-49f1-af42-68b2891bb2d3	Out of Hand	Christine Wilks	2012	crissxross.net	http://crissxross.net/oot/OOHpreloader.html	gameplay			Experimental; Creative; Auto-zipped	secondary-mechanic-tag		Experimental			4.4925	q090	Lineage Garden	0.0528	"Touching interfaces that keep us out of reach yet perpetually connected and forever desiring... After creating the original Out of Touch piece for San Francisco Museum of Modern Art's Open Space, I wanted to develop the ideas further as an ongoing project of playable media for live performance. An example of my first I/O OOT performer interface is shown below. It includes Out of Touch plus two interactive pieces, Out of Hand and Out of Sight, which I perform live. You're welcome to play with them too. var performance:Array = [""Out_of_Touch"",""Out_of_Hand"",""Out_of_Sight""]; var audience = new eventAudience(); performance.addEventListener(LiveEvent.START, onEventPerform); function onEventPerform"
919	213e29b9-dfcf-4fb6-bcd9-c11f761a9d4b	Sol Solo	Daniel Fedor	2011	bluebottlegames.com	https://bluebottlegames.com/games/sol-solo	gameplay			Space; Turn-Based; Science Fiction; Ludum Dare; Game Jam	secondary-mechanic-tag		Turn-Based			4.4913	q065	Asymmetric Twins	0.0822	Sol Solo is my entry for the 22nd Ludum Dare 48 competition. it's the first time I've participated in the compo, which requires game developers to write a game in less than 48 hours. It was created in Flash AS3 with flixel, Photoshop, Audacity, and a Roland XP-60 for sounds. You can also see my contest entry at the Ludum Dare site. Controls: Mouse click to move or consume other orbs. +/- keys adjust volume. Move around board like a king piece in Chess. You can pick up a power up for each red star you consume. You start off with one free power up slot.
920	074273eb-9d9d-461e-a95c-9615ba4c0d54	Ringmania 2.5	bonuslevel.org; jp		bonuslevel.org	https://bonuslevel.org/games/game_ringmania-2-5_23.html	gameplay			Arcade; Matching; Level Editor; Community Content; Catching; Mouse-only	secondary-mechanic-tag		Community Content; Level Editor			4.4911	q101	Carousel Coordinates	0.0847	Match three (3) rings of the same color to make them explode. Clear the stage to win.
921	bef1e649-9578-4ba9-b36c-02354b8d0133	Monkeys, Skulls & Crosses	Penguin Books		uk.aetn.com	http://uk.aetn.com/games/monkeyskulls/index.html	gameplay			Adventure; Puzzle; Promotional; Interactive Fiction	secondary-mechanic-tag		Interactive Fiction			4.4893	q061	Split Couriers	0.0546	"Penguin is teaming up with TV channel Crime & Investigation Network to launch an online crime game, Monkeys, Skulls and Crosses. The game is scripted by Michael Morley, author of the Penguin thriller Spider. The game puts users into the role of detective, interviewing suspects, inspecting the crime scene and hunting for clues in order to solve a murder case. It will be advertised on the CI channel. CI Marketing Director James Pestell said: ""It has been great to work with a fantastic publishing brand and prolific author who are committed to using digital to get closer to their readers."""
922	1ddcd8bf-10db-4791-bf4b-4e9faa416a8a	IcyGifts 2	Silen Games	2012	kongregate.com	Kongregate.com	gameplay			Arcade; Timing; Christmastide; Upgrade; Mouse-only; Achievements; Auto-zipped	secondary-mechanic-tag		Timing			4.4844	f008	Upgrade Complete	0.0581	Christmas is in danger! Santa and all of his gifts are frozen. Blast away Santa’s ice encasing using a variety of weapons and power-up’s to save Santa and Christmas! Catch the gifts, upgrade your arsenal of bombs, earn awards and have a BLAST! To unlock Endless Mode, complete all 45 levels of exploding, Santa-saving fun! For an added challenge, complete all levels earning all stars to upgrade your arsenal beyond your pyrotechnic entranced imagination.
923	cbdb8def-7523-46dd-9fda-7b752855077b	Summoner Saga Endless Chapter 7 Demo	moai666	2014	deviantart.com	https://www.deviantart.com/moai666/art/SSE-chap-7-demo-464088623	gameplay			Role-Playing; Turn-Based	secondary-mechanic-tag		Turn-Based			4.4841	q164	Stop Test	0.0694	Some update added in July 31th 2014!!! -You can summon Asura as Dark Jeft's guardian. -Garuda Overdrive:Frozen Armor added in special attack. -You can face Ash Seventhblade (demo battle) -EP/MP cost for some skill has changed. -etc Please try the game once again, and please give me your opinion. =) Yay=) a demo play for Summoner Saga Endless chapter 7. I improved the gameplay. Jeft can change his fighting style to Neutral and Dark. His guardians will changed depending on the style. For partner guardian, you can select Leon, Tiamat, Cerberus, and Garuda. *Note: actually tiamat isn't available for next chapter, but this is still a demo, so you can select her. pay attention for special attack.=
924	a9740003-afb9-4a42-ae32-18c56afc03c8	Eight Direction Movement With Arrow Keys	Trevor McCauley		senocular.com	https://www.senocular.com/flash/source/?entry=718	gameplay			Simulation; Walking Simulator; Axonometric	secondary-mechanic-tag		Walking Simulator			4.4829	q191	Event Compression	0.1297	You can use the arrow keys on your keyboard to move the character in this example in any one of 8 directions. The character movie clip is made up of a total of 16 frames, 2 for each direction. 8 of the frames are for standing in all directions, and the other 8 frames contain additional movie clips that show the character walking in each of the 8 directions. The ActionScript used to control the movement and which frame the character needs to be on is handled in an onEnterFrame event (as opposed through onKeyDown events) and consists only of a few lines of code.
925	33e3eb3f-7645-4704-bbf4-85be0442b7cd	Crystal Story	Lanstrash	2011	armorgames.com	https://armorgames.com/play/12365/crystal-story	gameplay			Role-Playing; Turn-Based; Fantasy; Anime; Top-Down; 3/4 View; Human	secondary-mechanic-tag		Turn-Based			4.4807	f012	Closure	0.0789	Crystal Story is a turn based rpg that uses a random dungeon generator. You control four characters and configure what skill sets they learn along the way. You can earn equipment upgrades that will help you traverse through Evil Cave by destroying monsters or playing minigames. Controls Mouse Controls. Keyboard shortcuts during battle.
926	79cee3b6-cf84-48f1-9c61-7a22e63dbfbd	Ragdoll Double Dodge	Brandon Flynn		twoplayergames.org	twoplayergames.org	gameplay			Arcade; Score-Attack; Dodge; Ragdoll	secondary-mechanic-tag		Ragdoll			4.4788	g062	Ballast	0.0586	You are going to try to avoid the laser beams with the stickmen which are named as Ragdoll, with your friend. Each laser beam has its own feature according to its color. For instance, green laser beams are the fastest lasers. You get damage according to laser beam to get hit by. If you get git by a fast laser, you get high damage. Try to collect bonuses in the air by avoiding laser beams. If one player fails, the game is over which is why both player must be alive. Game controls: Player 1: “MOUSE” Player 2: “W,A,S,D” or “ARROW KEYS” Good luck!
927	7cfce0ee-f724-4893-9ca4-a7fd06bbf701	AMC's The Prisoner Graphic Novel: Chapter 1	AMC	2009	amc.com	https://www.amc.com/originals/the-prisoner/graphic-novel	gameplay			Adventure; Action; Interactive Fiction	secondary-mechanic-tag		Interactive Fiction			4.4773	g048	Keyhole	0.0638	Every comic book geek knows that Wednesday is the most important day of the week because that’s when the new issues hit the stores. Well, this Wednesday, AMCtv.com is is in sync with that venerable day. We hereby announce the launch of The Prisoner online graphic novel, an exclusive story set in the world of the AMC miniseries (premiering Sun., Nov. 15 at 8PM | 7C). Chapter 1, “Book One: As the Air, Invulnerable,” follows protagonist Rebecca as she searches San Fran for her missing sister. You can check out Chapter 2 immediately following the miniseries finale on Tue., Nov. 17. A new issue — there will be ten in all — comes out every week thereafter. And the best part? It’s totally free. Gen
928	827281de-303b-4c7f-b801-ea270a140600	Detective Hearst Case.1	Max Mao	2004	detective-games.online	http://www.detective-games.online/murder_investigation_game.html	gameplay			Adventure; Simulation; Interactive Fiction	secondary-mechanic-tag		Interactive Fiction			4.4746	q182	Borrowed Floor	0.0617	In this murder investigation game two bodies have been found at the Cactus Hotel, the location of a three day business conference. The first victim is one John Simmons, 36yrs, the head of a company attending the conference. He was found dead in the locked conference room, having been poisoned to death at around 3:15pm, however the source of the poison is unknown. His wife, Ann Simons, 34yrs old, was later found dead in the public lady's room on the first floor of the hotel by one of her husband's employees, Becca. She was stabbed to death after what appeared to be a struggle at 4:50pm. Now its up to you to undertake a murder investigation enquiry to find out who murdered the victims and why 
929	1f0860ca-2695-4536-9938-5f71537f37aa	Proximity 2	Brian Cable	2007	funnygames.co.uk	http://www.funnygames.co.uk/proximity-2.htm	gameplay			Strategy; Turn-Based; Trial	secondary-mechanic-tag		Turn-Based			4.467	g027	Cue	0.078	The premise is simple: you have 5 tiles in your hand at any given time, each tile with a number on it from 1 to 20, representing the strength of that tile. Each turn, you can place a tile on any empty space on the hex-based board. Once that tile is placed, it affects any tiles surrounding it: tiles that belong to its team are reinforced by 2 points, enemy tiles with a smaller number than the tile placed are captured, and enemy tiles with the same or higher numbers than the placed tile have their strength reduced by two points. The rules are very simple, yet still allow for many interesting scenarios, much like Othello or Risk. Each turn can take as little as five seconds, keeping the intensi
930	aef6487c-a714-4e47-8957-8b36dcec1609	Click Your Own Adventure: Zombie Carnival	Scott Bartlett/cronobreaker	2012	deviantart.com	https://www.deviantart.com/cronobreaker/art/Click-Your-Own-Adventure-Zombie-Carnival-291342164	gameplay			Choose Your Own Adventure; Blood; Moderate Violence; Cartoon; Mouse-only	secondary-mechanic-tag		Choose Your Own Adventure			4.4638	a084	Truss Triage	0.0665	I used to love Choose your own adventure books when I was a kid (even if I did cheat most of the time) so I thought I'd try to make my own mini adventure. It's a bit of a test to see how it all fitted together and if I'm feeling dedicated enough I might look at making a larger one with a few puzzles thrown in or something next time. Anyway, it's not a mind blowingly taxing game (if you can even call it a game) but hopefully just a bit of fun for a minute or two:) EDIT: Oops, I've forgotten to add in a loading screen, so until I fix that up, please give it a second to load up.
931	aa8b4d1e-f4fc-4ca1-90b9-bdff0cf870a3	Crazy Penguin	Alina Gerasimova / Himajibka; Alexander Postnyakov / Newtom	2010	kingofgames.net	http://www.kingofgames.net/free-games/Crazy_Penguin	gameplay			Puzzle; Physics; Level Editor; Arctic	secondary-mechanic-tag		Level Editor; Physics			4.4626	q193	Routine Builder	0.0805	One crazy penguin is fond of ice diving. But sometimes he does it wrong. Help him to get into the water! Use moveable blocks and special devices to direct the penguin into the water. Phisical puzzle with catching graphics and cool music. 30 levels
932	d52db324-5eeb-498e-93d9-15469c0ffa96	Ben 10 Ultimate Alien: Creador de Juegos	Yamago		ben10creador.cartoonnetworkla.com	http://ben10creador.cartoonnetworkla.com/es/index.html (via Wayback Machine)	gameplay		Ben 10	Arcade; Platformer; Action; Other; Level Editor; Creative; Community Content; Ben 10	secondary-mechanic-tag		Community Content; Level Editor			4.4614	q133	Spatial Grammar	0.0214	Crea tus propios juegos de Ben 10: Supremacía Alienígena, compártelos en la galería para que todos puedan jugarlo. O busca juegos creados por otros jugadores y califica tus favoritos.
933	082ab71d-34e8-4429-a497-26ba97fb1845	I used to speak to the wall	Armel J. Gibson / Gib	2011	armelgibson.com	http://armelgibson.com/LD22/	gameplay			Adventure; Experimental; Story-Driven; Ludum Dare; Game Jam; Heavy Themes; Mental Health	secondary-mechanic-tag		Experimental			4.4614	q057	Raft Shape	0.0631	I used to speak to the wall ( a game about Schizophrenia ) is my second participation in the Ludum Dare. Like the first time, it was a total blast ! IUTSTTW is less a game than a short interactive story with no real goal. Find your way in the mind of the subject, and make the good choice. The story has three different endings, either good or bad.
934	de616c16-3ab2-49f8-95c9-764efa1277aa	Snowden's Leaks: The Game	gamesonly.com; nieuwsgame.nl		flashgames.it	https://www.flashgames.it/snowdens.leaks.html	gameplay			Politics; Side View; Stealth; Cartoon; Famous Person	secondary-mechanic-tag		Stealth			4.4608	q017	Mimic or Seeker	0.0705	In Snowden's leaks: The Game you play as whistleblower Edward Snowden, who secretly has to download all data from the NSA headquarters. Copy all data from NSA's computers with a USB drive, without being caught on security cameras, or by NSA agents/Obama. Try to hide behind paintings, flags and curtains. Distract security by throwing some tasty donuts. Exit the floor when all files are copied and leaked. Use the arrow keys and spacebar to play this parody game.
935	41b39256-2a79-438e-8c67-36b785c4b7f9	The Big Bang	RishabhM / Rishabh Mittal	2008	kongregate.com	https://www.kongregate.com/games/RishabhM/the-big-bang	gameplay			Arcade; Experimental; Science Fiction; Pre-rendered 3D	secondary-mechanic-tag		Experimental			4.4536	a085	Buckle Line	0.0506	Want to discover the mysteries of the universe but cannot shell out billions of dollars for a Hadron collider. No worries you could play around with our Low Budget Hadron collider and discover stuff while having fun at it. A small experimental game to just test the concept . Instructions Use Mouse to choose options in Menu. Use the mouuse to push Bang button when the collider arms are at equal levels and energy is full. They produce beams which collide each other and generate particles. Collect the Green Particles to complete the levels to beat the game. Red particles give a quick boost to energy. White give loads of points and Purple deplete energy(avoid purple) Simple to play, 10 levels of
936	945c2221-557e-4d8d-9e51-a1867f476e4c	Kage Armour	jaclynonacloud	2013	deviantart.com	https://www.deviantart.com/jaclynonacloud/art/Kage-Armour-363614300	gameplay			Loop; Interactive; Dragon; Mouse-only	secondary-mechanic-tag		Loop			4.4529	a157	Disjunctive Class	0.0477	Takes a while to load. Why is it I'm always inspired to do things like this in the middle of the night? Who knows... I was playing with the idea of giving Kage armour, so here was my go at it. ^^ Enjoy! Made with Flash CS4, After Effects CS4, and Paint Tool SAI. Click the image to toggle the armour. I also got to use my new basic knowledge of Javascript (similiar to AS3) to toggle the animations without the clip needing to restart! :la: Kage and all artwork is copyright to jaclynonacloud Personal Website | Twitter
937	6b596281-3d1c-4a42-82cc-922e7b20f9f4	Ipod Dress Up RANDOM	Stephanie Evans	2009	deviantart.com	https://www.deviantart.com/steffne/art/Ipod-Dress-Up-RANDOM-114341404	gameplay			Creative; Object Creator	secondary-mechanic-tag		Object Creator			4.4507	g039	Stitch	0.0528	PLEASE NOTE! Click the ipod buttons down the side to change ipod colour Also press menu and the play button for a surprise! Feel free to take screenshots and upload them :) Just make sure you credit me in the description, you should let me know too because I'd love to check out what you've made! ^__^ Stuff like this happens late at night, my imagination goes wild ?! I was going for a more vectory style of art, I'm bored of thick black lines The orange iPod is there for an inside joke, so that's why it doesn't really fit in with the pastely theme colours. ^^ EDIT: Wow! I never expected this to catch on as well as it has! I've had the odd comment from people that don't like it/think it's point
938	0faa9ab2-ed09-4388-ae11-1fc80c7195ad	Secret Agent	funny-games.biz		minigames.com	https://www.minigames.com/games/secret-agent	gameplay			Shooter; Platformer; Adventure; Stealth; Auto-zipped	secondary-mechanic-tag		Stealth			4.4444	q090	Lineage Garden	0.0616	It is the WWII and you get to help the secret agent named Cliff to find all the missing pieces of the encrypting machine and transmitter Enigma and all the pieces of Wehrmacht maps in a very important mission in Germany. In Secret Agent you get to walk on the dangerous facilities of the Nazi Wehrmacht trying not to get caught while exploring the area. Go up and down platforms shooting to kill the enemies you encounter or else you'll end up dead!
939	2dfc99d9-649a-402a-9b6b-3d2695ac8729	Big Gift For Dad	DressUpWho	2012	dressupwho.com	https://www.dressupwho.com/games/fathers-day-gift/	gameplay			Creative; Object Creator; Father's Day	secondary-mechanic-tag		Object Creator			4.4433	a111	Occlusion Cover	0.0546	What did you do for Mother's Day? Did you play the loving daughter or the sweet son role? Have your created the most beautiful Mother's Day card for you mommy, the one that still brings a huge smile on her face every time she sees it? Well Father’s Day is coming up soon and even though men are less sentimental, it doesn’t mean that the day should be celebrated gift-free. He is the one that gives the biggest hugs and the smartest advices, so this year on Father's Day it's your chance to show your dad that he will always be the number one guy in your life with a gift that's as cool as he is! Make daddy feel really special on his day by surprising him with a cute little tie box filled with lots
940	87d9f191-ae2f-4660-8f72-07e8fbaa85f2	AMC's The Prisoner Graphic Novel: Chapter 10	AMC	2010	amc.com	https://www.amc.com/originals/the-prisoner/graphic-novel	gameplay			Adventure; Action; Interactive Fiction; Auto-zipped	secondary-mechanic-tag		Interactive Fiction			4.4425	f016	GROW series	0.0607	Previously in Chapter Nine of The Prisoner graphic novel, Rebecca realizes that The Village is all in her mind and that Summakor is responsible for creating the pill that takes you there. She is told by a dissenting underground faction that there is a “dreamer” who is dreaming The Village and that she must kill her in order to set her sister and herself free. In Chapter Ten, Dr. Caleb shatters some of these theories with one simple truth, which he reveals about the twin sisters. Read the final chapter now to find out how it all ends.
941	503c2eaa-e8ba-4ede-af1f-1c43ec8a1058	MushBooms Level Pack 2	Headfizz		gamesbutler.com	http://www.gamesbutler.com/mushbooms_lp/	gameplay			Puzzle; Physics; Level Editor; Creative; Auto-zipped	secondary-mechanic-tag		Level Editor; Physics			4.4414	a109	Hinged Packing	0.0707	More mushrooms demand being blown into spikes and off edges! 32 new fun filled levels of MushBoom! How to Play: Select and place bombs with your mouse. Activate bombs using the space key
942	68907d36-f0ed-452a-8541-0422246a3793	Pimp My Mustang	All-CarGames		cartitans.com	http://www.cartitans.com/game/pimp-my-mustang/	gameplay			Creative; Object Creator	secondary-mechanic-tag		Object Creator			4.4399	f042	Spewer	0.0628	"Enjoy our very own ""Pimp My Mustang"" online car tuning game below and see if you have the skills to blend the best bodywork elements on this cool car. Also check out the photo gallery we have on this page - if you want to submit your own tricked out Mustang please see the instructions below the game. Here's the Mustang, start pimping! Once you're done tuning the Ford Mustang, please use Print Screen and save your picture in a graphics editor (ie. Photoshop, Paint). Save the file at a minimum of 300 pixels in width. Once you have the file, please email it to us here: cartitans [at] yahoo . com Make sure to include your name and if you wish you can also give your tricked out Mustang a name. We"
943	f60f4a60-6162-4e16-aa8a-53d2b658ab64	Isometric Sokoban	Arclite83	2006	abcarcade.com	http://www.abcarcade.com/isometric-sokoban.html	gameplay			Puzzle; Sokoban; Axonometric	secondary-mechanic-tag		Sokoban			4.4384	a133	Anonymous Robots	0.0754	This is my first ‘real’ Flash in a little while, hope you enjoy! I made this for a final project in my game design class. I'm a strange lefty, so there is an option to change the control configuration. If you can't find it, you have bigger issues than solving a puzzle game. Sokoban is a puzzle game where you must push boxes onto set squares. You can only push one box at a time, and you cannot pull, so be careful not to get then trapped! There are 52 levels, and a reset button so try the levels all you want. See if you can beat all 52! The first 20 are sorted by difficulty; after that, you can deal with fluctuations in difficulty.
944	95245979-e35b-45c0-977d-267058beb1f7	Sure Shot	MDickie		mdickie.com	mdickie.com	gameplay			Action; Experimental; Artillery; Auto-zipped	secondary-mechanic-tag		Experimental			4.4378	g027	Cue	0.0724	"The original was hailed as a ""gem"" by PC Utilities magazine, and now Sure Shot has found its natural home as an online Flash game! The retro concept is better suited to this format and can now be played instantly to kill a few minutes wherever you happen to be. Firing from each side of the battlefield, you have to catch enemies in your cross-fire without hitting each other (which is more difficult than it sounds). Simply hit the Left or Right cursors to fire from either side. Use Up and Down to tug at the rope bomb, before hitting Space to detonate it for multiple kills! If you prefer, you can also click on various game elements as though it were a touch-screen mobile app..."
945	4acfa36a-a9ad-474f-982f-599b674ca741	JumpyCat	RainbowCreatures	2014	kongregate.com	https://www.kongregate.com/games/RainbowCreatures/jumpycat-flash	gameplay			Arcade; Score-Attack; Timing; Pixel; Mouse-only	secondary-mechanic-tag		Timing			4.4368	q189	Inheritance	0.0596	Now that Flappy Bird is gone, enjoy this new challenging and rewarding game! Jumpy Cat is here and it will make you jump! Be careful highly addictive gameplay! Jump like a champ in this endless jumper! Play also on Google, Amazon or iOS Help this little cute kitty to find all it’s lost toys. Can you jump on all those endless platforms? “This game is like eating the first ice cream of the year…You’re wondering how could you have waited for so long. Well done!” Game by Gamgo, ported to Flash by Rainbow Creatures. Instructions Click+Hold+Release to jump. Avoid the water and catch the platforms for a safe landing. Find all lost toys and try to go as far as you can.
946	bb330f71-09e8-4fec-8aa6-99f37016f009	Pre-Civilization Marble Age	Clarus Victoria	2017	kongregate.com	https://www.kongregate.com/games/clarusvictoria/pre-civilization-marble-age	gameplay			Strategy; Turn-Based; Historical; Military	secondary-mechanic-tag		Turn-Based			4.4368	q115	Partial Demonstration	0.0685	Turn-based historical simulation strategy. Develop the Greek civilization from a small village to a great city-state where it will unite the whole of Greece! FEATURES Over the course of 3305 years (from 3000 BC to 305 AD), you will have to: • Raise the population • Invent technologies • Construct buildings • Trade goods • Explore Greece • Found new cities • Start and end wars with neighbors • Survive through the real historical events. The key to victory is choosing the right development priorities, allocating resources, and managing foreign policy. Mechanics of the game is a mix of old-school game designs. More our games here.
947	ce39433b-ea7e-4ba9-9e11-3254f41648bc	AMC's The Prisoner Graphic Novel: Chapter 6	AMC	2009	amc.com	https://www.amc.com/originals/the-prisoner/graphic-novel	gameplay			Adventure; Action; Interactive Fiction; Auto-zipped	secondary-mechanic-tag		Interactive Fiction			4.436	q149	Model Tokens	0.0635	Previously in Chapter Five of The Prisoner graphic novel, Rebecca is reunited with her sister in The Village just before being confronted by a mysterious leader and his cohorts. In Chapter Six the two sisters try to make their escape. Back in the “real world” (New York), we are introduced to Vera, a woman who works for Dr. Caleb at Summakor. Read the chapter now to find out what Dr. Caleb shows Vera in Room 18. This online extension of The Prisoner miniseries spans ten chapters. Check back next Tue., Dec. 22 for Chapter Seven.
948	5af41288-adfc-499c-b8ad-8d27b3459890	Deklaracja Poezji Wizualnej	Ela Wysakowska-Walters	2010	elawwalters.wordpress.com	https://elawwalters.wordpress.com/133-2/	gameplay			Experimental; Webcomic	secondary-mechanic-tag		Experimental			4.4354	q129	Decoy Learner	0.0428	ENG >> Declaration of Visual Poetry is an interactive flash project. If your computer plays swf files, you can download this project from my blog and enjoy the travel through the galaxy of visual poetry. The intro text: On 29/10/2010 I found the following works in The Visual Semiotics Studio of The Fine Arts Academy in Poznan. I give them work-titles: a bathroom, letters, the blue, an interference, a city. Hereby I declare that the found works and their fragments represent a found poem. I also declare that the new entity designates the creation of a new galaxy. PL >> Deklaracja Poezji Wizualnej to interaktywny projekt flash. Jeśli twój komputer odtwarza pliki swf, możesz pobrać ten projekt z
949	581f55f1-dd88-4480-b9e8-7c6edac2cd7b	Emotional Cities of Search	Jason Nelson	2011	secrettechnology.com	http://www.secrettechnology.com	gameplay			Experimental; Interactive	secondary-mechanic-tag		Experimental			4.4331	a166	Iterative Deepening	0.0523	Our webscapes and netvilles are increasingly dominated by short bursts of emotional language, brief stabs of charged textual opinion. And every minute those words build small cities of influence, beauty and terror, creating brief communities of poetic power. Textual Skyline explores these notions through a net¬-based interactive, generative and multidimensional flash engine/interface using RSS news feeds to create a digital poetry city. To create these strange cities actionscript code searches through designated news feeds for specific words or phrases that represent emotive states (death, victory, love, profit, attack, defend and a few hundred others). Then for each charged word a building 
950	985a10a4-a33a-4314-a28d-fbb68bca0ede	FOOT'n'SHOOT	CoolGames / CoolTuning	2011	cooltuning.kiev.ua	http://www.cooltuning.kiev.ua/GameGen.php?GameUrl=Foot_n_Shoot	gameplay			Shooter; Sports; Experimental; Physics; Epilepsy Warning; Soccer; Mild Violence	secondary-mechanic-tag		Experimental; Physics			4.4316	q032	Parity Forge	0.1039	Biathlon rules brought to Football - score the goal and shoot. Правила Биатлона в Футболе - бей по мячу и стреляй...
951	a31393b1-5bfc-4501-83f1-08bbc4e979ac	Honey Robber			gameark.com	http://www.gameark.com/preview/1715/Honey_Robber.html	gameplay			Puzzle; Physics; Artillery; Level Editor	secondary-mechanic-tag		Level Editor; Physics			4.4314	a058	Reservoir Governor	0.0556	Honey Robber is yet another addictive as well as difficult aim as well as shoot type physics primarily based puzzle game. Blast the bear with melons to stop him from robbing ur honey. Keep all of the honeypots intact. Have some fun!
952	284cade1-ce1d-4863-9092-fdce00c73f40	Cover Orange Level Editor	Johnny-K; Anton Koshechkin; Maxim Yurchenko; Eduard Tziselskiy; Vadim Nabokov		bubblebox.com	https://www.bubblebox.com/play/1666/cover-orange-editor.htm	gameplay			Arcade; Puzzle; Score-Attack; Physics; Level Editor; Creative; Box2D; Auto-zipped	secondary-mechanic-tag		Level Editor; Physics			4.4302	f031	Wake Up the Box	0.0771	Submit your creations your chance to be featured in the next official Cover Orange game!
953	4dd1cd79-b084-4608-aa78-34fb1dc6b36e	This Is The Only Level 3	jmtb02; Tasselfoot	2011	armorgames.com	ArmorGames.com	gameplay			Platformer; Puzzle; Variety; Snake; Interactive Fiction	secondary-mechanic-tag		Interactive Fiction			4.4297	f031	Wake Up the Box	0.0757	Just when you thought you completed the level, it's going to happen all over again... master 30 new permutations of a brand new level from the minds of Tasselfoot and the programming claws of Jmtb02! Now featuring artwork from Jimp, the game is a brand new challenge... do you have what it takes to complete the level? Switch the switch! Poop some pastries! And think outside the box... you'll need it to survive!
954	ec2b5344-ffb7-4611-9bcb-0574ff32c5ef	God's Assassin	Greg McClanahan; Michael Swain; Halcyonic Falcon X; David Carney	2014	kongregate.com	www.kongregate.com	gameplay			Adventure; Religious; Interactive Fiction	secondary-mechanic-tag		Interactive Fiction			4.4289	g023	Assay	0.0711	A text-based “Choose Your Own Adventure”-style interactive fiction game loosely based on a novel I’ve been writing and rewriting for about 17 years. So if you ever find yourself thinking, “Wow, this reads like it was written by a 13-year-old,” well, you’re not far off! It’s set in the same universe as Thousand Dollar Soul; you don’t need to read that one first, but if you did, you’ll probably notice a few small crossover elements. Those who are easily offended should be warned that God’s Assassin pokes fun at religious concepts pretty mercilessly. If you’re curious as to what my real beliefs are, you can learn more than you ever cared to know at we-are-1.net.
955	e89c9e0f-9ce3-4628-bf9c-fe17fe56af16	Emoticon maze challenge	CookiemagiK	2009	deviantart.com	https://www.deviantart.com/cookiemagik/art/Emoticon-maze-challenge-125100747	gameplay			Puzzle; Sliding; Pixel; Maze	secondary-mechanic-tag		Sliding			4.4248	q144	One Reset	0.0732	My first full Flash game! :dummy: Making this was a real pain, but I learned a lot of Flash in the process and it was fun when actually things started to work properly :slow: So I hope you have fun playing it ^^ ( Do it! >:0 ) The instructions are in the game, so there's not much else to say. Some basic hints: - Each type of block is somehow different, figure out how they work! - There are different ways to complete the game, so try different things if you get stuck. -There's a reset-button on the lower left.. You'll need it :B Here are...The first 5 people to overcome this dangerously silly task! :iconcheerplz: 1. - =Mr-Jaunty 2. - ~PPR88 3. - ~thingydingie 4. - ~Kavel-WB 5. - `krissi001
956	9b9c15ca-c2f6-8042-76b8-04da8568bb54	Tactics: Zombie	Workinman	2011	shockwave.com	http://www.shockwave.com/gamelanding/tactics-zombie.jsp	gameplay			Strategy; Role-Playing; Turn-Based; Zombie; Axonometric; Auto-zipped	secondary-mechanic-tag		Turn-Based			4.4206	f044	Meeblings	0.0706	Zombies are roaming the earth and it's up to you to stop them! Take control of a squad of desperate people to find a cure for the zombie threat in this turn based strategy game. Summon your strategy skills to move the characters, battle the undead, collect useful items, and stay alive! Use your braaaaaains to send the living dead back to the grave when you play Tactics: Zombie!
957	c150f24d-e50e-4723-b42c-f079376f1cfb	Norapoly	NORAGAMES / Nora Shishi	2010	noragames.com	http://noragames.com/flash/norapoly.php	gameplay			Strategy; Role-Playing; Pixel; Turn-Based; Ludum Dare; Game Jam	secondary-mechanic-tag		Turn-Based			4.4179	q126	Copycat Trap	0.075	MiniLD #19 出展 Best of Casual Gameplay 2010 (Jai is Games) にノミネート A kind of crossover between the certain board game and Simulation RPG. Defeat your rival financiers with the stockholder's equipments! Click or Arrow keys to move Pass over all four bases to collect your payment 某ポリー(※登録商標)とシミュレーションRPGの融合っぽい何か。株主優待アイテムで能力を高めてライバル投資家を叩き潰せ！ マウスクリック or 方向キーで移動 4つのトランプマークを揃えて配当金ゲット！
958	53c6152f-1bf4-4acb-a338-b69ea668363a	Tragic Choice demo	mydarksides	2008	deviantart.com	https://www.deviantart.com/mydarksides/art/Tragic-Choice-demo-87511337	gameplay			Adventure; Choose Your Own Adventure; Epilepsy Warning; Stick; Blood; Moderate Language	secondary-mechanic-tag		Choose Your Own Adventure			4.4174	q166	Checkpoint Choice	0.0632	"A short demo for the upcoming game ""Tragic Choice""...choose your fate! if you'd liek the full version plz inform me...cuz i have NO intention of making it now ;P (this was before i learned how to make an RPG so i kinda used what i know) ....Facts: Time taken: not much Why are you doing this?: For fun and for fun...(yes i mispelt balet)...i think~ did u notcie another choice come on??? O_O can you find the extra???"
959	9114de5a-303c-4b55-b0d9-127db2098ae8	Morphing	Plus and Eric's Games	2010	maxgames.com	https://www.maxgames.com/game/morphing.html	gameplay			Puzzle; Physics; Level Editor; Mouse-only; One Button; Box2D	secondary-mechanic-tag		Level Editor; Physics			4.4131	q062	Relay Shadows	0.0872	Play through 30 levels as you morph into various objects to reach your target, then create your own levels with the built in level editor!
960	f26105c2-d606-46c3-aadc-8c7983c5103a	Naughty Girl 2	Noe's Games		jeux-filles.com	http://www.jeux-filles.com/jouer/2743/Naughty-Girl-2.html	gameplay			Arcade; Puzzle; Variety; Timing	secondary-mechanic-tag		Timing			4.4123	f031	Wake Up the Box	0.0286	L'histoire: une vilaine fille a été transformée en gros chat par la nounou qui doit la surveiller. Très turbulente, elle ne savait pas que sa nounou était une sorcière. Maintenant l'unique moyen de retrouver son apparence est d’embêter les autres animaux pour espérer que la sorcière la transforme de nouveau en fille. Vas-tu réussir ce miracle? Jeu: Lorsque la sorcière s'est endormie et que le cercle devient vert, utilise les touches fléchées pour déranger les animaux et remplir la barre d'irritation. Si le cercle devient rouge, c'est que la sorcière veille. Evite de presser les flèches jusqu'à qu'elle se soit à nouveau endormie et le jeu peut continuer. A la fin de chaque niveau, tu as un mi
961	29d12f02-63ef-475f-b0db-d672c48d2c72	Domino Simulator	Austron / Austin Granger	2008	deviantart.com	https://www.deviantart.com/austron/art/Domino-Simulator-75500532	gameplay			Toy; Physics; Sandbox	secondary-mechanic-tag		Sandbox; Physics			4.4123	q148	Delayed Commit	0.0816	This program can simulate a chain of falling dominoes. Drag and drop the dominoes into place and hit start to watch them fall. Nothing much yet, but a working primitive solid physics engine.
962	6f1174e5-0cce-4633-87a9-6ed4a13b3510	AMC's The Prisoner Graphic Novel: Chapter 9	AMC	2010	amc.com	https://www.amc.com/originals/the-prisoner/graphic-novel	gameplay			Adventure; Action; Interactive Fiction; Auto-zipped	secondary-mechanic-tag		Interactive Fiction			4.412	a043	Atomic Crossing	0.0637	Previously in Chapter Eight of The Prisoner graphic novel, a group of men kidnapped Rebecca and told her to kill “the dreamer.” In Chapter Nine, she breaks into Summakor once again to look for her sister, Vera. But this time around you may be wondering: Is Rebecca there to rescue her sibling or something else? Read the chapter to find out. This online extension of The Prisoner miniseries spans ten chapters. Check back next Tue., Jan 12 for the final installment of As the Air, Invulnerable: Chapter Ten.
963	02488351-cee9-44db-b1f1-22e635735874	MARDEK Chapter 2: A New Hero	Fig Hunter Games / Pseudolonewolf	2007	kongregate.com	https://www.kongregate.com/games/Pseudolonewolf/mardek-rpg-chapter-2	gameplay			Adventure; Role-Playing; Pixel; Turn-Based; Fantasy; Auto-zipped	secondary-mechanic-tag		Turn-Based			4.4113	q175	Pendulum Phase	0.0636	MARDEK is an epic Flash RPG in the style of NES and SNES RPGs, like the early Final Fantasy games. It is highly story-driven, featuring a setting that merges swords-and-sorcery Fantasy with sci-fi. It will be eight chapters long. This is the second chapter. Eight years have passed since the events of chapter 1, and Mardek and Deugan have joined the Royal Guard of Goznor!
964	5d9a9101-4130-490b-afa7-d46f65c8cdd9	FOOTPOOL	CoolGames / CoolTuning	2010	cooltuning.kiev.ua	http://www.cooltuning.kiev.ua/GameGen.php?GameUrl=FOOTPOOL	gameplay			Sports; Experimental; Physics; Soccer; Billiards	secondary-mechanic-tag		Experimental; Physics			4.4098	q172	Fluid Blend	0.0568	It's a mix of Pool and Football, when 2 stupid football players had appeared on a pool table Это смесь футбола с биллиардом, когда 2 тупых футболиста очутились на биллиардном столе
965	c21ad076-07d2-439b-b70e-18fd5f7e4cee	DeviantArt Doodle	billythegoat101	2009	deviantart.com	https://www.deviantart.com/billythegoat101/art/Deviant-Doodle-V2-136163559	gameplay			Drawing	secondary-mechanic-tag		Drawing			4.4077	g010	Lantern Ledger	0.0502	"Deviant Doodle V2! I made a drawing flash thing out of boredom a little while back and said there would be other features to be added. Please take a picture of anything you make and post it in the comments, I really want to see it features: -deviantArt theme -separate ""pencil"" layer -adjust thickness and alpha -many hot keys for just about everything (shown in game) -rectangle and circle drawing -ability to fill as you draw of fill shapes -hide panels for easy picture taking (id like to see what you make please) -wide variety of colors -line shadow -optional side blur to blend in to deviant art page -right-click menu to change some options any suggestions/comments/bugs/help greatly appreciat"
966	e132131e-180a-4417-a382-bb40ec6f85c6	New Year Cheesecake	MicroCooking Games		dressupwho.com	https://www.dressupwho.com/games/new-year-cheese-cake/	gameplay			Simulation; Cooking; New Year; Object Creator	secondary-mechanic-tag		Object Creator			4.4021	q148	Delayed Commit	0.0713	You are invited to a home party this New Year's Eve and offer to bring dessert. But if you want to get yourself dressed up and ready, you should make something spectacular and delicious than can be cooked in the smallest amount of time. How about a cheesecake? First go shopping for all the ingredients and then let's get started! In a blender put sugar, cream cheese, a pinch of salt, melted butter, eggs and milk. Mix them all together well and then pour the batter into a round tray. Let it bake in the oven and then rest a bit, so everything ties in together nicely. Cut the strawberries in half and then boil them on the stove together with some gelatin and melted butter, to get a nice jelly. P
967	9d009be0-07cf-0919-aced-01f846247ed3	Battalion: Skirmish	Pany Haritatos (Urbansquall)	2009	kongregate.com	https://www.kongregate.com/games/urbansquall/battalion-skirmish	gameplay			Strategy; Turn-Based	secondary-mechanic-tag		Turn-Based			4.4016	q143	Costly Preview	0.068	Take command of the mighty Warmachine and lead your troops to victory in the latest chapter of the Battalion saga. Battalion: Skirmish is a 1-level preview of Battalion’s improved graphics and game engine, which you will see featured in upcoming multiplayer and single-player Battalion titles this summer! In this turn-based combat strategy game, you must prevent the Warmachine, the new backbone of the Northern Federation forces, from falling into the hands of the traitor General Mullen. The Akadians are coming. Without the Warmachine, your armies will be powerless to stop them. Instructions Click on an active unit once to select it. Now click an open tile to move to it, or an enemy unit to at
968	6343eee3-5620-493f-8855-86620273f32e	Street Football	CoolGames / CoolTuning	2011	cooltuning.kiev.ua	http://www.cooltuning.kiev.ua/GameGen.php?GameUrl=Street%20Football	gameplay			Sports; Experimental; Physics; Epilepsy Warning; Dodge; Soccer; Mild Violence	secondary-mechanic-tag		Experimental; Physics			4.4008	q151	Pipes to Roads	0.0286	Crazy guys playing football on street with hard traffic Уличный футбол посреди дороги с интенсивным движением
969	df94a6c2-88d8-4887-bbc8-4fb2f47ba221	Doggy Daycare	PlayPink		dressupwho.com	https://www.dressupwho.com/games/doggy-daycare/	gameplay			Arcade; Simulation; Timing; Pet	secondary-mechanic-tag		Timing			4.3986	q148	Delayed Commit	0.0764	We love dogs and we know they need to be properly cared after, that is why you should really train if you want to be the proud owner of an adorable puppy some day. A doggy daycare is the perfect place to start. The dogs have different wishes that you will have to fulfill. The may want a delicious bone to eat, a ball to play with or even a lobster. These items are all around them, but in pieces. Put them together to create the whole object and then give it to the puppy to make it happy. You have limited time in which you can meet al the doggies’ requirements. In the bottom part of the screen you can see how much you have until advancing to the next level and your timer. Each level will become
970	e658ec87-ec16-4a0b-8560-17b43c3bb51e	Interactive Comet Animation			windows2universe.org	https://www.windows2universe.org/comets/comet_model_interactive.html	gameplay			Simulation; Space; Interactive; Object Creator; Astronomy	secondary-mechanic-tag		Object Creator			4.3937	q189	Inheritance	0.0933	"The interactive animation (below) shows some things about how comets work. Click the ""play forward"" button to make the comet move around in its orbit. You can make your own ""custom comet"" by adjusting the orbit size and the eccentricity (how ""oval-shaped"" the orbit is) of the comet's orbit. Click the ""Closeup"" tab to get a zoomed-in view of the comet. Click the ""Pick Comet"" tab if you want to look at some actual comets. Can you make a comet with a really long tail? How long do comets take to orbit the Sun? If you want to find out more about comets, there is more information further down on this page."
971	fa82d3a4-5d25-402a-b112-7320a832024e	Amberial Axis	Villa Vanilla	2009	coolbuddy.com	http://coolbuddy.com/games/game.asp?gid=827	gameplay			Physics; Level Editor	secondary-mechanic-tag		Level Editor; Physics			4.3934	q148	Delayed Commit	0.0884	When you thought you had conquered everything, Amberial Axis comes and faces you with the biggest challenge of them all, Yours! Its time to beat yourself. The yellow roller with a new twist with a revamped physics engine, 25 new challenges and a new Level Creator! Note: Dont consider this as a direct sequel to amberial 2, that one is coming later
972	dce980a5-49af-4606-ae51-3888da79efb1	Save the Dummy: Level Pack 2	Sandeep Saha	2013	notdoppler.com	http://www.notdoppler.com/savethedummy-levelpack2.php	gameplay			Puzzle; Physics; Logic; Stick; Ragdoll; Mouse-only	secondary-mechanic-tag		Ragdoll; Physics			4.3931	a124	Exists Exactly One	0.0832	The dummy needs even more saving! Remove red objects and find ways to knock the dummy off the screen.
973	3ab586a8-d1c1-4a9d-83e9-b9f65d741e56	FMA BEANZ-Draw on Beanz ver.Al	snowbunnyluv	2005	deviantart.com	https://www.deviantart.com/snowbunnyluv/art/FMA-BEANZ-Draw-on-Beanz-ver-Al-24048030	gameplay			Toy; Creative; Drawing	secondary-mechanic-tag		Drawing			4.3886	q065	Asymmetric Twins	0.0763	PLEASE READ BEFORE COMMENTING AS I MIGHT HAVE ANSWERED YOUR QUESTION HERE ;) ok i redid Al and here he is XD Ed version found here>>> [link] The pale blue pallette ontop of the black, can act as an 'eraser' however it will also erase out Al ^^; Al in this one also does random things over a 1min span just like the ed version ^^ Al flower i created ages ago, you can see it here >>>> [link] hopefully i will sumit ver01 of FMA BEANZ over the next few days ^^ i'm submitting these drawing things seperately because in the full version, you have to do all this stuff to get to the drawing thing which can get quite annoying ^^; Do take screencaps and show me if you draw somethin you like ^^ Characters
974	6bbde67c-d401-47c3-a0fe-00e66fd5aaf9	Färg-Monster	Peter Olsson		dataapa.net	dataapa.net	gameplay			Adventure; Choose Your Own Adventure; Auto-zipped	secondary-mechanic-tag		Choose Your Own Adventure			4.3882	q164	Stop Test	0.0493	Det första spelet jag gjorde i flash. Inte mycket till handling men bestäm kläder på gubben och döda monstret! Det är inte svårare än det låter. --- This was my first flash game so it is very simple, but just so that people can understand I give the translation below. After you have chosen colour of the man's clothes The man changed clothes because the ones you picked was too ugly. (The real reason was because I didn't know how to implement it) Press the button to continue ▶ After being scared by the monster Do you want to fight the monster? [Yes] [No] After being eaten by the monster You have been eaten by the monster. You have lost. After having defeated the monster You defeated the monste
975	80eecea2-1c27-4a78-95ef-ca03ad814c15	Slime Hook	Darren Briden		maxgames.com	MaxGames.com	gameplay			Arcade; Puzzle; Pixel; Stealth; Auto-zipped	secondary-mechanic-tag		Stealth			4.3818	q102	Walking Room	0.0826	23 challenging levels, one alien, one slime hook and one great brain! All of these ingredients are required to complete this intriguing game. The alien has one unique feature and this is its slime hook allowing it to slingshot itself to different areas and stick there within the game. Put your brains to the test as you attempt to help this poor little supernatural creature escape the facility.
976	70d12dd1-35e3-4b89-b558-67be2ecadeb4	Stick Figure - Smash 2	jocara		ragdollgame.info	http://www.ragdollgame.info/stick-figure-smash-2.php	gameplay			Arcade; Stick; Ragdoll; Auto-zipped	secondary-mechanic-tag		Ragdoll			4.3752	a141	Reversible Scrambler	0.0763	Play Stick Figure - Smash 2 for all types of chaos and enjoyment! There is practice arenas, where you can build up your skills. High scores where you can unlock various medals as you compete to achieve the highest score across the globe! enjoy :-) by the way! just had a problem with the multiplayer game modes... but its all better now! sorry! we had alot of font errors and other mistakes but we are posting a new version for your enjoyment :-)
977	49bae414-8439-4d76-86d2-0d56c5c7398f	Particle Lab	Orangatang91	2010	kongregate.com	https://www.kongregate.com/games/Orangatang91/particle-lab	gameplay			Toy; Sandbox	secondary-mechanic-tag		Sandbox			4.3744	q164	Stop Test	0.0619	Instructions Click the question mark button for instructions. Description Create and customize your very own particle effects with realistic physics. Change numerous variables and create a very unique particle display. You can save and load your creations using the in-game save and load buttons located at the top of the game. The ‘Kongregate’ button utilizes Kongregate’s Shared Content API and allows user content to be saved and loaded easily (this works only on kongregate.com, alternatively you can just copy and paste text to save your creations). This game may look scary and complicated at first, but once you understand each variable, you will be capable of making almost any particle displ
978	57820ddf-0fd3-4b8e-be18-34919bddc272	AMC's The Prisoner Graphic Novel: Chapter 2	AMC	2009	amc.com	https://www.amc.com/originals/the-prisoner/graphic-novel	gameplay			Adventure; Action; Interactive Fiction; Auto-zipped	secondary-mechanic-tag		Interactive Fiction			4.3731	q126	Copycat Trap	0.0728	AMC’s The Prisoner miniseries is coming to an end, but the story of Rebecca Meadows and her journey into the world of Summakor and The Village is just beginning. In Chapter Two of The Prisoner online graphic novel, Rebecca’s search for her sister finds her waking up in a strange Hospital — one that’s all too familiar to fans of the miniseries. Is she The Village’s next dissident prisoner? Read the chapter now to find out, and check back next week for Chapter Three!
979	18d875e4-242c-425d-842b-0a6c24b1757c	Jump Gear 2 (bonuslevel.org)	bonuslevel.org; pepere.org; jp		bonuslevel.org	https://bonuslevel.org/games/game_jump-gear-2_10.html	gameplay			Racing; Platformer; Level Editor; Community Content; Time-Attack	secondary-mechanic-tag		Community Content; Level Editor			4.3653	q045	Scout Drones	0.0844	Jump over the hills, and race against time. Do flips and backflips for bonus points.
980	250ad9b0-6d40-44bf-bebe-ce2a2e0c032e	Playful Kittens	DressUpWho	2015	dressupwho.com	https://www.dressupwho.com/games/playful-kittens-game/	gameplay			Stealth; Feline	secondary-mechanic-tag		Stealth			4.3639	q102	Walking Room	0.0641	Today you ladies are getting the chance to sped the day with my four playful kittens. Big mama cat and her babies are ready to entertain you, so you just need to make sure you join them in getting DressUpWho’s exclusive pet game started. Your main task while playing this kittens slacking game, ladies, is to help the three little kitties have some fun without getting caught by their furry momma. So make sure to wait until the big mama cat goes away or is not looking, click on any object in the room and then press the correct arrow key to help her kitty have some original fun. Oh… and make sure to keep an eye on the clock as well. You need to complete three different activities in the given pe
981	59a456d1-3149-48ec-a89a-5fbb3a858487	The Tank Builder	Lucas Speranza	2010	kongregate.com	https://www.kongregate.com/games/vitorsperanza/the-tank-builder	gameplay			Shooter; Action; Creative; Object Creator	secondary-mechanic-tag		Object Creator			4.3624	q145	Parallel Sandboxes	0.064	Build your own custom Tank, then smash your enemies! Create your own weapons and buildings. This game was developed with the intention of being the most customizable already created. Two months of developing. Really addictive! Use WASD to move and mouse to shoot. FEATURES > A Weapon Maker where players can DESIGN their own weapons, and establish their shot power, energy use, fire rate and so on. > A Free Play system, where the user can play and see the the difficulty increasing progressively. > 40 levels. > 22 different enemies and infinite possibilities of Tanks to draw. > An elaborate save game system. > Achievements system implemented. > Mute Button > Player can pause at any time (press S
982	93c61fc8-c950-4cd9-8d06-c64dce360f7d	Painting Eggs For Easter	DressUpWho	2013	dressupwho.com	https://www.dressupwho.com/games/painting-eggs-for-easter/	gameplay			Creative; Eastertide; Object Creator	secondary-mechanic-tag		Object Creator			4.3608	a155	Exception Ladder	0.0509	With only two days left before Easter, we invite you all, boys and girls, to play our exclusive Easter Holiday decoration game and discover some of the most original ideas about how to paint and decorate the traditional eggs for this beautiful celebration! Our 'Painting Eggs For Easter' decoration game brings up at your disposal a wide variety of colors, patterns, holiday themed stickers and bows to decorate the prettiest Easter eggs to surprise your friends and family with! Get it stated, show off your designer skills and decorate the loveliest Easter egg using lots of bright colors, lovely patterns, cute, tiny animal prints and candy-colored ribbons. Rummage through each category of items 
983	ea79da5e-ab50-478a-99c6-d33227177341	The First 48: A Serial Killer Strikes			uk.aetn.com	http://uk.aetn.com/games/first48/index.html	gameplay			Adventure; Puzzle; Promotional; Variety; Time-Attack; Interactive Fiction	secondary-mechanic-tag		Interactive Fiction			4.3594	q124	Counter-Predator	0.074	"This is a game based on a TV show ""The First 48"". The true life show follows detectives from the first call to a murder scene through the first 48 hours. This game allows the user to examine finger prints, process a crime scene, and interview suspects and family among other things."
984	6b448b9a-d1d9-424a-8bb7-db2cba730a81	Get LOST	A Triangle Morning	2013	web.archive.org	https://web.archive.org/web/20131124112015/http://www.atrianglemorning.com:80/portfolio/portfolio/get-lost	gameplay			Adventure; Choose Your Own Adventure	secondary-mechanic-tag		Choose Your Own Adventure			4.3573	f006	Multitask	0.0893	Get Lost is a Flash game I originally created for E4.com. You can find and play it here. I enjoyed creating the art and atmosphere of this game, and it still holds a special place in my heart. The game play is unconventional, based on a broadly diverging exploration decision tree. A game can be over very quickly or plunge a player deep into the labyrinth. I made a decision that there would be no save points or continuing in this game. Combined with instant death situations with little or no warning, this can get frustrating. Someone described the game as “fun but boring at the same time,” which I think is a fair criticism. This is a game that has simple rewards for the right kind of person, 
985	a1e9b62d-1c0d-45ba-a26d-e3b417c54397	3D Horse Box	Trevor McCauley		senocular.com	https://www.senocular.com/flash/source/?entry=703	gameplay			Loop; Interactive	secondary-mechanic-tag		Loop			4.3572	q088	Mask Debt	0.0757	"This example of 3D uses animated movieclips to make up the sides of the box shown. This methods uses a type of skew operation to fit clips within a psuedo 3D plane so it allows bitmaps and any other kind of Flash imagery to be used for polygon textures or whathaveyou. What this implementation does not allow is perspective. Nevertheless its effects can be inspiring. I tried to make it fairly easy to customize should you want to use it somewhere else. Just edit the sides and modify the script as needed. It has a few ""features"" built in but they can pretty easily be taken out if undesired. Move the mouse to rotate in space. Click and hold the left mouse button to lighten up the interior."
986	8d1013ef-10cb-46a9-b0b1-ef4ce4f66c3e	Seppukitties Level Builder	Tony	2008	armorgames.com	ArmorGames.com	gameplay			Platformer; Puzzle; Level Editor; Box2D; Auto-zipped	secondary-mechanic-tag		Level Editor			4.3559	q140	Grounded Labels	0.0739	Hello Everyone. This right here is the tool for building levels in SeppuKuties, which will be released later on today. I wouldn't really judge this one until you've played the game proper, but here it is for those who like to toy around with things. I'll have this description updated once the full game is uploaded and in the swing of things. Controls Mouse controlled level editor. Arrow keys to run / jump in game. Shift to commit suicide.
987	56602dfc-a371-4ab4-85db-3d9392a2f5cd	Puzzle Box	Magic Forge	2015	gamezhero.com	https://www.gamezhero.com/games/puzzlebox	gameplay			Puzzle; Logic; Sliding	secondary-mechanic-tag		Sliding			4.3447	a088	Foundation Shift	0.0779	In this game you will sink into the mystical world of puzzles. Here you have to move the boxes and put them in correct place. Use different portals and other boxes. We know that you will do it. Enjoy the game. This time you are going to move all these boxes. Well, you will see the marked place, where you have to move the box. Just be very attentive and try not to make a mistake. So, everything depends on you and all your skills. Some levels are quite difficult and you are the only one who can cope with it, just invite your bests and solve it all together! Are you ready for such an exciting challenging game? Then do not waste your time and have so much fun! Use the mouse to play and try to be
988	e3ea1f2e-04fe-49a1-861e-c0a1bda8cc33	AMC's The Prisoner Graphic Novel: Chapter 8	AMC	2009	amc.com	https://www.amc.com/originals/the-prisoner/graphic-novel	gameplay			Adventure; Action; Interactive Fiction; Auto-zipped	secondary-mechanic-tag		Interactive Fiction			4.3446	q126	Copycat Trap	0.0764	In Chapter Seven of The Prisoner graphic novel, Rebecca and Vera’s escape attempt was thwarted. In Chapter Eight, Rebecca is handed a new challenge — one that will require action in both New York City and The Village. Read the chapter to find out what she must do next to ensure her sister’s safety. This online extension of The Prisoner miniseries spans ten chapters. Check back next Tue., Jan 5 for the penultimate installment: Chapter Nine.
989	7b983d29-5d45-4b8a-a624-66d42faa9948	Line Snafu	StapleGun	2008	kongregate.com	https://www.kongregate.com/games/StapleGun/line-snafu	gameplay			Arcade; Puzzle; Score-Attack; Drawing; Mouse-only	secondary-mechanic-tag		Drawing			4.3442	g027	Cue	0.0853	Move your cursor over the highlighted point to begin. Simply draw to the next target without crossing your path, or hitting the wrong point. There are 6 modes to play, each with its own challenges. This game is based off a game I used to play in school with a paper and pencil when I was bored. It is my first full game, so all comments and suggestions will be very much appreciated. Hope you like it!
990	9d37e768-7b24-4b98-a178-aafe563de194	Dungeonfield	Shane Here		jayisgames.com	https://jayisgames.com/games/dungeonfield/	gameplay			Action; Pixel; Fantasy; Sandbox	secondary-mechanic-tag		Sandbox			4.3435	q126	Copycat Trap	0.0691	Plunked into a 2D, side-scrolling world randomly generated and populated with dangerous dungeons, and you'll need to smash, stab, dig, and otherwise destroy your environment to gather the supplies you'll need to craft and survive day-to-day. Turns out in a great battle, the kingdom was destroyed and all its people carted off to dungeons, and only you can save them.
991	ff372580-be89-439b-affc-fca71b119725	"My ""Dear"" Boss: Physics Vengeance"	RiGaming; Andre Yu; Robert Lee; Hanrianto Tan; Halahi; Jessica Fang; Dedy Suwandi; Hartono Peng; Wibowo		gamesgames.com	https://www.gamesgames.com/game/my-dear-boss-physics-vengeance	gameplay			Arcade; Level Editor; Toss; Mild Violence; Mouse-only	secondary-mechanic-tag		Level Editor			4.3399	q166	Checkpoint Choice	0.0491	"You’ve got the boss from hell, but don’t worry: fight back with the power of physics. How to play My ""Dear"" Boss: Physics Vengeance Ugh, your over-demanding boss just tossed the report you worked so hard on back in your face. Now you’re completely swamped with work and your blood is boiling. Are you gonna sit there and take it? No way! Toss a ball at his head in this physics game. That’ll show him. Mouse = Aim/Power Up/Throw"
992	b2d53c21-f789-49a7-92ec-54d762dd1a7e	The Cop Jazz Hour	Rob Williams; Geoff Pratt	2013	kongregate.com	https://www.kongregate.com/games/duwease/the-cop-jazz-hour	gameplay			Adventure; Puzzle; Interactive Fiction	secondary-mechanic-tag		Interactive Fiction			4.3398	a086	Counterbrace	0.0553	A quirky, comedic romp set in mafia-riddled Gatsby-era Chicago, The Cop Jazz Hour tests your brain’s deductive reasoning skills to solve odd crimes while tickling your funny bone. You like jazz? We’ve got that! You like solving crimes? We’ve totally got that! You like paperwork?? Man, you’re gonna be in heaven. Historically accurate and logically sound, The Cop Jazz Hour has something to strengthen both the left and right brain. Plus, there’s some gross jokes, so there’s something for the bottom brain, or wherever that goes. Walkthrough available here!
993	822efda7-9693-4888-80da-7b79c7bfd3da	AMC's The Prisoner Graphic Novel: Chapter 7	AMC	2009	amc.com	https://www.amc.com/originals/the-prisoner/graphic-novel	gameplay			Adventure; Action; Interactive Fiction; Auto-zipped	secondary-mechanic-tag		Interactive Fiction			4.3367	g048	Keyhole	0.0578	Previously in Chapter Six of The Prisoner graphic novel, we discovered that Rebecca’s sister, Vera, also exists in the real world: New York City. In Chapter Seven, we are brought back to the world of The Village as the sisters try to escape the men looking for Vera. Read the chapter now to find out what happens next. This online extension of The Prisoner miniseries spans ten chapters. Check back next Tue., Dec. 29 for Chapter Eight.
994	80141802-a81f-4b3e-b274-5e7f3dde3a7c	Puzzlenauts	Hairy Games		hairygames.com	http://www.hairygames.com/play-puzzlenauts.html	gameplay			Puzzle; Sokoban; 3/4 View; Auto-zipped	secondary-mechanic-tag		Sokoban			4.3361	g029	Twinned	0.0757	Puzzle adventure game with nonlinear gameplay. Travel through a big map with 49 levels, a great number of riddles are waiting for you! Classic gameplay like Sokoban and beautiful graphics. Use the arrow keys to move. Hints and tips are given during the game. Sometimes levels will seem impossible at first, just keep trying! Click on the map button to see where you are, it also shows your current objective.
995	2d54798b-2a48-463d-b198-023535047625	Ragdoll Ricochet	Kynetic-27 / Kynetic Art	2007	stickgames.com	http://www.stickgames.com/ragdoll-ricochet.html	gameplay			Arcade; Score-Attack; Physics; Ragdoll; Blood; Moderate Violence	secondary-mechanic-tag		Ragdoll; Physics			4.336	q149	Model Tokens	0.0706	Use the arrow keys to control the ragdoll. Dodge the flying discs for as long as possible.
996	9f546228-30db-499f-ad09-189445c99422	Beneath the City	Sebastien Benard	2014	deepnight.net	http://deepnight.net/games/beneath-the-city/	gameplay			Puzzle; Pixel; Stealth; Top-Down	secondary-mechanic-tag		Stealth			4.3354	g014	Long Shadow	0.0936	Your sister, Lice, is held inside the Hammer Watch prisons. You must sneak inside and find her. Beneath the City is a turn based stealth game where each move counts. My initial goal was to create a stealth roguelike using a 3D isometric view. I finally switched to back to top-down view because of the timing and the controls (3D iso is no good with keyboard controls). Beneath the city lacks proper ending, and different enemies, but all the basics are here.
997	b231c167-0b5f-495a-ba3f-5da07bd3e6d8	Castle Draw	FreeWorldGroup	2007	kongregate.com	https://www.kongregate.com/games/FreeWorldGroup/castle-draw	gameplay			Arcade; Score-Attack; Upgrade; Drawing	secondary-mechanic-tag		Drawing			4.3323	f040	The Last Stand	0.0611	The stick-war has been raging for over a century. Castle Freakness is the last one standing between your survival and complete obliteration. The Stickmen Alliance mean to kill you and take the castle. They will do anything to get what their fiendish stick-brains want. Use your wizard powers to crush the stick horde before they breach the castle walls and kill you! You’ve got a force of mercenary dwarves and other power ups to help with your defence – use them wisely or suffer the consequences.
998	6fb9f685-2159-43da-9c10-edc634f659a6	Cooperative Monster Containment	Poofy Sheep Games		flashgames.it	https://www.flashgames.it/coop.monster.html	gameplay			Puzzle; Sokoban	secondary-mechanic-tag		Sokoban			4.3278	g058	Solder	0.0809	Friends of retro games here is a nice game, gaunt in graphics, but a lot of fun especially if played with a friend. Your warehouse is haunted with strange characters; try to tidy up a little bit by moving the crates to trap all the monsters present. Push the boxes in such a way as to trap them without spaces, but be careful not to get caught, they can eat you! Only one case at a time can be pushed (two consecutive cases will not move), and the crates cannot be pulled. You'll have to be quick to move around and good at thinking and anticipating monster moves. To play, use directional ARROWS to move (the second player can use the W-A-S-D keys)
999	5294c6c5-3810-4e5a-adcd-8a036d24aafd	"Choose Your Own Adventure ""Find Baby Fox"""	jaclynonacloud	2012	deviantart.com	https://www.deviantart.com/jaclynonacloud/art/Find-Baby-Fox-Game-295751750	gameplay			Adventure; Choose Your Own Adventure; Canine; Mouse-only; Hidden Content	secondary-mechanic-tag		Choose Your Own Adventure			4.3265	g014	Long Shadow	0.0607	Flash Game! This is a project for my Flash Class, but I decided to post it here! ^^ OBJECTIVE: Find Baby Fox. There are a couple of ways to get to it, so good luck! SPECIAL: There is an easter egg in this game. I won't tell you what it is, but if you really want to know, I'll tell you it blatantly doesn't belong in this game. If you are really stuck, there is a donut on the broken bridge you can click. It's just a silly easter egg. Enjoy!
1000	5660e87a-7f08-4c00-a410-6f74ac341a79	4X4 FOOTBALL	CoolGames / CoolTuning	2011	cooltuning.kiev.ua	http://www.cooltuning.kiev.ua/GameGen.php?GameUrl=4X4FOOTBALL	gameplay			Sports; Experimental; Physics; Epilepsy Warning; Soccer	secondary-mechanic-tag		Experimental; Physics			4.3258	q157	Same Graph New Bodies	0.0331	4 players - 4 nets: Football of new generation 4 игрока - 4 ворот: Футбол нового поколения - Забивай любым из своих 2х игроков в любые ворота противника
1001	f2163f8a-9703-4111-90a3-82e12c6e742a	Space Chaos	DevilishGames	2010	bubblebox.com	https://www.bubblebox.com/play/1712/space-chaos.htm	gameplay			Shooter; Arcade; Space; Level Editor; Science Fiction; Auto-zipped	secondary-mechanic-tag		Level Editor			4.3226	q129	Decoy Learner	0.0573	An epic space shooter with lots of detail, levels and weapon upgrades. The universe is under attack by huge enemy space stations, attacking planets and anything that gets in their way. Blow the enemy to bits and Save the Universe! The game comes with a level editor with which you can easily create and share your own levels.
1002	acd94da5-8b24-4a74-9add-644477ab9a3e	Ragdoll Clown!	tAMAS Games	2011	gameark.com	https://www.gameark.com/preview/1270/Ragdoll_Clown.html	gameplay			Platformer; Puzzle; Physics; Ragdoll	secondary-mechanic-tag		Ragdoll; Physics			4.322	q080	Regime Cart	0.0769	Dynamic physical platformer with original concept, in where controlling the clown you will pass twenty unique dungeons, and open achievements!
1003	2f76939c-22cd-45f5-916f-1652619badda	robo dodge	Xeno-striker	2005	deviantart.com	https://www.deviantart.com/xeno-striker/art/robo-dodge-21754722	gameplay			Action; Toy; Customization; Sandbox; Interactive; Machine; Mouse-only	secondary-mechanic-tag		Sandbox			4.3212	q164	Stop Test	0.0658	Here's a very cool interactive flash movie I made with a lot of help from . Oh man he's good at flash stuff. Any way enjoy. P.S. I'll probably add more stuff to this later on. ::controls:: mouse = everything The robots will try to avoid your mouse as best they can. If they get the chance, they'll attack. You can even customize your own robot.
1004	54dccc9f-f319-4ebe-9298-5522b03ef42d	Crusade 2	KwakaGames		y8.com	https://y8.com/games/crusade_2	gameplay			Arcade; Level Editor; Toss	secondary-mechanic-tag		Level Editor			4.3206	q090	Lineage Garden	0.0555	Aim and shoot your cannon at soldiers and barricades to infiltrate the castle in Crusade 2. Take down your obstacle in as few tries as possible and kill all the soldiers to pass the level. Be awarded with bronze, silver, or gold metals, or gain no metals, depending on how many shots you took to finish the level. Each level will have different objects to shoot, including large and small cannon balls, spears, multiple cannon balls, and bombs. Kill the soldiers by hitting them directly, knocking them over, or by knocking something on top of them. All soldiers must die to pass the level. At the end of each level you will receive your level score and total score.
1005	2d0d3b30-8906-46af-b34d-f67cd629a8e1	Armor Mayhem	Louissi	2011	armorgames.com	https://armorgames.com/play/10215/armor-mayhem	gameplay			Shooter; Action; Artillery; Side View; Community Content; Science Fiction; Achievements	secondary-mechanic-tag		Community Content			4.3186	g050	Ash Path	0.0582	Description ****Update v.13b - Support for User Made Levels**** Humanity is at a turning point. Infinite energy crystals have been found on another planet and you have to fight to take control of it. Unlock weapons and maps as you progress to expand the game as you play. Current 3b If you do not see the 3b in the top right corner of the screen, please clear your browser cache or push refresh. • For support and bug report, use this forum thread: • If you are having trouble seeing the buttons to start the game, your Flash Player may be outdated. Download the latest version here! [Update v1.3b] - Several bug fixes [Update v1.2] - Removed the AGI saving, you might lose your save data if you didn
1006	416432c1-0e9b-4cbc-a5d4-a2bf032074ce	Sokoban	Miro Mandák	2010	members.chello.sk	http://members.chello.sk/miro.mandak/animaflash4.html/	gameplay			Puzzle; Sokoban; Top-Down; Auto-zipped	secondary-mechanic-tag		Sokoban			4.3162	g014	Long Shadow	0.0221	Sokoban patrí k najlepším hlavolamom všetkých čias. Boli vytvorených tisícky náročných pozícii. Idea tohoto presúvacieho hlavolamu je veľmi jednoduchá. Skladník má popresúvať debny na svoje miesta. Mnou urobený program patrí k tomu lepšiemu, čo bolo v tejto veci urobené, ale špičku nedosahuje. Zaradil som niekoľko sto levelov prevzatých z netu rôznej obtiažnosti. Zábava na mesiace až roky.
1007	2b3d9736-8a0a-48c5-8dec-b971836e90c8	AMC's The Prisoner Graphic Novel: Chapter 3	AMC	2009	amc.com	https://www.amc.com/originals/the-prisoner/graphic-novel	gameplay			Adventure; Action; Interactive Fiction; Auto-zipped	secondary-mechanic-tag		Interactive Fiction			4.3157	a080	Tendon Hand	0.0499	In Chapter Three of The Prisoner online graphic novel, Rebecca gives an account of her sister’s descent into mental illness and a glimpse of the treatment she received at Summakor. Read the chapter now for more disturbing details and find out what Rebecca learns about The Village from a man named Leo. This online extension of The Prisoner miniseries will span ten chapters so check back next Tuesday for Chapter Four
1008	592755b5-12e6-4390-a76b-9e2ec7dfeb16	Bunny's Ice Cream Maker	Princess-Peachie / Ruth Brain	2009	dressupgames.com	https://www.dressupgames.com/bunny-ice-cream-maker-game	gameplay			Creative; Object Creator; Auto-zipped	secondary-mechanic-tag		Object Creator			4.3153	a120	Chain Exchange	0.0669	Frosty Bunny wants you to help him design new ice creams for his world famous Ice Cream Parlour! Build up your ice cream, choose a cone, and decorate it with all kinds of sprinkles, syrups, dips, ribbons, creams and toppings! Once you're finished, click Bunny and he will taste your ice cream and give his opinion on it. ☺ ❤ I finished this game a week ago, but wanted to wait a bit. 😊 I do hope you enjoy this! I worked very hard to make it my most professional game yet. ❤ But I still have far to go though! HINTS: • There are 42 different ice cream flavours to choose from; some are normal, some are just plain crazy! • Bunny has 36 different random phrases for you to achieve- which one will your
1009	631fe421-8c24-4e6f-b920-81e57707b357	Save the Dummy: Level Pack	Sandeep Saha		notdoppler.com	www.notdoppler.com	gameplay			Puzzle; Physics; Logic; Stick; Ragdoll; Mouse-only	secondary-mechanic-tag		Ragdoll; Physics			4.3136	q062	Relay Shadows	0.0846	Remove red objects with the goal of knocking the dummies off the screen in each level.
1010	cb832483-ed9e-4874-933a-791719be6c96	Beach Volleyball: Blondes VS Brunettes 2	CoolGames / CoolTuning	2011	cooltuning.kiev.ua	http://cooltuning.kiev.ua/GameGen.php?GameUrl=Blondes%20VS%20Brunettes-2:%20Volleyball	gameplay			Sports; Experimental; Physics; Epilepsy Warning; Volleyball; Top-Down; Tropical	secondary-mechanic-tag		Experimental; Physics			4.3114	g014	Long Shadow	0.0579	Beach Volleyball: Blondes vs Brunettes 2X2. Пляжный Волейбол: Блондинки против брюнеток 2Х2
1011	33334e4f-c34d-4bfb-afdd-4746d8d6f548	Create-a-Ride Version 2.0	Erik Wolter	2002	addictinggames.com	AddictingGames.com	gameplay			Timing; Creative; Object Creator; Fixed Screen; Auto-zipped	secondary-mechanic-tag		Object Creator; Timing			4.3094	q129	Decoy Learner	0.0956	Pimp your ride and take it out on the road in this top shop. With so many options, you can customize your car to suit your style. Will this be your dream ride?
1012	4d70f110-999b-4fb2-9af2-0dd4dc7b1852	The Sandbox	Eric Posas; ESP Animation	2010	flasharcadegamessite.com	www.flasharcadegamessite.com/game/stickmen-the-sandbox	gameplay			Stick; Construct; Sandbox	secondary-mechanic-tag		Sandbox			4.299	f031	Wake Up the Box	0.0883	Stickmen The Sandbox is a free online browser game that you can play at flasharcadegamessite.com, belongs in the puzzle games category, added on the 22 April 2012 and played 17.34k times. By esp animation. Play stickmen the sandbox game and combine raw materials such as fists, gunpowder, metal or wood to unlock explosive stick fighting animations. Use the mouse to drag an element onto another one to see if it will interact.
1013	7ce206c6-74f3-4c3a-aed6-a1f3f12eff1a	AMC's The Prisoner: The Village Map	AMC	2009	media.amc.com	https://media.amc.com/prisoner-core-site/villagemap/villagemap.html	gameplay			Adventure; Promotional; Interactive Fiction; Auto-zipped	secondary-mechanic-tag		Interactive Fiction			4.2924	q062	Relay Shadows	0.0627	You, like Six, may have some serious questions about The Village. Now you can get a detailed lay of the land at least with AMCtv.com’s interactive online map of The Village. Highlighting twenty Village destinations with descriptions and accompanying photos, you’ll find everything from the Palais where Two hangs his hat to the Village Shop, where maps similar to this one are sold in fold-out form.
1014	0f705ddb-45c0-4765-926b-3a9875b7682b	Sir Basil Pike Public School	ZapDramatic	2009	zap.ca	http://www.zap.ca/pike/	gameplay			Adventure; Choose Your Own Adventure	secondary-mechanic-tag		Choose Your Own Adventure			4.2923	q148	Delayed Commit	0.0919	Sir Basil Pike Public School is an interactive narrative role playing game that explores the dynamics of bullying among boys and girls aged 10-14 (grades 5-9). The user can follow either the boys’ story or the girls’ story. Both stories intersect for the conclusion. In the boys’ story, the user is accused of stealing another boy’s bike. At issue is the truth and honour. The girls’ story revolves around a sleepover party where all but one is invited and the consequences of being nice or competitive are explored. The purpose of the game is to show what’s really going on in a couple of common schoolyard conflicts and to challenge the user to think about the consequences of impulsive action. The
1015	bfc7e136-415f-e334-13cf-79cc76683064	Paper War	indocg	2009	armorgames.com	https://armorgames.com/play/4410/paper-war	gameplay			Strategy; Tower Defense; Level Editor; Achievements	secondary-mechanic-tag		Level Editor			4.2914	f036	Desktop Tower Defense	0.0764	A Tower Defense game with a twist, scrath the baddies off the desktop using a pencil! Fight your way through twenty levels, and unlock many new towers and find different ways to use your lethal pencil. Controls - Stop the waves of critters from finding the exit. - Build towers and use your pencil to scratch / hover over the critters to damage them. - As the game progresses you unlock new ways to use your pencil and new towers to build. Hint: Enemy move slow at upcurve and fast at downcurve
1016	ee3ee515-8d65-4f30-873a-79666d450871	3D Spinning Earth	Trevor McCauley		senocular.com	https://www.senocular.com/flash/source/?entry=774	gameplay			Loop; Interactive	secondary-mechanic-tag		Loop			4.2878	f006	Multitask	0.0642	Here the enhanced drawing API of Flash Player 10 is used to create a 3D spinning globe (earth). All of the 3D coordinates are generated dynamically at run time with a mapped graphic defined using UVT. The Matrix3D class is used to apply a rotation and Utils3D.projectVectors is used to convert 3D points into the 2D points that get drawn to the screen (as well as define T for bitmap distortion). Combine that with some objects in an IGraphicsData using culling to manage the 2 different sides of the globe and you get this. Press and hold the left mouse button and you will be able to see the geometry.
1017	ac4f0063-517d-4b66-a0a7-eec55d93f779	A Game Full Of Despair	WonderSunflower	2011	kongregate.com	https://www.kongregate.com/games/WonderSunflower/a-game-full-of-despair	gameplay			Puzzle; Sliding; Story-Driven; Mouse-only	secondary-mechanic-tag		Sliding			4.2776	q143	Costly Preview	0.0734	Description Uh, well, it’s a game about depression or something like that. It seems to be surprisingly popular these days, so I decided to make one, too. Also, I needed to finally finish something! >.< After 1.1 Update - Apparently many people seem to hate slider puzzles (maybe due to the fact that they aren’t experienced with those), but please, before you simply leave this project, try to at least make a top row or left column in the first level. It may turn out not to be as overly difficult as it seemed before!
1018	c5cf0753-020e-412b-87bc-edcde34a0b0c	Choo Choons! Toy Trainset	Insane Hero; Biscuit Locker	2012	frivclassic.com	http://www.frivclassic.com/menu/games/choochoons/f.html?z=2l	gameplay			Scene Creator; Train; Sandbox; Top-Down; Auto-zipped	secondary-mechanic-tag		Sandbox			4.2761	a062	Hysteresis House	0.081	Build a train layout and control four engines. Switch on Choons to create tunes with the scenery! Draw and decorate your own tracks then play with the train-set! Switch on Choons mode and create cool tunes as the trains pass different types of scenery!
1019	79d67cad-40c4-4562-a239-26bf9f2e9760	White Day	Amy Caves; AoiKotori	2015	kongregate.com	https://www.kongregate.com/games/AoiKotori/white-day-game	gameplay			Adventure; Anime; Interactive Fiction; Auto-zipped	secondary-mechanic-tag		Interactive Fiction			4.2751	a141	Reversible Scrambler	0.0553	DESCRIPTION Koji is a high school boy who fell for his classmate Manami who sits next to him. He got valentine’s chocolate from her but it was just as a friend. Little does she know that he is thinking of finding a gift for her in return but also to tell her how he feels…. This is where you come in! Help Koji find her the perfect gift and confess his love to Manami!! If you love my game “White Day Game” , and also have a LINE messenger? Go check out the White Day Game Stickers here!! INSTRUCTIONS click next button (present on the bottom right) and also click people or items to get information. Don’t forget to click the heart at the end when you are giving your gift so he can tell her his fee
1020	826b5f7b-3a04-48d2-94ef-ce923212d756	Drag And Drop Behaviors	Trevor McCauley		senocular.com	https://www.senocular.com/flash/source/?entry=664	gameplay			Loop; Interactive	secondary-mechanic-tag		Loop			4.271	q069	Echo Windows	0.0815	This example shows how you can immitate Director-like behaviors in Flash MX using components. Just drag a component movieclip onto another movieclip to have its actions copied to that movieclip to add to its functionality during playback. The rotating planet here has 3 behaviors added to it. One makes it spin, one fades and a third scales the clip when you click your mouse button. A custom method called ASEventBroadcaster is used to assure that multiple behaviors can still function even if they attempt to use the same event (like the onEnterFrame event) for the same movieclip.
1021	22ff257c-2be5-46c6-b30b-ef0280781a07	Garden Raider	"Alexander ""Baturinsky"" Petrov"	2008	flashpacman.info	http://www.flashpacman.info/pacman-garden-raider.php	gameplay			Arcade; Level Editor; Maze; Pellet Maze; 3/4 View; Fixed Screen	secondary-mechanic-tag		Level Editor			4.2692	q198	Action Chunking	0.0712	This games has core mechanics alike to Pacman, but has much more complex monster behaviour, which you have to learn and exploit to beat levels. It’s a final version of game that I released earlier. I increased game speed, redone graphics, added sounds, balanced old levels and added new ones.
1022	af5e993d-36a4-4f08-aa9e-8134b41c4f32	Spite Cannon RELOADED	CuriousGaming; Tomf; Xarrion	2011	addictinggames.com	https://www.addictinggames.com/puzzle/spite-cannon-2	gameplay			Physics; Artillery; Level Editor	secondary-mechanic-tag		Level Editor; Physics			4.257	f021	Fantastic Contraption	0.0626	Those smiling squares and circles are back, just begging to be blown apart with a cannon. Knock shapes loose, buy fantastic upgrades, and build your own levels! Spite-astic! INSTRUCTIONS mouse to aim and fire
1023	62da318b-b474-46fc-8fdd-3bc709518d23	Super Tasty Aspic	Playpink.com		gameitnow.com	https://www.gameitnow.com/Super-Tasty-Aspic-online	gameplay			Arcade; Simulation; Puzzle; Variety; Creative; Cooking; Memory; Time-Attack; Object Creator	secondary-mechanic-tag		Object Creator			4.2567	q057	Raft Shape	0.0884	Aspic is a dish in which ingredients are set into a gelatin. Cut, peel and cook vegetables that you can use to decorate you Aspic. Make the gelatin on the stove while trying to keep the conveyor belt rolling at a high speed.
1024	0be56a26-79d4-48eb-9c8b-450b661efc41	Offroad Transporter	PlayerForever.com	2009	web.archive.org	https://web.archive.org/web/20090213233006/http://freegamesinc.com:80/playgames/1208/offroad-transporter.html	gameplay			Adventure; Simulation; Driving; Creative; Epilepsy Warning; Dating Simulator; Object Creator	secondary-mechanic-tag		Object Creator			4.2566	q129	Decoy Learner	0.057	You have 3 dates and you really want to impress them with your new customized jeep! Pimp up your jeep and then get ready to hit the road. Each track requires a different customization, so make sure you try a few different things. Play Offroad Transporter now and get your jeep pimped!.
1025	a2254d8f-7321-47f9-9446-cb1e4cb989ba	30 Seconds to Draw!	Senekis93	2011	kongregate.com	https://www.kongregate.com/games/Senekis93/30-seconds-to-draw	gameplay			Creative; Time-Attack; Drawing; Game Jam; Game in Ten Days	secondary-mechanic-tag		Drawing			4.2546	f042	Spewer	0.0727	Description You will be presented a word. Use your mouse to make a drawing that represents that word before the timer runs out! Made for the Game in Three Days contest. Theme was “30 seconds to…” Took me less than 6 hours. Instructions Draw with mouse. You can use 1 – 9 to change the width of the line and QWERTYU to change the color.
1026	181fd53b-8d4f-4fa0-8fab-4fc211d9a8b9	42	Austron (Austin Granger)	2007	deviantart.com	https://www.deviantart.com/austron/art/42-54666439	gameplay			Sandbox	secondary-mechanic-tag		Sandbox			4.2499	f036	Desktop Tower Defense	0.0712	"A game loosely based on Desktop Tower Defense, there are 42 ""poofies"" that always turn right, and you have several differently shaped pieces to place in their path. It is possible to make many different interesting mazes, and torment them by sticking them in little prisons of rotating blocks to see if they ever escape! Their little eyes even blink! lol... This game was programmed by me and designed by me and Sam Ihlenfeldt. have fun! Ps. This is my 99th deviation! My 100th deviation will be sting 8.0 final, so dont expect anthing for a while, until I am done with sting. Could be today, could be next month, who knows..."
1027	bc99e156-d1be-4133-805e-86f54b694b0b	AMC's The Prisoner Graphic Novel: Chapter 4	AMC	2009	amc.com	https://www.amc.com/originals/the-prisoner/graphic-novel	gameplay			Adventure; Action; Interactive Fiction; Auto-zipped	secondary-mechanic-tag		Interactive Fiction			4.2494	q138	Command Composition	0.0658	In Chapter Four of The Prisoner graphic novel, Rebecca acquires a deadly object and a man named Leo introduces her to the phenomenon of “drifting.” Read the chapter now to find out more about drifting and what’s going on in a place called Club More. This online extension of The Prisoner miniseries will span ten chapters so check back next Tuesday for Chapter Five.
1028	2fecd7de-657b-4c09-9464-ae913dc0ef08	Beauty Rush Puzzle			games-kids.com	https://www.games-kids.com/game/20218/beauty-rush-puzzle.html	gameplay			Simulation; Puzzle; Sliding	secondary-mechanic-tag		Sliding			4.244	q065	Asymmetric Twins	0.087	Come dear kids and hceck out this super fun game right here on our site, we are sure you are going to love it and that is vey important for us, after all we are here to always make sure you have the best time ever and with the right games and right characters, we are sure you are going to have th ebest time ever. So simply come and check out this super fun game right here on ur site, we are sure you are going to love it because, as you can see, this is a very special puzzle game in which you get to play with the Beauty Rush girls, a lot of fun levels are waiting for you, so concentrate on your task. Good luck!
1029	14b32ee6-1bac-46ff-afa8-1f7c129520e1	Daily Sokoban			flashgames.it	https://www.flashgames.it/daily.sokoban.html	gameplay			Puzzle; Sokoban; Daily; Top-Down	secondary-mechanic-tag		Sokoban			4.2423	g014	Long Shadow	0.0825	There is hard work, but someone has to do it: move the coffers in this classic Sokoban game. Move the objects until they occupy the designated position, taking care not to end up in a situation of 'impasse'. Every day you will be given new levels with three different degrees of difficulty, so you can go back to work and never get tired!
1030	5be92116-be6f-4afe-8df7-01d39cb66df3	Little Animals: Rescue			maxgames.com	MaxGames.com	gameplay			Arcade; Puzzle; Physics; Level Editor; Auto-zipped	secondary-mechanic-tag		Level Editor; Physics			4.24	f031	Wake Up the Box	0.0752	Help the parent animals collect all their children by carefully dropping them on the playfield in this physics-based puzzle.
1031	3e353960-9f53-408d-9e6a-8d1cc42d88c7	Tail	Erik Jansson	2011	kongregate.com	www.kongregate.com	gameplay			Arcade; Level Editor; Dodge	secondary-mechanic-tag		Level Editor			4.2385	q035	Momentum Bank	0.0637	You are Tail, a white square that is supposed to navigate though the hard and challenging 20 levels. You will receive medals in each level, by reaching gold you are on par with the developers own record! There is also a level editor, to learn how to use it go to the menu and click the question marked button. There you will find all information you need on how to make you own levels. When you start a level click the green square, that will start the timer and the level! Move Tail with your mouse, avoid everything to reach the red square and complete the level!
1032	aaace9d4-0459-4fca-9cd9-91b894f0b5f3	Sinta: Escape from Ixerron Keep	Kaiparasoft	2008	ninjakiwi.com	https://ninjakiwi.com/Games/Action/Sinta.html	gameplay			Platformer; Action; Artillery; Level Editor; Feline	secondary-mechanic-tag		Level Editor			4.2367	q143	Costly Preview	0.0663	Sinta: Escape from Ixerron Keep is here! With your trusty bow and arrow in hand, make your way through dozens of fun and action packed levels from Ixerron Keep. Collect magic items, find hidden rooms, and slay the villainous wizard himself. Sinta is a new and fun platform adventure from Ninjakiwi. Keep an eye out for our level editor coming soon!
1033	af8f9b3a-871d-4862-ba78-3cf6d0d45037	Voodoo Doll		2011	dressupwho.com	https://www.dressupwho.com/games/voodoo-doll/	gameplay			Creative; Halloween; Object Creator	secondary-mechanic-tag		Object Creator			4.2355	g048	Keyhole	0.0501	Are you ready to celebrate Halloween in big style? Halloween fun doesn't stop at trick or treating or wearing creepy costumes, it goes further than that with house decorating and many other activities. If you're looking for scary Halloween decorations you must be looking for the original ones that's why this year DressUpWho comes with an amazing suggestion that will ensure a truly unique decoration for Halloween - the Voodoo Doll. Why make a voodoo doll? Because it's easy and so much fun! All you need to do is to drape the doll in some old clothes to give her a ragged look, and then pick out some stitch marks or scars and even some bits of red color on her face and body to dramatize the effe
1034	0a5d3cbd-3c3a-4709-8c90-b7399c88bf3f	Idle paint	omgnoob191	2016	kongregate.com	https://www.kongregate.com/games/omgnoob191/paint-idle 	gameplay			Clicker; Idle; Upgrade; Drawing; Mouse-only; Achievements	secondary-mechanic-tag		Drawing			4.2307	q144	One Reset	0.0695	That click to get the pictures and feel like an painter. Idle created this past year to get experience in the application programming beginning did not want to publish but the think that someone could give interesting ideas for their own realizations.
1035	4f9d9c14-d616-4d8a-9223-035e544891c2	Falling Sands 2	ajs11893	2012	kongregate.com	https://www.kongregate.com/games/ajs11893/falling-sands-2	gameplay			Physics; Creative; Drawing	secondary-mechanic-tag		Drawing; Physics			4.2302	a153	Family Resemblance	0.107	A sequel to my original falling sands game. This one features, sounds, a pause feature, new particles, most importantly, the ability to save and share games on the kongregate servers.
1036	b7174780-07c8-41ee-9c4a-a444338747fb	Decorate a christmas tree			mygames4girls.com	http://www.mygames4girls.com/games/decorate-a-christmas-tree.html	gameplay			Creative; Christmastide; Object Creator	secondary-mechanic-tag		Object Creator			4.2242	q138	Command Composition	0.0713	As we approach Christmas, it is important to think of different gifts that we will offer and also to think about those that we will receive. But most important is of course to properly decorate your house and christmas tree. Therefore in this girls christmas game for the Christmas season, you’ll be able to imagine the tree of your dreams. Each element can be expanded or shrunk using the green and red buttons at the bottom right of this free Christmas game. Once your tree is well decorated, you have to click on the socket to see your tree light up. What a wonderful time you’ll be able to have through mygames4girls! Do not forget to invite all your friends to discover all our Christmas games!
1037	bb91c554-8038-44ba-8066-30462409c29f	WWII Commander	Pizzadude; ParagonX9		bubblebox.com	https://www.bubblebox.com/play/605/ww2-commander.htm	gameplay			Adventure; Action; Choose Your Own Adventure; Military; WWII; Auto-zipped	secondary-mechanic-tag		Choose Your Own Adventure			4.2224	q057	Raft Shape	0.0902	You are on officer in command of a small group of soldiers in World War II. All you have to do is give the orders, your men will do the fighting. It's of great importance that you make the right tactical decisions. The lifes of your men and the outcome of the war are in your hands.
1038	05afaa46-9a22-4197-a83c-2a02eb8e5010	Move or Die	ZapDramatic	2004	zap.ca	http://www.zap.ca/mod.htm	gameplay			Adventure; Choose Your Own Adventure	secondary-mechanic-tag		Choose Your Own Adventure			4.2216	q143	Costly Preview	0.0657	WARNING: Move or Die is a challenging negotiation puzzle which will take at least 45 minutes to complete. Viewer discretion is advised. Move or die plays like an interactive animated adventure movie. The User assumes the role of a hitchhiker who gets picked up by two ethically challenged siblings in their twenties, Syd and Wilma. When bad things start to happen, the action will stop and a menu screen will appear asking the User for input. The User negotiates with Syd and Wilma and tries to persuade them to make better choices. If the User advises poorly or fails to persuade Syd and Wilma to choose a better course of action the movie will end in disaster and the action will stop. The only way
1039	c0da1289-455e-42dc-bf8f-af804c82975d	Rag Doll	Namzorg	2006	stickpage.com	stickpage.com	gameplay			Toy; Physics; Stick; Ragdoll; Auto-zipped	secondary-mechanic-tag		Ragdoll; Physics			4.2215	f018	Windosill; Feed the Head	0.0754	Click the joints of the stick figure and drag him around by the head, feet, arms, anything!
1040	cc1ebe15-c68c-4e54-9c0c-04c37e4990c0	Screwball Cat Pinball Adventure	ttursas	2012	kongregate.com	Kongregate.com	gameplay			Arcade; Physics; Level Editor; Creative; Pinball	secondary-mechanic-tag		Level Editor; Physics			4.2154	q054	Gear Teeth	0.058	Play weird pinball levels made by other players from the level database, or create your own using the built-in editor.
1041	4c347127-edb8-474f-8965-b9d4707d362e	Sokobon Classic Logic Game	planeta42.com		planeta42.com	planeta42.com	gameplay			Puzzle; Sokoban; Top-Down	secondary-mechanic-tag		Sokoban			4.2124	g029	Twinned	0.0722	"Sokoban"" is a free online knowledge level game, to cover all the orange holders (X) by moving the boxes over them. Play Sokoban online on computer. Classic game with more than 50 types of mazes. Fun logic learning game. Move with arrow keys and sort all crates on the X's. Play more than 50 different crates set. This fun logic game include the following properties: 62 mazes. Moves counter. Time counter."
1042	0c740655-f997-4a66-afe1-37985c46b8b3	~~Title for Game~~	Nitro_Titan	2008	aryion.com	http://aryion.com/g3/showitem.php?id=161223 (via Wayback Machine)	gameplay			Experimental; Loop; Interactive	secondary-mechanic-tag		Loop; Experimental			4.2074	q036	Loop Current	0.0531	After getting the Sayonara zetsubou sensei OST, Track 1 made this come to mind. So I flashed it out.
1043	87f92a9d-118b-42cf-aca7-8159d1d928e9	Splinter Cell: Late Home	SplinterCellPromo	2004	freeworldgroup.com	http://www.freeworldgroup.com/games/splinter/splinter.html	gameplay			Stealth; Auto-zipped	secondary-mechanic-tag		Stealth			4.2026	f033	Light-Bot	0.0587	Following his last most successful mission, A member of the Third Echelon has been out celebrating with his mates. Despite a 11pm curfew imposed by his girlfriend, he has returned home very late, having forgotten his keys he must now gain entrance to his flat and get into bed without upsetting his light sleeping girlfriend. He must again use his skills and gadgets to complete this final task of the evening, making the least possible noise and keeping the stealth meter and his health bar from reaching critical; resulting with him sleeping on the sofa - or worse...
1044	d7855e47-95a0-439a-bafb-cf22595e859a	AMC's The Prisoner Graphic Novel: Chapter 5	AMC	2009	amc.com	https://www.amc.com/originals/the-prisoner/graphic-novel	gameplay			Adventure; Action; Interactive Fiction; Auto-zipped	secondary-mechanic-tag		Interactive Fiction			4.1993	q062	Relay Shadows	0.0661	In Chapter Five of The Prisoner online graphic novel, Rebecca visits The Village Office of Records and learns where her sister is living. Read the chapter now to find out what happens when the two sisters reunite. This online extension of The Prisoner miniseries spans ten chapters so check back next Tue., Dec. 15 for Chapter Six.
1045	4d5d7723-bbf6-411e-9960-297279423d62	Zombie Match 3	Jochen De Schepper	2012	smileygamer.com	http://www.smileygamer.com/ourgames/zombiematch3.html	gameplay			Puzzle; Match-3; Matching; Sliding; Auto-zipped	secondary-mechanic-tag		Sliding			4.1983	q144	One Reset	0.0804	Description: Slide and match zombies in this thrilling match 3 slider! Use a shovel to kick a zombie out if it gets in your way. This game is easy to learn, but hard to complete. With it's colorful and funny zombies, it's entertaining for kids and the whole family! Instructions: Use the mouse to drag the zombies. Connect 3 or more to remove them.
1046	e6fbb8a9-4c89-49fa-9864-c09f9f739abb	Hannah and the Kreludor Caves	Neopets	2010	neopets.com	http://www.neopets.com/games/game.phtml?game_id=1252	gameplay		Neopets	Platformer; Action; Space; Level Editor; Side View; Neopets	secondary-mechanic-tag		Level Editor			4.1962	q126	Copycat Trap	0.0653	Neopia's favourite thrillseeking barmaid is back with an all-new adventure that's out of this world! Having already mastered caves of the ice and pirate varieties, Hannah's returned with a mission to make her way through the caves of Neopia's moon, Kreludor. Join this adventurous Usul as she advances from one cavernous mine to the next, gathering up keys and as much treasure as possible. Be brisk about it, though, and keep an eye on her oxygen and fuel levels -- otherwise it could be game over long before all fifteen of Kreludor's caves have been conquered. Use your arrow keys to move Hannah and collect all the treasure chests to advance. Pick up fuel and oxygen tanks to make sure she doesn'
1047	c82157f4-e237-42d3-b65f-112ac87a1639	Stunt Bike Draw 3	FreeWorldGroup	2010	kongregate.com	https://www.kongregate.com/games/FreeWorldGroup/stunt-bike-draw-3	gameplay			Sports; Motocross; Upgrade; Drawing	secondary-mechanic-tag		Drawing			4.1948	q166	Checkpoint Choice	0.0669	It’s stunt bike drawing in another galaxy! Draw your jumping ramps, rev your engine and try to jump over the freaky alien beings without killing them or yourself! Do stunts and catch floating bonuses for more points and money. Upgrade your bike and buy new stunts! Some jumps are tricky and require good ramps and skilled driving to get over. Be patient and experiment a little!
1048	230fb2ed-4902-e6db-5224-2e33905bac79	Nano War	Benoit Freslon	2008	benoitfreslon.itch.io	https://benoitfreslon.itch.io/nano-war	gameplay			Strategy; Level Editor; Real-Time Strategy; Community Content	secondary-mechanic-tag		Community Content; Level Editor			4.1922	q149	Model Tokens	0.0822	Nano War is a RTS/action game. In Nano War, you have to annilihate the other entity. You are the blue entity, your opponent is red. Download Nano War iOS on iPhone and iPad for free here: TIPS: Click outside and drag and drop to select multiple cells. Enjoy & Thanks for playing ^^ 72 : New multiplayer server
1049	d360862b-0abd-9a1d-249c-eb52d6e3cbb7	Elite Forces: Clones	Badim	2011	kongregate.com	https://www.kongregate.com/games/Badim/elite-forces-clones	gameplay			Strategy; Level Editor; Real-Time Strategy; Military	secondary-mechanic-tag		Level Editor			4.1911	f007	Four Second Fury; Hoshi Saga	0.0736	Send swarms of clones to overcome the enemy and claim the territory as your own. Use editor to create your own cool levels. You can save them, rate them, share them, and best of editors will be rewarded. Instructions M – Turn on/off Music, P – Pause, Q – change quality, -/+ – speed up/down, Space – Select All/Deselect All, Hold Shift to speed up all, Hold Ctrl while selecting to remove from selection.
1050	f5dacbe7-367a-4f72-83b0-b274a9c1f2c9	Deadly Venom	Pyrozen	2010	kongregate.com	https://www.kongregate.com/games/WebCypher/deadly-venom	gameplay			Action; Stealth; Moderate Violence; Achievements; Auto-zipped	secondary-mechanic-tag		Stealth			4.1909	a070	Exposure Window	0.0617	A cool stealth game where you can take down your enemies with hand combats, knife throws or a tranquilizer gun! Instructions Mouse to move, interact with targets or pick up objects. W, A, S, D keys for stealth attacks. Spacebar to cancel knife throw or tranquilizer gun.
1051	05296e26-2399-4332-8462-bbca2e270bd8	One Shot Bridge	Rice Aguilar	2019	y8.com	https://www.y8.com/games/one_shot_bridge	gameplay			Platformer; Adventure; Side View; Interactive Fiction	secondary-mechanic-tag		Interactive Fiction			4.1886	q193	Routine Builder	0.1095	Help our protagonist make it across the bridge safely by clicking the buttons that are available to you. Hover your mouse pointer to see the choices. Choosing the right choice will advance the protagonist to the goal however choosing the wrong choice will start the protagonist back to the menu for you only have one shot...
1052	35d0da91-307c-461a-b9b8-a1daa69fd791	Flash Sponge Maker	MixedMilkChOcOlate 	2009	deviantart.com	https://www.deviantart.com/mixedmilkchocolate/art/Flash-Sponge-Maker-135652352	gameplay			Creative; Interactive; Object Creator	secondary-mechanic-tag		Object Creator			4.1879	q189	Inheritance	0.0803	"(Flash Player 10 is required) Omg flash sponge maker is out ! And you can make you own sponge with a flash tools :excited: HOw to use the right ! - FREE sponge avatar for DA :dummy: - You can submit 'sponges' on your Deviantart gallery with credit to me and link to this application :aww: Now you don't need my help :happycry: Example : EDIT, you need to add "".png"" when you download the file to get the good format You can Make animation if you donwload some sponge to make an avatar with many sponges ------------------------------ UPDATE --------------------------------- - Color chooser added ! - Button back added ! :happycry: Other maker things"
1053	ba237531-46a8-49f3-9e76-6b7e6726bbaa	Flash Fighting Ninja Game	NewYorkKid618	2007	deviantart.com	https://www.deviantart.com/newyorkkid618/art/Flash-Fighting-Ninja-Game-58800607	gameplay			Platformer; Action; Fighting; Ninja; Sandbox	secondary-mechanic-tag		Sandbox			4.185	q193	Routine Builder	0.0637	Space: Slice Tab: Lightning Strike Control: Floating Sword Technique Backspace: Earth Strike Enter: Super Punch Shift: Laser Left: Go Left Right: Go Right Left Button: Regenerates Ninja Right Button: Regenerates Floating Enemy You can't die!!! This took all day to make, i had to help what so ever except for the button I got from kuirpa.com I made all the graphics and script and it was rly rly rly hard. I usally use tutorials but nope not with this one ^.^ CREDTIZ: Made by: Me Programmer by: Me Thought up by: Me Producer: Me Sounds and Music from: Flashkit.com Special Thanks to: Nol888 for testing the game out for me. Kuirpa.com for button of regeneration V.1 I wanna know if it's too boring, 
1054	6fc06595-a536-4c84-b8fe-90c67e776869	Create Your own Tower Defense 3	Fun Flow Studios	2010	kongregate.com	https://www.kongregate.com/games/funflowstudios/create-your-own-td-3	gameplay			Strategy; Tower Defense; Level Editor; Top-Down	secondary-mechanic-tag		Level Editor			4.1836	f036	Desktop Tower Defense	0.0722	Make your very own tower defense game!!! Create your Own TD 3 is a fun tower defence game creator, it gives you the chance to create your own TD maps and easily customise almost everything in your game. Once you have created a map you’ll be able to submit to the TD portal and even download the swf file of your TD!!! If it’s really good it can even get featured on the front page of the TD portal!
1055	1896b3b9-427b-4768-92ca-63ef129eb9fc	Escape From Andromeda	adit	2013	adit.itch.io	https://adit.itch.io/escape-from-andromeda	gameplay			Puzzle; Physics; Sokoban	secondary-mechanic-tag		Sokoban; Physics			4.1823	g058	Solder	0.1081	Use the arrow keys to move around and collect the gold blocks. Blast obstacles out of your way with bomb crates. And void the monsters!
1056	f7f96f8b-0e31-47a5-b7df-cbad37cd5475	Spite Cannon	CuriousGaming; Tomf; Xarrion	2010	addictinggames.com	https://www.addictinggames.com/shooting/spite-cannon	gameplay			Physics; Artillery; Level Editor	secondary-mechanic-tag		Level Editor; Physics			4.1796	q073	Phase Change	0.0664	It seems these blocks don't like being shot with a cannon. Tough nuts! Blast away, reducing blocks to dust, and buying awesome upgrades along the way! INSTRUCTIONS mouse controls
1057	199299b5-85f6-4d17-8944-6012c6ba8d1d	Crates 3D	EDesign.uk		kiddonet.com	http://www.kiddonet.com/kiddonet/3dcrates/3dcrates.swf (via Wayback Machine)	gameplay			Puzzle; Sokoban; Pre-rendered 3D	secondary-mechanic-tag		Sokoban			4.1754	g011	Slick	0.0777	Help Walter tidy up the warehouse by moving the crates to the red areas marked on the floor. Use the arrow keys to move Walter, and use the number keys to select your level. Use the option games to choose from different levels of difficulty and views of the playing area. But, be careful - Walter can only PUSH - he can't pull. And don't get stuck against the wall! Good luck!
1058	9f31c3da-672b-400b-924f-e959fa00d2d9	Maze Machine	Max Stein	2007	kongregate.com	https://www.kongregate.com/games/AgafInc/maze-machine	gameplay			Puzzle; Creative; Maze; Drawing	secondary-mechanic-tag		Drawing			4.1704	f031	Wake Up the Box	0.0813	Note : Draw your maze and place your flag before you begin moving your character for best results. And remember you can scroll the background using the a, w, s ,d keys! In this impressive little web toy you have to draw your own maze and play through it, with limitless options and possibilities, including hexadecimal color codes, brush size options and more.
1059	990aa208-de66-44b5-9d33-c26cec6cebfd	Draw Lines And Curves With Undo	Trevor McCauley		senocular.com	https://www.senocular.com/flash/source/?entry=645	gameplay			Creative; Drawing	secondary-mechanic-tag		Drawing			4.1675	q102	Walking Room	0.0597	This begins as a simple drawing pad that allows you to draw simple shapes using the Flash drawing API by clicking the mouse at different positions on the screen. Complexity is added in allowing curves to be added when you click and drag at a location on the screen. On top of that, SHIFT+Z will undo, erasing the last point you drew. Holding CTRL when clicking bypasses a line being drawn and lets you reposition the start of a line (the crosshairs). If within the Flash authoring environment, pressing X will show you the code that could be used to draw the shape on the screen.
1060	30f4f96e-eb46-473b-9d93-b771b01ffdbe	Mooo Twooo! Genetically Enhanced	Andromedus Software	2011	gimme5games.com	http://www.gimme5games.com/playgame/1128	gameplay			Puzzle; Physics; Level Editor; Bovine	secondary-mechanic-tag		Level Editor; Physics			4.1659	f031	Wake Up the Box	0.0376	'MOOO TWOOO, Genetically Enhanced' is the sequel to Mooo, the hugely popular roll the cow to the milk game full of farmyard physics fun!
1061	213a0362-a849-4408-ac0f-6bf5c6224321	Tut's Quest	Pharaoh Games	2010	kongregate.com	https://www.kongregate.com/games/BettoABS/tuts-quest?acomplete=tut	gameplay			Puzzle; Logic; Sliding; Ancient Egypt	secondary-mechanic-tag		Sliding			4.1564	q124	Counter-Predator	0.0697	Test your mind and make your way into the pyramid, in this original image based puzzle. Be one of the few that were able to complete Tutankhamun’s Instructions: Use the pins to swap the blocks in order to put the picture together. Play through 21 different levels and try to complete 8 different achievements. The higher you go into the pyramid, bigger is the amount of blocks you will have to put together.
1062	661a7f72-5005-4c2c-adba-12d84c892f44	Stick Strike	Brock White	2006	stickpage.com	http://www.stickpage.com/stickstrikeplay.shtml	gameplay			Shooter; Action; Level Editor; Stick; Top-Down; Auto-zipped	secondary-mechanic-tag		Level Editor			4.1547	g014	Long Shadow	0.0466	Stickpage brings you Stick Strike, the Counter Strike style game! Play deathmatch, capture the flag, create maps or play maps uploaded by others. 6 guns, grenades, mines, endless maps, what more could you ask for in a internet game?
1063	7ee11549-aee0-41b9-a5ca-74d7f139b936	Ragdoll Savior	bboynew	2008	web.archive.org	https://web.archive.org/web/20220614195923/http://www.playragdollgames.com/game/ragdoll-savior.html	gameplay			Dodge; Ragdoll	secondary-mechanic-tag		Ragdoll			4.1528	g002	Bloom Order	0.072	Ragdoll Savior is here! use your mouse or arrow keys to guide the ragdoll through the maze with out getting hurt, Compete for the highest score or you can go to free mode for a free beat em up stress reliver! | | | | | This project took a really really long time considering i made the full game and then had it sponsored and had it touched up so it took just about a few months, i almost forgot about it but now its ready to be posted, hope you like it enjoy :)
1064	d70a7f77-c05e-42ef-abbd-a064b941de3b	Jump, Goober, Jump!!	flashegames	2012	kongregate.com	https://www.kongregate.com/games/flashegames/jump-goober-jump	gameplay			Platformer; Level Editor; Side View; Time-Attack	secondary-mechanic-tag		Level Editor			4.1513	q164	Stop Test	0.0913	When we say jump, we really mean it! Guide Goober through 30+ levels of non-stop platforming action! But the fun doesn’t just stop there: try the online level database where you can create and share levels with players from throughout the world! Move Left: Left Arrow/A Move Right: Right Arrow/D Jump: Up Arrow/W/Space Pause: Esc Mute: F1 Navigate Menu: Mouse or Arrow Keys
1065	71081ff2-f114-4492-859a-649f00fa393f	Blobit Push			bubblebox.com	www.bubblebox.com	gameplay			Puzzle; Sokoban	secondary-mechanic-tag		Sokoban			4.1505	g035	Dress Code	0.0834	You've crashed your plane into an asteroid and your entire cargo of boxed baby Blobbits is lost. Luckily the crates are quite sturdy, so they should have survived the impact. Go find you precious cargo so you can get of this dull piece of rock and deliver the babies, but watch out for the evil Vernimbs. Instructions: Push the boxes on top of the portals. Don't get stuck and don't touch the Vernimbs. Use the arrow keys to move around. Press R to reset.
1066	00f048ac-2c06-47d8-810c-5ac5f8f76b8f	Pimp My Monster Truck			cartitans.com	http://www.cartitans.com/game/pimp-my-monster-truck/	gameplay			Creative; Object Creator	secondary-mechanic-tag		Object Creator			4.1492	q167	Probe or Act	0.0688	Once you're done tuning the car, please use Print Screen and save your picture in a graphics editor (ie. Photoshop, Paint). Save the file at a minimum of 300 pixels in width. Once you have the file, please email it to us here: cartitans [at] yahoo . com I have a big tip for you: Sign in on this sport games site and rate all the game and you will get the best achivments. This site has the best rock climbing games ever! You will feel that it gets a bit boring, to play the same tuning game again and again so that's why you shoud try another car game called Trucksformers. The game has 3 trucks in it and you can switch between them any time you want. Check out this cool Monster Truck game, and if
1067	0a3b58b3-3431-4420-92ba-d321c36512fc	Frozen Yogurt		2012	dressupwho.com	https://www.dressupwho.com/games/frozen-yogurt/	gameplay			Object Creator	secondary-mechanic-tag		Object Creator			4.1467	q120	Hidden Policy Handoff	0.0702	"Let's imagine this: you are a super talented pastry cook, you have some amazing dessert decoration skills and the most important thing, you have many, many sweet treats at your disposal...in a word everything you need to make any fantasy dessert come true! Now get the ""Frozen Yogurt"" dessert decoration game started, show off your decoration skills and create the ultimate frozen yogurt dessert! First of all, choose the support in which you will place the delicious dessert, then add some bits of colors to your fantasy dessert and after that feel free to cover it up with delicious icing, ice-cream of your choice and creamy whipped cream. Continue the frozen yogurt decoration game with the selec"
1068	d5877c25-224a-4417-9c3b-053a7138dcaf	Chronicle Bulletin Episode 4: Blood Thirsty	08jackt	2016	y8.com	https://www.y8.com/games/chronicle_bulletin_4	gameplay			Adventure; Visual Novel; Interactive Fiction	secondary-mechanic-tag		Interactive Fiction			4.1442	q166	Checkpoint Choice	0.0552	This is the fourth episode of a 6 part series called Chronicle Bulletin! It's a series about ghosts, aliens, conspiracies and other weird stuff!In this episode, Atom, Una and Sora are approached by a mysterious figure requesting their help. After putting together some clues and information, they realise an underground society of vampires has been building up in their school.
1069	6c8cf970-b533-4d76-be13-4568efe521dd	iPad Repair			dressupwho.com	https://www.dressupwho.com/games/ipad-repair/	gameplay			Simulation; Object Creator; Cleaning	secondary-mechanic-tag		Object Creator			4.1412	q065	Asymmetric Twins	0.0801	Oh my God! I’ve managed to broke my iPad and unfortunately I can’t afford to buy a new one… can you girls help me out? It needs a new screen and also a clean up but I’m sure with a few step-by-step instructions you ladies will manage to have it brand-new in the shortest time possible. So first of all, remove all the screws and the small accessories which can be removed and start looking around to see where the problem is. Once you’re done, make sure to put everything back together, to clean up the gadget and then you can decorate it as you with. Good luck and have a great time, ladies!
1070	9992f05d-0de3-4adb-bba4-c094339e69e6	Puzzle Boy	Blawars	2008	kongregate.com	https://www.kongregate.com/games/Blawars/puzzle-boy?acomplete=puzzle+boy	gameplay			Puzzle; Sokoban	secondary-mechanic-tag		Sokoban			4.1394	g011	Slick	0.0982	Puzzle Boy Flash is a remake of the games Puzzle Boy and Kwirk. The path to the exit is blocked by boxes, holes and spinning doors. Boxes can be pushed aside or into holes to make them traversable and there are different types of spinning doors. In some levels, it is also possible (and necessary) to control several different characters to help the main character get to the exit. As the game progresses, levels get larger and more complicated.
1071	1e584374-bb16-4b5a-88b4-3c2e855635b7	Docker Sokoban	LogicKing.com	2010	files6.sector.sk	files6.sector.sk	gameplay			Puzzle; Sokoban; Top-Down	secondary-mechanic-tag		Sokoban			4.1382	q156	Bridge Logic	0.0686	Docker Sokoban will test your thinking skills and entertain you with increasingly complex tests of logic. Drive your forklift to move the cargo to the right places without blocking yourself off. Featuring several original innovations and high quality animated graphics, Docker Sokoban delivers you and your children many hours of brain-bursting fun!
1072	4f0ed5fc-2bb4-48c7-8826-3a27c476f36c	Vibrating World	Joan; Ren		y8.com	https://www.y8.com/games/vibrating_world	gameplay			Adventure; Physics; Horror; Pixel; Choose Your Own Adventure	secondary-mechanic-tag		Choose Your Own Adventure; Physics			4.1375	q120	Hidden Policy Handoff	0.1029	Player monitors her state, decide the action and reads the outcome. Hopefully learning from the experience.
1073	3314d81f-dec8-47eb-8214-2341ad436d89	Draw Basic Shapes	Trevor McCauley		senocular.com	https://www.senocular.com/flash/source/?entry=646	gameplay			Creative; Drawing	secondary-mechanic-tag		Drawing			4.1262	q071	Season Shift	0.0755	This drawing tool lets you draw lines, curves, squares and circles. Use the arrow buttons at the bottom of the screen or the arrow keys on your keyboard to change tools. Once a tool is selected, click and drag to draw the respective shape. Holding CTRL when clicking for a square or circle will draw that shape from its center. Using SHIFT while drawing any shape will give it a regular shape, i.e. a the circle tool will only draw circles and not ovals and the square tool will only draw squares and not rectangles when using SHIFT.
1074	b5aaac8c-6b72-4d31-86c1-d56ade386397	The Serum Aftermath			maxgames.com	MaxGames.com	gameplay			Shooter; Action; Level Editor; Side View; Zombie; Auto-zipped	secondary-mechanic-tag		Level Editor			4.1237	q164	Stop Test	0.0723	Trapped in the midst of a zombie apocalypse, you're low on gas but fully armed and ready to bring on the destruction! Will you survive? Packed with a custom map generator, you'll never want to stop the zombie killings!
1075	71b26b3b-880d-4fe9-9f22-de4e8d41ff78	APH Mochi Maker 2	Deidara-Hedeki; CookieHedeki	2011	deviantart.com	https://www.deviantart.com/deidara-hedeki/art/APH-Mochi-Maker-2-273264633	gameplay			Creative; Dress Up; Object Creator; Character Creator	secondary-mechanic-tag		Object Creator			4.1231	q189	Inheritance	0.0571	:star: READ PLZ :star: Holy sheep it's big O.O Alright~ Here it is! The second version of my Mochi Maker >///// _> Added 20+ character and stuffs~ Also, you can make your own random mochi now 8D Oh and please if you found any glitches, tell me! I will try to fix it if I can! QuQ and I hope those buttons didn't confusing you TTwTT aand.. you can drag some stuff, like the mouth or the glass or etc x'D #shot Any questions? jusk ask! :D but no flame oke? I didn't do anything wrong (?) #brick'd I'll try to update moar stuff soon X3 :star: Edit :star: Added Russia's nose because I forgot to put it in the first place, lol XDDD I (really) hope you like it!! Tools : Mouse, Adobe Flash Cs3 Mochitalia 
1076	871ab06e-287a-48bf-952b-7702ec4981c8	Chronicle Bulletin Episode 5: Ouija Board	08jackt	2016	y8.com	https://www.y8.com/games/chronicle_bulletin_5	gameplay			Adventure; Visual Novel; Interactive Fiction	secondary-mechanic-tag		Interactive Fiction			4.1225	q166	Checkpoint Choice	0.0536	This is the fifth episode of a 6 part series called Chronicle Bulletin! It's a series about ghosts, aliens, conspiracies and other weird stuff! In this second last episode, Atom, Una and Sora start to realise how their misadventures in the past few weeks are connected. After attempting to contact a desperate spirit, they come face to face with their main foe.
1077	c8e47c4c-880c-4ea0-b5b7-642994200d88	Bacteria Simulator	TehCybernerd	2011	kongregate.com	https://www.kongregate.com/games/tehcybernerd/bacteria-simulator	gameplay			Toy; Sandbox; Auto-zipped	secondary-mechanic-tag		Sandbox			4.1197	q088	Mask Debt	0.0578	Explore the dynamics of bacterial growth in a sandbox fashion! This is some old thing I made which I recently decided to revive. It's really not a game with an objective, but it is interactive, so I thought I'd submit it. Also, please don't tell me I fail biology forever. I know it's not accurate.
1078	37bf624b-3d34-4c38-81df-8741f81c63b4	4FOOTBALL	CoolGames / CoolTuning	2011	cooltuning.kiev.ua	http://cooltuning.kiev.ua/GameGen.php?GameUrl=4FOOTBALL	gameplay			Sports; Experimental; Physics; Soccer	secondary-mechanic-tag		Experimental; Physics			4.1166	q032	Parity Forge	0.0981	2 teams by 2 players: Football. Control any of your players, to score the goal. Футбол 2х2. Управляй любым из своих 2х игроков.
1079	0d1a73a6-327b-4fb2-98e4-332239b3d971	SOPA/PIPA	LemmiBeans	2012	kongregate.com	https://www.kongregate.com/games/LemmiBeans/sopa-pipa	gameplay			Walking Simulator; Politics; Pixel; Heavy Themes	secondary-mechanic-tag		Walking Simulator			4.1134	q035	Momentum Bank	0.06	The Music is “I lived on the moon” by Kwoon. A responce to the blackouts yesterday. A Sort of way for me to protest. From my bed. I made it between 8am and 8pm, during the Newgrounds blackout. It isn’t very good.
1080	30a41c13-22ba-4f30-ae3c-5a56ce9c0396	Snowball	PressPlay	2008	web.archive.org	https://web.archive.org/web/20220614195901/http://www.playragdollgames.com/game/snowball.html	gameplay			Action; Score-Attack; Launch; Ragdoll	secondary-mechanic-tag		Ragdoll			4.1042	q143	Costly Preview	0.0598	Do you miss the pleasure of hurling a snowball right in the face of your brother/sister/neighbour or just a random stranger? Or do you just like harassing drunk business men? Here’s your chance to do both without the risk of retaliation or legal consequences!
1081	a58667f1-df75-44cf-a0a3-fb81de2275bc	Epic City Builder 3			qgames.org	http://www.qgames.org/game/epic-city-builder-3.html	gameplay			Simulation; Tycoon; Sandbox; Auto-zipped	secondary-mechanic-tag		Sandbox			4.1041	q115	Partial Demonstration	0.1089	Epic City Builder 3 is a new building game in which you will have to build an epic city by choosing what you wanna place where. Just follow the small tutorial at the beginning and then, start this brand new adventure. Have fun!
1082	392a5329-141f-5ae5-694f-eccda1743809	Super Sneak	qdrj	2014	kongregate.com	https://www.kongregate.com/games/qdrj/super-sneak	gameplay			Action; Stealth; Mouse-only	secondary-mechanic-tag		Stealth			4.1038	q133	Spatial Grammar	0.0573	This is the story of a guy in love. He fell in love with a girl names Sophie but she is poison. In order for her to love him she needs lots of money. So he becomes a robber. Help this guy rob banks, stores, and armored cars while avoiding being caught by the police. The more levels you beat the more super this sneak gets. Instructions Mouse to move and click to rob
1083	0cf8ac1c-713f-46f3-8ad3-8d88c84d4f62	Slouching Towards Bedlam	Daniel Ravipintol; Star C. Foster	2003	jayisgames.com	https://jayisgames.com/games/slouching-towards-bedlam/	gameplay			Adventure; Interactive Fiction	secondary-mechanic-tag		Interactive Fiction			4.1012	q115	Partial Demonstration	0.0608	In the beginning was the Word, and it was hungry. Enter a steampunk adventure set in a London that might have been. The year is 1885. Bedlam Hospital still stands in Moorsfield, a decaying shell used to house the poor and the hopeless. Steam-driven mechanical wonders roam the streets. Gear-wheeled analytical engines spin out reams of thought onto punched paper tapes. And in the darkness - in the alleys and the side shops - hide secrets.
1084	f1c728e3-8eaf-4952-8e40-42601f945356	Still	LemmiBeans	2010	kongregate.com	www.kongregate.com	gameplay			Simulation; Walking Simulator	secondary-mechanic-tag		Walking Simulator			4.0998	a125	Nested Neighborhood	0.058	So this “game” video was conceived, programmed and drawn over a 2 month period, at 3 in the morning, drunk, with head phones on, sat in the dark listening to Bon Iver. It, at heart, is a glorified music video. Infact, you’ll probably enjoy it a little more if you don’t think of it as a game at all. For optimum enjoyment, get dumped.
1085	21561a96-af1f-4691-a1a2-efa0cfcb9371	Acura Puzzle	newgamess	2016	kongregate.com	https://www.kongregate.com/games/newgamess/acura-puzzle	gameplay			Puzzle; Jigsaw; Sliding	secondary-mechanic-tag		Sliding			4.0953	q090	Lineage Garden	0.1002	Select one of the game modes before you start playing the game, is it going to be the jigsaw mode or the sliding mode? As you probably know, the goal inside these games is to put the pieces from the puzzle in their right positions to complete the puzzle at the end. If playing with limited time is simply too hard for you, you can turn it off and continue playing without the time limitation. In sliding mode you can turn on background if you need more help.
1086	deb91200-1f14-4ddc-ac61-8a807cab3dfe	Flowers for My Mom			oneonlinegames.com	http://www.oneonlinegames.com/games/flowersformom	gameplay			Creative; Object Creator; Mouse-only; Mother's Day	secondary-mechanic-tag		Object Creator			4.0935	q138	Command Composition	0.0608	Hey, it's Mother's Day girls! Haven't you already found the perfect gift for your mothers? Well, if not, don't worry! Here is a chance for you to prepare a beautiful flower bouquet for your precious ones! Come closer and create the best bouquet ever for her, and don't forget to spoil her by spending this special day because nothing beats a lovely day spent together, my little ladies! C'mon, don't make her wait too much!
1087	b483cc76-73b1-4eb2-b818-980201eb82a2	Bubblebods	Andromedus	2011	toplaying.com	http://www.toplaying.com/children-games/bubblebods-5188	gameplay			Puzzle; Physics; Level Editor	secondary-mechanic-tag		Level Editor; Physics			4.0912	q154	Reservoir Crowd	0.0802	BubbleBods of the same color should be together (touch each other). Use Arrows to move the red BubbleBod Use the mouse to remove the yellow platforms
1088	47edf94e-a53c-4ed5-8d81-19fa1b845f48	Cellar Door	Progressive Games		en.y8.com	https://en.y8.com/games/cellar_door	gameplay			Adventure; Simulation; Walking Simulator; Point and Click; Horror; Jumpscare; Auto-zipped	secondary-mechanic-tag		Walking Simulator			4.0903	q102	Walking Room	0.0716	Walk through the creepy hallways in this scary escape game. Don't get frightened as ghosts appear.
1089	876b2ac9-0caf-4bb8-8f66-60be2215760c	Chronicle Bulletin Episode 6: Zone Zero	08jackt	2016	y8.com	https://www.y8.com/games/chronicle_bulletin_6	gameplay			Adventure; Visual Novel; Interactive Fiction	secondary-mechanic-tag		Interactive Fiction			4.0897	q158	Causal Rhyme	0.0751	This is the sixth, and final, of a 6 part series called Chronicle Bulletin! It's a series about ghosts, aliens, conspiracies and other weird stuff! In this final episode, Atom, Una and Sora meet up with a young paranormal detective. After learning of a secret facility, they risk their lives to uncover answers that they desperately need.
1090	a936fcd4-fec2-4769-b4a4-a9cee3fcf2f4	Chicken House 2	kornushin.com		angry-birdsgame.com	http://www.angry-birdsgame.com/chicken-house-2.html	gameplay			Puzzle; Physics; Level Editor	secondary-mechanic-tag		Level Editor; Physics			4.0811	q095	Closure Graph	0.0814	(Description from The fun physics-based puzzle game Chicken House continues. Your objective is to get rid of all poultry birds in each level. Use your axe to break glass blocks and wooden objects in order to destroy their coops and the undeads eggs inside. Enjoy Chicken House 2. Controls: Mouse
1091	3f331a0c-5dd4-4d09-a1e9-e55bda590ca7	Printemps	KloporToups	2012	deviantart.com	https://www.deviantart.com/kloportoups/art/Printemps-291655697	gameplay			Other; Epilepsy Warning; Loop; Interactive	secondary-mechanic-tag		Loop			4.0746	q029	Fuse Map	0.0599	: ) A quickie for the exciting spring ahead, to be contined! I challenge you to find what's interactive > : D Un petit truc rapide pour marquer le printemps excitant qu'on entame. À suivre! Je vous mets au défi de trouver l'interactivité > : D
1092	de393be3-5080-4762-afd1-4973578e8c5d	Hometown Hero	Roger Booth; Eric Falk	2011	addictinggames.com	https://www.addictinggames.com/downloads/rango-hometown-hero	gameplay		Rango	Promotional; Level Editor; Creative; Sandbox; Rango	secondary-mechanic-tag		Sandbox; Level Editor			4.0706	q148	Delayed Commit	0.0699	Create your own platformy adventure game, starring Rango and his friends! Build levels, save and share them. Can your friends beat your best levels?
1093	d10d96ab-e839-4871-916e-e8f99285c95c	Love Triangle	Games2win	2010	kongregate.com	https://www.kongregate.com/games/Games2win/love-triangle	gameplay			Arcade; Timing; Stealth; Mouse-only	secondary-mechanic-tag		Stealth; Timing			4.0684	q138	Command Composition	0.0846	She got your guy. Now you get your revenge. Break them up and get him for yourself!
1094	fb72bebb-4d47-495c-8d6c-8e83be96690e	TextVenture	ST3ALTH15	2011	kongregate.com	https://www.kongregate.com/games/ST3ALTH15/textventure	gameplay			Adventure; Interactive Fiction; Game Jam; Game in Ten Days	secondary-mechanic-tag		Interactive Fiction			4.0673	q143	Costly Preview	0.0623	Instructions Press “1”,“2”,“3” depending on your choice. FUN FACT: The icon for this game is bigger than the game itself Description Welcome to textventure, a game made in one day. I made this for a contest where the game file size has to be under 10 kB.
1095	3fd23437-6b53-418f-88e0-1553b9243f29	RPG Shooter: Starwish extras	xdanond; Anonymous D. Studios	2011	kongregate.com	https://www.kongregate.com/games/xdanond/rpg-shooter-starwish-extras	gameplay			Adventure; Variety; Story-Driven; Music; Interactive Fiction	secondary-mechanic-tag		Interactive Fiction			4.0659	f008	Upgrade Complete	0.0758	-This guide contains useful extras that were unable to make it RPG Shooter: Starwish! Replay any cutscene, play any song at will, and see some artwork not in the game! All in higher encoding quality!
1096	f40c2b3c-9e31-41bb-b78a-a55309b3b09b	Falling Sands Fast	ajs11893	2011	kongregate.com	https://www.kongregate.com/games/ajs11893/falling-sands-fast	gameplay			Physics; Sandbox	secondary-mechanic-tag		Sandbox; Physics			4.064	a153	Family Resemblance	0.0839	A game based off the classic game “Hell of sand” this version introduces new features like thermite, lightning, and ice.
1097	a96f8ab6-1646-4849-9e12-a56d87b0e9df	Teleporter Twins	Tapir Games		tapirgames.com	https://www.tapirgames.com/Games/TeleporterTwins	gameplay			Puzzle; Sokoban	secondary-mechanic-tag		Sokoban			4.0633	f002	This Is The Only Level	0.0704	Description Some boxes lost their children. But don’t be worried. With the help of teleporter twins, it is not a hard work to find the lost children. Instruction Controls: Press R to reset current level. Left-Click a box to select it as the Target Box. To roll the Target Box, use either of these methods: press A-D press LEFT-RIGHT hold mouse at the left or right of the Target Box
1098	c42f73ae-1a4c-408e-b4b3-a1aa1b0e93c7	4096	Ducksters		ducksters.com	https://www.ducksters.com/games/4096_math_puzzle_game.php	gameplay			Arcade; Puzzle; Score-Attack; Sliding; Mathematics; Auto-zipped	secondary-mechanic-tag		Sliding			4.0619	q129	Decoy Learner	0.0711	4096 is a fun math puzzle game that you will find hard to stop playing. The object of the game is to reach the number 4096 by combining like numbers. You will learn about the powers of 2 by playing this game.
1099	78e90bb4-3cfb-4cd0-bcc8-39b1fda6d058	Undercover Ops			bubblebox.com	https://www.bubblebox.com/play/963/undercover-ops.htm	gameplay			Platformer; Action; Stealth; Auto-zipped	secondary-mechanic-tag		Stealth			4.0578	q143	Costly Preview	0.0773	Infiltrate deep behind enemy lines. The enemy camp is crawling with guerilla soldiers so it is important that you do the job as stealthy as possible. Use the terrain to your advantage as you sneak up to your target. Pop up right behind him to ensure a clean kill.
1100	56c712bb-2279-45fe-adfb-97826bc2323b	Countdown to Retirement		2016	practicalmoneyskills.com	http://practicalmoneyskills.com/play/countdown_to_retirement (via Wayback Machine)	gameplay			Adventure; Educational; Simulation; Choose Your Own Adventure	secondary-mechanic-tag		Choose Your Own Adventure			4.0547	q065	Asymmetric Twins	0.089	How prepared are you for retirement? Learn how saving decisions can impact your life playing Countdown to Retirement. In this virtual world you will start your first job, earn promotions and see your salary increase. You will also make housing and transportation decisions and the choices you make will impact your retirement.
1101	63a3a179-514b-49be-bb1a-e565f6171836	A Mother in Festerwood	Austin Breed	2011	flashgamesnexus.com	http://www.flashgamesnexus.com/flash-games/A-mother-in-festerwood.php	gameplay			Adventure; Simulation; Walking Simulator; Point and Click; Fantasy; Auto-zipped	secondary-mechanic-tag		Walking Simulator			4.0538	q177	Pressure Web	0.0513	Raise your children right and send them out into festerwood. Play A mother in festerwood Flash game @Flashgamesnexus
1102	e5db36bb-183c-4706-88f7-328296358447	Circles and Squares	Plus; Dimka		physicsgames.net	www.physicsgames.net	gameplay			Puzzle; Physics; Level Editor	secondary-mechanic-tag		Level Editor; Physics			4.0531	a124	Exists Exactly One	0.1151	Rotate levels to guide the blue shapes to the target area and remove the red ones from the screen. You can also adjust the size of shapes.
1103	803cbe5a-4725-49e5-8ec6-75e054c4fd55	Thanksgiving Turkey Preparation		2013	loogames.com	https://www.loogames.com/thanksgiving-turkey-preparation-4052.html	gameplay			Creative; Thanksgiving; Object Creator	secondary-mechanic-tag		Object Creator			4.0529	q057	Raft Shape	0.0745	Anna and her mother are super nervous because Thanksgiving is here and they are hosting the dinner for 10 persons. They want everything to look perfect and to taste delicious. The mother will make the turkey and Anna is in charge of everything else. She has to decorate the table, to make the vegetables and to prepare a delicious healthy lemonade. Give them you help because we heard that you are the best when it comes to decorating. Use your brilliant ideas to make this Thanksgiving the best!
1104	6e335e01-3e0f-4e53-8bb3-89a820dc2bc0	Baby Old Outfits Refashion			colordesigngames.com	http://www.colordesigngames.com/play-baby-old-outfits-refashion.html	gameplay			Creative; Dress Up; Object Creator	secondary-mechanic-tag		Object Creator			4.0519	q074	Drift Law	0.0557	Mom is organizing baby's outfits. She finds out some outfits are way too small for her baby girl because she has grown up so fast. Luckily mom is a DIY expert and she decides to refashion these outfits for her girl. Follow the instructions in game and help mom refashion some old t-shirts and pants into a cute shirt and a skirt. Reuse the fabrics and buttons to decorate the new outfits. When the refashion job is done, help baby girl try on her renewed outfits and create a new look! Have fun!
1105	321b2e4d-18b3-4a58-b34e-726625e7a211	Ragdoll Volleyball	Bedalaga	2008	kongregate.com	https://www.kongregate.com/games/bedalaga/ragdoll-volleyball	gameplay			Sports; Volleyball; Ragdoll	secondary-mechanic-tag		Ragdoll			4.0508	g029	Twinned	0.0635	Description An addictive ragdoll-physics based volleyball game. Win matches against five other ragdolls to become champion. Watch out for the pointy spike in the middle! Instructions Player 1 ‘A’, ‘W’, ‘S’, ‘D’ Keys – Move/Jump ‘R’ Key – Give Ball Player 2 Arrow Keys – Move Space Key – Give Ball
1106	7f9e3bba-93f1-49a9-af58-55fad4f8ba25	Galacticus Pig Game	yeaka	2007	deviantart.com	https://www.deviantart.com/yeaka/art/Galacticus-Pig-Game-54919024	gameplay			Adventure; Top-Down; Scavenger Hunt; Suidae	secondary-mechanic-tag		Scavenger Hunt			4.0478	f006	Multitask	0.0432	"I had time in Info Tech class, so... I made a chibi galacticus pig game. :3 (galacticus = my webcomic; galacticus.comicgenesis.com) Lame, I know. X3 ...Btw, if it for some strange reason won't work, try DA's ""download"" button - seems to help with flash games. ![^^;]( ""Sweating a little..."")"
1107	1fa3cfcd-c994-40e7-a44a-b4e48319524d	Scrolless	Ikhlas Risandy; Alif Harsan; Anoman Obong; Hanna Muthia; Wisno Sanjaya		maxgames.com	MaxGames.com	gameplay			Arcade; Platformer; Action; Score-Attack; Stealth; Auto-zipped	secondary-mechanic-tag		Stealth			4.0474	q098	Rescue Order	0.0613	Once upon a time in ancient Japan, somebody stole some of the secret ninja scroll, now ninja elder order all of his ninja disciple to steal back those scrolls.
1108	831c5841-ebf3-4927-811d-3d44f010353e	The Spline	Alexandr Ovsyannikov; Tatiana Kokoskeriya; Wanderer		hoodamath.com	www.hoodamath.com	gameplay			Puzzle; Physics; Level Editor; Auto-zipped	secondary-mechanic-tag		Level Editor; Physics			4.0423	q123	Last-Move Guard	0.0801	Move the purple dots to create a path for the large coin to collect the stars. Then click the play button.
1109	d8ef98a0-5cfe-4ab3-ad43-efbdf524baf3	Fade Image Sequence	Trevor McCauley		senocular.com	https://www.senocular.com/flash/source/?entry=709	gameplay			Loop; Interactive	secondary-mechanic-tag		Loop			4.0401	g034	Second Coat	0.0689	Here is a technique for fading a series images. Setup basically revolves around having a single movieclip that has your images for fading set as each frame of the clip. Applying the fade function to that clip with the specified parameters (pause time and fade time) will automatically generate the second clip for fading and everything needed to make the effect work.
1110	80898ebb-acd2-42ab-ae9a-c4cb283189bd	Ninja Convention	dude4k	2011	kongregate.com	https://www.kongregate.com/games/dude4k/ninja-convention	gameplay			Puzzle; Stealth; Ninja	secondary-mechanic-tag		Stealth			4.0398	q137	Shared Convention	0.0749	Instructions In this game you are not told which ninja you are. You must find yourself using any method you want then begin hunting the other player. Player1 -arrow keys to move and enter to shoot Player2 -WASD to move and space to shoot For menus -Enter to begin and skip replay at the endDescription A stealth game where two players blend into a crowd and attempt to kill each other. Note:If you would like to play this game in fullscreen you can download it here: FEB 5, 2011 7:19AM If it you see a blue screen with no text the game is loading. If you see text that says Ninja Convention in black and white the game has loaded Press Enter To Begin.
1111	a9d8839b-4acd-4133-a59a-1570280f8f39	Maze Rat	Sureksu		files.gamingcloud.com	files.gamingcloud.com	gameplay			Puzzle; Pixel; Sokoban; Top-Down	secondary-mechanic-tag		Sokoban			4.0395	a164	Bidirectional Hunt	0.0786	Mazerat is a Sokoban inspired puzzle game. The rat has to find the exit without being burned by the laser. Help him to move it until it reaches the reactor and opens the exit door. This is not gonna be easy but you can do it!
1112	dfef2d3a-de8d-4743-b1f6-65590bf95fa0	Super Ban Jude	JudeMaverick	2007	kongregate.com	www.kongregate.com	gameplay			Simulation; Walking Simulator	secondary-mechanic-tag		Walking Simulator			4.0311	q102	Walking Room	0.0555	Go to the “interactive” Kongregate and meet most of the famous users excluding developers and staff members! Control Jude and ban Greg after he stole Jude’s banana! Credits: MrcredsAlex’s awesome platinum music. It’s in NG. Go get it! Also other users (Except Nabb who I forgot to add lolz).
1113	60563a21-0d7a-41cf-8242-0a618e0ad101	Jazzy Ragdoll	Viktor Hesselbom		digyourowngrave.com	www.digyourowngrave.com	gameplay			Arcade; Dodge; Ragdoll; Auto-zipped	secondary-mechanic-tag		Ragdoll			4.0297	q089	Persistent Passenger	0.0803	Use all the arrow keys to control your jazzy ragdoll man. The green + circles are points, the yellow down circles shrink your ragdoll, the red up circles grow him, and the grey mines kill you. Get as many points as you can!
1114	561b1760-7ec4-47a7-9a69-8da83c08cd15	Happy Bopkins St Patty's Day	PsychoPop	2010	deviantart.com	https://www.deviantart.com/psychopop/art/Happy-Bopkins-St-Patty-s-Day-157539318	gameplay			Side View; Strong Language; Stealth; Blood; St. Patrick's Day	secondary-mechanic-tag		Stealth			4.0289	q156	Bridge Logic	0.0623	HAPPY BOPKINS HAPPY HAPFEST IS VERY VERY HAPPY! and/or HAPPY SAINT PATRICKS DAY! ENJOY BY READING THIS COMIC, THEN PLAYING THIS GAME, THEN READING THIS COMIC! Also: try to unlock the achievement!
1115	b2d6e9aa-f715-4197-bcf6-1bd70fbe0039	Pyroban	Blackcat; Boziedar Djordjevic; Goran Caric		jeux-internet.com	www.jeux-internet.com	gameplay			Puzzle; Sokoban; Top-Down; Ancient Egypt	secondary-mechanic-tag		Sokoban			4.0283	g014	Long Shadow	0.0709	Pyroban is excellent. It is a clone of Sokoban but with different levels and a total of 36 to play. The music, the atmosphere is Egyptian. The first levels are very easy, but I warn you, it gets complicated very quickly.
1116	041ae93e-0aa6-4d85-9cc3-5d03994d5c46	APH Flash Game : Mochi Maker	Deidara-Hedeki; CookieHedeki	2011	deviantart.com	http://www.deviantart.com/deidara-hedeki/art/APH-Flash-Game-Mochi-Maker-212686407	gameplay			Creative; Dress Up; Object Creator; Character Creator	secondary-mechanic-tag		Object Creator			4.0273	g013	Rot Garden	0.0555	:iconamericapartyhardplz: Yesterday, my dad installed again Adobe Flash in my computer!! XD tomorrow, he'll install Adobe Photoshop =w= nah, that's not important :| anyway... YAAAYY!!! THIS IS MY FIRST FINISHED FLASH GAME!!!! :iconyayamericaplz: so I hope you like it! *w* sorry, there's only Mochi!Ally + Canada here xDD i'm still practicing to make such a game like this :iconrelievedplz: but I promise, i'll make the second version... and add moar character, of course! :XD: CLICK MODEKI (Mochi Hedeki I KNOW THAT'S A FREAK NAME, STFU) TO PLAY !!! Enjoy~ :iconhappyskipplz: All done by mouse + Adobe Flash Cs3 Allied Forces + Canada (c) Hidekazu Himaruya Modeki (c) ~Deidara-Hedeki Comment pwease?
1117	ed5a8543-5a29-40ae-94fe-b62c8639a920	Rowtopia	Dream Forge Entertainment		freearcade.com	http://www.freearcade.com/Rowtopia.flash/Rowtopia.html	gameplay			Arcade; Puzzle; Matching; Sliding	secondary-mechanic-tag		Sliding			4.0254	f031	Wake Up the Box	0.098	Rowtopia is a new idea based on the old slider games where a player solves a puzzle by using an empty space to move tiles around. This game, however, adds a twist, giving you a new goal: make vertical and horizontal rows of like color and shapes to remove those tiles from the board and move on to the next level.
1118	36ddf34e-6fe7-4bb3-8e6f-bac7436f55de	UmiBot (^. .^)	Umiriko; hopfel	2017	aryion.com	https://aryion.com/g4/view/405720	gameplay			Adventure; Loop; Interactive Fiction	secondary-mechanic-tag		Loop; Interactive Fiction			4.0227	q073	Phase Change	0.0518	UmiBot - (^. .^) - (Current version V0.03 “Playful Paunch”) Please direct all error, bug and server issues here (( )) For a more mobile friendly Flash free version with just the text interaction please use UmiBot Lite (^. .^) --- UmiBot is my role-play simulating chatbot program! This chatbot is still very new and in development, training and improving it will take time as there are still countless things for it to learn and master. In time though I hope to have it able to accurately simulate a role-play with myself (^. .^) To play simply enter your name, type what you would like to say or do into the top box provided and either press enter or click “Say”. Sometimes less is more with UmiBot 
1119	f4d5a23d-75df-43e9-884b-e6e6c95bb12e	Radioactive Jack	In-Finity		flashgames.it	https://www.flashgames.it/radioactive.jack.html	gameplay			Puzzle; Pixel; Sokoban; Top-Down	secondary-mechanic-tag		Sokoban			4.0215	g011	Slick	0.0788	Help radioactive jack to deactivate all plutonium boxes in this 30 braincracking sokoban-style game levels. The next room will unlock once all the boxes are pushed on position or once you collected all needed item(s).
1120	3bb8d8c7-0cdb-4a2b-0aea-90b85ac39e0f	Spy	Jerome Goclowski / buenozair	2013	kongregate.com	https://www.kongregate.com/games/buenozair/s-p-y	gameplay			Action; Stealth; Auto-zipped	secondary-mechanic-tag		Stealth			4.0197	q081	Shell Identity	0.0959	Hidden in a plant, your spy can’t be seen if you stay still. But make one move and you’ll be busted. Make your way through all the level as fast as you can. It is the perfect game to attempt speed runs and set highscores Instructions use LEFT and RIGHT arrows to move and UP to activate elevators and switches.
1121	da0959d6-44ed-4e41-863e-7dd4af818bad	Mechanism II			comdotgame.com	www.comdotgame.com	gameplay			Puzzle; Physics; Level Editor; Auto-zipped	secondary-mechanic-tag		Level Editor; Physics			4.0184	q054	Gear Teeth	0.116	Guide the watch to the dimensional door cutting the right objects. You have a limited number of cuts.
1122	d4e40269-0fec-4573-b221-90c24eaaa4a0	A Duck Has An Adventure	Daniel Merlin Goodbrey	2013	kongregate.com	Kongregate.com	gameplay			Adventure; Choose Your Own Adventure; Avian	secondary-mechanic-tag		Choose Your Own Adventure			4.015	q093	Milestone Garden	0.0823	A Duck Has An Adventure is an unique hypercomic adventure game that challenges you to discover all the different possible lives one duck could live. From adventures on the high seas to the halls of academia and beyond, every choice you make builds a new pathway along which to explore. 16 unique endings to discover! 12 achievements to unlock! And 7 hats to collect! Yes! Hats! Wooo!
1123	d1f1ec5f-5ee5-4b71-b3a9-994f0e484758	Jail Break Rush	Spil Games		gamesgames.com	https://www.gamesgames.com/game/jailbreak-rush	gameplay			Time-Attack; Stealth; Auto-zipped	secondary-mechanic-tag		Stealth			4.0149	q045	Scout Drones	0.0642	You're innocent, man, and you've got 2 weeks to bust out before you're locked up for good. Click Next to launch the next phase of the plan. Hold down the mouse button to work, releasing before the guard catches you at it. Don't worry about the inmates, they're cool. You've got 14 days to complete the plan.
1124	e5dc5b47-38b7-400d-bc7a-ae0e2c289e28	Garfield Kart Puzzle	Car Games	2013	play-games.com	https://www.play-games.com/game/22151/garfield-kart-puzzle.html	gameplay		Garfield	Puzzle; Jigsaw; Sliding; Garfield; Auto-zipped	secondary-mechanic-tag		Sliding			4.0113	q065	Asymmetric Twins	0.0682	Your very good friends Garfield is back here on our website, where dear friends you can see that we are bringing for you a very special game in which you will have to make sure that you will manage to gain points by helping Garfield finish his new kart puzzle picture from our website. It's not going to be easy at all, because dear friends this is a new online car game with your good friend Garfield. You will have to be very careful and creative, because you will see that you will have to make sure that in this challenge, you will be able to place all the puzzles in the right spots. Garfield has prepared for you special pictures with animals and karts, and you dear friends have to solve the k
1125	44d38f47-3937-447f-b7b3-a528d46228da	Puzzle RPG User Edit Stage	Tsukucchau Ojisan / 作っちゃうおじさん	2010	hukurougame.blog.shinobi.jp	http://hukurougame.blog.shinobi.jp/Entry/12/ (via Wayback Machine)	gameplay			Puzzle; Role-Playing; Logic; Pixel; Community Content; Fantasy	secondary-mechanic-tag		Community Content			4.0111	f017	Hapland	0.0449	操作方法 アローキー：上下左右 X：リスタート カキを取るとpowerが1上がります。 カギを取った数だけ扉を開けることができます。 敵とぶつかると敵のpower-自分のpowerだけLIFEが減ります。（自分の方が強ければダメージ０） 魔王を倒せばステージクリアです。
1126	aeda88e9-68b3-48ac-9b7c-a4c27ad2087b	Woodland Adventure	Sydney Vickery	2009	snut.org	http://www.snut.org/flash/woodlandadventure.html (via Wayback Machine)	gameplay			Simulation; Walking Simulator; Role-Playing	secondary-mechanic-tag		Walking Simulator			4.0073	a062	Hysteresis House	0.075	Help Oony the raccoon gather his friends by collecting items, purchasing goods, and exploring the forest! arrow = move Z = talk to friends and pick up items X = run or cancel a purchase Space = open and close inventory
1127	d0a2cd8b-2c68-77dc-415b-e00511655776	Baku: The Dream Eater	Chris Jeffrey; Yuya Takeda; NCH 	2014	nitrome.com	http://www.nitrome.com/jam/games/bakuthedreameater	gameplay			Stealth; Game Jam; Top-Down; Nitrome Jam	secondary-mechanic-tag		Stealth			4.0059	q173	Density Drift	0.0711	Controls Z to eat dream bubbles, X to disguise yourself, ARROW Keys to move Information You play as young Baku, a dream eater. Navigate your way around a house at midnight to find dreams and try not to make too much noise and get caught!
1128	64a379f6-e79c-4a8f-a318-fc72958aad96	Ragdoll Volleyball 2012	Saratov		clickjogos.com.br	https://www.clickjogos.com.br/jogos/ragdoll-volleyball-2012	gameplay			Sports; Volleyball; Ragdoll	secondary-mechanic-tag		Ragdoll			4.0031	q130	Rhythm Rival	0.06	Participate in a bizarre volleyball tournament where your players move like ragdolls. Throw the ball to the rival side to score points in 1 or 2 player matches. Do not forget the rules of volleyball, do not touch the ball more than three times to avoid being penalized.
1129	8b354d35-f1d0-4937-9989-45511827da0f	Cubeoban	Klas Kroon		oos.moxiecode.com	http://oos.moxiecode.com/examples/cubeoban/	gameplay			Puzzle; Logic; Sokoban; Auto-zipped	secondary-mechanic-tag		Sokoban			4.0028	a118	Bottleneck Match	0.0769	Mouse to control. Another puzzle game remake. The objective is to push/pull all the blocks to their corresponding lights. Do this by clicking on the blocks and drag them in the direction you want to push them.
1130	e1201025-4d0c-429b-930a-59006446bc34	Chromentum 2 Online	Alpha72 Games	2008	alpha72.com	http://www.alpha72.com/Chromentum2Online/chromentum_2Flash.htm	gameplay			Puzzle; Sokoban	secondary-mechanic-tag		Sokoban			4.0008	g019	Slow Bell	0.0711	Original puzzle game with 324 varied levels. Controls Click on your Chromate to select it then click where you want to move to. Shoot in a straight line when the dots are red by pressing SPACE, or holding down the mouse until the Chromate hops then release. Instructions Get the correct Chromates onto the Circles to complete the levels.
1131	3b8d6add-5314-4484-b104-a8a3964862aa	Spider Stickman 3: I'm Better Than Flappy Bird	Tatay Games		gamesbutler.com	https://www.gamesbutler.com/game/19670/spider-stickman-3/	gameplay		Flappy Bird	Arcade; Score-Attack; Physics; Side View; Stick; Parody; Ragdoll; Flappy Bird; Mouse-only	secondary-mechanic-tag		Ragdoll; Physics			3.9928	q016	Blind Guide	0.0923	Swing around the flappy bird themed level. How far can you go and is this game better then flappy bird?
1132	7311413f-934f-4978-87ea-d0bf6b8b118c	Výmena vtákov	Miro Mandák	2010	members.chello.sk	http://members.chello.sk/miro.mandak/animaflash4.html/	gameplay			Puzzle; Sliding; Auto-zipped	secondary-mechanic-tag		Sliding			3.9902	q060	Clockwork Tool	0.017	Náročný hlavolam francúzskeho matematika Lucasa. V mojom spracovaní sa jedná o vzájomnú výmenu dvoch skupín vtákov. Pohyb vtáka spočíva v prelete na vedľajšie políčko alebo prelete cez vedľajšieho vtáka. Každá skupina vtákov má však svoj smer pohybu, jedna vľavo druhá vpravo, čo spôsobí problémy. Program je zábavný aj v prípade, že sa úlohu ako celok nepodarí vyriešiť.
1133	a95b415b-08ec-405c-ac4d-52885759e3af	Puzzle with my Cat Niko	Lyubomira Popova	2012	deviantart.com	https://www.deviantart.com/rirara/art/Puzzle-with-my-cat-Niko-283364771	gameplay			Puzzle; Sliding	secondary-mechanic-tag		Sliding			3.9882	f042	Spewer	0.0665	Sliding puzzle with my cat Niko. If you want similar puzzle with your photo send me a message. The image needed is 500x418 Your game won't have any branding (no links,no logo) and its free. Something else. I won't use your image for anything else and it will be deleted together with the game after I send it to you. I DONT USE OTHER PEOPLE'S ART UNLESS I HAVE PAID FOR IT. So please don't steal other people's images and work. You can learn more about my cats at [link]
1134	3f5d0103-02f8-474f-bb2b-749dbeb0b6cb	Pencil Wars 3 - Pen Wars	DIWAKAR	2014	y8.com	https://www.y8.com/games/pencil_wars_3_-_pen_wars	gameplay			Shooter; Platformer; Adventure; Action; Side View; Stick; Shoot 'Em Up; Drawing; Run 'n' Gun	secondary-mechanic-tag		Drawing			3.9829	f012	Closure	0.0543	Shoot enemies & create lines to jump on to make it over gaps & up higher in this sidescroller.
1135	a7ae805e-6656-431f-8f50-55fbe34371b7	Sneaky Thief Adventure	cartoondan.com	1999	gamesbob.com	http://www.gamesbob.com/sneakythiefadventure	gameplay			Adventure; Dungeon Crawler; Stealth; Ninja; Top-Down	secondary-mechanic-tag		Stealth			3.9807	q173	Density Drift	0.0748	Summary Defeat the Yellow Wizard and steal his treasure. How to Play Use the arrow keys to move around. Avoid enemies and spikes. Collect keys to open doors and treasure chests.
1136	c76aaa64-963f-47b2-82e1-e06d67395ed0	Stick RPG V.2	edster9	2008	deviantart.com	https://www.deviantart.com/edster9/art/Stick-RPG-V-2-105820960	gameplay			Variety; Stick; Intentionally Infuriating; Drawing	secondary-mechanic-tag		Drawing			3.9807	q123	Last-Move Guard	0.0803	Well it's here guys. And totally cheat proof. Okay, maybe you can cheat on the last part kinda. Instructions: Move with arrow keys Last Mini Game Instructions: Move with Arrow Keys, Jump with Space **IMAGE COPYRIGHT** Winter Scene Picture- Google
1137	cccb8969-b4be-4452-a027-02d5faf489c7	kolor FLASH	Mythical-Human	2009	deviantart.com	https://www.deviantart.com/mythical-human/art/kolor-FLASH-116591308	gameplay			Toy; Creative; Sandbox	secondary-mechanic-tag		Sandbox			3.9797	q065	Asymmetric Twins	0.1043	"just programming practice, =P ♥ rules: the ""wind"" can go from -150 to 150 for both x and y the alpha is the speed of dissapearance, the lowest is 3 the highest 20 there's a transparent button at the left side of the white one"
1138	46bde0a6-d820-4732-82c7-1aaeeecb186b	Kongregate Avatar Creator CONTEST	Lionga	2010	kongregate.com	https://www.kongregate.com/games/Lionga/kongregate-avatar-creator-contest	gameplay			Drawing	secondary-mechanic-tag		Drawing			3.9773	q057	Raft Shape	0.0741	HAPPY NEW YEAR Kongregate. This is the much improved Avatar Creator. Not only has it the much requested “undo last” you can now also share, rate and collaborate the avatars. Create your Avatar easy with this paint like tool with super easy export function. Share them using the Kongregate Levelsharing, save and rate them. Make the best Avatar to rank first in the best avatars. IMPORTANT: This is a Tool not a Game. Please rate it like the tool it is made for: enabling new functionality on Kongregate.
1139	ccc3093e-fc36-1016-a798-860ad3186d86	Spy 2	buenozair	2014	kongregate.com	https://www.kongregate.com/games/buenozair/spy-2	gameplay			Action; Stealth; Auto-zipped	secondary-mechanic-tag		Stealth			3.9725	f003	Achievement Unlocked	0.0878	Once again remain stealthy on every level and solve puzzles to make your way to the secret organisation. This time you will have to investigate in a secret organization and find out what is going wrong in this building Instructions In-game instructions Arrows to move, Space to Dash
1140	a25d2f28-0a24-4d98-8054-866447cbadd1	Mighty Mouse			kongregate.com	kongregate.com	gameplay			Puzzle; Jigsaw; Sliding	secondary-mechanic-tag		Sliding			3.9724	g058	Solder	0.0795	Mighty Mouse is a free online jigsaw game. Drag the pieces into right position using mouse. Multiple pieces can be selected using Ctrl and Left Click. You can choose one of four modes: easy, medium, hard and expert. But watch out on time, if it runs out you will lose! In any case you can disable the time, and play relaxed. Click Shuffle and start the game.
1141	8cc2c6ce-6be2-47c4-9f00-5b5cb1c06f23	The Doomsday Box: KGB Escape		2011	web.archive.org	https://web.archive.org/web/20150719092953/http://www.booksandgames.com/freegames/doomsday-box-kgb-escape	gameplay			Puzzle; Promotional; Sokoban; Top-Down	secondary-mechanic-tag		Sokoban			3.9683	q040	Mass Shadow	0.0664	In The Doomsday Box: A Shadow Project Adventure by Herbie Brennan, teen spy Michael is captured by the KGB. Help Michael unlock hidden doors in KGB headquarters with The Doomsday Box: KGB Escape!
1142	5f8309c5-4daf-40a6-8457-3c30d8a2207f	Climate Change Questionnaire			kcvs.ca	http://kcvs.ca/concrete/	gameplay			Adventure; Educational; Choose Your Own Adventure; Science; Mouse-only; Environmentalism	secondary-mechanic-tag		Choose Your Own Adventure			3.9676	q054	Gear Teeth	0.0471	This questionnaire asks students to make a number of life-style choices. The outcome of their choices then determine which IPCC scenario most closely fits these choices.
1143	91e2110c-5a35-47ae-8883-8ba533bd0bb2	12 Rooms No Escape	aliza007; startonlinegames.com		4gameground.ru	4gameground.ru	gameplay			Platformer; Stealth; Auto-zipped	secondary-mechanic-tag		Stealth			3.9654	q126	Copycat Trap	0.084	Underground hacker breaking into the security systems of banks, to bring them down so there is no difference between the rich and the poor. Extremely challenging stealth, puzzle platform game. Guide this underground hacker through 12 trap filled rooms of platform, puzzling fun!
1144	580a40df-82d9-4df7-a208-25834532fb1b	Presúvací hlavolam	Miro Mandák	2010	members.chello.sk	http://members.chello.sk/miro.mandak/animaflash4.html/	gameplay			Puzzle; Sliding; Auto-zipped	secondary-mechanic-tag		Sliding			3.964	q060	Clockwork Tool	0.0179	Pentamino je geometrický útvar zložený zo štvorčekov. Keď ich je veľa v ohradenej ploche vznikajú problémy pri ich presúvaní. Program generuje veľkú množstvo variácií na túto tému. Spoločná je úloha presunúť červený kríž do dolnej časti plänu. Program je pomerne originálne spracovaný aj keď základné problémy sú prevzaté od etablovaných hlavolamistov.
1145	b1e14d2f-0f29-45d8-b042-69443eec9d9e	Polkafriz	Hipster Hive	2013	bigdino.com	https://bigdino.com/play/1129/Polkafriz	gameplay			Puzzle; Sliding; Mouse-only; Arctic	secondary-mechanic-tag		Sliding			3.9609	g011	Slick	0.0848	Push some ice blocks around in this frosty puzzle game. Instructions Use the MOUSE to punch blocks and fill up the ice gaps. Think twice cause the punched block will go out of screen unless it hits into something. To complete a level, you must fulfill all ice gaps on screen.
1146	a43d86ea-a99b-417a-b350-e13a0bb4abf7	Piggy Push	Cool Math		coolmathgames.com	https://www.coolmathgames.com/0-piggy-push	gameplay			Puzzle; Sokoban; Suidae	secondary-mechanic-tag		Sokoban			3.9578	f031	Wake Up the Box	0.0925	Use the arrow keys to move the piggy around and help him move the boxes into the target squares. The piggy isn't strong enough to push two boxes at a time. Be careful to not push a box into a corner! There are 10 levels to beat. Can you do it?
1147	42165a53-ee9c-446d-86e8-597990fb8d98	Polar Slide	Max Dzitsiuk; Volodymyr Dzitsiuk		8c.com	www.8c.com	gameplay			Puzzle; Sliding; Auto-zipped	secondary-mechanic-tag		Sliding			3.9568	q173	Density Drift	0.0804	A fun puzzle game with the aim to move all marked blocks to the designated destinations. Push and crack ice cubes with your bulldozer on your way to the goal! The less moves you do � the higher score is. If you complete the level in the shortest way you get five stars. Solve all levels and unlock all achievements! OK, let's train your brain now!
1148	0a0ffc79-26cf-4204-9ec4-de47b79be378	Line Fighter	Max Stein	2008	kongregate.com	https://www.kongregate.com/games/AgafInc/line-fighter	gameplay			Creative; Side View; Drawing	secondary-mechanic-tag		Drawing			3.9562	f042	Spewer	0.0741	Make your own side scrolling adventure, you can set in traps, place monsters, and put a flag at the end. tip: Make sure you have a good amount of ground underneath before placing a rock enemy in, it will drop. Also if the game is running slowly use the Q button to lower the quality for a speed up.
1149	b5f538b6-6266-4613-8cf0-cb6c97c081e5	SpiroStudio	Polycube	2013	kongregate.com	https://www.kongregate.com/games/polycube/spirostudio	gameplay			Toy; Creative; Drawing	secondary-mechanic-tag		Drawing			3.9531	q130	Rhythm Rival	0.0635	SpiroStudio lets you design your own spirograph-style patterns. From the game updates: DEC 9, 2013 9:44AM 04 is up now. New features include a “reset all” button that restores the default settings, and an input for controlling the draw limit. changelog for v1.04 – added reset all button – added draw limit input – added draw limit saving and loading – added licensing information to about window – decreased default draw limit to 10000 – fixed jpg saving to use reverse layers – fixed smooth lines not loading – rearranged some parts of the interface – made symmetry affect keyboard increment/decrement for speeds and smoothness inputs – made randomize set the smoothness to nearest multiple of symm
1150	60d8a03d-f205-41e0-aa86-74de2db0690b	Potato - a simple flash game	Alcor-etc	2016	deviantart.com	https://www.deviantart.com/alcor-etc/art/Potato-a-simple-flash-game-609881177	gameplay			Adventure; Choose Your Own Adventure	secondary-mechanic-tag		Choose Your Own Adventure			3.9528	q191	Event Compression	0.0355	Hello there! It's so nice to meet you! I'm Potato. --- I made this game in my 2D Animation class back in 2014. :bulletorange: 1 potato :bulletorange: some choices :bulletorange: 6 endings :bulletorange: a few minutes of playtime, maybe :bulletorange: graphics drawn with a mouse :bulletorange: simple animations :bulletorange: no sound whatsoever :bulletorange: free-to-play! Please let me know your thoughts! --- This Game (c) Me
1151	b149899c-fc27-4e6f-8fb2-1c6c66d4d98e	Departing of the Sensory	Jesse Abram	2013	kongregate.com	https://www.kongregate.com/games/xyroclast/departing-of-the-sensory	gameplay			Adventure; Flixel; Choose Your Own Adventure; Ludum Dare; Game Jam	secondary-mechanic-tag		Choose Your Own Adventure			3.9412	q108	Camera Relative	0.0574	My entry for the Ludum Dare 26 competition Theme: Minimalism It was made within a 48 hour period. Let me know what you think! I hope you’ll get some enjoyment out of it! All controls are presented in-game
1152	cb2d205f-f809-416f-a9fc-64f8f7e36e07	Mysterious Dungeon	Mijael Bueno	2005	flashportal.com	http://www.flashportal.com/games/mysterious_dungeon.html	gameplay			Puzzle; Sokoban	secondary-mechanic-tag		Sokoban			3.9378	a047	Two-Phase Move	0.0731	Well, first of all. Try to think your moves. If a Key Doesnt Apper that means that Key is Under a Brown Box or Under a Locked door that you need to open Or Move. Author's comments: If you dont find the Buttons Then they are under a locked Door.If you made a bad Move then retry. Thanks You Guys.^^
1153	e5e2c8db-e0e3-4de3-b690-49047616d855	Pink Panther Racing Puzzle			games-kids.com	games-kids.com	gameplay		Pink Panther	Puzzle; Jigsaw; Sliding; Pink Panther	secondary-mechanic-tag		Sliding			3.9358	a088	Foundation Shift	0.0626	Good morning to all our dearest friends and fans, we really hope that you're as excited as we are about all these great new games we've just uploaded specially for you on our site games-kids.cm, because our team has secretly prepared for you all these great new games in which you are expected to have lots of fun. We should move on with today's fun activities and preparations, as we have arrived at a very funny game, one with the Pink Panther, a really cute and renowned character among you kids. Let's play together this next game with Pink Panther, one called Pink Panther Racing Puzzle, since we are quite certain that you'll have the best time of your life if you choose to play it, by simply 
1154	c10df4e1-3d22-4d3f-95e6-898027d5a29c	A Boy and His Shadow	James Brownlee	2014	j-brownlee.itch.io	https://j-brownlee.itch.io/a-boy-and-his-shadow	gameplay			Puzzle; Flixel; Stealth; Game Jam; Top-Down; TOJam	secondary-mechanic-tag		Stealth			3.9358	q173	Density Drift	0.0674	Play as a shadow trying to rescue the boy he belongs to. Take control of security officers and dogs to get through the dungeon.
1155	15f42a31-6e48-4656-b28d-2f04d2345e03	Inflatable Basterds	Martijn Kunst	2015	notdoppler.com	http://www.notdoppler.com/inflatable.php	gameplay			Variety; Shooting Gallery; Launch; Stealth; Mouse-only; Bounce	secondary-mechanic-tag		Stealth			3.9319	q045	Scout Drones	0.0673	You've been suspended from school for being annoying. Find ways to annoy your former classmates (and teacher) even more. (15+)
1156	f0664862-d286-4987-883e-49eb12cdb82a	Water Ragdoll 2	Veclock	2011	y8.com	https://www.y8.com/games/water_ragdoll_2	gameplay			Toy; Stick; Ragdoll; Auto-zipped	secondary-mechanic-tag		Ragdoll			3.9314	f027	Civiballs	0.0524	Play around with a ragdoll inside a room full of water! Create object and throw around, connect with ropes and have fun! This version includes a living ragdoll, bombs and black holes!
1157	fc6ceca6-f514-4062-938f-abc0fdf1d280	PUSH3M	Ozzie Mercado	2012	jayisgames.com	https://jayisgames.com/games/push3m/	gameplay			Puzzle; Sokoban	secondary-mechanic-tag		Sokoban			3.9311	q029	Fuse Map	0.0687	Developer Ozzie Mercado is on quite the roll with his simple idea puzzle games. His latest is a cool little sokoban-variant named Push3m, that shows that squares can still be hip. It takes a bit for the challenge to get going, but for the most part, it is a short, sweet, and very clever game.
1158	2b0f1bf8-a002-4101-a31d-e9105c6d116e	Free Rider 2	Pete	2008	onemorelevel.com	http://www.onemorelevel.com/game/free_rider_2	gameplay			Sandbox; Cycling	secondary-mechanic-tag		Sandbox			3.924	a153	Family Resemblance	0.066	The sequel to Free Rider, a game which allows you to create and share tracks. New features include multiple vehicles, power-ups, tricks, scenery and improved physics. Create your own track and play it with a variety of vehicles. Line Rider meets Dirt Bike.
1159	18cee205-322f-486f-97e0-b7b714c6644c	BoxIt 2	Digiment		jeux-internet.com	www.jeux-internet.com	gameplay			Puzzle; Sokoban; Top-Down	secondary-mechanic-tag		Sokoban			3.9239	g014	Long Shadow	0.0796	Do you like Sokoban? Yes? Then you're going to love Boxit 2. These are 100 levels of crates to push and store in the right place. The quality of achievement is really above average, so don't deprive yourself and play this game.
1160	63dfe343-2385-4b79-8de4-c8ed48a8db85	"Samuela Loyda ""15"""	Miro Mandák		members.chello.sk	http://members.chello.sk/miro.mandak/animaflash4.html/	gameplay			Puzzle; Sliding; Auto-zipped	secondary-mechanic-tag		Sliding			3.9149	g004	Seam	0.018	Moje spracovanie klasickej úlohy geniálneho amerického hlavolamistu Samuela Loyda. V krabicke 4x4 je 15 očíslovaných kocočiek v poprehadzovanom poradí. Presúvaním ich treba usporiadať. Moje spracovanie okrem príjemnej grafiky umožňuje nastavovať veľkosti plánu a ihneď vidieť, či je náhodne generovaná úloha riešiteľná.
1161	2d807c4b-ee69-4ef1-b2d5-3ce7b9612eab	Operation Hurt	Finaluzi; Kevin Macleod		stickpage.com	http://www.stickpage.com/operation-hurtplay.shtml	gameplay			Stick; Ragdoll; Mild Violence	secondary-mechanic-tag		Ragdoll			3.9142	q170	Commit Threshold	0.0852	Have you ever wondered how much damage you could inflict on a stick figure by driving a truck into it or crushing it between two grinders? Now you can find out! Set up each stage using the sliders at the bottom of the screen.
1162	c66688f5-32cd-4aca-b107-9844fa959612	Flash Paint 2.0	MixedMilkChOcOlate	2009	deviantart.com	https://www.deviantart.com/mixedmilkchocolate/art/Flash-Paint-2-0-112880017	gameplay			Creative; Drawing; Mouse-only	secondary-mechanic-tag		Drawing			3.9107	q101	Carousel Coordinates	0.0449	Tool : - PEN (1.0) - RUBBER (1.0) - PAINT BUCK (2.0) - CLEAR TOOL (2.0) Property : - ALPHA - THICKNESS - 4 COULOURS (BLUE, RED, YELLOW, BLACK) SPECIAL : - MOVE THE PALETTE CORRECTION : - DRAWING OUT OF THE LAYER (2.0) I hope you will enjoy this little flash application :)
1163	b94a7107-2b5d-48ae-8e17-4b72a11d21ed	Stadium Sneakout!	Mousebreaker	2009	games.co.uk	games.co.uk	gameplay			Puzzle; Stealth; Auto-zipped	secondary-mechanic-tag		Stealth			3.9105	q029	Fuse Map	0.0907	You lost a crucial game for the team, and no one gets angry like the manger... and the sports fans! How to play Stadium Sneakout: Arrows = Move Get where you need to go, but be sure to stay out of everyone's line of sight, or they'll tear you apart!
1164	26973307-5f11-49b7-b43a-cf6fd83ed2df	Doodle Your Mathbook	New Primary Maths		y8.com	https://www.y8.com/games/doodle_your_mathbook	gameplay			Mathematics; Creative; Drawing; Mouse-only	secondary-mechanic-tag		Drawing			3.8996	q193	Routine Builder	0.0656	Doodling is really fun, right? In this game, you can doodle this math book using these pretty colors. You can draw anything you like but make sure to answer the questions given in the textbook, okay? Have fun!
1165	4e10344d-223d-469c-b27a-57b3ce7084dd	Falling Obama			obamagamesonline.com	www.obamagamesonline.com/play/falling-obama/	gameplay			Toy; Politics; Ragdoll	secondary-mechanic-tag		Ragdoll			3.8984	q134	Relay Syntax	0.0681	There sure is a lot of change going on � so much that even Obama can't handle it all. Watch as he falls through his own historic icons. Click on Obama to carry or throw him across the screen; or, simply watch him fall!
1166	165a49e7-999c-452f-a318-8051caec228f	E-Motion	Stefan Keiss / memphys.sk; Kupreev Jaroslav / Jroslav.K	2009	notdoppler.com	http://www.notdoppler.com/e-motion.php	gameplay			Puzzle; Physics; Level Editor	secondary-mechanic-tag		Level Editor; Physics			3.8984	q129	Decoy Learner	0.1066	Guide the shiny object to the shiny platform in each level by removing or manipulating other objects.
1167	59ae31a9-f944-4808-ada8-140b772895fa	Draw Your Own Cartoon Character!	Phil Turk	2006	y8.com	https://www.y8.com/games/draw_your_cartoon_character	gameplay			Toy; Drawing; Auto-zipped	secondary-mechanic-tag		Drawing			3.8921	f031	Wake Up the Box	0.1143	This is a very cool one. You will be drawing your own character with its body parts. Just click first the box with the part name and draw the part. You may choose from some cool colors and if you're finished, you can click animate and watch him dance. Very cool.
1168	c46eb227-5297-499a-b4ac-7991415fe8e1	Draw-A-Game	Timon Peters	2007	addictinggames.com	https://www.addictinggames.com/action/draw-a-game	gameplay			Platformer; Score-Attack; Dodge; Drawing; Auto-zipped	secondary-mechanic-tag		Drawing			3.8898	f033	Light-Bot	0.078	Help your miner-like friend get coins, and avoid the mine. Reach amazing heights and get rich. INSTRUCTIONS arrow keys to move Mouse click and drag to draw lines
1169	55959dfe-152f-4757-ba2b-f4fef192c66a	smiley pet	flashzonHZ	2008	kongregate.com	https://www.kongregate.com/games/flashzonHZ/smiley-pet	gameplay			Arcade; Drawing; Mouse-only	secondary-mechanic-tag		Drawing			3.8844	g058	Solder	0.0657	adopt you’re own smiley and feed him or stab him Instructions draw the floor for your smiley then press go arrow keys to move him and drag the bottle or spike to gain/lose money warning reset will also reset you’re money i am trying to deal with this problem
1170	4e6326f7-7ab5-4291-807f-a1f8651ca684	Elefun & Friends Game			hasbro.com	http://www.hasbro.com/common/assets/Flash/Games/dad261551c4311ddbd0b0800200c9a66/0527ef6919b9f369d9a54ad092757cd2/D849F65C19B9F36910010F5910DF6D7E.swf	gameplay			Adventure; Mouse-only; Hidden Objects; Scavenger Hunt	secondary-mechanic-tag		Scavenger Hunt			3.8768	a070	Exposure Window	0.0703	Help your friends find what they're looking for in this fun Hide-and-Seek style Elefun & Friends game!
1171	b69f5a92-6c18-479a-a8d7-2e26d86e5246	Drawing Machine 2	kennedyshu	2010	kongregate.com	https://www.kongregate.com/games/kennedyshu/drawing-machine-2	gameplay			Creative; Drawing; Incomplete	secondary-mechanic-tag		Drawing			3.8747	q191	Event Compression	0.074	The newer version to drawing machine 1 added: -filters -randomizer -stick length adjust -and resetting sorry if you guys waited for too long,I was busy with other projects and did this in a few minutes. these updates will come soon: -data save -autodraw
1172	398a24a7-6e4e-4f40-b9cd-caf06e02d23d	Nudge	Atomic Cicada Studios		candystand.com	Candystand.com	gameplay			Puzzle; Sokoban	secondary-mechanic-tag		Sokoban			3.8734	a055	Perishable Queue	0.0778	Help guide Nudge and his Balloons through 40 fun and complex puzzle mazes. But be careful, the Balloons are fragile, the puzzle walls change with Nudge's every move, and there are Baddies lurking in the maze waiting to hurt Nudge and Pop his precious Balloons!!
1173	95701b5d-3777-416d-b891-3d48b6b81575	Mine Solver			cuteflashgames.com	http://www.cuteflashgames.com/game/mine_solver.html	gameplay			Puzzle; Logic; Sokoban	secondary-mechanic-tag		Sokoban			3.8732	a190	Majority Decode	0.0797	Help the little mine worker to push all the jewels on the glowing (correct) spots to solve each level! The game comes with 25 levels and a easy-go skip function when you are stuck and dont want a headache.
1174	3adc179c-5554-4693-bc99-215a618f5207	Slide Roadway: Kongregate Version	Me Pixa	2008	kongregate.com	https://www.kongregate.com/games/mepixa/slide-roadway-kongregate-version	gameplay			Arcade; Puzzle; Score-Attack; Sliding	secondary-mechanic-tag		Sliding			3.8698	f031	Wake Up the Box	0.1062	In Slide Roadway your car is running on a puzzle. You need to move the puzzle pieces to make the car find the goal! The game contains more than 41 levels and extra ending points! Kongregation Version Plus: Same game, new Puzzles!
1175	9a279d70-ce38-4382-947a-09e6d3cc6b3a	An Average-Day Adventure At School	N0RM; double_slash	2006	stickpage.com	http://www.stickpage.com/averagedayadventureplay.shtml	gameplay			Adventure; Point and Click; Choose Your Own Adventure; Stick; Auto-zipped	secondary-mechanic-tag		Choose Your Own Adventure			3.8678	q032	Parity Forge	0.061	You're a student at a private school and getting ready for another normal day of math class, having reached the door of your classroom however... DUN DUN DUN... the fun begins!
1176	93428307-5cb0-45e7-b4e9-429ee5b2af81	Gunslingers Gold: The Duke of Cutted Rock Episode 1	Foofa Studios	2008	maxgames.com	MaxGames.com	gameplay			Shooter; Action; Western; Stealth; Auto-zipped	secondary-mechanic-tag		Stealth			3.8661	f042	Spewer	0.0698	Play as Joe Southwood the bounty hunter, Use explosives and a variety of weapons to kill the enemy before they kill you. While the enemies cone of view is green they don't know you're around, but when its red either stand and fight or run for your life! Also Check out the Game Guide:
1177	1ea1bb05-dcaf-41e1-8abe-31e053326a42	Cursor Attack 4	Paul Hogg; Ewan Hogg; Spoofy; Max Stein; Ash & Jim	2008	bgames.com	https://www.bgames.com/game/cursor-attack-4/	gameplay		Pac-Man	Shooter; Puzzle; Variety; Score-Attack; Pac-Man; Timing; Logic; Sliding; Maze; Side View; Dodge; Memory; Shoot 'Em Up; Time-Attack; Intentionally Infuriating; Blood; Mild Violence; Bullet Hell; Auto-zipped	secondary-mechanic-tag		Sliding; Timing			3.8564	f006	Multitask	0.0417	Being a cursor ain't easy! Shoot your way through levels filled with shooting, puzzles and skill!
1178	5bb81305-87dc-7efa-de25-d80922c31cc9	Zigmond III	Microsheep.com		microsheep.com	http://microsheep.com/zigmond-3.html	gameplay			Puzzle; Sokoban; Top-Down	secondary-mechanic-tag		Sokoban			3.8559	q065	Asymmetric Twins	0.0892	Zigmond III is a Sokoban style game, in which you have to clear your way out to the exit. Put your brain to the test and see if you can solve Zigmond’s 50 challenging levels (in the deluxe version).
1179	00d020bc-d5ea-4188-9949-ef38a447085d	Stick Death Run			stickgames.com	http://www.stickgames.com/stick-death-run.html	gameplay			Choose Your Own Adventure; Stick	secondary-mechanic-tag		Choose Your Own Adventure			3.8558	a012	Maintenance Window	0.053	Like a rat in a cage, guide this stupid stickman through a deadly maze of torture and gore! Throw him into the gears, hit him with a Kamehameha machine, or just imprison him forever in a cubicle (a fate worse than death!). Run through the longest path and raise your Death-O-Meter to the a blood-soaked peak, and then celebrate with a slice of cake . . .
1180	09d35b2e-9fd6-40d5-b8d1-fc9b10db5c17	Knight Slider	Cool Math Leah		coolmathgames.com	https://www.coolmathgames.com/0-knight-slider	gameplay			Puzzle; Logic; Sliding; Auto-zipped	secondary-mechanic-tag		Sliding			3.8498	q041	Keyhole Budget	0.1099	Knight Slider at Cool Math Games: Slide the pieces around the board to help the knight escape. Can you do it in the fewest moves possible? INSTRUCTIONS Use your mouse to slide the pieces around to help the knight escape.
1181	b2eeb7fa-511a-4de5-b149-f439681f9acd	Caterpillar Slide Puzzle	funnylearn.com		game-game.com	http://game-game.com/107266/	gameplay			Puzzle; Sliding	secondary-mechanic-tag		Sliding			3.8496	g004	Seam	0.1162	Game for fans of different puzzles. At this time, your attention a puzzle game - tag. You have to collect detached and churn image caterpillars. This is not as easy as you think, because you have left only one slot where you can move the parts of the picture. Also in the game there are statistics that will help you get the number of moves and time spent.
1182	395d9981-0ab9-4d28-accc-52760b692ae6	Chon's Boxes	RaptWare		raptware.com	http://www.raptware.com/page-chon-boxes.html (via Wayback Machine)	gameplay			Arcade; Puzzle; Logic; Sokoban	secondary-mechanic-tag		Sokoban			3.8412	q126	Copycat Trap	0.1005	Play Chon's Boxes and be the best on top10 Help Chon to save his girlfriend from Chan's hands, solve the 45 levels and become number one of top10 table
1183	9387ebc3-04b8-40d4-ba0d-a60161829389	State of Debate		2012	downloads.bbc.co.uk	http://downloads.bbc.co.uk/schools/gcsebitesize/games/english/flv_test9.swf	gameplay			Adventure; Educational; Choose Your Own Adventure; Live Action; Language	secondary-mechanic-tag		Choose Your Own Adventure			3.8387	q126	Copycat Trap	0.0907	It's the year 2020 and Just-Co have banned hoodies, and you've just been spotted wearing one. Can you talk your way out of trouble using your English Language skills?
1184	219b9216-7301-41fd-9728-0155f734ba77	Jerry Toy Car Puzzle			jocuri-funny.ro	www.jocuri-funny.ro/joc/8292/jerry-in-masina-puzzle.html	gameplay		Tom and Jerry	Puzzle; Jigsaw; Sliding; Tom and Jerry	secondary-mechanic-tag		Sliding			3.8336	q149	Model Tokens	0.0642	The games that are part of the collection of tom and jerry games have always been as appreciated as possible on our site jocuri-funny.ro, so we are sure that you will still be very excited to hear about the fact that our marathon of games now continues with an opportunity for you to have fun with your favorite characters from this very cute animation, so let's tell you what you'll have to do. It seems that the main character will be little Jerry, who is in his little and cute car and is actually talking about a puzzle type jo, because you will now be able to prove how skillful you are and sit down to solve the puzzle in a short time as possible! Of course you will be able to choose between t
1185	efb1922d-1c78-4849-8760-caec632b1a8f	Choose Your Game	Mayplay Games	2011	kongregate.com	www.kongregate.com	gameplay			Adventure; Choose Your Own Adventure	secondary-mechanic-tag		Choose Your Own Adventure			3.8238	q124	Counter-Predator	0.078	Tired of fantasy? Then turn the space setting ON! You don’t like adventures? Then let’s play a shooter! Answer the questions to define this game and play it as YOU like. Everything in Choose Your Game is based on the choice of the player. Enjoy this parody of modern games cliches and destroy the furious boss in battle, if you can!
1186	104565a0-7da9-4dd8-8f92-72a4ad87656e	CubeCritters	Stephanie Evans	2011	deviantart.com	https://www.deviantart.com/steffne/art/Cube-Critters-201904193	gameplay			Adventure; Choose Your Own Adventure	secondary-mechanic-tag		Choose Your Own Adventure			3.8131	q055	Funnel Forge	0.0559	This is a silly project for Uni. A simple task to get us used to AS3. We had to create a storyboard that had multiple options and 4 decision points. I decided to make mine somewhat based around a virtual pet. It's pretty short but there's a lot of different outcomes depending on which options you pick. Hope you like :heart:
1187	2438b693-72e1-4699-8e99-13232d9f5d4c	Bearly Bison (Sliding Puzzle)	Tubehead		switchzoo.com	http://switchzoo.com/puzzles/puzzleS01.htm (via Wayback Machine)	gameplay			Puzzle; Sliding	secondary-mechanic-tag		Sliding			3.8042	a033	Twin Stacks	0.0813	Here's your chance to create order out of chaos! Click on the puzzle tiles to slide them. You can choose your challenge level by selecting the number of pieces for each of these puzzles. Choose 6, 9, 12 or 16 pieces on the puzzle page. You can use the timer to try to beat your previous score. Tell us if you like the puzzles
1188	f3821c20-c6a5-45c8-8730-9aa383189b91	Ledix	LightForce	2005	addictinggames.com	https://www.addictinggames.com/puzzle/ledix	gameplay			Puzzle; Sokoban; Auto-zipped	secondary-mechanic-tag		Sokoban			3.8002	g029	Twinned	0.0761	How good are you with diamonds? Move these jewels around just right to solve the puzzle, but dont get stuck. INSTRUCTIONS Use keyboard arrows to move, every room has a solution.
1189	9fdc5b9f-b484-434f-bbb3-85e76f04ca72	Star Wars: The Clone Wars - Game Creator	Yamago	2009	cartoonnetwork.com	http://www.cartoonnetwork.com/s3-fill/games/gamecreatorsw/shell.swf	gameplay		Star Wars	Action; Star Wars; Other; Creative; Community Content	secondary-mechanic-tag		Community Content			3.7977	a179	Invariant Witness	0.0789	The Star Wars: The Clone Wars Game Creator is a free games site that lets you build your own action games and send them to Cartoon Network's online game gallery for everyone to play. Or you can play games built by other kids, rate your favorites or share the games you make with your friends. Make your own game where Anakin, Captain Rex and Cad Bane battle their way past enemies and obstacles to reach the goal!
1190	e6285989-3329-4589-833e-edf528d21ad7	Fancy Box	Brad Borne	2012	bornegames.com	https://bornegames.com/FancyBox	gameplay		Fancy Pants	Platformer; Adventure; Community Content; Stick; Cartoon; Fancy Pants	secondary-mechanic-tag		Community Content			3.7905	g029	Twinned	0.073	CLICK INSIDE TO START PLAYING. PRESS [S] TO JUMP. ARROW KEYS TO MOVE. PRESS SHIFT TO TURN OFF THE LEVEL SKELETON AND PLAY NORMALLY! THE SCREEN WILL GO BLACK IF YOU RUN OUT OF LIVES. TO CHANGE LEVELS, PUT A DIFFERENT level1.swf INSIDE YOUR PACKAGE. IF THIS PLAYER IS NOT WORKING FOR SOME REASON, OPEN fix-me.html INSTEAD.
1191	8c5d3353-0286-49ad-92a3-e6046c9d3ade	Tourist Paradise	ishrgame	2011	kongregate.com	https://www.kongregate.com/games/ishrgame/tourist-paradise	gameplay			Educational; Simulation; Walking Simulator; Informative; Auto-zipped	secondary-mechanic-tag		Walking Simulator			3.7857	q102	Walking Room	0.1039	Experience the world as a tourist. Instructions: Arrows to move, space bar for action.
1192	249f5c3c-047a-4a87-88e9-65afc6c76c5b	Desk Movement			hoodamath.com	www.hoodamath.com	gameplay			Puzzle; Sliding; Auto-zipped	secondary-mechanic-tag		Sliding			3.7605	q092	Nesting Rooms	0.0845	Use your mouse to move the desks and tables around. Your goal is to remove the desk that has a blue glow under it and a globe on top of it. The door is at the lower left of the room that is where you want to move the teachers desk to.
1193	0ec7b171-9399-424a-82db-edc3cc7cf564	Osol v stajni	Miro Mandák		members.chello.sk	http://members.chello.sk/miro.mandak/animaflash4.html/	gameplay			Puzzle; Sliding; Auto-zipped	secondary-mechanic-tag		Sliding			3.7562	g004	Seam	0.02	Absolútna klasika medzi presúvacími hlavolamami. Presúvaním tabuliek v krabičke treba jednu z nich uvoľniť. Obsahuje niekoľko konzistentne odvodených levelov od veľmi ľahkého až po mimoriadne obtiažny. Príjemná grafika aj ovládanie.
1194	24e81af2-1518-4b8e-a21e-47c840aebe33	Alien Ragdoll Room	Niall Lavigne	2008	gamesfree.ca	https://www.gamesfree.ca/game/1236/Alien-Ragdoll-Room.html	gameplay			Toy; Space; Stick; Ragdoll	secondary-mechanic-tag		Ragdoll			3.746	q129	Decoy Learner	0.0859	A fun little gadget where you can throw your little alien buddy around with the mouse and arrowkeys and explode it with bombs!
1195	44af6fa3-bc2b-43ed-a33a-954220482929	Ragdoll Achievement	Pegas Games	2012	kizi.com	https://kizi.com/games/ragdoll-achievement	gameplay			Toy; Ragdoll; Achievements	secondary-mechanic-tag		Ragdoll			3.7415	f011	Continuity	0.0553	We have to do some test today! Use weapons and your imagination to unlock all ahievements! PS Dummy don’t feel any pain, really! Check walkthrough if you stuck
1196	1bdc2127-a4c6-4338-9e10-8e8f8cfbf435	Pyramid Raider	smsreq	2011	y8.com	https://www.y8.com/games/pyramid_raider	gameplay			Arcade; Puzzle; Sliding	secondary-mechanic-tag		Sliding			3.7321	f031	Wake Up the Box	0.0777	Steal the mummy from the pyramid. Use mouse to drag the mummy towards the entrance. Along the way, there aresome coffins blocking the way, you need to shift them by up,down or left,right. Try use as less move as possible.
1197	79c8ce85-45a1-43f8-b24c-270b40ede379	The Saddest Landscape.	DeadFetusGuy	2013	kongregate.com	https://www.kongregate.com/games/deadfetusguy/the-saddest-landscape	gameplay			Simulation; Walking Simulator; Incomplete	secondary-mechanic-tag		Walking Simulator			3.7269	q102	Walking Room	0.0966	Explore a world within a filmstrip Made in 48 hours under the theme “10 Seconds” for Ludum Dare #27. INSTRUCTIONS Arrow Keys
1198	1060f28b-6ced-41a0-91e8-979a4050caee	Water Ragdoll	Veclock		y8.com	https://www.y8.com/games/water_ragdoll	gameplay			Toy; Stick; Ragdoll; Auto-zipped	secondary-mechanic-tag		Ragdoll			3.7218	f027	Civiballs	0.062	Play around with a ragdoll inside a room full of water! Create object and throw around, connect with ropes and have fun!
1199	7f234b02-43f8-4a18-b9cc-037de40cfef4	Drop Dead Olympics: Distance	ttursas	2009	kongregate.com	Kongregate.com	gameplay			Arcade; Launch; Ragdoll; Auto-zipped	secondary-mechanic-tag		Ragdoll			3.7218	a008	Cascade Autopsy	0.077	Can you Drop Dead world record style!? Blast your head as far as possible in the first Drop Dead: Olympics sports event.
1200	61117c7e-3c1c-453b-9af0-97ec88ee2742	2048			gamesonly.com	https://www.gamesonly.com/free-content/	gameplay			Puzzle; Matching; Sliding; Mathematics	secondary-mechanic-tag		Sliding			3.7127	g029	Twinned	0.101	In this sliding puzzle game 2048, you need to combine two tiles with the same number. Try to create a tile with the number 2048! Use your arrow keys to move the tiles.
1201	dedc35cf-0b24-46cd-ab1a-bce49abb790b	Ragdoll Space Shooter	PITon_	2009	es.yupis.org	http://es.yupis.org/juegos/ragdoll-space-shooter/	gameplay			Shooter; Ragdoll	secondary-mechanic-tag		Ragdoll			3.71	q148	Delayed Commit	0.0861	The Ragdoll Space Wolves are invading the Rabbits Galaxy! Kill them all in your spaceship, collect useful powerups, avoid asteroids and space trash and destroy the bosses to save the Galaxy.
1202	e19eb6df-85f6-4bd6-93ab-eb9e7c40ab00	Bear in the Big Blue House Screensaver		2000	web.archive.org	https://web.archive.org/web/20010417213118/http://www.bearinthebigbluehouse.com/entertainment/BEAR1.EXE	gameplay		Bear in the Big Blue House	Bear in the Big Blue House; Loop; Screensaver; Live Action; Interactive; Mouse-only; Full Motion Video; Executable File	secondary-mechanic-tag		Loop			3.7059	q060	Clockwork Tool	0.0458	It's the Bear Screensaver! Be sure to have an adult help you get it. When the screensaver is running, click on Luna to exit, or click on Bear for another greeting.
1203	4d9953d0-782a-4408-843d-9d5d3e4d0b5b	Sudokoban			gameshot.org	https://www.gameshot.org/?id=4274	gameplay			Puzzle; Sudoku; Sokoban	secondary-mechanic-tag		Sokoban			3.7045	a033	Twin Stacks	0.0872	Now it's getting a bit special: The puzzle game Sudokoban goes out to all players who like Sokoban AND Sudoku! Use arrows to move and push blocks.
1204	1220c110-e8b6-4414-b69c-466243e74388	Flintstones Slider	niklec		kongregate.com	Kongregate.com	gameplay		The Flintstones	Puzzle; Sliding; The Flintstones; Auto-zipped	secondary-mechanic-tag		Sliding			3.7033	q126	Copycat Trap	0.0821	Flintstones Slider is very fun sliding game. In this game you have to make this interesting puzzle. There is an image of the Flintstones family. When you click on play button the image will split into little pieces, now they are mixed. You have to put the pieces of the puzzle where they belong. Use your mouse to drag the pieces to the right place. If you can’t solve the puzzle, you can click on background button and you will see which piece belong in the empty part. When you solve the puzzle you can play the next one. Every next puzzle is more difficult than the previous. Get ready to play. Enjoy!
1205	446bc43b-46c6-4b29-bac2-6ad2dd26ccdd	#Puzzle	the_cecil	2010	kongregate.com	https://www.kongregate.com/games/the_cecil/puzzle	gameplay			Puzzle; Sliding	secondary-mechanic-tag		Sliding			3.7009	g004	Seam	0.0705	(Note: EXE version available at my site. Exe version has a bit better controls, larger screen resolution, and runs a lot faster. I LOVE 15 PUZZLES!!!!! so i made one. It has three puzzles. The small 8-Tile puzzle the standard 15-Tile puzzle and a 15-Tile picture puzzle, Streetwise (Original Streetwise Game by Adam Lobacs). Click on an adjacent tile to move it into the open slot. Put the numbers in numerical order to stop the clock. The top 5 times for each puzzle are displayed in-game, along with links to the online web boards.
1206	790afbb9-a584-4456-b62b-3d1ba003a815	Barack Obama Ragdoll	am118	2010	kongregate.com	https://www.kongregate.com/games/am118/obama-ragdoll	gameplay			Comedy; Ragdoll; Famous Person	secondary-mechanic-tag		Ragdoll			3.6991	q187	Echo Cost	0.0685	Instructions Use mouse to drag Obama around to your heart’s desire! Description Obama needs to fall on bubbles because it’s been 8 years too long.
1207	7455540b-c493-42b7-9704-17e48ea98962	Lego Game Creator	Yamago		cartoonnetwork.com	https://www.cartoonnetwork.com/games/lego-game-creator/index.html	gameplay		LEGO	Arcade; Platformer; Action; Creative; Community Content; LEGO	secondary-mechanic-tag		Community Content			3.6946	q143	Costly Preview	0.0816	Who wants to make video games?! The LEGO Game Creator lets you build algebraic LEGO games! Each character has special attacks and powers. Share your games with your friends or play games built by other players! The LEGO Game Creator has tons of free games to play!
1208	d6c28e3f-b886-4ca4-b2ca-306f3ba43fbc	Steal the Gem!!!			files.gamingcloud.com	files.gamingcloud.com	gameplay			Puzzle; Sokoban	secondary-mechanic-tag		Sokoban			3.694	q170	Commit Threshold	0.0927	Steal the gem and get out of the level as fast as you can. Try not to step on each tile twice - the penalty counts from how much steps do you do when stealing. Beware of the enemies.
1209	df1e4ba6-8c06-4c2f-981d-77479af61679	SkyBlox	tcgoodson (Tosh Goodson); Zoë Burchard; Dylan Perry	2008	deviantart.com	https://www.deviantart.com/tcgoodson/art/SkyBlox-80853779	gameplay			Arcade; Platformer; Score-Attack; Side View; Sandbox	secondary-mechanic-tag		Sandbox			3.692	q036	Loop Current	0.0493	: I finally got my game to work. Unfortunately, the huge music file was the problem. I liked that music, but the new music is okay-ish... It should hopefully no longer be simply a blank screen. Don't forget to view a bunch of ads so I get paid $$$. ^^ Feel free to embed this game wherever you like! The embed code is:
1210	7eb0dd5f-4be0-48a9-a250-dbe4be34aa80	Block 10	Miro Mandák	2010	members.chello.sk	http://members.chello.sk/miro.mandak/animaflash4.html/	gameplay			Puzzle; Sliding; Auto-zipped	secondary-mechanic-tag		Sliding			3.6873	q123	Last-Move Guard	0.0229	Presúvacie hlavolamy japonského hlavolamistu Minoru Abe. Sú dostatočné náročné. Podarilo sa mi urobiť príjemnú poetickú grafiku. Oslobodiť svoje srdce je rovnako dôležíté ako spútať ho skutočnou láskou.
1211	2ff0979f-5f8f-4be2-a812-44090ec09adb	Xmas Troll Cannon	GameShot.org		bubblebox.com	https://www.bubblebox.com/play/3636/xmas-troll-cannon.htm	gameplay		Trollface	Arcade; Christmastide; Toss; Ragdoll; Mouse-only; Trollface; Auto-zipped	secondary-mechanic-tag		Ragdoll			3.678	f031	Wake Up the Box	0.0661	Troll Cannon is back, and this time its taking on Breaking Bad! Xmas Troll Cannon is an addicting shooter/puzzle game where every level is messing with you. The game literally trolls you. Have fun!
1212	467b8741-f428-45ef-8ec5-c6cd0d47203c	Walk around a city and get lost in nowhere for beginners	DjDude55	2010	kongregate.com	kongregate.com	gameplay			Simulation; Walking Simulator; Other; Auto-zipped	secondary-mechanic-tag		Walking Simulator			3.677	g039	Stitch	0.0627	Walk around a windy city and get lost in nowhere. Arrow keys to move, space bar to jump.
1213	51b58157-67da-4f79-b516-ba121be6b8cc	Allfen	xmagicx60	2011	kongregate.com	https://www.kongregate.com/games/xmagicx60/allfen	gameplay			Sandbox; Incomplete	secondary-mechanic-tag		Sandbox			3.6744	a115	Rotating Assignment	0.0666	ALPHA: Current Features: WASD Movement. Block Placement, buggy if you move too far High, Medium and Low quality Block destructionRandom Terrain Generation.
1214	24d59149-bd11-4e61-85cb-68740634790a	Mr. Grumpy			y8.com	https://www.y8.com/games/sandman_rampage	gameplay			Walking Simulator; Side View; Blood; Moderate Violence	secondary-mechanic-tag		Walking Simulator			3.6657	f006	Multitask	0.062	Simple little game that lets you massacre people with different weapons for no reason.
1215	15980590-278b-41c9-bfb4-56cb9c8006ab	Crazy Frog: The annoying thing	IMax Games	2008	cdn.jogos360.com.br	http://cdn.jogos360.com.br/files/games/cr/az/crazy-frog-the-annoying-thing.swf	gameplay		Crazy Frog	Arcade; Platformer; Promotional; Score-Attack; Runner; Ragdoll; Pre-rendered 3D; Crazy Frog	secondary-mechanic-tag		Ragdoll			3.6625	q158	Causal Rhyme	0.0398	O Sapo Louco está saltando por todo o cenário. Ajude-o a lançar cordas em todos os objetos para que ele não caia e chegue até o final de seu percurso.
1216	3b07b8b5-a75a-43b2-8a64-d93b13e01102	Ragdoll Goalkeeper	hatu.biz		web.archive.org	https://web.archive.org/web/20220614195831/http://www.playragdollgames.com/game/ragdoll-goalkeeper.html	gameplay			Arcade; Sports; Soccer; Ragdoll	secondary-mechanic-tag		Ragdoll			3.6603	f024	Personal Universe	0.0563	Drag the guideline to the right spot so that the ragdoll blocks each shot. Save as many shots as possible!
1217	9c1022ae-d96c-4169-b17d-e13410fa06a8	Mine Blocks 2	zanzlanz		zanzlanz.com	https://zanzlanz.com/MineBlocks2	gameplay			Sandbox	secondary-mechanic-tag		Sandbox			3.645	q073	Phase Change	0.0791	Mine Blocks 2 is a 2D survival game inspired by games like Minecraft and Terraria. Explore infinite worlds in which you have the ultimate control over. This game is still in early alpha.
1218	fb2b5a6c-7902-4a68-b1d3-fd7d5a4653f4	Lil Emma Thanks her July Patrons! (2016)	EmmaPresents	2016	hentai-foundry.com	https://www.hentai-foundry.com/pictures/user/EmmaPresents/443660/Lil-Emma-thanks-her-July-Patrons	gameplay		Pokémon	Strong Language; Loop; Pokémon	secondary-mechanic-tag		Loop			3.6324	a106	Shadow Packing	0.0569	Everyone's playing this now, aren't we? It's damn addictive! I'm the proud owner of all three eeveelutions, just sayin'... Omg thank you so much to all my wonderful Patrons as usual! And this will be exciting reward time, as we are now in the new tiers! So there will be this animation, the monthly picture and TWO chibi animations in this bundle! Exciting times indeed! If you'd like to see your name in the above animation next month, come check out my Patreon! Yeah!
1219	01b737e1-005c-40b0-921f-259256689492	SokoBones	Gabriel Bianconi; m. Homs; InfinityVas		en.y8.com	https://en.y8.com/games/sokobones	gameplay			Puzzle; Sokoban; Top-Down	secondary-mechanic-tag		Sokoban			3.6154	q193	Routine Builder	0.0811	Help soko to secure his bones by pushing them back in the holes. Over 20 levels of original sokoban action. Can you do it?
1220	3d8fc86e-9673-4bd6-8020-ae9cff30fdf4	Pokemon Crossing- Bree	jaclynonacloud	2011	deviantart.com	https://www.deviantart.com/jaclynonacloud/art/Pokemon-Crossing-Bree-245556452	gameplay		Pokémon	Loop; Pokémon; Interactive	secondary-mechanic-tag		Loop			3.6117	a043	Atomic Crossing	0.083	This isn't going to apply to the group, :iconpkmn-crossing: since I know you can only have one Poké, but I do like the idea of crosses between Animal Crossing and Pokémon, so I went ahead and made another, and you may see a few more from me before I fall out of this fad. Anyways, this is Bree the Umbreon. She's 8 years old, and she's a brat... Enjoy! Anyone have a suggestion for the next Pokémon to be Animal Crossing-ified? More Pokémon Crossing:
1221	a85340de-e7f5-4270-ae28-b0157cc51209	Plinx	LightForce		mathsisfun.com	https://www.mathsisfun.com/games/plinx-puzzle.html	gameplay			Puzzle; Sokoban; Auto-zipped	secondary-mechanic-tag		Sokoban			3.5904	f031	Wake Up the Box	0.1157	Move the blocks to their matching squares below. Use keyboard arrows to move and push the box you want. Challenging!
1222	47ffa2f1-3570-4ad4-8cd3-c96df2a8c777	Beyblade: Masters of Mayhem	Takafumi Adachi; MFBBProject; TV Tokyo		numuki.com	https://www.numuki.com/game/masters-of-mayhem/	gameplay		Beyblade	Strategy; Physics; Turn-Based; Beyblade	secondary-mechanic-tag		Turn-Based; Physics			3.5812	f012	Closure	0.074	Help Gingka Hagane defeat his enemies in Beyblade Metal Masters: Masters of Mayhem game! Sometimes even the greatest racers need a little assistance!
1223	f06b88c2-dd6a-421b-b4a3-f8aa0825daee	Mordicus	Rayman18		deviantart.com	https://www.deviantart.com/rayman18/art/Mordicus-1-5-287837349	gameplay			Puzzle; Sokoban	secondary-mechanic-tag		Sokoban			3.5707	q054	Gear Teeth	0.0694	**Sorry there's no loading screen* Here is a 5 of mordicus, the classic pluzzle game from videoway ! I hope you'll enjoy, there's even an editor for you to create incredible levels ! To save an edit level : enter the number of teh level you wish to replace in the memory, than hit save !
1224	8bbba124-6261-4662-9caa-478959eff4c8	Aengie Quest	Max Games		maxgames.com	http://www.maxgames.com/	gameplay			Puzzle; Sokoban; Auto-zipped	secondary-mechanic-tag		Sokoban			3.5595	g011	Slick	0.072	You have to push boxes, press switches, open doors, find keys, and move other objects to complete each level!
1225	3f7770ca-3eb8-4ef2-8439-4d2dfb007eae	Ragdoll Physics 2		2007	y8.com	https://www.y8.com/games/ragdoll_physics_2	gameplay			Toy; Ragdoll; Famous Person; Mouse-only	secondary-mechanic-tag		Ragdoll			3.5568	g014	Long Shadow	0.0451	A demonstration of Ragdoll Physics where Bush is pulling down into a never ending pit.
1226	4bea37e3-4ab0-4f10-a82d-4ec08d20e03e	Sandbox 2d	sketchbookgames		rosedragoness.newgrounds.com	https://rosedragoness.newgrounds.com/games/	gameplay			Simulation; Sandbox	secondary-mechanic-tag		Sandbox			3.5305	q124	Counter-Predator	0.0611	A sandbox game about creating sand castles and anything else using physic-based sand blocks and sticker decorations.
1227	c13e6b5e-20d3-4abc-b09a-4948ecd5b989	Weird Uncle Boxes	酷啦动画工作室	2010	gamesflow.com	https://www.gamesflow.com/jeux.php?id=2060704	gameplay			Puzzle; Sokoban	secondary-mechanic-tag		Sokoban			3.523	q188	Future Walls	0.0695	EN: Help Weird Uncle find the right keys to open all boxes. ZH: 怪叔叔接到一个恐怖的任务，需要开动智慧把所有的密码锁全部打开，这对于怪叔叔来说实在是太BT了，请大家帮助一下这个智商为0的怪叔叔吧
1228	6b2ec3ac-f495-45a1-b15d-99266df45203	Interactive Death Note	kyon9854	2008	deviantart.com	https://www.deviantart.com/kyon9854/art/Interactive-Death-Note-91308404	gameplay		Death Note	Other; Creative; Sandbox; Interactive; Death Note	secondary-mechanic-tag		Sandbox			3.5086	f047	Eon	0.0611	I finally have the death note. Now I can kill L! AHAHAHAHAHAHAHAHHAHAHAHAHHAHAHAHAHAHAHAHAHAHAHAHHAHAHAHAHAHAHAHAHAHA!!!!!!!!!!!!!!!!!!!1 No seriously. I do not own Death Note. What I do own is this.
1229	9deb33ed-adb3-49f3-b14a-24afaf6883ad	Sokolan	LightForce		mathsisfun.com	https://www.mathsisfun.com/games/sokolan-puzzle.html	gameplay			Puzzle; Sokoban; Auto-zipped	secondary-mechanic-tag		Sokoban			3.5068	q029	Fuse Map	0.087	Move the blocks to their matching squares. For more help, click the question mark (?) in the game.
1230	2f8bda34-a186-4987-87a7-2e5cc68b6150	Skeleton Ragdoll			y8.com	https://www.y8.com/games/Skeleton_Ragdoll	gameplay			Toy; Halloween; Ragdoll	secondary-mechanic-tag		Ragdoll			3.4072	q129	Decoy Learner	0.067	Toss the skeleton around and watch physics take over as he crashes into pumpkins.
1231	5f102e6d-5b14-4d53-b0af-4c2d0d1ba9e4	Pokemon Crossing- Sketch	jaclynonacloud	2011	deviantart.com	https://www.deviantart.com/jaclynonacloud/art/Pokemon-Crossing-Sketch-245564232	gameplay		Pokémon	Loop; Pokémon; Interactive	secondary-mechanic-tag		Loop			3.1795	q117	Teach Back	0.0471	This is actually an adoptable my sister adopted a little while back from here: I was skeptical about making a Minccino, but it appears to have turned out well. Enjoy! More Pokémon Crossing:
1232	ea7cce1d-64b8-4a62-9613-7353858221bf	2010 HNY	Darqx	2010	deviantart.com	https://www.deviantart.com/darqx/art/2010-HNY-148768933	gameplay			Toy; Sandbox; Interactive; New Year; Mouse-only	secondary-mechanic-tag		Sandbox			3.1355	a153	Family Resemblance	0.0509	for 2010! It's been New Years for a while now here, but seeing as i started this thing only a couple of hours before 12am i ended up finishing it a bit late |D I had to find a few bits of code. Mine was a quiet celebration with the family. All us youngsters spent most of our time playing random computer games lol. --- RESOURCES + STUFF :bulletred: Fireworks AS3 (which i modded): :cd: Music: --- Flash + characters © me [*
1233	2352d025-15b6-43b0-b44f-160b4a6cc456	Interactive Buddy	Shock Value	2004	deviantart.com	https://www.deviantart.com/shock-value/art/Interactive-Buddy-v-1-02-11117398	gameplay		Strawberry Clock	Toy; Politics; Ragdoll; Blood; Mild Violence; Moderate Language; Famous Person; Strawberry Clock; Fixed Screen	secondary-mechanic-tag		Ragdoll			3.0738	f006	Multitask	0.0688	"UPDATE November 23, 2011: Interactive Buddy: Santa is available in the App Store! New items, cutting edge graphics, and plenty of holiday cheer! Get it here: ---------------------------- UPDATE December 11, 2010: Interactive Buddy for Mobile is available in the App Store! Get it here: ---------------------------- UPDATE June 7, 2009: I am actively developing Interactive Buddy 2 (have been since 2008 actually)--you can track my progress here on my page at DeviantArt, as well as the official ""fan"" page for Interactive Buddy on Facebook ( Comments always appreciated! ---------------------------- This Flash had been submitted to Newgrounds.com! Please vote or write a review if you have time! Lin"
1234	07c74792-e3f3-468e-9add-efb28c5fcde8	Captain's Crash Course	IriySoft	2010	lol.disney.com	http://lol.disney.com/games/disneyxd-captain-s-crash-course	gameplay		Zeke and Luther	Action; Creative; Ragdoll; Zeke and Luther	secondary-mechanic-tag		Ragdoll			3.0103	q060	Clockwork Tool	0.0928	Set up and test tricks using Zeke and Luther's Captain in the game Zeke and Luther Captain's Crash Course!
1235	a37b984e-f9e7-402d-8d36-dbc98a26962d	Tunes for two -animation-	pregfur (Preg-fur, geckoguy123456789)	2011	deviantart.com	https://www.deviantart.com/preg-fur/art/Tunes-for-two-animation-204787849	gameplay			Loop; Anthro; Canine; Pregnancy	secondary-mechanic-tag		Loop			2.9587	q148	Delayed Commit	0.0529	"Deviant Stamps""> Deviant Stamps""> Icons > Miscellaneous""> Deviant Stamps"" super_img="" super_w=""99"" super_h=""56""> Original lineart commissioned from and colored/animated by me. Original: If you can eat for two who's to say you can't listen to tunes for two? I quite enjoyed doing this little animation, I was coloring it it and then this idea hit me. The biggest problem was getting the music notes to move in sync. Another problem was that the lines of her shirt would change size as they moved, but I was able to fix that. Oh! and regarding the music, I DO have permission to use and re-post it. All the (C) info is at the bottom of this description Original lineart is (C) of ~ Colored version is ("
1236	f33cd53f-810d-4c32-a3dc-0749b1103ba8	Pokemon Crossing- Janice	jaclynonacloud	2011	deviantart.com	https://www.deviantart.com/jaclynonacloud/art/Pokemon-Crossing-Janice-245569274	gameplay		Pokémon	Loop; Pokémon; Interactive	secondary-mechanic-tag		Loop			2.789	q153	Braids to Signals	0.042	Of course, I had to do Janice, right? ...Of course! :la: Enjoy! More Pokémon Crossing:
1237	6c08a767-9c67-4733-bc8c-2afc8c5d6882	Fireworks Maker	SunriseKingdom		stencyl.com	http://www.stencyl.com/game/play/6099	gameplay			Stencyl; Sandbox; Auto-zipped	secondary-mechanic-tag		Sandbox			2.2094	q167	Probe or Act	0.022	I hope everyone had a great 4th of July. While I was celebrating I came up with an idea to make a fireworks game. I hope everyone enjoys it. Tools Used Adobe Photoshop CS3 shop.html StencylWorks Audacity LAME Blender
1238	3d5ca95d-90b2-4b7f-856e-2bb8dcc10fe9	Courage flash games	MixedMilkChOcOlate	2008	deviantart.com	https://www.deviantart.com/mixedmilkchocolate/art/Courage-flash-games-95856622	gameplay		Courage the Cowardly Dog	Walking Simulator; Dress Up; Courage the Cowardly Dog	secondary-mechanic-tag		Walking Simulator			-1.0325	q102	Walking Room	0.0448	Courage The Cowardly dog :3 This is a flash game with my hero lol ^^ 1 - Walk Courage Walk x D 2 - Courage Dress Up Thank to :iconbertman: for remenber me courage hehe ^^ [link] I hope you like it, I worked hard on it :] :iconfavmeplzplz::iconfavmeplzplz::iconfavmeplzplz:
1239	96d67a2c-6ec1-4cfc-a88c-74409420eef2	Impossible 3D Stairs with Illusory Music	Tony Azevedo	2010	sandlotscience.com	http://www.sandlotscience.com/Impossible/ImpossibleStairs_3D.html (via web.archive.org)	crossmedia	Soundboard		Toy; Educational; Music; Soundboard; Auditory Illusion; Optical Illusion	Auditory Illusion	Auditory Illusion; Optical Illusion	Auditory Illusion; Optical Illusion			18.221	g001	Toll Gate	0.0739	Follow these twelve steps as they go around in either direction. They seem go on forever and never get anywhere, no matter which way you go; up or down. Mouse over any step to hear a musical chord. Follow the music around in either direction. Just like the stairs, the music seems to go on forever in either direction; it's impossible to tell where it starts and where it ends. The stairs are called the Impossible Staircase, and the music is a piece called the Shepard Scale. Both are endless and impossible. Yet here they are.
1240	4e400d56-7731-4dbf-9aed-434086542a65	Digital circuit: Binary adder	Donitz	2011	deviantart.com	https://www.deviantart.com/donitz/art/Digital-circuit-Binary-adder-206860846	crossmedia	Calculator; Demonstration; Utility		Demonstration; Pixel; Utility; Calculator	construction			construction; indirect-physics	circuit; signal	10.4157	q148	Delayed Commit	0.0844	Okay, I may know some stuff about Boolean logic, but as far as digital circuits go I am pretty much clueless how to implement them properly. This was all just an improvisation done for an unrealistic simulation in flash. Use the keypad down to the left to add a number, but be patient because the logic (especially the binary-coded decimal converter) works very slowly and it will take a little while for the result to turn up on the LCD display. The propagation delay is highly exaggerated as each tick can cause a single state change in each gate. This means that it will for example always take exactly two updates for two gates in series to propagate a signal. This also leads to an interesting s
1241	eba7a867-a107-4fc8-ab01-02ccde1a1f5c	Fractal Maker v1.0	willmh93	2012	deviantart.com	https://www.deviantart.com/willmh93/art/Fractal-Maker-v1-0-327058460	crossmedia	Demonstration		Demonstration; Fractal	Fractal	Fractal	Fractal			10.127	g050	Ash Path	0.0736	WARNING: Certain combinations may cause it to run very slow and might result in your browser crashing. I tried limiting this as much as possible, but any more and it would start to reduce the overall functionality. I also decided not to add restraint rectangles for the point handles, because that would also reduce some of interesting outcomes which can be made. Enjoy! Here's a few examples of what I made with it: :thumb335059620::thumb336427584::thumb343411324:
1242	9a5da1ed-bcac-4257-87b3-dd738b4b13ed	Interactive Ball Physics	Austron (Austin Granger)	2007	deviantart.com	https://www.deviantart.com/austron/art/Interactive-Ball-Physics-70026768	crossmedia	Demonstration		Physics; Demonstration; Sandbox	indirect-physics		Sandbox; Physics	indirect-physics	bounce	7.8539	q115	Partial Demonstration	0.0814	This is the beginning of my new flash game. So far, you can rotate the cannon with the arrow keys and press the space bar to fire the projectile. You can draw lines on the screen before and during the simulation and watch the ball bounce off them. Press Esc to reset the program. I have not added any full gameplay features yet because there is a bug where the ball sometimes gets stuck in whatever it bounces off of.
1243	c2181ea0-2f14-4056-aff2-34b418d6d794	Mexicolore Kids	Ian Mursell	2004	mexicolore.co.uk	https://www.mexicolore.co.uk/flash/mexkids.html	crossmedia	Microsite		Educational; Puzzle; Sliding; Microsite	goal-revision		Sliding	goal-revision	sacrifice	7.5424	q113	Alternating Teacher	0.0665	Welcome to the Mexicolore Kids Dear visitor, The Mexicolore team invites you to have fun while learning much more about the Aztecs in Years 4-6 (UK), with the help of our very own animated Aztec character Tec. In this micro-site, through fun slider puzzles, wicked challenges and pages packed with carefully researched pictures of real Aztec artefacts, Tec will give you a real insight into:- - obsidian knives (as symbols and in actual use) - human sacrifice (and the evidence of it) - two great gods, Tezcatlipoca and Tlaloc - the 'Calendar Stone' (Stone of the Suns) - day signs and year-bearer signs in the calendars - pictograms from key codices, including Mendoza, Borgla, Laud, Fejervary-Mayer
1244	d7723563-be61-4cfc-a5b6-865345136efa	TUNGI Microsite	RIPETUNGI	2007	tungi.co.sh	http://www.tungi.co.sh/ (via Wayback Machine)	crossmedia	Microsite		Promotional; Microsite; Alcohol	system-dynamics			system-dynamics	trade with	6.9024	q102	Walking Room	0.0499	To connoisseurs of unique spirits, Tungi (pronounced Toon-jee) has been the discerning drinker’s best-kept secret since 1857. It is produced in a limited annual quantity only by one tiny family distillery on the most isolated and inaccessible island in the world –St Helena in the South Atlantic Ocean. Tungi has finally made its entrance into the international marketplace 150 years after local St Helenians first combined with bored British garrison soldiers in this rugged Colonial outpost to distil prickly pear spirit from sweet cactus fruits, for trade with sailing ships which called for supplies from this ‘nautical service station’ in the middle of nowhere. Tungi is the local name for prick
1245	32741046-0ef8-4c86-9785-f09c5f6ba596	Gif Speed Modifier	inferno988	2014	deviantart.com	https://www.deviantart.com/inferno988/art/Gif-Speed-Modifier-V1-0-425003231	crossmedia	Utility		Utility	information			information	invisible	6.734	q065	Asymmetric Twins	0.068	EVOLUTION: GIF Controller v2.0 Use in combo with the FPS to FPB to BPM Calculator and the BPM Finder to sync gifs to the beat of your music. :bulletblack: What is this? This is a powerful tool that lets you load animated gifs and control their speed (fps). Play gifs slowly to study other's animations, or play them fast and see the awesomeness, or sync them with your music (see below)! Try it right now, right click on an animated icon and copy the image url, then paste it and LOAD it! :bulletblack: How do I use it? Find your favorite gif on deviantart, right click on it and copy the URL address, then paste it in the left field of this tool and press LOAD. After that you can play around with t
1246	a67c03e3-0e77-4d5b-b964-c188f4f55383	魅力 Attraction	Studio 4°C	2009	attraction-lemanga.fr	http://www.attraction-lemanga.fr/ (via Wayback Machine)	crossmedia	Public Service Announcement		Adventure; Educational; Puzzle; Experimental; Logic; Story-Driven; Epilepsy Warning; Anime; Interactive Fiction; Interactive; Public Service Announcement; Tobacco	secondary-mechanic-tag		Interactive Fiction; Experimental			5.342	a001	Dead Bulb Atlas	0.0259	フランス政府の禁煙広告キャンペーン。Web上に展開されたインタラクティブ・サイバースペースを、STUDIO4℃の誇る監督、森本晃司が担当した。webカメラやFacebook などと連動させ「『カッコいい』タバコの誘惑に乗るのは、タバコ会社に命を操られるようなものだ」というメッセージを体験できる。そのクオリティとまったく新しいソーシャルな試みが評価され、2011年カンヌライオンズ 国際クリエイティビティ・フェスティバル 「International Festival of Creativity」（旧名称/カンヌ国際広告祭）でサイバー部門銀賞を受賞(Wins Cannes Cyber Lions Silver.)した。
1247	c5abf6cc-0b8c-4951-96a2-2cd08c705b94	Discrete Keyboard	The Center for Electronic Art/CEA	1996	exploratorium.edu	http://www.exploratorium.edu/exhibits/highest_note/fr.discrete.html (via Wayback Machine)	crossmedia	Soundboard		Toy; Music; Soundboard; Mouse-only; Auditory Illusion	Auditory Illusion	Auditory Illusion	Auditory Illusion			12.3209	a133	Anonymous Robots	0.0717	"bet you can't find the highest note on this keyboard! play the tones clockwise around the keyboard until you find the highest note. can't? you might have to go around a few times. still can't find the highest note? here's why. . . . this keyboard creates tones that seem to be continuously rising or falling. when you sing ""do, re, me, fa, sol, la, ti, do"" the notes rise in pitch until you reach the next ""do."" this second ""do"" has the same pitch as the first ""do"" but is one octave higher. each note on this keyboard is actually a chord comprised of six notes of the same pitch, but of six different octaves. the volume of the middle octaves are the loudest, while the higher and lower octaves are "
1248	ac15fbb7-d150-40ea-8e46-1fe7d0ec90b6	Read&Click.com	Read&Click.com		w.winslowpress.com	http://w.winslowpress.com	crossmedia	Microsite; ePub		Educational; Variety; Microsite; Creative; History; ePub	construction			construction	connect the	7.2149	f042	Spewer	0.069	Read&Click.com* is the first virtual library to connect the magic of a book with the wonder of the Web, after placing first – and foremost – the book in the reader’s hand. Our mission is to foster the development of the creative thought process while integrating the latest technology into our lives. In the Fall of 1998, we launched our first efforts toward that end by publishing high quality books, beginning with children’s titles at Winslow Press and connecting each of our titles to its own interactive Web pages for further exploration of the book’s theme at After reading one of our books, children, teens, parents, teachers and librarians can visit our Read&Click Website and find links to t
1249	4d6d73a3-ed67-4cd1-9fe2-2bfdc96d094b	Destructible Terrain Engine	ArtBIT	2006	deviantart.com	https://www.deviantart.com/artbit/art/Destructible-Terrain-Engine-39769589	crossmedia	Demonstration		Action; Demonstration; Toss; Sandbox; Interactive; Mouse-only	indirect-physics		Sandbox	indirect-physics	momentum	6.4927	g062	Ballast	0.0827	[CLICK above the ground to drop the bombs] Well someone asked for help with this issue down at and I forgot who :blush:... but I think it's ~ so I hope he'll find this... Here's the Comments and critiques are always welcome =D [EDIT September 17, 2006 ] Inertia implemented. Click and drag to add momentum to the bomb. And yes, the arrow is drawn using the AS drawing API. __________________________ Disclaimer This work is not in the public domain. This work is copyright © Djordje Ungar, = 2006. All rights reserved. You may not use and/or reproduce my artwork in any way without my explicit and written permission.
1250	640b4dba-6d36-47d9-a617-04ca918298bd	uu: Defeat UU.	Andrew Hussie	2012	homestuck.com	https://www.homestuck.com/story/5032	crossmedia	Slideshow	Homestuck	Homestuck; Webcomic; Slideshow	goal-revision			goal-revision	sacrifice	6.76	a164	Bidirectional Hunt	0.0226	Pesterlog: uranianUmbra [UU] began cheering undyingUmbrage [uu] UU: king to e3. uranianUmbra [UU] ceased cheering undyingUmbrage [uu] undyingUmbrage [uu] began jeering uranianUmbra [UU] uu: ROOK TO E3. uu: CHECK. uu: SOMEONE'S IN DEEP SHIT. undyingUmbrage [uu] ceased jeering uranianUmbra [UU] uranianUmbra [UU] began cheering undyingUmbrage [uu] UU: blech. look at this royal cockUp. UU: this is so stUpid. UU: now i either have to sacrifice my qUeen, or move my king into a strategically horrible position. UU: why am i even going along with this? uranianUmbra [UU] ceased cheering undyingUmbrage [uu] undyingUmbrage [uu] began jeering uranianUmbra [UU] uu: YES. THAT SuRE IS A STRATEGIC DILEMMA. u
1251	9d73e209-95e5-4558-8c17-a353e2a2d6a8	Windows Donghorn	mark9	2005	newgrounds.com	https://www.newgrounds.com/portal/view/263620	crossmedia	Computing Device		Simulation; Parody; Computing Device; Auto-zipped	information			information	invisible	6.6711	g034	Second Coat	0.0621	"Licrosoft has done it again. Author Comments: Updated Ok, Winamp is exitable. Its on the top-right side of teh winamp window. Its invisible. Once you put your mouse over it, it changes to red. Sorry about that. NOTE: IF YOU CAN NOT GET PASSED THE ""WOULD YOU LIKE TO RUN ANYWAY SCREEN"" CLICK ON TEH FLASH TO ACTIVATE IT, THEN PRESS Y. - thank you Windows Donghorn edition... finally here. Enjoy. The point of it was to show the world after excessive amounts of research how windows Longhorn would feel. So here it is. Windows Donghorn."
1252	0d8f7146-eed4-4f54-a461-aee9b049c72d	Physics sandbox	willmh93	2009	deviantart.com	https://www.deviantart.com/willmh93/art/Physics-sandbox-143928349	crossmedia	Demonstration		Demonstration; Sandbox	secondary-mechanic-tag		Sandbox			5.1009	g041	Spindle	0.0291	------------ controls arrow keys = move ball while playing hold control = edit points ------------ |l4m|2d|4n|31|l4n|31|4r|3j|l4r|3j|51|42|l51|42|5h| 4f|l5h|4f|60|4o|l60|4o|6m|4v|l6m|4v|7f|4y|l7f|4y|8 f|4y|l5y|2c|5y|2w|l5y|2w|64|3a|l64|3a|6i|3g|l6i|3g |6u|3j|l6u|3j|7k|3n|l7k|3n|8i|3o|l8i|3o|97|3q|l97| 3q|9x|3w|c8s|5d|j|l79|73|5m|6z|l5m|6z|4o|6t|l4o|6t |3v|6j|l3v|6j|3c|6b|l3e|6c|2u|6a|l2u|6a|2a|6e|l2a| 6e|1x|6k|l1x|6k|1q|6u|l1q|6u|1o|79|l1o|79|1p|7j|l1 p|7j|1u|7s|l1u|7s|22|80|l22|80|2c|85|l2c|85|2q|87| l2q|87|33|86|l33|86|3f|82|l3f|82|3p|7y|l3p|7y|41|7 u|l41|7u|4a|7s|l4a|7s|4k|7s|l4k|7s|4z|7v|l4z|7v|62 |8b|l62|8b|6d|8j|l8k|5v|78|5z|l78|5z|5r|5u|l5r|5u|4u|5n|l4u |5n|42|5c|l42|5c|3g|54|l3g|54|2
1253	7391fffb-493b-41b2-8ea7-1c32addbf527	Interactive Solid Physics 2	Austron (Austin Granger)	2008	deviantart.com	https://www.deviantart.com/austron/art/Interactive-Solid-Physics-2-104771877	crossmedia	Demonstration		Toy; Physics; Demonstration	construction		Physics	construction	draw a line	7.0743	g013	Rot Garden	0.0652	This is the second version of my very long and tedious project of a solid physics based flash game. Basically, this version works out most of the bugs in the last one where the ball would get stuck or get sent flying at random moments. Also the physics are much more accurate (though still flawed), the ball actually rolls now, and the angle calculations have been significantly improved. Instructions: Draw a line with the mouse Hit the spacebar to start the simulation When you get bored, hit escape to reset the simulation and start over.
1254	3c28a219-523d-40e7-9ca6-c4c2d4534a8b	FL-909	Andre Michelle		lab.andre-michelle.com	http://lab.andre-michelle.com/fl-909	crossmedia	Demonstration; Soundboard		Toy; Demonstration; Music; Soundboard	information			information	invisible	6.6569	a088	Foundation Shift	0.0732	FL909 attempts to emulate the original sound of the Roland TR-909. This drumcomputer hits the market 1984 and was a long time the state of art in house and techno productions. Shift-Click the Step-buttons for accent triggers. Shift-Click-Move knobs for smoother resolution. Press Save to store a snapshot of the current settings to a flash cookie. Restore snapshot by pressing Load. Clear to delete all patterns and reset all knobs. Drag and drop a pattern button (invisible) to copy a pattern to a new location. Source
1255	f993ad26-03cb-462f-9eee-246f25ec7152	0x40 Hues of Halloween	The 0x40 Team	2015	0x40hues.blogspot.com	https://0x40hues.blogspot.com/2015/10/0x40-hues-of-halloween_31.html	crossmedia	Music Video		Creative; Halloween; Epilepsy Warning; Music; Music Video; Loop	secondary-mechanic-tag		Loop			5.0461	q090	Lineage Garden	0.0612	This is probably the last of our seasonal hues updates, and we're definitely nearing the end of the flash's dead-horse-beatability. It's been a spooky journey, but after several months of thinking about it, we managed to throw this treat together in the last two days. Big thanks to everyone who's helped us get this far (Anon D, Anon T, Terrance, everyone in the skype group, and viewers like you), and my hat off to AMM and Pyure for being the reliable chums they are. Most of the deep options and features you see in the popup window only exist thanks to AMM, as well as a ton of other backend features you'll never hear of or see. His work is truly magical because I have no clue how any of it wo
1256	1b96b89f-4992-4717-b380-83682ff6f05d	Stilwell Grandma Soundboard	CommandoRunningMan	2013	obamasoundoff.com	http://www.obamasoundoff.com/victim-soundboards/stillwell-grandma-soundboard (via Wayback Machine)	crossmedia	Soundboard		Soundboard; Mild Language	information			information	blind	6.5655	q074	Drift Law	0.0489	"This poor old granny got harassed until she cracked, and someone made a soundboard out of her responses. The Stilwell Grandma (real name: Ruby, last name unknown) was a victim procured by CommandoRunningMan in August, 2012 when she was called with the Confused Old Lady soundboard. She is an elderly woman hailing from Stilwell, Oklahoma, the hometown of Frank Garrett. She seems to suffer from senility or dementia and as such has trouble communicating over the phone. She has zero tolerance for prank calls and easily flies into a blind rage with very little provocation (especially if greeted with a recording of herself saying ""Oh, it's you again...""), loudly cursing and ranting at the callers."
1257	44f3ae4d-e957-46d5-b74b-43188cf952e7	odsgames.com	Ohio Distinctive	2004	odsgames.com	http://odsgames.com	crossmedia	Microsite		Educational; Puzzle; Variety; Quiz; Mathematics; Microsite; Maze; Memory; Drawing	secondary-mechanic-tag		Drawing			5.0344	a181	Certificate Path	0.0592	Welcome to the Ohio Distinctive free online educational games where you can experience fun learning in English and Spanish. Every game we create is an educational game--we've made dozens since we opened our doors in 1987. Help us promote fun learning--share this site with a friend. The more people we have visit our site, the more free online educational games we will create. If you like our free online educational games, ask us about making them available for your classroom or school's website--absolutely free. These free online educational games are designed for high-speed connections such as cable and DSL. (If you have a 56K modem connection, you will experience long loading times.) Also, 
1258	96e2d7be-1c39-4b03-8150-2972a1a236c2	Interactive Scenery	LadyK	2007	deviantart.com	https://www.deviantart.com/ladyk/art/Interactive-Scenery-59254351	crossmedia	Demonstration		Demonstration	information			information	invisible	6.3651	g005	Rube Hall	0.0699	*Edit* Uploaded the wrong file earlier it's fixed now. --; For the game I'm currently working on. Well, this is just scenery, there is an invisible arrow on the right side of the screen you have to hover you mouse over to go to the next scene that's toot he right. It's only two scenes here just showin gyou my progress so far. There won't be anymore interactive scenes, th emost you'll see is still scenes, possibly in scraps. For now, enjoy clicking on the arrow, door and that's about it. You have to wait for the real thing... ..and wait til I get better with Backgrounds...-shakes her head-
1259	58ef9f59-d3c4-4265-9956-353b658de113	Seaquence	okaynokay	2009	seaquence.org	http://seaquence.org/	crossmedia	Microsite		Toy; Experimental; Microsite; Creative; Music; Sandbox	secondary-mechanic-tag		Sandbox; Experimental			4.9028	q138	Command Composition	0.0744	Seaquence is an experiment in musical composition. Adopting a biological metaphor, you can create and combine musical lifeforms resulting in an organic, dynamic composition.
1260	6ad13472-87ed-4499-a4e9-058b1ef8cfd1	The Clowne - Interaction Demo	NovaFragment	2008	deviantart.com	https://www.deviantart.com/novafragment/art/The-Clowne-Interaction-Demo-101923582	crossmedia	Demonstration		Simulation; Walking Simulator; Demonstration; Incomplete; Top-Down	secondary-mechanic-tag		Walking Simulator			4.8925	q089	Persistent Passenger	0.0746	This is the first demo for an RPG game I've had in the works for over a month now. I'll not give away many plot details just yet, I'll slowly fill you in through installments as the final version approaches. The game centres around an 18 year old guy named Havok. Havok is the guy seen in this demo, the demo just shows the gold system, the movement system and interaction with NPCs. All of the artwork and storyline is done by me and the coding is done by the talented Sabatino of tino-studios.net, you can check it out for his other programming works and updates on what he's up to. I hope you enjoy the small taster and check up on my page again when the battle demo is released pretty soon. Any f
1261	340b4ac5-49ee-4041-a190-50518212a4c7	Levitated  |  the Exploration of Computation	jtarbell / Jared Tarbell; Lola Brine / Laurie E Tarbell	2001	levitated.net	http://levitated.net/	crossmedia	Demonstration; Microsite; Music Video; Utility		Educational; Experimental; Other; Demonstration; Microsite; Music Video; Interactive; Utility; Procedural Generation; Art Trade	secondary-mechanic-tag		Experimental			4.8319	f033	Light-Bot	0.0572	Levitated.net contains visual poetry and science fun narrated in an object oriented graphic environment. The sketches and applications generated as a byproduct of research are provided online as open source Flash modules. These pages are attempting to fasten a usable structure around a continually evolving computational ecology, so that it may be observed and enjoyed by participants of the network. More formal code and design ideas are periodically published as tangible commodities in book, paper, and printed form. We are not accepting new work at this time. Thank you.
1262	6d6f120d-3abf-411b-ab27-3079e90163b9	Misuri VS Edward Ends 4 of 5	Mythical-Human	2009	deviantart.com	https://www.deviantart.com/mythical-human/art/Misuri-VS-Edward-Ends-4-of-5-114489774	crossmedia	Comic		Adventure; Action; Choose Your Own Adventure; Comedy; Comic; Interactive; Incomplete	secondary-mechanic-tag		Choose Your Own Adventure			4.6076	q187	Echo Cost	0.0676	Misuri wanted to settle the things, but I'm tired for finish this. I will finish it later... March 1st 2009 3:30 am Just Ed's ending 6:40 pm Misuri's ending 8:10 pm Tie ending July 1st 2009 9:00 am End extra ending Misuri (c) me Alice (c) Kamon-San Edward (c) Lucifelnox Cirus (c) Severnawa By the way, The secret password will be given to Lucifelnox... at its moment >=D EDIT: >_> crap hiatued this so long my characters already returned XD... oh well, I hope finish this someday
1263	d9a0a276-08c9-43f8-8242-92021c03194d	Gabriel Orozco	Gabriel Orozco; Ann Temkin; Paulina Pobocha; Allegra Burnette; Shannon Darrough; Satry Appajosyula; Jason Persse	2009	moma.org	https://www.moma.org/interactives/exhibitions/2009/gabrielorozco/	crossmedia	Microsite		Experimental; Microsite	secondary-mechanic-tag		Experimental			4.4953	a051	Priority Chute	0.0642	Gabriel Orozco (born Jalapa, Mexico, 1962) captured the attention of the international art world in the early 1990s with sculptures that transformed the ordinary into the extraordinary, through an approach at once mysteriously poetic and bluntly material. A member of the final generation to make art in the twentieth century, Orozco explored the question What is sculpture? at a point when modernism as defined by a succession of avant-garde movements seemed to have expired yet was still full of lessons rich in potential. In 1993 Orozco was invited to participate in The Museum of Modern Art's Projects series, the first solo museum show for the relatively unknown thirty-one year old. Sixteen yea
1264	70bebe6a-3a2a-4fad-94b6-84df2e673726	Mars Gets Kraken	Jackurai (6inchSAMURAI, BreakfastCheese, Pixelated-Parts); Spunkbug	2013	deviantart.com	https://www.deviantart.com/jackurai/art/Mars-Gets-Kraken-398840410	crossmedia	Comic		Turn-Based; Comic; Mild Language; Collaboration; Macrophilia; Hidden Content	secondary-mechanic-tag		Turn-Based			4.4805	q065	Asymmetric Twins	0.0682	Whoa, this is the last of the old projects that me and planned out. So old, that this one wasn't even in a Flash or an assets stage when I picked it up again this year. According to the old, old concept work that Dook made, this project was first planned all the way back in 2010. Dook had to make brand spanking new concept art ^_^ If you unlock the easter egg at the end, you can see how much his art skills have improved *nods* Let's see... Well, this Flash is about Mars the Martian. In past projects she's captured a Big Foot and hyper evolved the Loch Ness Monster. This time, she's playing the hero in a planet where everything is like the classic Clash of the Titans movie :3 I used music fro
1265	592a330a-1132-4d58-af6a-21c1795f8b6f	Joubi's adventure!	GuyFlash	2006	deviantart.com	https://www.deviantart.com/guyflash/art/Joubi-s-adventure-40999616	crossmedia	Demonstration		Simulation; Walking Simulator; Demonstration; Top-Down	secondary-mechanic-tag		Walking Simulator			4.4234	f006	Multitask	0.0796	first off this is OLD! like a good year or so, however... I havent uplaoaded it and I still like it... though its incomplete etc, the way you get around in Unia will be pretty similar :) dont expect Joubi to make any major comeback, I lost the source file for this about the same time I did for noodle fury =/ anyway, you can be assured I will make something that doesent lag so much for unia ;p
1266	0ddd626e-22fa-4d76-af42-85d8e1f2106b	Decisions Issue 1: Dynamic FLASH Comic With multiples endings	Mythical-Human	2010	deviantart.com	https://www.deviantart.com/mythical-human/art/Decisions-Issue-1-156432563	crossmedia	Comic		Adventure; Action; Fighting; Choose Your Own Adventure; Comedy; Drama; Comic; Interactive; Blood	secondary-mechanic-tag		Choose Your Own Adventure			4.3465	a043	Atomic Crossing	0.0819	Sorry, it may take some time on load Decisions is a story where you choose what Cristal will do or say, contains around... 10... 12 endings (but in the end it doesn't matter too much, some of them are shorts) I hope you enjoy this sorry for the SD style and not coloring, it was doing it now or never, depending on the success of this one, other issues of Decisions may come in a future enjoy ;) -now with color- sorry for the bad grammar and spelling
1267	535d69a1-2865-4f2b-8c22-deff74265f6e	The Invention of Hugo Cabret: Write Your Own Word and Picture Stories		2008	scholastic.com	https://www.scholastic.com/hugocabret/writeyourown/index.htm	crossmedia	Comic; Print Studio		Creative; Scene Creator; Print Studio; Comic; Object Creator	secondary-mechanic-tag		Object Creator			4.1454	q167	Probe or Act	0.0825	In The Invention of Hugo Cabret, writer/illustrator Brian Selznick created a story using both words and pictures. Now you can do the same thing! Use images from the book to create your own picture and text pages that tell an original story by a fabulous new author: YOU! Publish your work by printing it, or save it to your desktop so you can revise it later. Have fun!
1268	1b449744-fa3b-c307-da7c-9bdabdc66806	Shooter Demonstration	Humbird0	2010	humbird0.com	http://www.humbird0.com	crossmedia	Tutorial		Shooter; Tutorial; Pixel; Level Editor; Incomplete	secondary-mechanic-tag		Level Editor			4.1337	a141	Reversible Scrambler	0.0829	This is a simple shmup example game I created for a video tutorial about Flash programming. I created this game as part of a video tutorial about how to program a game in Flash that can use the Universal Level Editor. SHMUP's are one of the simplest games you can make, and this one was thrown together in only 2 hours. If I was serious about making a shooter, I'd probaby try to create something more like R-Gear (a homebrew game for the PSP) But in spite of its simplicity, I still tried to create interesting levels by incorporatnig Sonic-the-Hedgehog style branching.
1269	b43f35e1-4fbd-45c9-a0b0-e087c4e28d76	The lantern (a Ramadan story)	Cambridge English Online Ltd.		learnenglishkids.britishcouncil.org	http://learnenglishkids.britishcouncil.org/en/short-stories/the-lantern-ramadan-story(via (via Wayback Machine)	crossmedia	Comic		Adventure; Story-Driven; Interactive Fiction; Comic	secondary-mechanic-tag		Interactive Fiction			4.0978	q005	Lantern Census	0.0547	A young prince runs away from home and is imprisoned by a lonely ghoul. Who will save him? Ramadan is an Islamic festival, a time of year when people remember the poor. Read the Lantern, a story about the special festive lanterns that light up the nights during Ramadan.
1270	212d670f-8630-4f0c-b6f4-9ab082615343	My Custom Map	MapsofIndia.com	2012	mapsofindia.com	https://www.mapsofindia.com/editable-maps/flash.html	crossmedia	Utility		Creative; Drawing; Geography; Utility	secondary-mechanic-tag		Drawing			4.0911	q057	Raft Shape	0.0674	The interactive map tool allows you to label, illustrate, fill colors, modify, adn print the map as per your choice. Just fill in the data as per your mapping needs and get a personalized map. MyCustom Map's inbuilt tools such as lines, icons, shapes, and paint basket make it a strong communicative medium.
1271	84b5bf04-2293-40b1-bc29-91a879c5765b	Art Factory	Grid Learning Ltd.		gridclub.com	https://gridclub.com/activities/art-factory	crossmedia	Print Studio		Educational; Quiz; Creative; Print Studio; Drawing; History	secondary-mechanic-tag		Drawing			4.0816	q137	Shared Convention	0.0681	Learn about artists and designers from different times and cultures. Create your own 'works of art' in the style of a famous artist. Experiment with various artistic processes. AGE5 - 11
1272	a772d34d-e435-46cd-a976-fd9fd2d6d50e	How to color in Photoshop	Doom-the-wolf	2010	deviantart.com	https://www.deviantart.com/doom-the-wolf/art/How-to-color-in-Photoshop-166028047	crossmedia	Tutorial		Tutorial; Drawing	secondary-mechanic-tag		Drawing			4.076	a159	Negative Space Class	0.0512	Well, here's my tutorial about how to draw pictures like mine. I hope it will be understandable enough. I couldn't spend too much time explaining all the details, so I'm going to suppose you know a bit about how photoshop works. I know the tools in this tutorial are in Spanish. I don't have the English version of photoshop. So I hope you'll be able to locate the correct tools by the shape of the box. The character in this tutorial is Bunnie Rabbot, from the old Sonic TV series.
1273	8c0b1acd-d263-4919-b3f5-a27536e2b858	Poof Animation	jaclynonacloud	2012	deviantart.com	https://www.deviantart.com/jaclynonacloud/art/Poof-Animation-323834806	crossmedia	Walk Cycle		Loop; Interactive; Mouse-only; Walk Cycle	secondary-mechanic-tag		Loop			4.0205	g012	Metronome Guard	0.0434	Modelled a low poly model of a character I adopted quite a while ago! ^^ Also realized it didn't have a name, so I shall name it Poof! :la: Enjoy! May take some time to load, I couldn't be bothered to make a preloader.
1274	e0850322-0ff4-460b-90d3-fbe500ac31ad	Decisions issue #2: Dynamic FLASH Comic With multiples endings	Mythical-Human	2010	deviantart.com	https://www.deviantart.com/mythical-human/art/Decisions-issue-2-157314927	crossmedia	Comic		Adventure; Action; Role-Playing; Choose Your Own Adventure; Comedy; Comic; Interactive; Blood	secondary-mechanic-tag		Choose Your Own Adventure			3.9538	q073	Phase Change	0.0561	This issue theme: The artistic block Okay, people, I finally finish the second issue of Decisions, I hope you like it And enjoy it sorry for the lack of logic in some places AND recurring joke since. please comment, some feedback will motivate me ;) have a nice day/ night BTW: Ending 3 is dedicated to I though a lot on you while doing that ending XD, don't know why, maybe because of the happy and friendly stuff
1275	acb76762-9766-4bab-8d62-799b73fec01f	Decisions (game/Event) Explained	Kaztle	2012	deviantart.com	https://www.deviantart.com/kaztle/art/Decisions-game-Event-Explained-343163286	crossmedia	Comic		Adventure; Choose Your Own Adventure; Comedy; Strong Language; Informative; Comic; Transformation; Magical Girl	secondary-mechanic-tag		Choose Your Own Adventure			3.8369	q123	Last-Move Guard	0.0707	Journal: [link] Deadline Wednesday December 19th 2012 is the last day to request
1276	735fce34-f4a3-4181-98c5-0c349058e9be	The Game: Animation Compilation	Denise Truong	2014	deviantart.com	https://www.deviantart.com/greenmangos/art/The-Game-Animation-Compilation-485886353	crossmedia	Demonstration		Demonstration; Loop; Interactive; Auto-zipped	secondary-mechanic-tag		Loop			3.8246	q113	Alternating Teacher	0.0687	for madt class. ohmygod am i tired. music as usual courtesy of chelsea finnigan and coding courtesy of andy schneider. yaaaay. read the comic here.
1277	efd74770-b783-40a4-bae9-2ecab783b1e0	Nazrin trains!	KirbyM	2009	walfas.org	http://www.walfas.org/?p=700	crossmedia	Slideshow	Touhou Project	Touhou Project; Loop; Slideshow	secondary-mechanic-tag		Loop			3.8089	q149	Model Tokens	0.0746	After the Orin incident, Nazrin decides to undergo some physical training in preparation for her next cat confrontation. If I had more time, I would have drawn her swinging her dowsing rods around like swords, but I didn’t, so I basically only animated one thing and then reused it. Hooray for reusing parts of animations! Also, if you notice, I’ve been using these repeating backgrounds somewhat often, and that is because they are awesome. Also, this is post ID #700, if that means anything. And it doesn’t really, aside from the fact that it is a multiple of 100, which seems to be important sometimes for whatever reason. And it’s also Friday the 13th again! Yeah!
1278	97e175f8-de68-43d8-8fdf-3b85cbca6cb8	Lounge Physics Engine	MixedMilkChOcOlate; MenInASuitcase	2009	deviantart.com	https://www.deviantart.com/mixedmilkchocolate/art/Lounge-Physics-Engine-131731802	crossmedia	Demonstration		Toy; Experimental; Physics; Demonstration; Customization	secondary-mechanic-tag		Experimental; Physics			3.7368	q065	Asymmetric Twins	0.0781	Hello everybody! Me and finally did a new flash application:phew: this one is based on the super awesome Box2D library :la: we recently found this website where everybody with some flash experience can learn how to creat application with 2D physics engine! :) here is the website : ------------------------------------------------ How to use : _Drag and drop the items to see how they move in the lounge, you can have fun put the item to different spot to see how the will act when other item will hit them! _You can also modifie the world setting in the menu, and show or hide the shape mode. ------------------------------------------------ Working time : around 2 weeks created with flash cs3 and 
1279	e3a67155-ca36-4f83-9b63-58317ff2be94	HH Sprites	Darqx	2012	deviantart.com	https://www.deviantart.com/darqx/art/HH-Sprites-300578097	crossmedia	Demonstration		Action; Toy; Demonstration; Side View; Anime; Sandbox	secondary-mechanic-tag		Sandbox			3.7241	g053	Backspin	0.0557	Controls: Attack = Z Special Attack = X Jump = Up | W Run = Left | A If you leave them alone for about 30 seconds, they go into extended idle animation. Finally, after a gajillion years ages of not looking at it, and then working on it in short stints between IRL work...it is done. :dummy: The .fla for this was a beast for some odd reason (i blame all the masks i used for my lazy arse shading). It got to the point where i couldn't drag particular movieclips onto the stage - Flash would just hang for a moment, then resume as if i'd done absolutely NOTHING - and kept randomly spitting Java Runtime errors at me. So i spent a nice enough amount of time changing a variable back and forth between 
1280	d49b80b2-9917-45b9-a410-f04774c3d128	The Small Grey Pegasus	MysteriMaan / Md Redha Rahimi	2014	deviantart.com	https://www.deviantart.com/mysterimaan/art/The-Small-Grey-Pegasus-446889625	crossmedia	Comic	My Little Pony	My Little Pony; Drama; Loop; Comic; Interactive; Heavy Themes	secondary-mechanic-tag		Loop			2.8132	q095	Closure Graph	0.0505	If it lags on your computer, watch the youtube version ! [youtu.be/iDnsNfMJ0J0]( \_\_\_\_\_\_\_\_\_\_\_\_\_\_\_\_\_\_\_\_\_\_\_\_\_\_\_\_\_\_\_\_\_\_\_\_\_\_\_\_\_\_\_\_\_\_\_\_\_\_\_\_\_\_\_ Ever lost something you held dear ? \_\_\_\_\_\_\_\_\_\_\_\_\_\_\_\_\_\_\_\_\_\_\_\_\_\_\_\_\_\_\_\_\_\_\_\_\_\_\_\_\_\_\_\_\_\_\_\_\_\_\_\_\_\_\_ : - made the animation only progressable through clicking of the muffin. - updated the music. - intro is shorter \_\_\_\_\_\_\_\_\_\_\_\_\_\_\_\_\_\_\_\_\_\_\_\_\_\_\_\_\_\_\_\_\_\_\_\_\_\_\_\_\_\_\_\_\_\_\_\_\_\_\_\_\_\_\_ Music by the 2 wonderful composers. ChanglingBrony and Melodic Pony. Sad part - (Derpy's Musicbox)(REMIX) [ Happy part - (MLP:FiM Princes
1281	cc9b340e-9a2f-4d16-be73-3216f387ffcf	I am Derpy, Always will be	MysteriMaan / Md Redha Rahimi	2012	deviantart.com	https://www.deviantart.com/mysterimaan/art/I-am-Derpy-Always-will-be-313804868	crossmedia	Comic	My Little Pony	My Little Pony; Drama; Loop; Comic; Heavy Themes	secondary-mechanic-tag		Loop			2.7118	q088	Mask Debt	0.0571	"Feature on Equestria Daily after 2 weeks [ - [![:iconholyshitohmygodplz:]( ""HolyShitOhMyGodplz"")]( Made MORE people Happy [![:iconsuccess-plz:]( ""Success-plz"")]( Your comments make me so Happy. I can't answer back to all BUT i assure you THEY MEAN ALOT TO ME. So i hope you guys understand that i acknowledge the comments but i won't reply to it unless its a question or i have something to say about it, K ? Also, i made a sequel >>> [fav.me/d7e2e8p]( \_\_\_\_\_\_\_\_\_\_\_\_\_\_\_\_\_\_\_\_\_\_\_\_\_\_\_\_\_\_\_\_\_\_\_\_\_\_\_\_\_\_\_\_\_\_\_ You probably need to wait a good 1 to 5 minutes before this thing will actually play.I am horrid at flash coding so i did not have a proper loading scre"
