id	internal_title	primary_axis	concept
q001	Quiet Field	observer-dependent-dynamics	Shy pieces advance around visible tracks only while occluded; bold pieces advance only while observed, so the player positions an eye and shutters to synchronize both kinds on sockets.
q002	Afterimage Mill	observer-dependent-dynamics	Hidden mills repeat the orientation in which they were last seen, making observation a write operation and occlusion the execution trigger.
q003	Blind Growth	observer-dependent-dynamics	Branching organisms grow only outside the observer cone; deliberate glimpses prune active tips and shape a path without touching the organism.
q004	Witness Queue	observer-dependent-dynamics	Tokens commit to a branch only when a junction is watched, but travel between junctions only when unseen, requiring alternating supervision and trust.
q005	Lantern Census	observer-dependent-dynamics	Creatures replicate when hidden and merge when illuminated; the target is a spatially displayed population distributed among enclosures.
q006	Shadow Cargo	observer-dependent-dynamics	Cargo transfers between paired pockets only while both endpoints are unobserved, while watched pockets lock and can serve as temporary storage.
q007	Still Guards	observer-dependent-dynamics	Guards patrol while unseen and freeze under observation, whereas gates decay only while watched; crossing safely requires trading attention between threats and infrastructure.
q008	Veiled Orchestra	observer-dependent-dynamics	Several cyclic mechanisms advance on a pulse only when their local conductor is occluded, and the player must align their phases without seeing every transition.
q009	Peripheral Current	observer-dependent-dynamics	Objects inside a movable focus radius freeze while objects in the periphery flow, turning the boundary of attention into the main control surface.
q010	Shared Blindspot	observer-dependent-dynamics	Two movable observers jointly control pieces that respond to visibility by neither, either, or both observers, creating a small Boolean geometry of attention.
q011	Courtesy Lines	social-inference	Autonomous walkers have stable yielding preferences; the player must infer who yields to whom and arrange encounters that untangle a crowded crossing.
q012	Private Appetites	social-inference	Visually similar agents prefer different resource shapes, and only their choices reveal preferences needed for a later fair allocation.
q013	Signal Camp	social-inference	A partner reacts to nonverbal spatial signals with an unknown but consistent policy that must be grounded through low-cost demonstrations before a joint route.
q014	Flock Vote	social-inference	A group chooses its next corridor from recent gestures under an unknown aggregation rule, requiring inference of how individual signals become collective action.
q015	Reciprocal Hands	social-inference	Helpers remember whether the player recently assisted or obstructed them and reciprocate under a short, legible update rule.
q016	Blind Guide	social-inference	The controlled body cannot perceive hazards, while an autonomous guide can and expresses safe directions through movement rather than symbols.
q017	Mimic or Seeker	social-inference	Some agents copy the player and others pursue latent destinations; efficient coordination depends on distinguishing imitation from goal-directed behavior.
q018	Exchange Circle	social-inference	Agents accept and reject shape bundles according to hidden partial orders, so the player must infer preferences and complete a cycle of mutually acceptable trades.
q019	Apprentice Path	social-inference	The player demonstrates a route to an apprentice whose imitation rule is incomplete, then adapts the lesson so the apprentice can finish alone.
q020	Crowd Current	social-inference	Pedestrians follow one of several local social rules such as alignment, avoidance, or attraction; the player reshapes the crowd after identifying which rule is active.
q021	Switchboard Diagnosis	causal-intervention	An unseen wiring graph connects levers to lamps and gates; a small intervention budget forces experiments that distinguish several candidate graphs at once.
q022	Counterweight Lab	causal-intervention	Moving one weight changes multiple platforms with unknown signs and ratios, and the player must identify the coupling before an irreversible loading phase.
q023	Broken Symmetry	causal-intervention	Four visually symmetric machines hide one asymmetric causal link; carefully chosen probes expose the defect without testing every machine separately.
q024	Last Probe	causal-intervention	A finite bank of safe probes is followed by a single commit action, isolating experiment design from execution.
q025	Latent Gearbox	causal-intervention	Turning any gear may drive several distant gears through hidden clutches, and only interventions reveal which apparent contacts actually transmit force.
q026	Controlled Cascade	causal-intervention	The player chooses one seed and one barrier placement in a propagating field to produce an exact terminal pattern rather than merely a large reaction.
q027	Proxy Lever	causal-intervention	A lever affects whichever object currently occupies a hidden role, so interventions must separate object identity from causal position.
q028	Causal Quilt	causal-intervention	Local patches obey one of a few transformation laws; sparse probes must identify boundaries between laws before a global activation.
q029	Fuse Map	causal-intervention	Cutting a connection is irreversible but reveals downstream flow, requiring a diagnostic sequence that preserves the one circuit needed for the goal.
q030	Antidote Network	causal-intervention	Treating one node suppresses its neighbors and strengthens nodes two links away, so the player must infer the network from interventions before curing the exact target set.
q031	Split Vessel	conservation-law-induction	Unknown machines split and merge a continuous-looking quantity while conserving total area, and the player routes exact shares into several receivers.
q032	Parity Forge	conservation-law-induction	Pairwise transformations preserve an unseen parity class represented spatially, and the goal is reachable only after discovering the invariant.
q033	Color Exchange	conservation-law-induction	Objects swap components rather than recolor independently, so every gain implies a loss elsewhere and planning requires global bookkeeping.
q034	Area Keeper	conservation-law-induction	Shapes stretch, fold, and shear while preserving filled area; sockets care about area rather than silhouette.
q035	Momentum Bank	conservation-law-induction	Collisions redistribute directional motion among bodies, and the player must store and recover momentum to move a heavy object.
q036	Loop Current	conservation-law-induction	Flow divides across loops but the circulation sum remains fixed, letting the player infer invisible current from local indicators.
q037	Hole Count	conservation-law-induction	Allowed transformations change shape but preserve or predictably alter connected holes, making topology rather than pixel match the relevant invariant.
q038	Balance Web	conservation-law-induction	Adding mass to one node redistributes tension across a network with conserved total load and local capacity constraints.
q039	Charge Pairs	conservation-law-induction	Opposite charges are created and consumed only in pairs, and gates respond to net local charge rather than object count.
q040	Mass Shadow	conservation-law-induction	Visible silhouettes change with orientation while hidden mass stays constant, requiring the player to reconcile several projections before balancing platforms.
q041	Keyhole Budget	epistemic-resource-allocation	A movable aperture can reveal only a few cells per use, so the player chooses observations that identify a route instead of exhaustively exposing the board.
q042	Sonar Pips	epistemic-resource-allocation	Limited pulses reveal distance rings but not direction directly; combining a few well-placed readings locates hidden obstacles.
q043	Sampling Cart	epistemic-resource-allocation	A cart can sample the material beneath selected cells a fixed number of times before building a route over a heterogeneous floor.
q044	Memory Camera	epistemic-resource-allocation	Taking a snapshot preserves one region after it disappears, but a tiny snapshot bank forces the player to decide which evidence will matter later.
q045	Scout Drones	epistemic-resource-allocation	Disposable scouts reveal corridors until blocked, and choosing launch points determines whether enough map information survives for the main agent.
q046	One Question	epistemic-resource-allocation	Each room permits one binary physical test whose outcome partitions several possible rule sets; later rooms demand increasingly informative tests.
q047	Sensor Auction	epistemic-resource-allocation	Different sensors cost different amounts and reveal range, material, motion, or connectivity, so the player buys a minimal evidence set before acting.
q048	Reveal Paint	epistemic-resource-allocation	Finite paint makes hidden boundaries visible permanently, turning information gathering into a spatial allocation problem.
q049	Confidence Door	epistemic-resource-allocation	The player may open a gate after any probe, but a wrong commitment destroys progress; optimal play stops when evidence is sufficient rather than exhausted.
q050	Compression Cabinet	epistemic-resource-allocation	Only a few observed patterns can be stored as reusable tiles, forcing selection of abstractions that explain later transformations.
q051	Scaffold	tool-construction	Loose struts can be joined into rigid shapes whose geometry determines what gaps can be crossed and what loads can be supported.
q052	Lens Bench	tool-construction	Curved and flat fragments are assembled into an optical tool that redirects a beam according to the constructed surface, not a predefined tool type.
q053	Bridge Loom	tool-construction	Threads woven across anchor points form traversable surfaces, with crossing and tension determining whether the bridge holds.
q054	Gear Teeth	tool-construction	The player attaches a limited number of teeth to blank wheels to create transmission ratios that synchronize distant mechanisms.
q055	Funnel Forge	tool-construction	Walls assembled from short segments create a funnel whose shape sorts moving particles by size and momentum.
q056	Magnet Chain	tool-construction	Polar segments snap into a constructed chain whose alternating orientation creates a controllable attraction field.
q057	Raft Shape	tool-construction	Buoyant tiles are assembled into a footprint; stability, cargo placement, and narrow channels make the constructed geometry consequential.
q058	Antenna	tool-construction	Conductive pieces form an antenna whose span and orientation select which pulsing source can power a remote gate.
q059	Sieve	tool-construction	A mesh built from bars must pass small bodies while retaining large ones, then survive a later reversal of flow.
q060	Clockwork Tool	tool-construction	A small program of cams and delays is physically assembled to emit a required temporal action sequence after the player leaves.
q061	Split Couriers	distributed-partial-observability	Two controlled couriers occupy separate rooms and each sees clues needed by the other; actions also serve as the only communication channel.
q062	Relay Shadows	distributed-partial-observability	One body sees objects while the other sees only their shadows, and solving requires aligning the two partial representations.
q063	Two Rooms One Switch	distributed-partial-observability	A switch in one room changes geometry visible only in another, so the player must maintain a shared causal state across alternating views.
q064	Scout Gestures	distributed-partial-observability	Autonomous scouts return from hidden branches and communicate findings through short motion patterns that must be grounded.
q065	Asymmetric Twins	distributed-partial-observability	One twin can see color and the other can see shape; control alternates and only joint evidence identifies valid objects.
q066	Beacon Relay	distributed-partial-observability	Each agent sees only the nearest beacon, so a chain of agents must be positioned to transmit a global direction through local observations.
q067	Map Fragments	distributed-partial-observability	Several bodies hold overlapping but rotated map fragments, and movement decisions require registering them into one coordinate frame.
q068	Blind Captain	distributed-partial-observability	The body that controls motion sees only instruments while a passive observer sees the terrain and can signal with limited pulses.
q069	Echo Windows	distributed-partial-observability	Actions in one pane produce delayed echoes in another pane, and the panes expose complementary parts of the same hidden machine.
q070	Triangulation	distributed-partial-observability	Three sensors each report only relative closeness through geometry; combining their views locates a moving hidden target.
q071	Season Shift	nonstationary-rule-revision	A visible environmental phase changes which terrain grows or decays, and the player must revise a learned policy at predictable change points.
q072	Honest Liar	nonstationary-rule-revision	A guide alternates between copying and opposing the correct direction according to a detectable internal state rather than random deception.
q073	Phase Change	nonstationary-rule-revision	The same material switches between solid-like and fluid-like interaction after accumulated energy crosses a visible threshold.
q074	Drift Law	nonstationary-rule-revision	A movement transformation slowly rotates after each success, and sparse calibration actions reveal when the old mapping has expired.
q075	Betrayal Gate	nonstationary-rule-revision	A gate follows one learned activation rule until a visible wear cue appears, after which the complementary rule applies.
q076	Rule Thermostat	nonstationary-rule-revision	Heating and cooling the board changes which causal regime is active, making the player deliberately manage the rule set itself.
q077	Aging Tools	nonstationary-rule-revision	Tools change affordance after a known number of uses, so plans must anticipate functional aging instead of treating tools as permanent.
q078	Rotating Contract	nonstationary-rule-revision	Autonomous agents cycle through a small set of response policies, with each transition signaled by their arrangement.
q079	Exception Signal	nonstationary-rule-revision	A general rule holds until a rare but legible marker announces a local exception, testing calibrated revision rather than wholesale abandonment.
q080	Regime Cart	nonstationary-rule-revision	Moving a control cart changes the physical law inside its radius, allowing the player to transport and compose rule regimes.
q081	Shell Identity	persistent-identity	Several bodies exchange positions and appearances, but only persistent hidden identity determines which sockets they can activate.
q082	Borrowed Color	persistent-identity	Pieces temporarily acquire the color of containers while retaining their original interaction role, separating appearance from identity.
q083	Unmarked Lineage	persistent-identity	Objects split and merge, and later gates respond to ancestry rather than current shape or location.
q084	Control Transfer	persistent-identity	Control jumps among bodies after contact while goals remain attached to bodies, requiring tracking controller and objective separately.
q085	Identity Trail	persistent-identity	Footprints preserve which entity traversed a route even after entities become visually identical, enabling later assignment.
q086	Doppel Memory	persistent-identity	A duplicate copies appearance and position history but not learned permissions, and behavior reveals which is original.
q087	Body Exchange	persistent-identity	Two agents swap physical capabilities while their individual destinations remain fixed, composing role reasoning with identity tracking.
q088	Mask Debt	persistent-identity	Masks grant temporary affordances but accumulate obligations on the wearer, so passing a mask does not pass its debt.
q089	Persistent Passenger	persistent-identity	A hidden passenger transfers between vehicles, and only the passenger can satisfy the final gate despite changing visible carriers.
q090	Lineage Garden	persistent-identity	Growing pieces inherit one of two latent traits through branching, and pruning must preserve the lineage needed at the end.
q091	Workshop Orders	hierarchical-goal-discovery	A final assembly implicitly requires several reusable subassemblies whose dependency order must be inferred from blocked interfaces.
q092	Nesting Rooms	hierarchical-goal-discovery	Solving a room changes the boundary of a larger room containing it, revealing a hierarchy of local and global objectives.
q093	Milestone Garden	hierarchical-goal-discovery	Intermediate stable patterns unlock new growth operations, and the player must discover milestones rather than optimize immediate coverage.
q094	Delivery Tree	hierarchical-goal-discovery	Resources must flow through a branching dependency network where downstream requests reveal upstream subgoals.
q095	Closure Graph	hierarchical-goal-discovery	Completing small cycles closes larger cycles, and the terminal objective is visible only through nested closure.
q096	Subgoal Cache	hierarchical-goal-discovery	Temporary caches allow partial completion of repeated subtasks, rewarding discovery of reusable subgoal boundaries.
q097	Factory Plan	hierarchical-goal-discovery	Machines accept outputs of other machines without semantic labels, requiring inference of a production hierarchy and scheduling within it.
q098	Rescue Order	hierarchical-goal-discovery	Each rescued agent enables a distinct future action, so the apparent set of equal goals hides a dependency order.
q099	Waypoint Memory	hierarchical-goal-discovery	Local navigation goals must be selected to create a reusable global route rather than merely approach the final target.
q100	Recursive Gate	hierarchical-goal-discovery	Opening a gate reveals a smaller instance of the same dependency pattern whose solution parameter controls the outer instance.
q101	Carousel Coordinates	multi-scale-reference-frames	Pieces move in local coordinates on rotating rings while the target is fixed in global coordinates.
q102	Walking Room	multi-scale-reference-frames	The room itself moves across a larger board, and the player navigates simultaneously within the room and through the world.
q103	Nested Compass	multi-scale-reference-frames	Directional controls pass through two independently rotating frames, each visually grounded by moving landmarks.
q104	Conveyor Frame	multi-scale-reference-frames	Objects move relative to belts that themselves move relative to the board, requiring composition of velocities in discrete time.
q105	Orbiting Board	multi-scale-reference-frames	Small boards orbit a common center and exchange pieces only when local edge cells align globally.
q106	Local Gravity Wells	multi-scale-reference-frames	Each region has a visibly oriented local gravity, and crossing a boundary changes the frame in which falling is predicted.
q107	Folding Map	multi-scale-reference-frames	A map folds along visible hinges so distant local edges become globally adjacent without portal semantics.
q108	Camera Relative	multi-scale-reference-frames	Controls are relative to a movable camera while object dynamics remain world-relative, separating perception and action frames.
q109	Body-Centric Maze	multi-scale-reference-frames	The maze rotates around the agent after each step, so stable landmarks must be tracked in a body-centered frame.
q110	Moving Portal Frame	multi-scale-reference-frames	Portal exits are fixed relative to moving carriers rather than the global board, composing transport topology with reference frames.
q111	Silent Tutor	policy-learning-from-demonstration	A tutor demonstrates a short policy without highlighting goals, then control transfers on a visually transformed instance.
q112	Negative Demonstration	policy-learning-from-demonstration	The player watches both a successful and failed attempt and must infer the discriminating rule rather than imitate surface motion.
q113	Alternating Teacher	policy-learning-from-demonstration	Two tutors demonstrate different context-dependent policies, and the player identifies which context selects which tutor.
q114	Noisy Example	policy-learning-from-demonstration	A demonstration contains one visible accidental action whose lack of causal effect must be separated from the intended policy.
q115	Partial Demonstration	policy-learning-from-demonstration	Only the beginning and end of a successful trajectory are shown, requiring reconstruction of the latent subgoal sequence.
q116	Counterexample Room	policy-learning-from-demonstration	A sequence of examples gradually rules out candidate rules, and efficient learning depends on using counterexamples rather than majority resemblance.
q117	Teach Back	policy-learning-from-demonstration	After learning from a tutor, the player must demonstrate the rule to a simpler agent whose mistakes expose whether the abstraction was correct.
q118	Distributed Lesson	policy-learning-from-demonstration	Different tutors each demonstrate one component of a policy that must be composed in a final room.
q119	Analog Lesson	policy-learning-from-demonstration	A policy demonstrated with flowing particles must transfer to a visually unrelated arrangement of moving blocks sharing the same causal graph.
q120	Hidden Policy Handoff	policy-learning-from-demonstration	Control transfers mid-demonstration and the player must continue the policy from the tutor's latent state rather than restart it.
q121	Habit Hunter	adaptive-adversary	A hunter predicts the player's most frequent recent direction under a small visible memory window, making deliberate habit-breaking useful.
q122	Feint	adaptive-adversary	An opponent commits toward the player's displayed intent before the player executes, rewarding a learnable two-stage feint.
q123	Last-Move Guard	adaptive-adversary	Guards update patrol routes to block the player's last successful path, so repeating success is punished predictably.
q124	Counter-Predator	adaptive-adversary	A predator chooses among a few tactics based on the player's recent distance policy, and each tactic has a discoverable counter.
q125	Escalation Ladder	adaptive-adversary	An adversary becomes more aggressive only after consecutive retreats, requiring controlled alternation rather than constant avoidance.
q126	Copycat Trap	adaptive-adversary	A rival imitates the player's previous action with a one-turn delay, and the player turns that adaptation into a remote actuator.
q127	Policy Mirror	adaptive-adversary	The opponent adopts the transformation rule that most recently defeated it, forcing transfer to a second strategy rather than brute persistence.
q128	Adaptive Patrol	adaptive-adversary	Patrol density shifts toward recently visited regions under a simple diffusion rule, making route diversity a planning resource.
q129	Decoy Learner	adaptive-adversary	An adversary learns which object the player approaches and protects it, so the player can teach it a false preference before committing.
q130	Rhythm Rival	adaptive-adversary	A rival selects one of three timing patterns from the player's recent cadence, and irregular but planned timing opens a safe window.
q131	Pulse Language	compositional-communication	Short and long spatial pulses acquire grounded meanings through partner reactions, then combine into multi-part route instructions.
q132	Shape-Free Code	compositional-communication	Relative positions rather than colors or icons encode commands, forcing discovery of a small geometric communication protocol.
q133	Spatial Grammar	compositional-communication	Signal order denotes destination while signal arrangement denotes action, and later commands require both dimensions.
q134	Relay Syntax	compositional-communication	Messages pass through agents that each transform signals by a learnable local rule, requiring composition across the relay.
q135	Parity Signals	compositional-communication	A receiver reacts to the parity and grouping of pulses rather than their count alone, producing a nonverbal error-detecting code.
q136	Lossy Channel	compositional-communication	A channel predictably drops one class of signal, so redundant spatial encoding must be learned rather than repeated blindly.
q137	Shared Convention	compositional-communication	Two partners begin with different signal mappings and converge only when the player establishes a consistent convention through feedback.
q138	Command Composition	compositional-communication	Primitive signals for object, direction, and timing can be concatenated into novel commands not demonstrated directly.
q139	Clock-Skew Messages	compositional-communication	Senders and receivers operate on different visible cycles, so a valid message must encode both content and delivery phase.
q140	Grounded Labels	compositional-communication	The player invents reusable marker placements for latent object classes, and autonomous workers later act according to those grounded markers.
q141	Branch Ledger	counterfactual-planning	A visible ledger preserves the consequences of explored branches while the world resets, enabling comparison of alternatives before one irreversible commit.
q142	Ghost Alternatives	counterfactual-planning	Faint previews show where objects would move under each available action, but viewing a preview consumes a scarce resource.
q143	Costly Preview	counterfactual-planning	The player may simulate one turn without committing, and later levels make choosing which turn to preview more important than the action itself.
q144	One Reset	counterfactual-planning	A single reset is available across the whole level and preserves learned evidence but not progress, creating an explicit experiment-versus-execution split.
q145	Parallel Sandboxes	counterfactual-planning	Two tiny copies of the same system can test different interventions before the chosen policy is applied to a larger irreversible system.
q146	Fork Seal	counterfactual-planning	Opening any branch permanently seals its sibling, so the player must infer downstream compatibility before touching the fork.
q147	Affordance Sketch	counterfactual-planning	Movable outlines predict whether a proposed tool or object arrangement would fit, allowing structural planning without actual construction.
q148	Delayed Commit	counterfactual-planning	Actions can be queued and inspected as a path before a single commit executes them all, but only one queue may be tested.
q149	Model Tokens	counterfactual-planning	Abstract tokens stand for possible world models and are eliminated by observations; committing with multiple survivors risks the wrong transition.
q150	Minimum Regret	counterfactual-planning	Several uncertain routes have different worst-case losses, and the environment rewards preserving recoverability rather than shortest expected distance.
q151	Pipes to Roads	structural-analogy	A flow-routing lesson is followed by autonomous traffic on a visually unrelated map with the same directed graph structure.
q152	Shadows to Forces	structural-analogy	Occlusion patterns first teach a geometric relation that later reappears as invisible attraction between moving bodies.
q153	Braids to Signals	structural-analogy	Interleaving strands establishes a crossing algebra that transfers to temporal signal channels.
q154	Reservoir Crowd	structural-analogy	Population movement obeys the same conservation and capacity equations previously shown through fluid reservoirs.
q155	Mirror Roles	structural-analogy	A symmetry rule learned on shapes transfers to paired agents whose social roles mirror rather than their positions.
q156	Bridge Logic	structural-analogy	Physical bridge segments embody conjunction and disjunction, then the same structure governs activation without visible bridges.
q157	Same Graph New Bodies	structural-analogy	Several levels preserve an exact causal graph while replacing every object's appearance, motion, and spatial embedding.
q158	Causal Rhyme	structural-analogy	Two mechanisms share only the ordering of causes and effects, and a final level requires recognizing that abstract rhyme.
q159	Cross-Scale Transfer	structural-analogy	A rule learned among small objects inside one tile recurs among large regions across the whole board.
q160	Tool Metamorphosis	structural-analogy	A tool's functional relation survives when its parts become autonomous agents, testing transfer from mechanics to social coordination.
q161	Wager Gate	confidence-calibration	The player may claim a hypothesis at any time; correct claims unlock efficient control while incorrect claims remove scarce actions.
q162	Claim or Explore	confidence-calibration	Every turn offers either an information action or a progress action, making over-exploration and premature exploitation separately visible.
q163	Evidence Weight	confidence-calibration	Physical evidence pieces accumulate with different reliability and must be placed on one of several hypothesis platforms before commitment.
q164	Stop Test	confidence-calibration	A test sequence can continue indefinitely at a cost, but the environment rewards stopping once further observations cannot change the best action.
q165	Hypothesis Stack	confidence-calibration	Candidate rules are represented by movable objects that can be retained or discarded, and recovery depends on not collapsing uncertainty too early.
q166	Checkpoint Choice	confidence-calibration	The player chooses when to preserve state before a risky experiment; checkpoints are limited and reveal confidence through placement.
q167	Probe or Act	confidence-calibration	The same object can be safely probed or irreversibly used, with visual uncertainty shrinking as evidence accumulates.
q168	Calibration Orchard	confidence-calibration	Repeated noisy growth outcomes reveal stable likelihoods, and the player must allocate plants based on calibrated rather than absolute predictions.
q169	Uncertainty Routing	confidence-calibration	Cargo with uncertain destination can be held, routed to a reversible hub, or committed down a one-way branch.
q170	Commit Threshold	confidence-calibration	A visible evidence bar has no marked target; the player learns from feedback how much evidence different decisions require.
q171	Elastic Balance	continuous-quantity-reasoning	Stretching connected bands redistributes continuous-looking tension, and equilibrium rather than exact cell occupancy opens the gate.
q172	Fluid Blend	continuous-quantity-reasoning	Two fluids mix and divide through valves, with hue and area jointly conveying proportions without numeric notation.
q173	Density Drift	continuous-quantity-reasoning	Particle clouds move down a density gradient created by barriers, and the goal depends on shaping a distribution rather than individual paths.
q174	Resonant Steps	continuous-quantity-reasoning	Discrete pushes accumulate oscillation amplitude, and correctly phased pushes move a heavy body that no single action can shift.
q175	Pendulum Phase	continuous-quantity-reasoning	A turn-based pendulum exposes its phase through position and momentum, requiring timed transfers between moving platforms.
q176	Heat Diffusion	continuous-quantity-reasoning	Heat spreads locally after each turn and changes material affordances at visual thresholds, rewarding prediction of a field over time.
q177	Pressure Web	continuous-quantity-reasoning	Pistons alter pressure across connected chambers, and balancing gradients moves membranes without rupturing them.
q178	Wave Junction	continuous-quantity-reasoning	Pulses reflect and interfere on a network, with phase alignment at receivers rather than simple reachability determining success.
q179	Field Alignment	continuous-quantity-reasoning	Rotating a few local vectors gradually aligns a global field whose integral direction controls object drift.
q180	Gradient Climb	continuous-quantity-reasoning	Only local changes in a smooth hidden field are visible, so the player performs efficient hill climbing while avoiding deceptive plateaus.
q181	Affordance Debt	long-horizon-credit-assignment	Every shortcut creates a delayed obstacle of the same shape elsewhere, linking local convenience to future geometry.
q182	Borrowed Floor	long-horizon-credit-assignment	Tiles used in one room disappear from a later room, so an early path must conserve the material needed downstream.
q183	Delayed Escort	long-horizon-credit-assignment	Helping an agent changes its policy several rooms later, with intermediate rewards that can conceal the eventual effect.
q184	Seeded Weather	long-horizon-credit-assignment	Early placements alter a slowly evolving field that determines hazards only after multiple apparently unrelated subgoals.
q185	Promise Tokens	long-horizon-credit-assignment	Accepting temporary help creates a future obligation tied to the helper's identity, not the borrowed object.
q186	Deferred Mirror	long-horizon-credit-assignment	An action is mirrored only after a visible countdown and in a different region, requiring plans that reserve future space.
q187	Echo Cost	long-horizon-credit-assignment	Repeated use of an action gradually changes its later effect, making early action diversity relevant far beyond the current room.
q188	Future Walls	long-horizon-credit-assignment	The route walked in an early open field becomes the wall pattern of a later maze.
q189	Inheritance	long-horizon-credit-assignment	Resources and structural damage pass to a later controlled agent, so finishing the current level greedily can make the successor fail.
q190	Lasting Shortcut	long-horizon-credit-assignment	Opening one global shortcut permanently changes travel directions in every subsequent level, forcing a benchmark-wide planning choice.
q191	Event Compression	temporal-abstraction	Long deterministic animations contain a few causally important events, and the player must identify and act on event boundaries rather than individual frames.
q192	Nested Clocks	temporal-abstraction	Fast local cycles and a slow global cycle interact, requiring chunking repeated motion into higher-level phases.
q193	Routine Builder	temporal-abstraction	A repeated action sequence can be packaged into one macro, but choosing the wrong abstraction hides a necessary branch.
q194	Interrupt Window	temporal-abstraction	Autonomous routines run until interrupted, and only state-defined windows permit a useful interruption.
q195	Tempo Transfer	temporal-abstraction	A rhythm learned from one mechanism controls a slower mechanism after a simple scale transformation.
q196	Event Order	temporal-abstraction	Several animations vary in duration but preserve causal event order, so timing by frames fails while timing by events transfers.
q197	Phase Landmark	temporal-abstraction	A single distinctive configuration anchors an otherwise repetitive cycle and enables long-horizon synchronization.
q198	Action Chunking	temporal-abstraction	Later levels reward recognizing a familiar multi-action routine embedded inside a new plan without blindly replaying its final action.
q199	Slow Consequence	temporal-abstraction	Effects unfold across multiple frame sequences while new decisions remain available, requiring separation of pending and completed causes.
q200	Clock of Clocks	temporal-abstraction	Several learned temporal abstractions compose into a final system where local events trigger transitions of a higher-level state machine.
q201	Aurora Veil	observer-dependent-dynamics	In the polar observatory, crystal motes update under sweeping light curtains: exposing one region freezes its local transition while occluding it releases a domain-specific change, so the player must schedule attention across coupled regions. Returning the control to an earlier setting does not restore the earlier state, so the plan must model a visible hysteresis loop.
q202	Tide Veil	observer-dependent-dynamics	In the tidal basin, shell carriers update under reversing currents: exposing one region freezes its local transition while occluding it releases a domain-specific change, so the player must schedule attention across coupled regions. One operation is irreversible and must be delayed until the preceding evidence excludes every unsafe branch.
q203	Ember Veil	observer-dependent-dynamics	In the ceramic kiln, clay vessels update under stored heat bands: exposing one region freezes its local transition while occluding it releases a domain-specific change, so the player must schedule attention across coupled regions. Observation, movement, and repair consume the same finite resource, turning information gathering into a direct planning tradeoff.
q204	Honeycomb Veil	observer-dependent-dynamics	In the layered apiary, nectar couriers update under hexagonal scent fields: exposing one region freezes its local transition while occluding it releases a domain-specific change, so the player must schedule attention across coupled regions. Local state updates every action while the enclosing state updates only after a completed local cycle, requiring two clocks.
q205	Alloy Veil	observer-dependent-dynamics	In the magnetic foundry, metal billets update under alternating force lanes: exposing one region freezes its local transition while occluding it releases a domain-specific change, so the player must schedule attention across coupled regions. The relevant relation is expressed in a frame that translates and rotates between decisions rather than in screen coordinates.
q206	Palimpsest Veil	observer-dependent-dynamics	In the sliding archive, memory tiles update under overwritten shelf traces: exposing one region freezes its local transition while occluding it releases a domain-specific change, so the player must schedule attention across coupled regions. A visible failed example shares most of the successful sequence and isolates the single causal distinction that matters.
q207	Canopy Veil	observer-dependent-dynamics	In the terraced orchard, seed gliders update under seasonal shade bands: exposing one region freezes its local transition while occluding it releases a domain-specific change, so the player must schedule attention across coupled regions. A narrow intermediate store imposes a hard capacity, so a valid global transfer can still deadlock through bad ordering.
q208	Breakwater Veil	observer-dependent-dynamics	In the modular harbor, cargo skiffs update under tide-gated channels: exposing one region freezes its local transition while occluding it releases a domain-specific change, so the player must schedule attention across coupled regions. The consequence of the first intervention remains dormant across two solved subgoals before changing the terminal affordance.
q209	Strata Veil	observer-dependent-dynamics	In the deep quarry, ore crawlers update under load-bearing fault lines: exposing one region freezes its local transition while occluding it releases a domain-specific change, so the player must schedule attention across coupled regions. A probe can be undone physically but its observation persists, separating reversible world state from irreversible knowledge.
q210	Spore Veil	observer-dependent-dynamics	In the glass greenhouse, spore colonies update under humidity gradients: exposing one region freezes its local transition while occluding it releases a domain-specific change, so the player must schedule attention across coupled regions. Two autonomous actors update on different visible schedules, and useful coordination occurs only at sparse shared events.
q211	Tapestry Veil	observer-dependent-dynamics	In the kinetic loom, thread shuttles update under crossing tension fields: exposing one region freezes its local transition while occluding it releases a domain-specific change, so the player must schedule attention across coupled regions. Completing an intermediate pattern rewires which locations are adjacent, so the later plan operates on a new graph.
q212	Lockwater Veil	observer-dependent-dynamics	In the stepped canal, barge tokens update under coupled water levels: exposing one region freezes its local transition while occluding it releases a domain-specific change, so the player must schedule attention across coupled regions. Two entities exchange appearance and position while retaining causal identity, making trail history necessary for assignment.
q213	Murmuration Veil	observer-dependent-dynamics	In the open aviary, flock markers update under collective wind wakes: exposing one region freezes its local transition while occluding it releases a domain-specific change, so the player must schedule attention across coupled regions. A redundant parity relation detects one misleading observation and must be satisfied before the final action is accepted.
q214	Moraine Veil	observer-dependent-dynamics	In the moving glacier, stone rafts update under crevasse flow bands: exposing one region freezes its local transition while occluding it releases a domain-specific change, so the player must schedule attention across coupled regions. Solving a local enclosure changes one token in an outer dependency puzzle, coupling inner completion order to the terminal goal.
q215	Waystation Veil	observer-dependent-dynamics	In the desert caravan, supply walkers update under shifting dune corridors: exposing one region freezes its local transition while occluding it releases a domain-specific change, so the player must schedule attention across coupled regions. A visible opponent state updates from the last two player policies and punishes repetition with a predictable counter.
q216	Backstage Veil	observer-dependent-dynamics	In the rotating theater, mask actors update under scene-dependent sightlines: exposing one region freezes its local transition while occluding it releases a domain-specific change, so the player must schedule attention across coupled regions. Small discrete actions accumulate a continuous-looking quantity whose threshold and direction both matter.
q217	Catalyst Veil	observer-dependent-dynamics	In the chemical refinery, reactant beads update under temperature-gated pipes: exposing one region freezes its local transition while occluding it releases a domain-specific change, so the player must schedule attention across coupled regions. Looking at a component writes its current orientation into memory; hiding it later executes the stored orientation.
q218	Asterism Veil	observer-dependent-dynamics	In the orbital chart, star nodes update under precessing relation lines: exposing one region freezes its local transition while occluding it releases a domain-specific change, so the player must schedule attention across coupled regions. A single reset erases physical progress while preserving acquired evidence, enforcing separate experiment and execution phases.
q219	Reedbed Veil	observer-dependent-dynamics	In the flooded marsh, reed beetles update under salinity fronts: exposing one region freezes its local transition while occluding it releases a domain-specific change, so the player must schedule attention across coupled regions. Every constructed component changes both function and connectivity, so a locally useful tool can obstruct the global route.
q220	Vault Veil	observer-dependent-dynamics	In the branching catacomb, echo carriers update under pressure-sealed passages: exposing one region freezes its local transition while occluding it releases a domain-specific change, so the player must schedule attention across coupled regions. Two quantities are independently conserved but share containers, requiring simultaneous bookkeeping rather than one scalar total.
q221	Pollen Veil	observer-dependent-dynamics	In the alpine meadow, pollen kites update under directional bloom waves: exposing one region freezes its local transition while occluding it releases a domain-specific change, so the player must schedule attention across coupled regions. A wear cue announces a change point after which the learned rule becomes its complement instead of merely gaining difficulty.
q222	Semaphore Veil	observer-dependent-dynamics	In the cliff signal yard, flag agents update under occluded relay beams: exposing one region freezes its local transition while occluding it releases a domain-specific change, so the player must schedule attention across coupled regions. Two miniature systems accept different tests before exactly one learned policy is committed to the larger irreversible system.
q223	Impeller Veil	observer-dependent-dynamics	In the turbine chamber, blade riders update under counter-rotating wakes: exposing one region freezes its local transition while occluding it releases a domain-specific change, so the player must schedule attention across coupled regions. Further samples remain available but become costly once no possible result can change the best supported decision.
q224	Tessera Veil	observer-dependent-dynamics	In the folding mosaic, colored tesserae update under topology-changing seams: exposing one region freezes its local transition while occluding it releases a domain-specific change, so the player must schedule attention across coupled regions. A repeated autonomous routine can be compressed, but one state-defined window requires interrupting the macro before its last action.
q225	Vivarium Veil	observer-dependent-dynamics	In the stacked terrarium, microfauna update under temperature strata: exposing one region freezes its local transition while occluding it releases a domain-specific change, so the player must schedule attention across coupled regions. A partner remembers whether recent help was fair and changes a later policy according to a short, inferable reciprocity rule.
q226	Crossing Veil	observer-dependent-dynamics	In the river ferry, passenger tokens update under capacity-limited docks: exposing one region freezes its local transition while occluding it releases a domain-specific change, so the player must schedule attention across coupled regions. Separate controllers see disjoint attributes and must leave persistent nonverbal evidence before control alternates.
q227	Spectrum Veil	observer-dependent-dynamics	In the prism gallery, light packets update under wavelength-splitting panes: exposing one region freezes its local transition while occluding it releases a domain-specific change, so the player must schedule attention across coupled regions. The same relational algebra is demonstrated first with geometry and later with agents whose surface features share nothing.
q228	Escapement Veil	observer-dependent-dynamics	In the clock tower, weight tokens update under nested gear phases: exposing one region freezes its local transition while occluding it releases a domain-specific change, so the player must schedule attention across coupled regions. Several faults explain passive observations, but one carefully chosen intervention produces mutually exclusive outcomes.
q229	Monsoon Veil	observer-dependent-dynamics	In the weather garden, rain seeds update under delayed storm cells: exposing one region freezes its local transition while occluding it releases a domain-specific change, so the player must schedule attention across coupled regions. Two cycles have unequal periods and the useful action exists only at a phase pair rather than at a fixed elapsed time.
q230	Workbench Veil	observer-dependent-dynamics	In the mobile workshop, tool sprites update under reconfigurable fixtures: exposing one region freezes its local transition while occluding it releases a domain-specific change, so the player must schedule attention across coupled regions. A temporary benefit creates a delayed obligation attached to the helper's identity rather than to the transferred object.
q231	Aurora Pact	social-inference	Within the polar observatory, several crystal motes respond to recent offers using a stable but hidden convention grounded by sweeping light curtains; low-cost interactions reveal whether the group rewards fairness, recency, or reciprocity before a joint commitment. Returning the control to an earlier setting does not restore the earlier state, so the plan must model a visible hysteresis loop.
q232	Tide Pact	social-inference	Within the tidal basin, several shell carriers respond to recent offers using a stable but hidden convention grounded by reversing currents; low-cost interactions reveal whether the group rewards fairness, recency, or reciprocity before a joint commitment. One operation is irreversible and must be delayed until the preceding evidence excludes every unsafe branch.
q233	Ember Pact	social-inference	Within the ceramic kiln, several clay vessels respond to recent offers using a stable but hidden convention grounded by stored heat bands; low-cost interactions reveal whether the group rewards fairness, recency, or reciprocity before a joint commitment. Observation, movement, and repair consume the same finite resource, turning information gathering into a direct planning tradeoff.
q234	Honeycomb Pact	social-inference	Within the layered apiary, several nectar couriers respond to recent offers using a stable but hidden convention grounded by hexagonal scent fields; low-cost interactions reveal whether the group rewards fairness, recency, or reciprocity before a joint commitment. Local state updates every action while the enclosing state updates only after a completed local cycle, requiring two clocks.
q235	Alloy Pact	social-inference	Within the magnetic foundry, several metal billets respond to recent offers using a stable but hidden convention grounded by alternating force lanes; low-cost interactions reveal whether the group rewards fairness, recency, or reciprocity before a joint commitment. The relevant relation is expressed in a frame that translates and rotates between decisions rather than in screen coordinates.
q236	Palimpsest Pact	social-inference	Within the sliding archive, several memory tiles respond to recent offers using a stable but hidden convention grounded by overwritten shelf traces; low-cost interactions reveal whether the group rewards fairness, recency, or reciprocity before a joint commitment. A visible failed example shares most of the successful sequence and isolates the single causal distinction that matters.
q237	Canopy Pact	social-inference	Within the terraced orchard, several seed gliders respond to recent offers using a stable but hidden convention grounded by seasonal shade bands; low-cost interactions reveal whether the group rewards fairness, recency, or reciprocity before a joint commitment. A narrow intermediate store imposes a hard capacity, so a valid global transfer can still deadlock through bad ordering.
q238	Breakwater Pact	social-inference	Within the modular harbor, several cargo skiffs respond to recent offers using a stable but hidden convention grounded by tide-gated channels; low-cost interactions reveal whether the group rewards fairness, recency, or reciprocity before a joint commitment. The consequence of the first intervention remains dormant across two solved subgoals before changing the terminal affordance.
q239	Strata Pact	social-inference	Within the deep quarry, several ore crawlers respond to recent offers using a stable but hidden convention grounded by load-bearing fault lines; low-cost interactions reveal whether the group rewards fairness, recency, or reciprocity before a joint commitment. A probe can be undone physically but its observation persists, separating reversible world state from irreversible knowledge.
q240	Spore Pact	social-inference	Within the glass greenhouse, several spore colonies respond to recent offers using a stable but hidden convention grounded by humidity gradients; low-cost interactions reveal whether the group rewards fairness, recency, or reciprocity before a joint commitment. Two autonomous actors update on different visible schedules, and useful coordination occurs only at sparse shared events.
q241	Tapestry Pact	social-inference	Within the kinetic loom, several thread shuttles respond to recent offers using a stable but hidden convention grounded by crossing tension fields; low-cost interactions reveal whether the group rewards fairness, recency, or reciprocity before a joint commitment. Completing an intermediate pattern rewires which locations are adjacent, so the later plan operates on a new graph.
q242	Lockwater Pact	social-inference	Within the stepped canal, several barge tokens respond to recent offers using a stable but hidden convention grounded by coupled water levels; low-cost interactions reveal whether the group rewards fairness, recency, or reciprocity before a joint commitment. Two entities exchange appearance and position while retaining causal identity, making trail history necessary for assignment.
q243	Murmuration Pact	social-inference	Within the open aviary, several flock markers respond to recent offers using a stable but hidden convention grounded by collective wind wakes; low-cost interactions reveal whether the group rewards fairness, recency, or reciprocity before a joint commitment. A redundant parity relation detects one misleading observation and must be satisfied before the final action is accepted.
q244	Moraine Pact	social-inference	Within the moving glacier, several stone rafts respond to recent offers using a stable but hidden convention grounded by crevasse flow bands; low-cost interactions reveal whether the group rewards fairness, recency, or reciprocity before a joint commitment. Solving a local enclosure changes one token in an outer dependency puzzle, coupling inner completion order to the terminal goal.
q245	Waystation Pact	social-inference	Within the desert caravan, several supply walkers respond to recent offers using a stable but hidden convention grounded by shifting dune corridors; low-cost interactions reveal whether the group rewards fairness, recency, or reciprocity before a joint commitment. A visible opponent state updates from the last two player policies and punishes repetition with a predictable counter.
q246	Backstage Pact	social-inference	Within the rotating theater, several mask actors respond to recent offers using a stable but hidden convention grounded by scene-dependent sightlines; low-cost interactions reveal whether the group rewards fairness, recency, or reciprocity before a joint commitment. Small discrete actions accumulate a continuous-looking quantity whose threshold and direction both matter.
q247	Catalyst Pact	social-inference	Within the chemical refinery, several reactant beads respond to recent offers using a stable but hidden convention grounded by temperature-gated pipes; low-cost interactions reveal whether the group rewards fairness, recency, or reciprocity before a joint commitment. Looking at a component writes its current orientation into memory; hiding it later executes the stored orientation.
q248	Asterism Pact	social-inference	Within the orbital chart, several star nodes respond to recent offers using a stable but hidden convention grounded by precessing relation lines; low-cost interactions reveal whether the group rewards fairness, recency, or reciprocity before a joint commitment. A single reset erases physical progress while preserving acquired evidence, enforcing separate experiment and execution phases.
q249	Reedbed Pact	social-inference	Within the flooded marsh, several reed beetles respond to recent offers using a stable but hidden convention grounded by salinity fronts; low-cost interactions reveal whether the group rewards fairness, recency, or reciprocity before a joint commitment. Every constructed component changes both function and connectivity, so a locally useful tool can obstruct the global route.
q250	Vault Pact	social-inference	Within the branching catacomb, several echo carriers respond to recent offers using a stable but hidden convention grounded by pressure-sealed passages; low-cost interactions reveal whether the group rewards fairness, recency, or reciprocity before a joint commitment. Two quantities are independently conserved but share containers, requiring simultaneous bookkeeping rather than one scalar total.
q251	Pollen Pact	social-inference	Within the alpine meadow, several pollen kites respond to recent offers using a stable but hidden convention grounded by directional bloom waves; low-cost interactions reveal whether the group rewards fairness, recency, or reciprocity before a joint commitment. A wear cue announces a change point after which the learned rule becomes its complement instead of merely gaining difficulty.
q252	Semaphore Pact	social-inference	Within the cliff signal yard, several flag agents respond to recent offers using a stable but hidden convention grounded by occluded relay beams; low-cost interactions reveal whether the group rewards fairness, recency, or reciprocity before a joint commitment. Two miniature systems accept different tests before exactly one learned policy is committed to the larger irreversible system.
q253	Impeller Pact	social-inference	Within the turbine chamber, several blade riders respond to recent offers using a stable but hidden convention grounded by counter-rotating wakes; low-cost interactions reveal whether the group rewards fairness, recency, or reciprocity before a joint commitment. Further samples remain available but become costly once no possible result can change the best supported decision.
q254	Tessera Pact	social-inference	Within the folding mosaic, several colored tesserae respond to recent offers using a stable but hidden convention grounded by topology-changing seams; low-cost interactions reveal whether the group rewards fairness, recency, or reciprocity before a joint commitment. A repeated autonomous routine can be compressed, but one state-defined window requires interrupting the macro before its last action.
q255	Vivarium Pact	social-inference	Within the stacked terrarium, several microfauna respond to recent offers using a stable but hidden convention grounded by temperature strata; low-cost interactions reveal whether the group rewards fairness, recency, or reciprocity before a joint commitment. A partner remembers whether recent help was fair and changes a later policy according to a short, inferable reciprocity rule.
q256	Crossing Pact	social-inference	Within the river ferry, several passenger tokens respond to recent offers using a stable but hidden convention grounded by capacity-limited docks; low-cost interactions reveal whether the group rewards fairness, recency, or reciprocity before a joint commitment. Separate controllers see disjoint attributes and must leave persistent nonverbal evidence before control alternates.
q257	Spectrum Pact	social-inference	Within the prism gallery, several light packets respond to recent offers using a stable but hidden convention grounded by wavelength-splitting panes; low-cost interactions reveal whether the group rewards fairness, recency, or reciprocity before a joint commitment. The same relational algebra is demonstrated first with geometry and later with agents whose surface features share nothing.
q258	Escapement Pact	social-inference	Within the clock tower, several weight tokens respond to recent offers using a stable but hidden convention grounded by nested gear phases; low-cost interactions reveal whether the group rewards fairness, recency, or reciprocity before a joint commitment. Several faults explain passive observations, but one carefully chosen intervention produces mutually exclusive outcomes.
q259	Monsoon Pact	social-inference	Within the weather garden, several rain seeds respond to recent offers using a stable but hidden convention grounded by delayed storm cells; low-cost interactions reveal whether the group rewards fairness, recency, or reciprocity before a joint commitment. Two cycles have unequal periods and the useful action exists only at a phase pair rather than at a fixed elapsed time.
q260	Workbench Pact	social-inference	Within the mobile workshop, several tool sprites respond to recent offers using a stable but hidden convention grounded by reconfigurable fixtures; low-cost interactions reveal whether the group rewards fairness, recency, or reciprocity before a joint commitment. A temporary benefit creates a delayed obligation attached to the helper's identity rather than to the transferred object.
q261	Aurora Probe	causal-intervention	The polar observatory contains apparently adjacent crystal motes connected through hidden parts of sweeping light curtains; a small intervention budget must distinguish direct transmission, shared cause, and coincidence before one irreversible repair. Returning the control to an earlier setting does not restore the earlier state, so the plan must model a visible hysteresis loop.
q262	Tide Probe	causal-intervention	The tidal basin contains apparently adjacent shell carriers connected through hidden parts of reversing currents; a small intervention budget must distinguish direct transmission, shared cause, and coincidence before one irreversible repair. One operation is irreversible and must be delayed until the preceding evidence excludes every unsafe branch.
q263	Ember Probe	causal-intervention	The ceramic kiln contains apparently adjacent clay vessels connected through hidden parts of stored heat bands; a small intervention budget must distinguish direct transmission, shared cause, and coincidence before one irreversible repair. Observation, movement, and repair consume the same finite resource, turning information gathering into a direct planning tradeoff.
q264	Honeycomb Probe	causal-intervention	The layered apiary contains apparently adjacent nectar couriers connected through hidden parts of hexagonal scent fields; a small intervention budget must distinguish direct transmission, shared cause, and coincidence before one irreversible repair. Local state updates every action while the enclosing state updates only after a completed local cycle, requiring two clocks.
q265	Alloy Probe	causal-intervention	The magnetic foundry contains apparently adjacent metal billets connected through hidden parts of alternating force lanes; a small intervention budget must distinguish direct transmission, shared cause, and coincidence before one irreversible repair. The relevant relation is expressed in a frame that translates and rotates between decisions rather than in screen coordinates.
q266	Palimpsest Probe	causal-intervention	The sliding archive contains apparently adjacent memory tiles connected through hidden parts of overwritten shelf traces; a small intervention budget must distinguish direct transmission, shared cause, and coincidence before one irreversible repair. A visible failed example shares most of the successful sequence and isolates the single causal distinction that matters.
q267	Canopy Probe	causal-intervention	The terraced orchard contains apparently adjacent seed gliders connected through hidden parts of seasonal shade bands; a small intervention budget must distinguish direct transmission, shared cause, and coincidence before one irreversible repair. A narrow intermediate store imposes a hard capacity, so a valid global transfer can still deadlock through bad ordering.
q268	Breakwater Probe	causal-intervention	The modular harbor contains apparently adjacent cargo skiffs connected through hidden parts of tide-gated channels; a small intervention budget must distinguish direct transmission, shared cause, and coincidence before one irreversible repair. The consequence of the first intervention remains dormant across two solved subgoals before changing the terminal affordance.
q269	Strata Probe	causal-intervention	The deep quarry contains apparently adjacent ore crawlers connected through hidden parts of load-bearing fault lines; a small intervention budget must distinguish direct transmission, shared cause, and coincidence before one irreversible repair. A probe can be undone physically but its observation persists, separating reversible world state from irreversible knowledge.
q270	Spore Probe	causal-intervention	The glass greenhouse contains apparently adjacent spore colonies connected through hidden parts of humidity gradients; a small intervention budget must distinguish direct transmission, shared cause, and coincidence before one irreversible repair. Two autonomous actors update on different visible schedules, and useful coordination occurs only at sparse shared events.
q271	Tapestry Probe	causal-intervention	The kinetic loom contains apparently adjacent thread shuttles connected through hidden parts of crossing tension fields; a small intervention budget must distinguish direct transmission, shared cause, and coincidence before one irreversible repair. Completing an intermediate pattern rewires which locations are adjacent, so the later plan operates on a new graph.
q272	Lockwater Probe	causal-intervention	The stepped canal contains apparently adjacent barge tokens connected through hidden parts of coupled water levels; a small intervention budget must distinguish direct transmission, shared cause, and coincidence before one irreversible repair. Two entities exchange appearance and position while retaining causal identity, making trail history necessary for assignment.
q273	Murmuration Probe	causal-intervention	The open aviary contains apparently adjacent flock markers connected through hidden parts of collective wind wakes; a small intervention budget must distinguish direct transmission, shared cause, and coincidence before one irreversible repair. A redundant parity relation detects one misleading observation and must be satisfied before the final action is accepted.
q274	Moraine Probe	causal-intervention	The moving glacier contains apparently adjacent stone rafts connected through hidden parts of crevasse flow bands; a small intervention budget must distinguish direct transmission, shared cause, and coincidence before one irreversible repair. Solving a local enclosure changes one token in an outer dependency puzzle, coupling inner completion order to the terminal goal.
q275	Waystation Probe	causal-intervention	The desert caravan contains apparently adjacent supply walkers connected through hidden parts of shifting dune corridors; a small intervention budget must distinguish direct transmission, shared cause, and coincidence before one irreversible repair. A visible opponent state updates from the last two player policies and punishes repetition with a predictable counter.
q276	Backstage Probe	causal-intervention	The rotating theater contains apparently adjacent mask actors connected through hidden parts of scene-dependent sightlines; a small intervention budget must distinguish direct transmission, shared cause, and coincidence before one irreversible repair. Small discrete actions accumulate a continuous-looking quantity whose threshold and direction both matter.
q277	Catalyst Probe	causal-intervention	The chemical refinery contains apparently adjacent reactant beads connected through hidden parts of temperature-gated pipes; a small intervention budget must distinguish direct transmission, shared cause, and coincidence before one irreversible repair. Looking at a component writes its current orientation into memory; hiding it later executes the stored orientation.
q278	Asterism Probe	causal-intervention	The orbital chart contains apparently adjacent star nodes connected through hidden parts of precessing relation lines; a small intervention budget must distinguish direct transmission, shared cause, and coincidence before one irreversible repair. A single reset erases physical progress while preserving acquired evidence, enforcing separate experiment and execution phases.
q279	Reedbed Probe	causal-intervention	The flooded marsh contains apparently adjacent reed beetles connected through hidden parts of salinity fronts; a small intervention budget must distinguish direct transmission, shared cause, and coincidence before one irreversible repair. Every constructed component changes both function and connectivity, so a locally useful tool can obstruct the global route.
q280	Vault Probe	causal-intervention	The branching catacomb contains apparently adjacent echo carriers connected through hidden parts of pressure-sealed passages; a small intervention budget must distinguish direct transmission, shared cause, and coincidence before one irreversible repair. Two quantities are independently conserved but share containers, requiring simultaneous bookkeeping rather than one scalar total.
q281	Pollen Probe	causal-intervention	The alpine meadow contains apparently adjacent pollen kites connected through hidden parts of directional bloom waves; a small intervention budget must distinguish direct transmission, shared cause, and coincidence before one irreversible repair. A wear cue announces a change point after which the learned rule becomes its complement instead of merely gaining difficulty.
q282	Semaphore Probe	causal-intervention	The cliff signal yard contains apparently adjacent flag agents connected through hidden parts of occluded relay beams; a small intervention budget must distinguish direct transmission, shared cause, and coincidence before one irreversible repair. Two miniature systems accept different tests before exactly one learned policy is committed to the larger irreversible system.
q283	Impeller Probe	causal-intervention	The turbine chamber contains apparently adjacent blade riders connected through hidden parts of counter-rotating wakes; a small intervention budget must distinguish direct transmission, shared cause, and coincidence before one irreversible repair. Further samples remain available but become costly once no possible result can change the best supported decision.
q284	Tessera Probe	causal-intervention	The folding mosaic contains apparently adjacent colored tesserae connected through hidden parts of topology-changing seams; a small intervention budget must distinguish direct transmission, shared cause, and coincidence before one irreversible repair. A repeated autonomous routine can be compressed, but one state-defined window requires interrupting the macro before its last action.
q285	Vivarium Probe	causal-intervention	The stacked terrarium contains apparently adjacent microfauna connected through hidden parts of temperature strata; a small intervention budget must distinguish direct transmission, shared cause, and coincidence before one irreversible repair. A partner remembers whether recent help was fair and changes a later policy according to a short, inferable reciprocity rule.
q286	Crossing Probe	causal-intervention	The river ferry contains apparently adjacent passenger tokens connected through hidden parts of capacity-limited docks; a small intervention budget must distinguish direct transmission, shared cause, and coincidence before one irreversible repair. Separate controllers see disjoint attributes and must leave persistent nonverbal evidence before control alternates.
q287	Spectrum Probe	causal-intervention	The prism gallery contains apparently adjacent light packets connected through hidden parts of wavelength-splitting panes; a small intervention budget must distinguish direct transmission, shared cause, and coincidence before one irreversible repair. The same relational algebra is demonstrated first with geometry and later with agents whose surface features share nothing.
q288	Escapement Probe	causal-intervention	The clock tower contains apparently adjacent weight tokens connected through hidden parts of nested gear phases; a small intervention budget must distinguish direct transmission, shared cause, and coincidence before one irreversible repair. Several faults explain passive observations, but one carefully chosen intervention produces mutually exclusive outcomes.
q289	Monsoon Probe	causal-intervention	The weather garden contains apparently adjacent rain seeds connected through hidden parts of delayed storm cells; a small intervention budget must distinguish direct transmission, shared cause, and coincidence before one irreversible repair. Two cycles have unequal periods and the useful action exists only at a phase pair rather than at a fixed elapsed time.
q290	Workbench Probe	causal-intervention	The mobile workshop contains apparently adjacent tool sprites connected through hidden parts of reconfigurable fixtures; a small intervention budget must distinguish direct transmission, shared cause, and coincidence before one irreversible repair. A temporary benefit creates a delayed obligation attached to the helper's identity rather than to the transferred object.
q291	Aurora Ledger	conservation-law-induction	Across the polar observatory, transformations reshape crystal motes through sweeping light curtains while preserving one latent quantity; the goal distribution can be reached only by tracking transfers globally rather than matching local appearance. Returning the control to an earlier setting does not restore the earlier state, so the plan must model a visible hysteresis loop.
q292	Tide Ledger	conservation-law-induction	Across the tidal basin, transformations reshape shell carriers through reversing currents while preserving one latent quantity; the goal distribution can be reached only by tracking transfers globally rather than matching local appearance. One operation is irreversible and must be delayed until the preceding evidence excludes every unsafe branch.
q293	Ember Ledger	conservation-law-induction	Across the ceramic kiln, transformations reshape clay vessels through stored heat bands while preserving one latent quantity; the goal distribution can be reached only by tracking transfers globally rather than matching local appearance. Observation, movement, and repair consume the same finite resource, turning information gathering into a direct planning tradeoff.
q294	Honeycomb Ledger	conservation-law-induction	Across the layered apiary, transformations reshape nectar couriers through hexagonal scent fields while preserving one latent quantity; the goal distribution can be reached only by tracking transfers globally rather than matching local appearance. Local state updates every action while the enclosing state updates only after a completed local cycle, requiring two clocks.
q295	Alloy Ledger	conservation-law-induction	Across the magnetic foundry, transformations reshape metal billets through alternating force lanes while preserving one latent quantity; the goal distribution can be reached only by tracking transfers globally rather than matching local appearance. The relevant relation is expressed in a frame that translates and rotates between decisions rather than in screen coordinates.
q296	Palimpsest Ledger	conservation-law-induction	Across the sliding archive, transformations reshape memory tiles through overwritten shelf traces while preserving one latent quantity; the goal distribution can be reached only by tracking transfers globally rather than matching local appearance. A visible failed example shares most of the successful sequence and isolates the single causal distinction that matters.
q297	Canopy Ledger	conservation-law-induction	Across the terraced orchard, transformations reshape seed gliders through seasonal shade bands while preserving one latent quantity; the goal distribution can be reached only by tracking transfers globally rather than matching local appearance. A narrow intermediate store imposes a hard capacity, so a valid global transfer can still deadlock through bad ordering.
q298	Breakwater Ledger	conservation-law-induction	Across the modular harbor, transformations reshape cargo skiffs through tide-gated channels while preserving one latent quantity; the goal distribution can be reached only by tracking transfers globally rather than matching local appearance. The consequence of the first intervention remains dormant across two solved subgoals before changing the terminal affordance.
q299	Strata Ledger	conservation-law-induction	Across the deep quarry, transformations reshape ore crawlers through load-bearing fault lines while preserving one latent quantity; the goal distribution can be reached only by tracking transfers globally rather than matching local appearance. A probe can be undone physically but its observation persists, separating reversible world state from irreversible knowledge.
q300	Spore Ledger	conservation-law-induction	Across the glass greenhouse, transformations reshape spore colonies through humidity gradients while preserving one latent quantity; the goal distribution can be reached only by tracking transfers globally rather than matching local appearance. Two autonomous actors update on different visible schedules, and useful coordination occurs only at sparse shared events.
q301	Tapestry Ledger	conservation-law-induction	Across the kinetic loom, transformations reshape thread shuttles through crossing tension fields while preserving one latent quantity; the goal distribution can be reached only by tracking transfers globally rather than matching local appearance. Completing an intermediate pattern rewires which locations are adjacent, so the later plan operates on a new graph.
q302	Lockwater Ledger	conservation-law-induction	Across the stepped canal, transformations reshape barge tokens through coupled water levels while preserving one latent quantity; the goal distribution can be reached only by tracking transfers globally rather than matching local appearance. Two entities exchange appearance and position while retaining causal identity, making trail history necessary for assignment.
q303	Murmuration Ledger	conservation-law-induction	Across the open aviary, transformations reshape flock markers through collective wind wakes while preserving one latent quantity; the goal distribution can be reached only by tracking transfers globally rather than matching local appearance. A redundant parity relation detects one misleading observation and must be satisfied before the final action is accepted.
q304	Moraine Ledger	conservation-law-induction	Across the moving glacier, transformations reshape stone rafts through crevasse flow bands while preserving one latent quantity; the goal distribution can be reached only by tracking transfers globally rather than matching local appearance. Solving a local enclosure changes one token in an outer dependency puzzle, coupling inner completion order to the terminal goal.
q305	Waystation Ledger	conservation-law-induction	Across the desert caravan, transformations reshape supply walkers through shifting dune corridors while preserving one latent quantity; the goal distribution can be reached only by tracking transfers globally rather than matching local appearance. A visible opponent state updates from the last two player policies and punishes repetition with a predictable counter.
q306	Backstage Ledger	conservation-law-induction	Across the rotating theater, transformations reshape mask actors through scene-dependent sightlines while preserving one latent quantity; the goal distribution can be reached only by tracking transfers globally rather than matching local appearance. Small discrete actions accumulate a continuous-looking quantity whose threshold and direction both matter.
q307	Catalyst Ledger	conservation-law-induction	Across the chemical refinery, transformations reshape reactant beads through temperature-gated pipes while preserving one latent quantity; the goal distribution can be reached only by tracking transfers globally rather than matching local appearance. Looking at a component writes its current orientation into memory; hiding it later executes the stored orientation.
q308	Asterism Ledger	conservation-law-induction	Across the orbital chart, transformations reshape star nodes through precessing relation lines while preserving one latent quantity; the goal distribution can be reached only by tracking transfers globally rather than matching local appearance. A single reset erases physical progress while preserving acquired evidence, enforcing separate experiment and execution phases.
q309	Reedbed Ledger	conservation-law-induction	Across the flooded marsh, transformations reshape reed beetles through salinity fronts while preserving one latent quantity; the goal distribution can be reached only by tracking transfers globally rather than matching local appearance. Every constructed component changes both function and connectivity, so a locally useful tool can obstruct the global route.
q310	Vault Ledger	conservation-law-induction	Across the branching catacomb, transformations reshape echo carriers through pressure-sealed passages while preserving one latent quantity; the goal distribution can be reached only by tracking transfers globally rather than matching local appearance. Two quantities are independently conserved but share containers, requiring simultaneous bookkeeping rather than one scalar total.
q311	Pollen Ledger	conservation-law-induction	Across the alpine meadow, transformations reshape pollen kites through directional bloom waves while preserving one latent quantity; the goal distribution can be reached only by tracking transfers globally rather than matching local appearance. A wear cue announces a change point after which the learned rule becomes its complement instead of merely gaining difficulty.
q312	Semaphore Ledger	conservation-law-induction	Across the cliff signal yard, transformations reshape flag agents through occluded relay beams while preserving one latent quantity; the goal distribution can be reached only by tracking transfers globally rather than matching local appearance. Two miniature systems accept different tests before exactly one learned policy is committed to the larger irreversible system.
q313	Impeller Ledger	conservation-law-induction	Across the turbine chamber, transformations reshape blade riders through counter-rotating wakes while preserving one latent quantity; the goal distribution can be reached only by tracking transfers globally rather than matching local appearance. Further samples remain available but become costly once no possible result can change the best supported decision.
q314	Tessera Ledger	conservation-law-induction	Across the folding mosaic, transformations reshape colored tesserae through topology-changing seams while preserving one latent quantity; the goal distribution can be reached only by tracking transfers globally rather than matching local appearance. A repeated autonomous routine can be compressed, but one state-defined window requires interrupting the macro before its last action.
q315	Vivarium Ledger	conservation-law-induction	Across the stacked terrarium, transformations reshape microfauna through temperature strata while preserving one latent quantity; the goal distribution can be reached only by tracking transfers globally rather than matching local appearance. A partner remembers whether recent help was fair and changes a later policy according to a short, inferable reciprocity rule.
q316	Crossing Ledger	conservation-law-induction	Across the river ferry, transformations reshape passenger tokens through capacity-limited docks while preserving one latent quantity; the goal distribution can be reached only by tracking transfers globally rather than matching local appearance. Separate controllers see disjoint attributes and must leave persistent nonverbal evidence before control alternates.
q317	Spectrum Ledger	conservation-law-induction	Across the prism gallery, transformations reshape light packets through wavelength-splitting panes while preserving one latent quantity; the goal distribution can be reached only by tracking transfers globally rather than matching local appearance. The same relational algebra is demonstrated first with geometry and later with agents whose surface features share nothing.
q318	Escapement Ledger	conservation-law-induction	Across the clock tower, transformations reshape weight tokens through nested gear phases while preserving one latent quantity; the goal distribution can be reached only by tracking transfers globally rather than matching local appearance. Several faults explain passive observations, but one carefully chosen intervention produces mutually exclusive outcomes.
q319	Monsoon Ledger	conservation-law-induction	Across the weather garden, transformations reshape rain seeds through delayed storm cells while preserving one latent quantity; the goal distribution can be reached only by tracking transfers globally rather than matching local appearance. Two cycles have unequal periods and the useful action exists only at a phase pair rather than at a fixed elapsed time.
q320	Workbench Ledger	conservation-law-induction	Across the mobile workshop, transformations reshape tool sprites through reconfigurable fixtures while preserving one latent quantity; the goal distribution can be reached only by tracking transfers globally rather than matching local appearance. A temporary benefit creates a delayed obligation attached to the helper's identity rather than to the transferred object.
q321	Aurora Survey	epistemic-resource-allocation	Disposable observations in the polar observatory reveal bounded slices of sweeping light curtains around selected crystal motes; the player must choose measurements whose union answers a later route question before the evidence budget expires. Returning the control to an earlier setting does not restore the earlier state, so the plan must model a visible hysteresis loop.
q322	Tide Survey	epistemic-resource-allocation	Disposable observations in the tidal basin reveal bounded slices of reversing currents around selected shell carriers; the player must choose measurements whose union answers a later route question before the evidence budget expires. One operation is irreversible and must be delayed until the preceding evidence excludes every unsafe branch.
q323	Ember Survey	epistemic-resource-allocation	Disposable observations in the ceramic kiln reveal bounded slices of stored heat bands around selected clay vessels; the player must choose measurements whose union answers a later route question before the evidence budget expires. Observation, movement, and repair consume the same finite resource, turning information gathering into a direct planning tradeoff.
q324	Honeycomb Survey	epistemic-resource-allocation	Disposable observations in the layered apiary reveal bounded slices of hexagonal scent fields around selected nectar couriers; the player must choose measurements whose union answers a later route question before the evidence budget expires. Local state updates every action while the enclosing state updates only after a completed local cycle, requiring two clocks.
q325	Alloy Survey	epistemic-resource-allocation	Disposable observations in the magnetic foundry reveal bounded slices of alternating force lanes around selected metal billets; the player must choose measurements whose union answers a later route question before the evidence budget expires. The relevant relation is expressed in a frame that translates and rotates between decisions rather than in screen coordinates.
q326	Palimpsest Survey	epistemic-resource-allocation	Disposable observations in the sliding archive reveal bounded slices of overwritten shelf traces around selected memory tiles; the player must choose measurements whose union answers a later route question before the evidence budget expires. A visible failed example shares most of the successful sequence and isolates the single causal distinction that matters.
q327	Canopy Survey	epistemic-resource-allocation	Disposable observations in the terraced orchard reveal bounded slices of seasonal shade bands around selected seed gliders; the player must choose measurements whose union answers a later route question before the evidence budget expires. A narrow intermediate store imposes a hard capacity, so a valid global transfer can still deadlock through bad ordering.
q328	Breakwater Survey	epistemic-resource-allocation	Disposable observations in the modular harbor reveal bounded slices of tide-gated channels around selected cargo skiffs; the player must choose measurements whose union answers a later route question before the evidence budget expires. The consequence of the first intervention remains dormant across two solved subgoals before changing the terminal affordance.
q329	Strata Survey	epistemic-resource-allocation	Disposable observations in the deep quarry reveal bounded slices of load-bearing fault lines around selected ore crawlers; the player must choose measurements whose union answers a later route question before the evidence budget expires. A probe can be undone physically but its observation persists, separating reversible world state from irreversible knowledge.
q330	Spore Survey	epistemic-resource-allocation	Disposable observations in the glass greenhouse reveal bounded slices of humidity gradients around selected spore colonies; the player must choose measurements whose union answers a later route question before the evidence budget expires. Two autonomous actors update on different visible schedules, and useful coordination occurs only at sparse shared events.
q331	Tapestry Survey	epistemic-resource-allocation	Disposable observations in the kinetic loom reveal bounded slices of crossing tension fields around selected thread shuttles; the player must choose measurements whose union answers a later route question before the evidence budget expires. Completing an intermediate pattern rewires which locations are adjacent, so the later plan operates on a new graph.
q332	Lockwater Survey	epistemic-resource-allocation	Disposable observations in the stepped canal reveal bounded slices of coupled water levels around selected barge tokens; the player must choose measurements whose union answers a later route question before the evidence budget expires. Two entities exchange appearance and position while retaining causal identity, making trail history necessary for assignment.
q333	Murmuration Survey	epistemic-resource-allocation	Disposable observations in the open aviary reveal bounded slices of collective wind wakes around selected flock markers; the player must choose measurements whose union answers a later route question before the evidence budget expires. A redundant parity relation detects one misleading observation and must be satisfied before the final action is accepted.
q334	Moraine Survey	epistemic-resource-allocation	Disposable observations in the moving glacier reveal bounded slices of crevasse flow bands around selected stone rafts; the player must choose measurements whose union answers a later route question before the evidence budget expires. Solving a local enclosure changes one token in an outer dependency puzzle, coupling inner completion order to the terminal goal.
q335	Waystation Survey	epistemic-resource-allocation	Disposable observations in the desert caravan reveal bounded slices of shifting dune corridors around selected supply walkers; the player must choose measurements whose union answers a later route question before the evidence budget expires. A visible opponent state updates from the last two player policies and punishes repetition with a predictable counter.
q336	Backstage Survey	epistemic-resource-allocation	Disposable observations in the rotating theater reveal bounded slices of scene-dependent sightlines around selected mask actors; the player must choose measurements whose union answers a later route question before the evidence budget expires. Small discrete actions accumulate a continuous-looking quantity whose threshold and direction both matter.
q337	Catalyst Survey	epistemic-resource-allocation	Disposable observations in the chemical refinery reveal bounded slices of temperature-gated pipes around selected reactant beads; the player must choose measurements whose union answers a later route question before the evidence budget expires. Looking at a component writes its current orientation into memory; hiding it later executes the stored orientation.
q338	Asterism Survey	epistemic-resource-allocation	Disposable observations in the orbital chart reveal bounded slices of precessing relation lines around selected star nodes; the player must choose measurements whose union answers a later route question before the evidence budget expires. A single reset erases physical progress while preserving acquired evidence, enforcing separate experiment and execution phases.
q339	Reedbed Survey	epistemic-resource-allocation	Disposable observations in the flooded marsh reveal bounded slices of salinity fronts around selected reed beetles; the player must choose measurements whose union answers a later route question before the evidence budget expires. Every constructed component changes both function and connectivity, so a locally useful tool can obstruct the global route.
q340	Vault Survey	epistemic-resource-allocation	Disposable observations in the branching catacomb reveal bounded slices of pressure-sealed passages around selected echo carriers; the player must choose measurements whose union answers a later route question before the evidence budget expires. Two quantities are independently conserved but share containers, requiring simultaneous bookkeeping rather than one scalar total.
q341	Pollen Survey	epistemic-resource-allocation	Disposable observations in the alpine meadow reveal bounded slices of directional bloom waves around selected pollen kites; the player must choose measurements whose union answers a later route question before the evidence budget expires. A wear cue announces a change point after which the learned rule becomes its complement instead of merely gaining difficulty.
q342	Semaphore Survey	epistemic-resource-allocation	Disposable observations in the cliff signal yard reveal bounded slices of occluded relay beams around selected flag agents; the player must choose measurements whose union answers a later route question before the evidence budget expires. Two miniature systems accept different tests before exactly one learned policy is committed to the larger irreversible system.
q343	Impeller Survey	epistemic-resource-allocation	Disposable observations in the turbine chamber reveal bounded slices of counter-rotating wakes around selected blade riders; the player must choose measurements whose union answers a later route question before the evidence budget expires. Further samples remain available but become costly once no possible result can change the best supported decision.
q344	Tessera Survey	epistemic-resource-allocation	Disposable observations in the folding mosaic reveal bounded slices of topology-changing seams around selected colored tesserae; the player must choose measurements whose union answers a later route question before the evidence budget expires. A repeated autonomous routine can be compressed, but one state-defined window requires interrupting the macro before its last action.
q345	Vivarium Survey	epistemic-resource-allocation	Disposable observations in the stacked terrarium reveal bounded slices of temperature strata around selected microfauna; the player must choose measurements whose union answers a later route question before the evidence budget expires. A partner remembers whether recent help was fair and changes a later policy according to a short, inferable reciprocity rule.
q346	Crossing Survey	epistemic-resource-allocation	Disposable observations in the river ferry reveal bounded slices of capacity-limited docks around selected passenger tokens; the player must choose measurements whose union answers a later route question before the evidence budget expires. Separate controllers see disjoint attributes and must leave persistent nonverbal evidence before control alternates.
q347	Spectrum Survey	epistemic-resource-allocation	Disposable observations in the prism gallery reveal bounded slices of wavelength-splitting panes around selected light packets; the player must choose measurements whose union answers a later route question before the evidence budget expires. The same relational algebra is demonstrated first with geometry and later with agents whose surface features share nothing.
q348	Escapement Survey	epistemic-resource-allocation	Disposable observations in the clock tower reveal bounded slices of nested gear phases around selected weight tokens; the player must choose measurements whose union answers a later route question before the evidence budget expires. Several faults explain passive observations, but one carefully chosen intervention produces mutually exclusive outcomes.
q349	Monsoon Survey	epistemic-resource-allocation	Disposable observations in the weather garden reveal bounded slices of delayed storm cells around selected rain seeds; the player must choose measurements whose union answers a later route question before the evidence budget expires. Two cycles have unequal periods and the useful action exists only at a phase pair rather than at a fixed elapsed time.
q350	Workbench Survey	epistemic-resource-allocation	Disposable observations in the mobile workshop reveal bounded slices of reconfigurable fixtures around selected tool sprites; the player must choose measurements whose union answers a later route question before the evidence budget expires. A temporary benefit creates a delayed obligation attached to the helper's identity rather than to the transferred object.
q351	Aurora Rig	tool-construction	Short components in the polar observatory can redirect, join, or support crystal motes moving through sweeping light curtains; later levels require building one reusable device whose geometry has two interacting functional effects. Returning the control to an earlier setting does not restore the earlier state, so the plan must model a visible hysteresis loop.
q352	Tide Rig	tool-construction	Short components in the tidal basin can redirect, join, or support shell carriers moving through reversing currents; later levels require building one reusable device whose geometry has two interacting functional effects. One operation is irreversible and must be delayed until the preceding evidence excludes every unsafe branch.
q353	Ember Rig	tool-construction	Short components in the ceramic kiln can redirect, join, or support clay vessels moving through stored heat bands; later levels require building one reusable device whose geometry has two interacting functional effects. Observation, movement, and repair consume the same finite resource, turning information gathering into a direct planning tradeoff.
q354	Honeycomb Rig	tool-construction	Short components in the layered apiary can redirect, join, or support nectar couriers moving through hexagonal scent fields; later levels require building one reusable device whose geometry has two interacting functional effects. Local state updates every action while the enclosing state updates only after a completed local cycle, requiring two clocks.
q355	Alloy Rig	tool-construction	Short components in the magnetic foundry can redirect, join, or support metal billets moving through alternating force lanes; later levels require building one reusable device whose geometry has two interacting functional effects. The relevant relation is expressed in a frame that translates and rotates between decisions rather than in screen coordinates.
q356	Palimpsest Rig	tool-construction	Short components in the sliding archive can redirect, join, or support memory tiles moving through overwritten shelf traces; later levels require building one reusable device whose geometry has two interacting functional effects. A visible failed example shares most of the successful sequence and isolates the single causal distinction that matters.
q357	Canopy Rig	tool-construction	Short components in the terraced orchard can redirect, join, or support seed gliders moving through seasonal shade bands; later levels require building one reusable device whose geometry has two interacting functional effects. A narrow intermediate store imposes a hard capacity, so a valid global transfer can still deadlock through bad ordering.
q358	Breakwater Rig	tool-construction	Short components in the modular harbor can redirect, join, or support cargo skiffs moving through tide-gated channels; later levels require building one reusable device whose geometry has two interacting functional effects. The consequence of the first intervention remains dormant across two solved subgoals before changing the terminal affordance.
q359	Strata Rig	tool-construction	Short components in the deep quarry can redirect, join, or support ore crawlers moving through load-bearing fault lines; later levels require building one reusable device whose geometry has two interacting functional effects. A probe can be undone physically but its observation persists, separating reversible world state from irreversible knowledge.
q360	Spore Rig	tool-construction	Short components in the glass greenhouse can redirect, join, or support spore colonies moving through humidity gradients; later levels require building one reusable device whose geometry has two interacting functional effects. Two autonomous actors update on different visible schedules, and useful coordination occurs only at sparse shared events.
q361	Tapestry Rig	tool-construction	Short components in the kinetic loom can redirect, join, or support thread shuttles moving through crossing tension fields; later levels require building one reusable device whose geometry has two interacting functional effects. Completing an intermediate pattern rewires which locations are adjacent, so the later plan operates on a new graph.
q362	Lockwater Rig	tool-construction	Short components in the stepped canal can redirect, join, or support barge tokens moving through coupled water levels; later levels require building one reusable device whose geometry has two interacting functional effects. Two entities exchange appearance and position while retaining causal identity, making trail history necessary for assignment.
q363	Murmuration Rig	tool-construction	Short components in the open aviary can redirect, join, or support flock markers moving through collective wind wakes; later levels require building one reusable device whose geometry has two interacting functional effects. A redundant parity relation detects one misleading observation and must be satisfied before the final action is accepted.
q364	Moraine Rig	tool-construction	Short components in the moving glacier can redirect, join, or support stone rafts moving through crevasse flow bands; later levels require building one reusable device whose geometry has two interacting functional effects. Solving a local enclosure changes one token in an outer dependency puzzle, coupling inner completion order to the terminal goal.
q365	Waystation Rig	tool-construction	Short components in the desert caravan can redirect, join, or support supply walkers moving through shifting dune corridors; later levels require building one reusable device whose geometry has two interacting functional effects. A visible opponent state updates from the last two player policies and punishes repetition with a predictable counter.
q366	Backstage Rig	tool-construction	Short components in the rotating theater can redirect, join, or support mask actors moving through scene-dependent sightlines; later levels require building one reusable device whose geometry has two interacting functional effects. Small discrete actions accumulate a continuous-looking quantity whose threshold and direction both matter.
q367	Catalyst Rig	tool-construction	Short components in the chemical refinery can redirect, join, or support reactant beads moving through temperature-gated pipes; later levels require building one reusable device whose geometry has two interacting functional effects. Looking at a component writes its current orientation into memory; hiding it later executes the stored orientation.
q368	Asterism Rig	tool-construction	Short components in the orbital chart can redirect, join, or support star nodes moving through precessing relation lines; later levels require building one reusable device whose geometry has two interacting functional effects. A single reset erases physical progress while preserving acquired evidence, enforcing separate experiment and execution phases.
q369	Reedbed Rig	tool-construction	Short components in the flooded marsh can redirect, join, or support reed beetles moving through salinity fronts; later levels require building one reusable device whose geometry has two interacting functional effects. Every constructed component changes both function and connectivity, so a locally useful tool can obstruct the global route.
q370	Vault Rig	tool-construction	Short components in the branching catacomb can redirect, join, or support echo carriers moving through pressure-sealed passages; later levels require building one reusable device whose geometry has two interacting functional effects. Two quantities are independently conserved but share containers, requiring simultaneous bookkeeping rather than one scalar total.
q371	Pollen Rig	tool-construction	Short components in the alpine meadow can redirect, join, or support pollen kites moving through directional bloom waves; later levels require building one reusable device whose geometry has two interacting functional effects. A wear cue announces a change point after which the learned rule becomes its complement instead of merely gaining difficulty.
q372	Semaphore Rig	tool-construction	Short components in the cliff signal yard can redirect, join, or support flag agents moving through occluded relay beams; later levels require building one reusable device whose geometry has two interacting functional effects. Two miniature systems accept different tests before exactly one learned policy is committed to the larger irreversible system.
q373	Impeller Rig	tool-construction	Short components in the turbine chamber can redirect, join, or support blade riders moving through counter-rotating wakes; later levels require building one reusable device whose geometry has two interacting functional effects. Further samples remain available but become costly once no possible result can change the best supported decision.
q374	Tessera Rig	tool-construction	Short components in the folding mosaic can redirect, join, or support colored tesserae moving through topology-changing seams; later levels require building one reusable device whose geometry has two interacting functional effects. A repeated autonomous routine can be compressed, but one state-defined window requires interrupting the macro before its last action.
q375	Vivarium Rig	tool-construction	Short components in the stacked terrarium can redirect, join, or support microfauna moving through temperature strata; later levels require building one reusable device whose geometry has two interacting functional effects. A partner remembers whether recent help was fair and changes a later policy according to a short, inferable reciprocity rule.
q376	Crossing Rig	tool-construction	Short components in the river ferry can redirect, join, or support passenger tokens moving through capacity-limited docks; later levels require building one reusable device whose geometry has two interacting functional effects. Separate controllers see disjoint attributes and must leave persistent nonverbal evidence before control alternates.
q377	Spectrum Rig	tool-construction	Short components in the prism gallery can redirect, join, or support light packets moving through wavelength-splitting panes; later levels require building one reusable device whose geometry has two interacting functional effects. The same relational algebra is demonstrated first with geometry and later with agents whose surface features share nothing.
q378	Escapement Rig	tool-construction	Short components in the clock tower can redirect, join, or support weight tokens moving through nested gear phases; later levels require building one reusable device whose geometry has two interacting functional effects. Several faults explain passive observations, but one carefully chosen intervention produces mutually exclusive outcomes.
q379	Monsoon Rig	tool-construction	Short components in the weather garden can redirect, join, or support rain seeds moving through delayed storm cells; later levels require building one reusable device whose geometry has two interacting functional effects. Two cycles have unequal periods and the useful action exists only at a phase pair rather than at a fixed elapsed time.
q380	Workbench Rig	tool-construction	Short components in the mobile workshop can redirect, join, or support tool sprites moving through reconfigurable fixtures; later levels require building one reusable device whose geometry has two interacting functional effects. A temporary benefit creates a delayed obligation attached to the helper's identity rather than to the transferred object.
q381	Aurora Delegation	distributed-partial-observability	Two controllers in the polar observatory receive complementary projections of crystal motes and sweeping light curtains; alternating control and leaving persistent nonverbal marks are required to integrate the remote evidence into one action. Returning the control to an earlier setting does not restore the earlier state, so the plan must model a visible hysteresis loop.
q382	Tide Delegation	distributed-partial-observability	Two controllers in the tidal basin receive complementary projections of shell carriers and reversing currents; alternating control and leaving persistent nonverbal marks are required to integrate the remote evidence into one action. One operation is irreversible and must be delayed until the preceding evidence excludes every unsafe branch.
q383	Ember Delegation	distributed-partial-observability	Two controllers in the ceramic kiln receive complementary projections of clay vessels and stored heat bands; alternating control and leaving persistent nonverbal marks are required to integrate the remote evidence into one action. Observation, movement, and repair consume the same finite resource, turning information gathering into a direct planning tradeoff.
q384	Honeycomb Delegation	distributed-partial-observability	Two controllers in the layered apiary receive complementary projections of nectar couriers and hexagonal scent fields; alternating control and leaving persistent nonverbal marks are required to integrate the remote evidence into one action. Local state updates every action while the enclosing state updates only after a completed local cycle, requiring two clocks.
q385	Alloy Delegation	distributed-partial-observability	Two controllers in the magnetic foundry receive complementary projections of metal billets and alternating force lanes; alternating control and leaving persistent nonverbal marks are required to integrate the remote evidence into one action. The relevant relation is expressed in a frame that translates and rotates between decisions rather than in screen coordinates.
q386	Palimpsest Delegation	distributed-partial-observability	Two controllers in the sliding archive receive complementary projections of memory tiles and overwritten shelf traces; alternating control and leaving persistent nonverbal marks are required to integrate the remote evidence into one action. A visible failed example shares most of the successful sequence and isolates the single causal distinction that matters.
q387	Canopy Delegation	distributed-partial-observability	Two controllers in the terraced orchard receive complementary projections of seed gliders and seasonal shade bands; alternating control and leaving persistent nonverbal marks are required to integrate the remote evidence into one action. A narrow intermediate store imposes a hard capacity, so a valid global transfer can still deadlock through bad ordering.
q388	Breakwater Delegation	distributed-partial-observability	Two controllers in the modular harbor receive complementary projections of cargo skiffs and tide-gated channels; alternating control and leaving persistent nonverbal marks are required to integrate the remote evidence into one action. The consequence of the first intervention remains dormant across two solved subgoals before changing the terminal affordance.
q389	Strata Delegation	distributed-partial-observability	Two controllers in the deep quarry receive complementary projections of ore crawlers and load-bearing fault lines; alternating control and leaving persistent nonverbal marks are required to integrate the remote evidence into one action. A probe can be undone physically but its observation persists, separating reversible world state from irreversible knowledge.
q390	Spore Delegation	distributed-partial-observability	Two controllers in the glass greenhouse receive complementary projections of spore colonies and humidity gradients; alternating control and leaving persistent nonverbal marks are required to integrate the remote evidence into one action. Two autonomous actors update on different visible schedules, and useful coordination occurs only at sparse shared events.
q391	Tapestry Delegation	distributed-partial-observability	Two controllers in the kinetic loom receive complementary projections of thread shuttles and crossing tension fields; alternating control and leaving persistent nonverbal marks are required to integrate the remote evidence into one action. Completing an intermediate pattern rewires which locations are adjacent, so the later plan operates on a new graph.
q392	Lockwater Delegation	distributed-partial-observability	Two controllers in the stepped canal receive complementary projections of barge tokens and coupled water levels; alternating control and leaving persistent nonverbal marks are required to integrate the remote evidence into one action. Two entities exchange appearance and position while retaining causal identity, making trail history necessary for assignment.
q393	Murmuration Delegation	distributed-partial-observability	Two controllers in the open aviary receive complementary projections of flock markers and collective wind wakes; alternating control and leaving persistent nonverbal marks are required to integrate the remote evidence into one action. A redundant parity relation detects one misleading observation and must be satisfied before the final action is accepted.
q394	Moraine Delegation	distributed-partial-observability	Two controllers in the moving glacier receive complementary projections of stone rafts and crevasse flow bands; alternating control and leaving persistent nonverbal marks are required to integrate the remote evidence into one action. Solving a local enclosure changes one token in an outer dependency puzzle, coupling inner completion order to the terminal goal.
q395	Waystation Delegation	distributed-partial-observability	Two controllers in the desert caravan receive complementary projections of supply walkers and shifting dune corridors; alternating control and leaving persistent nonverbal marks are required to integrate the remote evidence into one action. A visible opponent state updates from the last two player policies and punishes repetition with a predictable counter.
q396	Backstage Delegation	distributed-partial-observability	Two controllers in the rotating theater receive complementary projections of mask actors and scene-dependent sightlines; alternating control and leaving persistent nonverbal marks are required to integrate the remote evidence into one action. Small discrete actions accumulate a continuous-looking quantity whose threshold and direction both matter.
q397	Catalyst Delegation	distributed-partial-observability	Two controllers in the chemical refinery receive complementary projections of reactant beads and temperature-gated pipes; alternating control and leaving persistent nonverbal marks are required to integrate the remote evidence into one action. Looking at a component writes its current orientation into memory; hiding it later executes the stored orientation.
q398	Asterism Delegation	distributed-partial-observability	Two controllers in the orbital chart receive complementary projections of star nodes and precessing relation lines; alternating control and leaving persistent nonverbal marks are required to integrate the remote evidence into one action. A single reset erases physical progress while preserving acquired evidence, enforcing separate experiment and execution phases.
q399	Reedbed Delegation	distributed-partial-observability	Two controllers in the flooded marsh receive complementary projections of reed beetles and salinity fronts; alternating control and leaving persistent nonverbal marks are required to integrate the remote evidence into one action. Every constructed component changes both function and connectivity, so a locally useful tool can obstruct the global route.
q400	Vault Delegation	distributed-partial-observability	Two controllers in the branching catacomb receive complementary projections of echo carriers and pressure-sealed passages; alternating control and leaving persistent nonverbal marks are required to integrate the remote evidence into one action. Two quantities are independently conserved but share containers, requiring simultaneous bookkeeping rather than one scalar total.
q401	Pollen Delegation	distributed-partial-observability	Two controllers in the alpine meadow receive complementary projections of pollen kites and directional bloom waves; alternating control and leaving persistent nonverbal marks are required to integrate the remote evidence into one action. A wear cue announces a change point after which the learned rule becomes its complement instead of merely gaining difficulty.
q402	Semaphore Delegation	distributed-partial-observability	Two controllers in the cliff signal yard receive complementary projections of flag agents and occluded relay beams; alternating control and leaving persistent nonverbal marks are required to integrate the remote evidence into one action. Two miniature systems accept different tests before exactly one learned policy is committed to the larger irreversible system.
q403	Impeller Delegation	distributed-partial-observability	Two controllers in the turbine chamber receive complementary projections of blade riders and counter-rotating wakes; alternating control and leaving persistent nonverbal marks are required to integrate the remote evidence into one action. Further samples remain available but become costly once no possible result can change the best supported decision.
q404	Tessera Delegation	distributed-partial-observability	Two controllers in the folding mosaic receive complementary projections of colored tesserae and topology-changing seams; alternating control and leaving persistent nonverbal marks are required to integrate the remote evidence into one action. A repeated autonomous routine can be compressed, but one state-defined window requires interrupting the macro before its last action.
q405	Vivarium Delegation	distributed-partial-observability	Two controllers in the stacked terrarium receive complementary projections of microfauna and temperature strata; alternating control and leaving persistent nonverbal marks are required to integrate the remote evidence into one action. A partner remembers whether recent help was fair and changes a later policy according to a short, inferable reciprocity rule.
q406	Crossing Delegation	distributed-partial-observability	Two controllers in the river ferry receive complementary projections of passenger tokens and capacity-limited docks; alternating control and leaving persistent nonverbal marks are required to integrate the remote evidence into one action. Separate controllers see disjoint attributes and must leave persistent nonverbal evidence before control alternates.
q407	Spectrum Delegation	distributed-partial-observability	Two controllers in the prism gallery receive complementary projections of light packets and wavelength-splitting panes; alternating control and leaving persistent nonverbal marks are required to integrate the remote evidence into one action. The same relational algebra is demonstrated first with geometry and later with agents whose surface features share nothing.
q408	Escapement Delegation	distributed-partial-observability	Two controllers in the clock tower receive complementary projections of weight tokens and nested gear phases; alternating control and leaving persistent nonverbal marks are required to integrate the remote evidence into one action. Several faults explain passive observations, but one carefully chosen intervention produces mutually exclusive outcomes.
q409	Monsoon Delegation	distributed-partial-observability	Two controllers in the weather garden receive complementary projections of rain seeds and delayed storm cells; alternating control and leaving persistent nonverbal marks are required to integrate the remote evidence into one action. Two cycles have unequal periods and the useful action exists only at a phase pair rather than at a fixed elapsed time.
q410	Workbench Delegation	distributed-partial-observability	Two controllers in the mobile workshop receive complementary projections of tool sprites and reconfigurable fixtures; alternating control and leaving persistent nonverbal marks are required to integrate the remote evidence into one action. A temporary benefit creates a delayed obligation attached to the helper's identity rather than to the transferred object.
q411	Aurora Revision	nonstationary-rule-revision	A visible wear state in the polar observatory causes the rule governing crystal motes and sweeping light curtains to change at a learnable boundary; sparse recalibration must identify whether the new law is inverted, rotated, or delayed. Returning the control to an earlier setting does not restore the earlier state, so the plan must model a visible hysteresis loop.
q412	Tide Revision	nonstationary-rule-revision	A visible wear state in the tidal basin causes the rule governing shell carriers and reversing currents to change at a learnable boundary; sparse recalibration must identify whether the new law is inverted, rotated, or delayed. One operation is irreversible and must be delayed until the preceding evidence excludes every unsafe branch.
q413	Ember Revision	nonstationary-rule-revision	A visible wear state in the ceramic kiln causes the rule governing clay vessels and stored heat bands to change at a learnable boundary; sparse recalibration must identify whether the new law is inverted, rotated, or delayed. Observation, movement, and repair consume the same finite resource, turning information gathering into a direct planning tradeoff.
q414	Honeycomb Revision	nonstationary-rule-revision	A visible wear state in the layered apiary causes the rule governing nectar couriers and hexagonal scent fields to change at a learnable boundary; sparse recalibration must identify whether the new law is inverted, rotated, or delayed. Local state updates every action while the enclosing state updates only after a completed local cycle, requiring two clocks.
q415	Alloy Revision	nonstationary-rule-revision	A visible wear state in the magnetic foundry causes the rule governing metal billets and alternating force lanes to change at a learnable boundary; sparse recalibration must identify whether the new law is inverted, rotated, or delayed. The relevant relation is expressed in a frame that translates and rotates between decisions rather than in screen coordinates.
q416	Palimpsest Revision	nonstationary-rule-revision	A visible wear state in the sliding archive causes the rule governing memory tiles and overwritten shelf traces to change at a learnable boundary; sparse recalibration must identify whether the new law is inverted, rotated, or delayed. A visible failed example shares most of the successful sequence and isolates the single causal distinction that matters.
q417	Canopy Revision	nonstationary-rule-revision	A visible wear state in the terraced orchard causes the rule governing seed gliders and seasonal shade bands to change at a learnable boundary; sparse recalibration must identify whether the new law is inverted, rotated, or delayed. A narrow intermediate store imposes a hard capacity, so a valid global transfer can still deadlock through bad ordering.
q418	Breakwater Revision	nonstationary-rule-revision	A visible wear state in the modular harbor causes the rule governing cargo skiffs and tide-gated channels to change at a learnable boundary; sparse recalibration must identify whether the new law is inverted, rotated, or delayed. The consequence of the first intervention remains dormant across two solved subgoals before changing the terminal affordance.
q419	Strata Revision	nonstationary-rule-revision	A visible wear state in the deep quarry causes the rule governing ore crawlers and load-bearing fault lines to change at a learnable boundary; sparse recalibration must identify whether the new law is inverted, rotated, or delayed. A probe can be undone physically but its observation persists, separating reversible world state from irreversible knowledge.
q420	Spore Revision	nonstationary-rule-revision	A visible wear state in the glass greenhouse causes the rule governing spore colonies and humidity gradients to change at a learnable boundary; sparse recalibration must identify whether the new law is inverted, rotated, or delayed. Two autonomous actors update on different visible schedules, and useful coordination occurs only at sparse shared events.
q421	Tapestry Revision	nonstationary-rule-revision	A visible wear state in the kinetic loom causes the rule governing thread shuttles and crossing tension fields to change at a learnable boundary; sparse recalibration must identify whether the new law is inverted, rotated, or delayed. Completing an intermediate pattern rewires which locations are adjacent, so the later plan operates on a new graph.
q422	Lockwater Revision	nonstationary-rule-revision	A visible wear state in the stepped canal causes the rule governing barge tokens and coupled water levels to change at a learnable boundary; sparse recalibration must identify whether the new law is inverted, rotated, or delayed. Two entities exchange appearance and position while retaining causal identity, making trail history necessary for assignment.
q423	Murmuration Revision	nonstationary-rule-revision	A visible wear state in the open aviary causes the rule governing flock markers and collective wind wakes to change at a learnable boundary; sparse recalibration must identify whether the new law is inverted, rotated, or delayed. A redundant parity relation detects one misleading observation and must be satisfied before the final action is accepted.
q424	Moraine Revision	nonstationary-rule-revision	A visible wear state in the moving glacier causes the rule governing stone rafts and crevasse flow bands to change at a learnable boundary; sparse recalibration must identify whether the new law is inverted, rotated, or delayed. Solving a local enclosure changes one token in an outer dependency puzzle, coupling inner completion order to the terminal goal.
q425	Waystation Revision	nonstationary-rule-revision	A visible wear state in the desert caravan causes the rule governing supply walkers and shifting dune corridors to change at a learnable boundary; sparse recalibration must identify whether the new law is inverted, rotated, or delayed. A visible opponent state updates from the last two player policies and punishes repetition with a predictable counter.
q426	Backstage Revision	nonstationary-rule-revision	A visible wear state in the rotating theater causes the rule governing mask actors and scene-dependent sightlines to change at a learnable boundary; sparse recalibration must identify whether the new law is inverted, rotated, or delayed. Small discrete actions accumulate a continuous-looking quantity whose threshold and direction both matter.
q427	Catalyst Revision	nonstationary-rule-revision	A visible wear state in the chemical refinery causes the rule governing reactant beads and temperature-gated pipes to change at a learnable boundary; sparse recalibration must identify whether the new law is inverted, rotated, or delayed. Looking at a component writes its current orientation into memory; hiding it later executes the stored orientation.
q428	Asterism Revision	nonstationary-rule-revision	A visible wear state in the orbital chart causes the rule governing star nodes and precessing relation lines to change at a learnable boundary; sparse recalibration must identify whether the new law is inverted, rotated, or delayed. A single reset erases physical progress while preserving acquired evidence, enforcing separate experiment and execution phases.
q429	Reedbed Revision	nonstationary-rule-revision	A visible wear state in the flooded marsh causes the rule governing reed beetles and salinity fronts to change at a learnable boundary; sparse recalibration must identify whether the new law is inverted, rotated, or delayed. Every constructed component changes both function and connectivity, so a locally useful tool can obstruct the global route.
q430	Vault Revision	nonstationary-rule-revision	A visible wear state in the branching catacomb causes the rule governing echo carriers and pressure-sealed passages to change at a learnable boundary; sparse recalibration must identify whether the new law is inverted, rotated, or delayed. Two quantities are independently conserved but share containers, requiring simultaneous bookkeeping rather than one scalar total.
q431	Pollen Revision	nonstationary-rule-revision	A visible wear state in the alpine meadow causes the rule governing pollen kites and directional bloom waves to change at a learnable boundary; sparse recalibration must identify whether the new law is inverted, rotated, or delayed. A wear cue announces a change point after which the learned rule becomes its complement instead of merely gaining difficulty.
q432	Semaphore Revision	nonstationary-rule-revision	A visible wear state in the cliff signal yard causes the rule governing flag agents and occluded relay beams to change at a learnable boundary; sparse recalibration must identify whether the new law is inverted, rotated, or delayed. Two miniature systems accept different tests before exactly one learned policy is committed to the larger irreversible system.
q433	Impeller Revision	nonstationary-rule-revision	A visible wear state in the turbine chamber causes the rule governing blade riders and counter-rotating wakes to change at a learnable boundary; sparse recalibration must identify whether the new law is inverted, rotated, or delayed. Further samples remain available but become costly once no possible result can change the best supported decision.
q434	Tessera Revision	nonstationary-rule-revision	A visible wear state in the folding mosaic causes the rule governing colored tesserae and topology-changing seams to change at a learnable boundary; sparse recalibration must identify whether the new law is inverted, rotated, or delayed. A repeated autonomous routine can be compressed, but one state-defined window requires interrupting the macro before its last action.
q435	Vivarium Revision	nonstationary-rule-revision	A visible wear state in the stacked terrarium causes the rule governing microfauna and temperature strata to change at a learnable boundary; sparse recalibration must identify whether the new law is inverted, rotated, or delayed. A partner remembers whether recent help was fair and changes a later policy according to a short, inferable reciprocity rule.
q436	Crossing Revision	nonstationary-rule-revision	A visible wear state in the river ferry causes the rule governing passenger tokens and capacity-limited docks to change at a learnable boundary; sparse recalibration must identify whether the new law is inverted, rotated, or delayed. Separate controllers see disjoint attributes and must leave persistent nonverbal evidence before control alternates.
q437	Spectrum Revision	nonstationary-rule-revision	A visible wear state in the prism gallery causes the rule governing light packets and wavelength-splitting panes to change at a learnable boundary; sparse recalibration must identify whether the new law is inverted, rotated, or delayed. The same relational algebra is demonstrated first with geometry and later with agents whose surface features share nothing.
q438	Escapement Revision	nonstationary-rule-revision	A visible wear state in the clock tower causes the rule governing weight tokens and nested gear phases to change at a learnable boundary; sparse recalibration must identify whether the new law is inverted, rotated, or delayed. Several faults explain passive observations, but one carefully chosen intervention produces mutually exclusive outcomes.
q439	Monsoon Revision	nonstationary-rule-revision	A visible wear state in the weather garden causes the rule governing rain seeds and delayed storm cells to change at a learnable boundary; sparse recalibration must identify whether the new law is inverted, rotated, or delayed. Two cycles have unequal periods and the useful action exists only at a phase pair rather than at a fixed elapsed time.
q440	Workbench Revision	nonstationary-rule-revision	A visible wear state in the mobile workshop causes the rule governing tool sprites and reconfigurable fixtures to change at a learnable boundary; sparse recalibration must identify whether the new law is inverted, rotated, or delayed. A temporary benefit creates a delayed obligation attached to the helper's identity rather than to the transferred object.
q441	Aurora Lineage	persistent-identity	The crystal motes in the polar observatory repeatedly split, merge, and exchange appearances along sweeping light curtains; only their causal trails preserve identity when a later gate requests a particular ancestor rather than a current look. Returning the control to an earlier setting does not restore the earlier state, so the plan must model a visible hysteresis loop.
q442	Tide Lineage	persistent-identity	The shell carriers in the tidal basin repeatedly split, merge, and exchange appearances along reversing currents; only their causal trails preserve identity when a later gate requests a particular ancestor rather than a current look. One operation is irreversible and must be delayed until the preceding evidence excludes every unsafe branch.
q443	Ember Lineage	persistent-identity	The clay vessels in the ceramic kiln repeatedly split, merge, and exchange appearances along stored heat bands; only their causal trails preserve identity when a later gate requests a particular ancestor rather than a current look. Observation, movement, and repair consume the same finite resource, turning information gathering into a direct planning tradeoff.
q444	Honeycomb Lineage	persistent-identity	The nectar couriers in the layered apiary repeatedly split, merge, and exchange appearances along hexagonal scent fields; only their causal trails preserve identity when a later gate requests a particular ancestor rather than a current look. Local state updates every action while the enclosing state updates only after a completed local cycle, requiring two clocks.
q445	Alloy Lineage	persistent-identity	The metal billets in the magnetic foundry repeatedly split, merge, and exchange appearances along alternating force lanes; only their causal trails preserve identity when a later gate requests a particular ancestor rather than a current look. The relevant relation is expressed in a frame that translates and rotates between decisions rather than in screen coordinates.
q446	Palimpsest Lineage	persistent-identity	The memory tiles in the sliding archive repeatedly split, merge, and exchange appearances along overwritten shelf traces; only their causal trails preserve identity when a later gate requests a particular ancestor rather than a current look. A visible failed example shares most of the successful sequence and isolates the single causal distinction that matters.
q447	Canopy Lineage	persistent-identity	The seed gliders in the terraced orchard repeatedly split, merge, and exchange appearances along seasonal shade bands; only their causal trails preserve identity when a later gate requests a particular ancestor rather than a current look. A narrow intermediate store imposes a hard capacity, so a valid global transfer can still deadlock through bad ordering.
q448	Breakwater Lineage	persistent-identity	The cargo skiffs in the modular harbor repeatedly split, merge, and exchange appearances along tide-gated channels; only their causal trails preserve identity when a later gate requests a particular ancestor rather than a current look. The consequence of the first intervention remains dormant across two solved subgoals before changing the terminal affordance.
q449	Strata Lineage	persistent-identity	The ore crawlers in the deep quarry repeatedly split, merge, and exchange appearances along load-bearing fault lines; only their causal trails preserve identity when a later gate requests a particular ancestor rather than a current look. A probe can be undone physically but its observation persists, separating reversible world state from irreversible knowledge.
q450	Spore Lineage	persistent-identity	The spore colonies in the glass greenhouse repeatedly split, merge, and exchange appearances along humidity gradients; only their causal trails preserve identity when a later gate requests a particular ancestor rather than a current look. Two autonomous actors update on different visible schedules, and useful coordination occurs only at sparse shared events.
q451	Tapestry Lineage	persistent-identity	The thread shuttles in the kinetic loom repeatedly split, merge, and exchange appearances along crossing tension fields; only their causal trails preserve identity when a later gate requests a particular ancestor rather than a current look. Completing an intermediate pattern rewires which locations are adjacent, so the later plan operates on a new graph.
q452	Lockwater Lineage	persistent-identity	The barge tokens in the stepped canal repeatedly split, merge, and exchange appearances along coupled water levels; only their causal trails preserve identity when a later gate requests a particular ancestor rather than a current look. Two entities exchange appearance and position while retaining causal identity, making trail history necessary for assignment.
q453	Murmuration Lineage	persistent-identity	The flock markers in the open aviary repeatedly split, merge, and exchange appearances along collective wind wakes; only their causal trails preserve identity when a later gate requests a particular ancestor rather than a current look. A redundant parity relation detects one misleading observation and must be satisfied before the final action is accepted.
q454	Moraine Lineage	persistent-identity	The stone rafts in the moving glacier repeatedly split, merge, and exchange appearances along crevasse flow bands; only their causal trails preserve identity when a later gate requests a particular ancestor rather than a current look. Solving a local enclosure changes one token in an outer dependency puzzle, coupling inner completion order to the terminal goal.
q455	Waystation Lineage	persistent-identity	The supply walkers in the desert caravan repeatedly split, merge, and exchange appearances along shifting dune corridors; only their causal trails preserve identity when a later gate requests a particular ancestor rather than a current look. A visible opponent state updates from the last two player policies and punishes repetition with a predictable counter.
q456	Backstage Lineage	persistent-identity	The mask actors in the rotating theater repeatedly split, merge, and exchange appearances along scene-dependent sightlines; only their causal trails preserve identity when a later gate requests a particular ancestor rather than a current look. Small discrete actions accumulate a continuous-looking quantity whose threshold and direction both matter.
q457	Catalyst Lineage	persistent-identity	The reactant beads in the chemical refinery repeatedly split, merge, and exchange appearances along temperature-gated pipes; only their causal trails preserve identity when a later gate requests a particular ancestor rather than a current look. Looking at a component writes its current orientation into memory; hiding it later executes the stored orientation.
q458	Asterism Lineage	persistent-identity	The star nodes in the orbital chart repeatedly split, merge, and exchange appearances along precessing relation lines; only their causal trails preserve identity when a later gate requests a particular ancestor rather than a current look. A single reset erases physical progress while preserving acquired evidence, enforcing separate experiment and execution phases.
q459	Reedbed Lineage	persistent-identity	The reed beetles in the flooded marsh repeatedly split, merge, and exchange appearances along salinity fronts; only their causal trails preserve identity when a later gate requests a particular ancestor rather than a current look. Every constructed component changes both function and connectivity, so a locally useful tool can obstruct the global route.
q460	Vault Lineage	persistent-identity	The echo carriers in the branching catacomb repeatedly split, merge, and exchange appearances along pressure-sealed passages; only their causal trails preserve identity when a later gate requests a particular ancestor rather than a current look. Two quantities are independently conserved but share containers, requiring simultaneous bookkeeping rather than one scalar total.
q461	Pollen Lineage	persistent-identity	The pollen kites in the alpine meadow repeatedly split, merge, and exchange appearances along directional bloom waves; only their causal trails preserve identity when a later gate requests a particular ancestor rather than a current look. A wear cue announces a change point after which the learned rule becomes its complement instead of merely gaining difficulty.
q462	Semaphore Lineage	persistent-identity	The flag agents in the cliff signal yard repeatedly split, merge, and exchange appearances along occluded relay beams; only their causal trails preserve identity when a later gate requests a particular ancestor rather than a current look. Two miniature systems accept different tests before exactly one learned policy is committed to the larger irreversible system.
q463	Impeller Lineage	persistent-identity	The blade riders in the turbine chamber repeatedly split, merge, and exchange appearances along counter-rotating wakes; only their causal trails preserve identity when a later gate requests a particular ancestor rather than a current look. Further samples remain available but become costly once no possible result can change the best supported decision.
q464	Tessera Lineage	persistent-identity	The colored tesserae in the folding mosaic repeatedly split, merge, and exchange appearances along topology-changing seams; only their causal trails preserve identity when a later gate requests a particular ancestor rather than a current look. A repeated autonomous routine can be compressed, but one state-defined window requires interrupting the macro before its last action.
q465	Vivarium Lineage	persistent-identity	The microfauna in the stacked terrarium repeatedly split, merge, and exchange appearances along temperature strata; only their causal trails preserve identity when a later gate requests a particular ancestor rather than a current look. A partner remembers whether recent help was fair and changes a later policy according to a short, inferable reciprocity rule.
q466	Crossing Lineage	persistent-identity	The passenger tokens in the river ferry repeatedly split, merge, and exchange appearances along capacity-limited docks; only their causal trails preserve identity when a later gate requests a particular ancestor rather than a current look. Separate controllers see disjoint attributes and must leave persistent nonverbal evidence before control alternates.
q467	Spectrum Lineage	persistent-identity	The light packets in the prism gallery repeatedly split, merge, and exchange appearances along wavelength-splitting panes; only their causal trails preserve identity when a later gate requests a particular ancestor rather than a current look. The same relational algebra is demonstrated first with geometry and later with agents whose surface features share nothing.
q468	Escapement Lineage	persistent-identity	The weight tokens in the clock tower repeatedly split, merge, and exchange appearances along nested gear phases; only their causal trails preserve identity when a later gate requests a particular ancestor rather than a current look. Several faults explain passive observations, but one carefully chosen intervention produces mutually exclusive outcomes.
q469	Monsoon Lineage	persistent-identity	The rain seeds in the weather garden repeatedly split, merge, and exchange appearances along delayed storm cells; only their causal trails preserve identity when a later gate requests a particular ancestor rather than a current look. Two cycles have unequal periods and the useful action exists only at a phase pair rather than at a fixed elapsed time.
q470	Workbench Lineage	persistent-identity	The tool sprites in the mobile workshop repeatedly split, merge, and exchange appearances along reconfigurable fixtures; only their causal trails preserve identity when a later gate requests a particular ancestor rather than a current look. A temporary benefit creates a delayed obligation attached to the helper's identity rather than to the transferred object.
q471	Aurora Dependency	hierarchical-goal-discovery	A terminal request in the polar observatory expands into nested prerequisites involving crystal motes and sweeping light curtains; completing stable lower patterns unlocks new operations, and shared subgoals must be reused across branches. Returning the control to an earlier setting does not restore the earlier state, so the plan must model a visible hysteresis loop.
q472	Tide Dependency	hierarchical-goal-discovery	A terminal request in the tidal basin expands into nested prerequisites involving shell carriers and reversing currents; completing stable lower patterns unlocks new operations, and shared subgoals must be reused across branches. One operation is irreversible and must be delayed until the preceding evidence excludes every unsafe branch.
q473	Ember Dependency	hierarchical-goal-discovery	A terminal request in the ceramic kiln expands into nested prerequisites involving clay vessels and stored heat bands; completing stable lower patterns unlocks new operations, and shared subgoals must be reused across branches. Observation, movement, and repair consume the same finite resource, turning information gathering into a direct planning tradeoff.
q474	Honeycomb Dependency	hierarchical-goal-discovery	A terminal request in the layered apiary expands into nested prerequisites involving nectar couriers and hexagonal scent fields; completing stable lower patterns unlocks new operations, and shared subgoals must be reused across branches. Local state updates every action while the enclosing state updates only after a completed local cycle, requiring two clocks.
q475	Alloy Dependency	hierarchical-goal-discovery	A terminal request in the magnetic foundry expands into nested prerequisites involving metal billets and alternating force lanes; completing stable lower patterns unlocks new operations, and shared subgoals must be reused across branches. The relevant relation is expressed in a frame that translates and rotates between decisions rather than in screen coordinates.
q476	Palimpsest Dependency	hierarchical-goal-discovery	A terminal request in the sliding archive expands into nested prerequisites involving memory tiles and overwritten shelf traces; completing stable lower patterns unlocks new operations, and shared subgoals must be reused across branches. A visible failed example shares most of the successful sequence and isolates the single causal distinction that matters.
q477	Canopy Dependency	hierarchical-goal-discovery	A terminal request in the terraced orchard expands into nested prerequisites involving seed gliders and seasonal shade bands; completing stable lower patterns unlocks new operations, and shared subgoals must be reused across branches. A narrow intermediate store imposes a hard capacity, so a valid global transfer can still deadlock through bad ordering.
q478	Breakwater Dependency	hierarchical-goal-discovery	A terminal request in the modular harbor expands into nested prerequisites involving cargo skiffs and tide-gated channels; completing stable lower patterns unlocks new operations, and shared subgoals must be reused across branches. The consequence of the first intervention remains dormant across two solved subgoals before changing the terminal affordance.
q479	Strata Dependency	hierarchical-goal-discovery	A terminal request in the deep quarry expands into nested prerequisites involving ore crawlers and load-bearing fault lines; completing stable lower patterns unlocks new operations, and shared subgoals must be reused across branches. A probe can be undone physically but its observation persists, separating reversible world state from irreversible knowledge.
q480	Spore Dependency	hierarchical-goal-discovery	A terminal request in the glass greenhouse expands into nested prerequisites involving spore colonies and humidity gradients; completing stable lower patterns unlocks new operations, and shared subgoals must be reused across branches. Two autonomous actors update on different visible schedules, and useful coordination occurs only at sparse shared events.
q481	Tapestry Dependency	hierarchical-goal-discovery	A terminal request in the kinetic loom expands into nested prerequisites involving thread shuttles and crossing tension fields; completing stable lower patterns unlocks new operations, and shared subgoals must be reused across branches. Completing an intermediate pattern rewires which locations are adjacent, so the later plan operates on a new graph.
q482	Lockwater Dependency	hierarchical-goal-discovery	A terminal request in the stepped canal expands into nested prerequisites involving barge tokens and coupled water levels; completing stable lower patterns unlocks new operations, and shared subgoals must be reused across branches. Two entities exchange appearance and position while retaining causal identity, making trail history necessary for assignment.
q483	Murmuration Dependency	hierarchical-goal-discovery	A terminal request in the open aviary expands into nested prerequisites involving flock markers and collective wind wakes; completing stable lower patterns unlocks new operations, and shared subgoals must be reused across branches. A redundant parity relation detects one misleading observation and must be satisfied before the final action is accepted.
q484	Moraine Dependency	hierarchical-goal-discovery	A terminal request in the moving glacier expands into nested prerequisites involving stone rafts and crevasse flow bands; completing stable lower patterns unlocks new operations, and shared subgoals must be reused across branches. Solving a local enclosure changes one token in an outer dependency puzzle, coupling inner completion order to the terminal goal.
q485	Waystation Dependency	hierarchical-goal-discovery	A terminal request in the desert caravan expands into nested prerequisites involving supply walkers and shifting dune corridors; completing stable lower patterns unlocks new operations, and shared subgoals must be reused across branches. A visible opponent state updates from the last two player policies and punishes repetition with a predictable counter.
q486	Backstage Dependency	hierarchical-goal-discovery	A terminal request in the rotating theater expands into nested prerequisites involving mask actors and scene-dependent sightlines; completing stable lower patterns unlocks new operations, and shared subgoals must be reused across branches. Small discrete actions accumulate a continuous-looking quantity whose threshold and direction both matter.
q487	Catalyst Dependency	hierarchical-goal-discovery	A terminal request in the chemical refinery expands into nested prerequisites involving reactant beads and temperature-gated pipes; completing stable lower patterns unlocks new operations, and shared subgoals must be reused across branches. Looking at a component writes its current orientation into memory; hiding it later executes the stored orientation.
q488	Asterism Dependency	hierarchical-goal-discovery	A terminal request in the orbital chart expands into nested prerequisites involving star nodes and precessing relation lines; completing stable lower patterns unlocks new operations, and shared subgoals must be reused across branches. A single reset erases physical progress while preserving acquired evidence, enforcing separate experiment and execution phases.
q489	Reedbed Dependency	hierarchical-goal-discovery	A terminal request in the flooded marsh expands into nested prerequisites involving reed beetles and salinity fronts; completing stable lower patterns unlocks new operations, and shared subgoals must be reused across branches. Every constructed component changes both function and connectivity, so a locally useful tool can obstruct the global route.
q490	Vault Dependency	hierarchical-goal-discovery	A terminal request in the branching catacomb expands into nested prerequisites involving echo carriers and pressure-sealed passages; completing stable lower patterns unlocks new operations, and shared subgoals must be reused across branches. Two quantities are independently conserved but share containers, requiring simultaneous bookkeeping rather than one scalar total.
q491	Pollen Dependency	hierarchical-goal-discovery	A terminal request in the alpine meadow expands into nested prerequisites involving pollen kites and directional bloom waves; completing stable lower patterns unlocks new operations, and shared subgoals must be reused across branches. A wear cue announces a change point after which the learned rule becomes its complement instead of merely gaining difficulty.
q492	Semaphore Dependency	hierarchical-goal-discovery	A terminal request in the cliff signal yard expands into nested prerequisites involving flag agents and occluded relay beams; completing stable lower patterns unlocks new operations, and shared subgoals must be reused across branches. Two miniature systems accept different tests before exactly one learned policy is committed to the larger irreversible system.
q493	Impeller Dependency	hierarchical-goal-discovery	A terminal request in the turbine chamber expands into nested prerequisites involving blade riders and counter-rotating wakes; completing stable lower patterns unlocks new operations, and shared subgoals must be reused across branches. Further samples remain available but become costly once no possible result can change the best supported decision.
q494	Tessera Dependency	hierarchical-goal-discovery	A terminal request in the folding mosaic expands into nested prerequisites involving colored tesserae and topology-changing seams; completing stable lower patterns unlocks new operations, and shared subgoals must be reused across branches. A repeated autonomous routine can be compressed, but one state-defined window requires interrupting the macro before its last action.
q495	Vivarium Dependency	hierarchical-goal-discovery	A terminal request in the stacked terrarium expands into nested prerequisites involving microfauna and temperature strata; completing stable lower patterns unlocks new operations, and shared subgoals must be reused across branches. A partner remembers whether recent help was fair and changes a later policy according to a short, inferable reciprocity rule.
q496	Crossing Dependency	hierarchical-goal-discovery	A terminal request in the river ferry expands into nested prerequisites involving passenger tokens and capacity-limited docks; completing stable lower patterns unlocks new operations, and shared subgoals must be reused across branches. Separate controllers see disjoint attributes and must leave persistent nonverbal evidence before control alternates.
q497	Spectrum Dependency	hierarchical-goal-discovery	A terminal request in the prism gallery expands into nested prerequisites involving light packets and wavelength-splitting panes; completing stable lower patterns unlocks new operations, and shared subgoals must be reused across branches. The same relational algebra is demonstrated first with geometry and later with agents whose surface features share nothing.
q498	Escapement Dependency	hierarchical-goal-discovery	A terminal request in the clock tower expands into nested prerequisites involving weight tokens and nested gear phases; completing stable lower patterns unlocks new operations, and shared subgoals must be reused across branches. Several faults explain passive observations, but one carefully chosen intervention produces mutually exclusive outcomes.
q499	Monsoon Dependency	hierarchical-goal-discovery	A terminal request in the weather garden expands into nested prerequisites involving rain seeds and delayed storm cells; completing stable lower patterns unlocks new operations, and shared subgoals must be reused across branches. Two cycles have unequal periods and the useful action exists only at a phase pair rather than at a fixed elapsed time.
q500	Workbench Dependency	hierarchical-goal-discovery	A terminal request in the mobile workshop expands into nested prerequisites involving tool sprites and reconfigurable fixtures; completing stable lower patterns unlocks new operations, and shared subgoals must be reused across branches. A temporary benefit creates a delayed obligation attached to the helper's identity rather than to the transferred object.
q501	Aurora Frame	multi-scale-reference-frames	Local motion of crystal motes inside the polar observatory composes with translation and rotation of sweeping light curtains; edge exchanges depend on global alignment even though every control is expressed in a moving local frame. Returning the control to an earlier setting does not restore the earlier state, so the plan must model a visible hysteresis loop.
q502	Tide Frame	multi-scale-reference-frames	Local motion of shell carriers inside the tidal basin composes with translation and rotation of reversing currents; edge exchanges depend on global alignment even though every control is expressed in a moving local frame. One operation is irreversible and must be delayed until the preceding evidence excludes every unsafe branch.
q503	Ember Frame	multi-scale-reference-frames	Local motion of clay vessels inside the ceramic kiln composes with translation and rotation of stored heat bands; edge exchanges depend on global alignment even though every control is expressed in a moving local frame. Observation, movement, and repair consume the same finite resource, turning information gathering into a direct planning tradeoff.
q504	Honeycomb Frame	multi-scale-reference-frames	Local motion of nectar couriers inside the layered apiary composes with translation and rotation of hexagonal scent fields; edge exchanges depend on global alignment even though every control is expressed in a moving local frame. Local state updates every action while the enclosing state updates only after a completed local cycle, requiring two clocks.
q505	Alloy Frame	multi-scale-reference-frames	Local motion of metal billets inside the magnetic foundry composes with translation and rotation of alternating force lanes; edge exchanges depend on global alignment even though every control is expressed in a moving local frame. The relevant relation is expressed in a frame that translates and rotates between decisions rather than in screen coordinates.
q506	Palimpsest Frame	multi-scale-reference-frames	Local motion of memory tiles inside the sliding archive composes with translation and rotation of overwritten shelf traces; edge exchanges depend on global alignment even though every control is expressed in a moving local frame. A visible failed example shares most of the successful sequence and isolates the single causal distinction that matters.
q507	Canopy Frame	multi-scale-reference-frames	Local motion of seed gliders inside the terraced orchard composes with translation and rotation of seasonal shade bands; edge exchanges depend on global alignment even though every control is expressed in a moving local frame. A narrow intermediate store imposes a hard capacity, so a valid global transfer can still deadlock through bad ordering.
q508	Breakwater Frame	multi-scale-reference-frames	Local motion of cargo skiffs inside the modular harbor composes with translation and rotation of tide-gated channels; edge exchanges depend on global alignment even though every control is expressed in a moving local frame. The consequence of the first intervention remains dormant across two solved subgoals before changing the terminal affordance.
q509	Strata Frame	multi-scale-reference-frames	Local motion of ore crawlers inside the deep quarry composes with translation and rotation of load-bearing fault lines; edge exchanges depend on global alignment even though every control is expressed in a moving local frame. A probe can be undone physically but its observation persists, separating reversible world state from irreversible knowledge.
q510	Spore Frame	multi-scale-reference-frames	Local motion of spore colonies inside the glass greenhouse composes with translation and rotation of humidity gradients; edge exchanges depend on global alignment even though every control is expressed in a moving local frame. Two autonomous actors update on different visible schedules, and useful coordination occurs only at sparse shared events.
q511	Tapestry Frame	multi-scale-reference-frames	Local motion of thread shuttles inside the kinetic loom composes with translation and rotation of crossing tension fields; edge exchanges depend on global alignment even though every control is expressed in a moving local frame. Completing an intermediate pattern rewires which locations are adjacent, so the later plan operates on a new graph.
q512	Lockwater Frame	multi-scale-reference-frames	Local motion of barge tokens inside the stepped canal composes with translation and rotation of coupled water levels; edge exchanges depend on global alignment even though every control is expressed in a moving local frame. Two entities exchange appearance and position while retaining causal identity, making trail history necessary for assignment.
q513	Murmuration Frame	multi-scale-reference-frames	Local motion of flock markers inside the open aviary composes with translation and rotation of collective wind wakes; edge exchanges depend on global alignment even though every control is expressed in a moving local frame. A redundant parity relation detects one misleading observation and must be satisfied before the final action is accepted.
q514	Moraine Frame	multi-scale-reference-frames	Local motion of stone rafts inside the moving glacier composes with translation and rotation of crevasse flow bands; edge exchanges depend on global alignment even though every control is expressed in a moving local frame. Solving a local enclosure changes one token in an outer dependency puzzle, coupling inner completion order to the terminal goal.
q515	Waystation Frame	multi-scale-reference-frames	Local motion of supply walkers inside the desert caravan composes with translation and rotation of shifting dune corridors; edge exchanges depend on global alignment even though every control is expressed in a moving local frame. A visible opponent state updates from the last two player policies and punishes repetition with a predictable counter.
q516	Backstage Frame	multi-scale-reference-frames	Local motion of mask actors inside the rotating theater composes with translation and rotation of scene-dependent sightlines; edge exchanges depend on global alignment even though every control is expressed in a moving local frame. Small discrete actions accumulate a continuous-looking quantity whose threshold and direction both matter.
q517	Catalyst Frame	multi-scale-reference-frames	Local motion of reactant beads inside the chemical refinery composes with translation and rotation of temperature-gated pipes; edge exchanges depend on global alignment even though every control is expressed in a moving local frame. Looking at a component writes its current orientation into memory; hiding it later executes the stored orientation.
q518	Asterism Frame	multi-scale-reference-frames	Local motion of star nodes inside the orbital chart composes with translation and rotation of precessing relation lines; edge exchanges depend on global alignment even though every control is expressed in a moving local frame. A single reset erases physical progress while preserving acquired evidence, enforcing separate experiment and execution phases.
q519	Reedbed Frame	multi-scale-reference-frames	Local motion of reed beetles inside the flooded marsh composes with translation and rotation of salinity fronts; edge exchanges depend on global alignment even though every control is expressed in a moving local frame. Every constructed component changes both function and connectivity, so a locally useful tool can obstruct the global route.
q520	Vault Frame	multi-scale-reference-frames	Local motion of echo carriers inside the branching catacomb composes with translation and rotation of pressure-sealed passages; edge exchanges depend on global alignment even though every control is expressed in a moving local frame. Two quantities are independently conserved but share containers, requiring simultaneous bookkeeping rather than one scalar total.
q521	Pollen Frame	multi-scale-reference-frames	Local motion of pollen kites inside the alpine meadow composes with translation and rotation of directional bloom waves; edge exchanges depend on global alignment even though every control is expressed in a moving local frame. A wear cue announces a change point after which the learned rule becomes its complement instead of merely gaining difficulty.
q522	Semaphore Frame	multi-scale-reference-frames	Local motion of flag agents inside the cliff signal yard composes with translation and rotation of occluded relay beams; edge exchanges depend on global alignment even though every control is expressed in a moving local frame. Two miniature systems accept different tests before exactly one learned policy is committed to the larger irreversible system.
q523	Impeller Frame	multi-scale-reference-frames	Local motion of blade riders inside the turbine chamber composes with translation and rotation of counter-rotating wakes; edge exchanges depend on global alignment even though every control is expressed in a moving local frame. Further samples remain available but become costly once no possible result can change the best supported decision.
q524	Tessera Frame	multi-scale-reference-frames	Local motion of colored tesserae inside the folding mosaic composes with translation and rotation of topology-changing seams; edge exchanges depend on global alignment even though every control is expressed in a moving local frame. A repeated autonomous routine can be compressed, but one state-defined window requires interrupting the macro before its last action.
q525	Vivarium Frame	multi-scale-reference-frames	Local motion of microfauna inside the stacked terrarium composes with translation and rotation of temperature strata; edge exchanges depend on global alignment even though every control is expressed in a moving local frame. A partner remembers whether recent help was fair and changes a later policy according to a short, inferable reciprocity rule.
q526	Crossing Frame	multi-scale-reference-frames	Local motion of passenger tokens inside the river ferry composes with translation and rotation of capacity-limited docks; edge exchanges depend on global alignment even though every control is expressed in a moving local frame. Separate controllers see disjoint attributes and must leave persistent nonverbal evidence before control alternates.
q527	Spectrum Frame	multi-scale-reference-frames	Local motion of light packets inside the prism gallery composes with translation and rotation of wavelength-splitting panes; edge exchanges depend on global alignment even though every control is expressed in a moving local frame. The same relational algebra is demonstrated first with geometry and later with agents whose surface features share nothing.
q528	Escapement Frame	multi-scale-reference-frames	Local motion of weight tokens inside the clock tower composes with translation and rotation of nested gear phases; edge exchanges depend on global alignment even though every control is expressed in a moving local frame. Several faults explain passive observations, but one carefully chosen intervention produces mutually exclusive outcomes.
q529	Monsoon Frame	multi-scale-reference-frames	Local motion of rain seeds inside the weather garden composes with translation and rotation of delayed storm cells; edge exchanges depend on global alignment even though every control is expressed in a moving local frame. Two cycles have unequal periods and the useful action exists only at a phase pair rather than at a fixed elapsed time.
q530	Workbench Frame	multi-scale-reference-frames	Local motion of tool sprites inside the mobile workshop composes with translation and rotation of reconfigurable fixtures; edge exchanges depend on global alignment even though every control is expressed in a moving local frame. A temporary benefit creates a delayed obligation attached to the helper's identity rather than to the transferred object.
q531	Aurora Lesson	policy-learning-from-demonstration	Demonstrations in the polar observatory show crystal motes acting through sweeping light curtains, but include a context switch and one causally ineffective gesture; the player must infer the intended conditional policy rather than clone the visible sequence. Returning the control to an earlier setting does not restore the earlier state, so the plan must model a visible hysteresis loop.
q532	Tide Lesson	policy-learning-from-demonstration	Demonstrations in the tidal basin show shell carriers acting through reversing currents, but include a context switch and one causally ineffective gesture; the player must infer the intended conditional policy rather than clone the visible sequence. One operation is irreversible and must be delayed until the preceding evidence excludes every unsafe branch.
q533	Ember Lesson	policy-learning-from-demonstration	Demonstrations in the ceramic kiln show clay vessels acting through stored heat bands, but include a context switch and one causally ineffective gesture; the player must infer the intended conditional policy rather than clone the visible sequence. Observation, movement, and repair consume the same finite resource, turning information gathering into a direct planning tradeoff.
q534	Honeycomb Lesson	policy-learning-from-demonstration	Demonstrations in the layered apiary show nectar couriers acting through hexagonal scent fields, but include a context switch and one causally ineffective gesture; the player must infer the intended conditional policy rather than clone the visible sequence. Local state updates every action while the enclosing state updates only after a completed local cycle, requiring two clocks.
q535	Alloy Lesson	policy-learning-from-demonstration	Demonstrations in the magnetic foundry show metal billets acting through alternating force lanes, but include a context switch and one causally ineffective gesture; the player must infer the intended conditional policy rather than clone the visible sequence. The relevant relation is expressed in a frame that translates and rotates between decisions rather than in screen coordinates.
q536	Palimpsest Lesson	policy-learning-from-demonstration	Demonstrations in the sliding archive show memory tiles acting through overwritten shelf traces, but include a context switch and one causally ineffective gesture; the player must infer the intended conditional policy rather than clone the visible sequence. A visible failed example shares most of the successful sequence and isolates the single causal distinction that matters.
q537	Canopy Lesson	policy-learning-from-demonstration	Demonstrations in the terraced orchard show seed gliders acting through seasonal shade bands, but include a context switch and one causally ineffective gesture; the player must infer the intended conditional policy rather than clone the visible sequence. A narrow intermediate store imposes a hard capacity, so a valid global transfer can still deadlock through bad ordering.
q538	Breakwater Lesson	policy-learning-from-demonstration	Demonstrations in the modular harbor show cargo skiffs acting through tide-gated channels, but include a context switch and one causally ineffective gesture; the player must infer the intended conditional policy rather than clone the visible sequence. The consequence of the first intervention remains dormant across two solved subgoals before changing the terminal affordance.
q539	Strata Lesson	policy-learning-from-demonstration	Demonstrations in the deep quarry show ore crawlers acting through load-bearing fault lines, but include a context switch and one causally ineffective gesture; the player must infer the intended conditional policy rather than clone the visible sequence. A probe can be undone physically but its observation persists, separating reversible world state from irreversible knowledge.
q540	Spore Lesson	policy-learning-from-demonstration	Demonstrations in the glass greenhouse show spore colonies acting through humidity gradients, but include a context switch and one causally ineffective gesture; the player must infer the intended conditional policy rather than clone the visible sequence. Two autonomous actors update on different visible schedules, and useful coordination occurs only at sparse shared events.
q541	Tapestry Lesson	policy-learning-from-demonstration	Demonstrations in the kinetic loom show thread shuttles acting through crossing tension fields, but include a context switch and one causally ineffective gesture; the player must infer the intended conditional policy rather than clone the visible sequence. Completing an intermediate pattern rewires which locations are adjacent, so the later plan operates on a new graph.
q542	Lockwater Lesson	policy-learning-from-demonstration	Demonstrations in the stepped canal show barge tokens acting through coupled water levels, but include a context switch and one causally ineffective gesture; the player must infer the intended conditional policy rather than clone the visible sequence. Two entities exchange appearance and position while retaining causal identity, making trail history necessary for assignment.
q543	Murmuration Lesson	policy-learning-from-demonstration	Demonstrations in the open aviary show flock markers acting through collective wind wakes, but include a context switch and one causally ineffective gesture; the player must infer the intended conditional policy rather than clone the visible sequence. A redundant parity relation detects one misleading observation and must be satisfied before the final action is accepted.
q544	Moraine Lesson	policy-learning-from-demonstration	Demonstrations in the moving glacier show stone rafts acting through crevasse flow bands, but include a context switch and one causally ineffective gesture; the player must infer the intended conditional policy rather than clone the visible sequence. Solving a local enclosure changes one token in an outer dependency puzzle, coupling inner completion order to the terminal goal.
q545	Waystation Lesson	policy-learning-from-demonstration	Demonstrations in the desert caravan show supply walkers acting through shifting dune corridors, but include a context switch and one causally ineffective gesture; the player must infer the intended conditional policy rather than clone the visible sequence. A visible opponent state updates from the last two player policies and punishes repetition with a predictable counter.
q546	Backstage Lesson	policy-learning-from-demonstration	Demonstrations in the rotating theater show mask actors acting through scene-dependent sightlines, but include a context switch and one causally ineffective gesture; the player must infer the intended conditional policy rather than clone the visible sequence. Small discrete actions accumulate a continuous-looking quantity whose threshold and direction both matter.
q547	Catalyst Lesson	policy-learning-from-demonstration	Demonstrations in the chemical refinery show reactant beads acting through temperature-gated pipes, but include a context switch and one causally ineffective gesture; the player must infer the intended conditional policy rather than clone the visible sequence. Looking at a component writes its current orientation into memory; hiding it later executes the stored orientation.
q548	Asterism Lesson	policy-learning-from-demonstration	Demonstrations in the orbital chart show star nodes acting through precessing relation lines, but include a context switch and one causally ineffective gesture; the player must infer the intended conditional policy rather than clone the visible sequence. A single reset erases physical progress while preserving acquired evidence, enforcing separate experiment and execution phases.
q549	Reedbed Lesson	policy-learning-from-demonstration	Demonstrations in the flooded marsh show reed beetles acting through salinity fronts, but include a context switch and one causally ineffective gesture; the player must infer the intended conditional policy rather than clone the visible sequence. Every constructed component changes both function and connectivity, so a locally useful tool can obstruct the global route.
q550	Vault Lesson	policy-learning-from-demonstration	Demonstrations in the branching catacomb show echo carriers acting through pressure-sealed passages, but include a context switch and one causally ineffective gesture; the player must infer the intended conditional policy rather than clone the visible sequence. Two quantities are independently conserved but share containers, requiring simultaneous bookkeeping rather than one scalar total.
q551	Pollen Lesson	policy-learning-from-demonstration	Demonstrations in the alpine meadow show pollen kites acting through directional bloom waves, but include a context switch and one causally ineffective gesture; the player must infer the intended conditional policy rather than clone the visible sequence. A wear cue announces a change point after which the learned rule becomes its complement instead of merely gaining difficulty.
q552	Semaphore Lesson	policy-learning-from-demonstration	Demonstrations in the cliff signal yard show flag agents acting through occluded relay beams, but include a context switch and one causally ineffective gesture; the player must infer the intended conditional policy rather than clone the visible sequence. Two miniature systems accept different tests before exactly one learned policy is committed to the larger irreversible system.
q553	Impeller Lesson	policy-learning-from-demonstration	Demonstrations in the turbine chamber show blade riders acting through counter-rotating wakes, but include a context switch and one causally ineffective gesture; the player must infer the intended conditional policy rather than clone the visible sequence. Further samples remain available but become costly once no possible result can change the best supported decision.
q554	Tessera Lesson	policy-learning-from-demonstration	Demonstrations in the folding mosaic show colored tesserae acting through topology-changing seams, but include a context switch and one causally ineffective gesture; the player must infer the intended conditional policy rather than clone the visible sequence. A repeated autonomous routine can be compressed, but one state-defined window requires interrupting the macro before its last action.
q555	Vivarium Lesson	policy-learning-from-demonstration	Demonstrations in the stacked terrarium show microfauna acting through temperature strata, but include a context switch and one causally ineffective gesture; the player must infer the intended conditional policy rather than clone the visible sequence. A partner remembers whether recent help was fair and changes a later policy according to a short, inferable reciprocity rule.
q556	Crossing Lesson	policy-learning-from-demonstration	Demonstrations in the river ferry show passenger tokens acting through capacity-limited docks, but include a context switch and one causally ineffective gesture; the player must infer the intended conditional policy rather than clone the visible sequence. Separate controllers see disjoint attributes and must leave persistent nonverbal evidence before control alternates.
q557	Spectrum Lesson	policy-learning-from-demonstration	Demonstrations in the prism gallery show light packets acting through wavelength-splitting panes, but include a context switch and one causally ineffective gesture; the player must infer the intended conditional policy rather than clone the visible sequence. The same relational algebra is demonstrated first with geometry and later with agents whose surface features share nothing.
q558	Escapement Lesson	policy-learning-from-demonstration	Demonstrations in the clock tower show weight tokens acting through nested gear phases, but include a context switch and one causally ineffective gesture; the player must infer the intended conditional policy rather than clone the visible sequence. Several faults explain passive observations, but one carefully chosen intervention produces mutually exclusive outcomes.
q559	Monsoon Lesson	policy-learning-from-demonstration	Demonstrations in the weather garden show rain seeds acting through delayed storm cells, but include a context switch and one causally ineffective gesture; the player must infer the intended conditional policy rather than clone the visible sequence. Two cycles have unequal periods and the useful action exists only at a phase pair rather than at a fixed elapsed time.
q560	Workbench Lesson	policy-learning-from-demonstration	Demonstrations in the mobile workshop show tool sprites acting through reconfigurable fixtures, but include a context switch and one causally ineffective gesture; the player must infer the intended conditional policy rather than clone the visible sequence. A temporary benefit creates a delayed obligation attached to the helper's identity rather than to the transferred object.
q561	Aurora Counter	adaptive-adversary	An opponent in the polar observatory selects among three tactics from the player's recent treatment of crystal motes and sweeping light curtains; its update is legible, so success requires deliberately shaping the opponent state before exploiting a counter. Returning the control to an earlier setting does not restore the earlier state, so the plan must model a visible hysteresis loop.
q562	Tide Counter	adaptive-adversary	An opponent in the tidal basin selects among three tactics from the player's recent treatment of shell carriers and reversing currents; its update is legible, so success requires deliberately shaping the opponent state before exploiting a counter. One operation is irreversible and must be delayed until the preceding evidence excludes every unsafe branch.
q563	Ember Counter	adaptive-adversary	An opponent in the ceramic kiln selects among three tactics from the player's recent treatment of clay vessels and stored heat bands; its update is legible, so success requires deliberately shaping the opponent state before exploiting a counter. Observation, movement, and repair consume the same finite resource, turning information gathering into a direct planning tradeoff.
q564	Honeycomb Counter	adaptive-adversary	An opponent in the layered apiary selects among three tactics from the player's recent treatment of nectar couriers and hexagonal scent fields; its update is legible, so success requires deliberately shaping the opponent state before exploiting a counter. Local state updates every action while the enclosing state updates only after a completed local cycle, requiring two clocks.
q565	Alloy Counter	adaptive-adversary	An opponent in the magnetic foundry selects among three tactics from the player's recent treatment of metal billets and alternating force lanes; its update is legible, so success requires deliberately shaping the opponent state before exploiting a counter. The relevant relation is expressed in a frame that translates and rotates between decisions rather than in screen coordinates.
q566	Palimpsest Counter	adaptive-adversary	An opponent in the sliding archive selects among three tactics from the player's recent treatment of memory tiles and overwritten shelf traces; its update is legible, so success requires deliberately shaping the opponent state before exploiting a counter. A visible failed example shares most of the successful sequence and isolates the single causal distinction that matters.
q567	Canopy Counter	adaptive-adversary	An opponent in the terraced orchard selects among three tactics from the player's recent treatment of seed gliders and seasonal shade bands; its update is legible, so success requires deliberately shaping the opponent state before exploiting a counter. A narrow intermediate store imposes a hard capacity, so a valid global transfer can still deadlock through bad ordering.
q568	Breakwater Counter	adaptive-adversary	An opponent in the modular harbor selects among three tactics from the player's recent treatment of cargo skiffs and tide-gated channels; its update is legible, so success requires deliberately shaping the opponent state before exploiting a counter. The consequence of the first intervention remains dormant across two solved subgoals before changing the terminal affordance.
q569	Strata Counter	adaptive-adversary	An opponent in the deep quarry selects among three tactics from the player's recent treatment of ore crawlers and load-bearing fault lines; its update is legible, so success requires deliberately shaping the opponent state before exploiting a counter. A probe can be undone physically but its observation persists, separating reversible world state from irreversible knowledge.
q570	Spore Counter	adaptive-adversary	An opponent in the glass greenhouse selects among three tactics from the player's recent treatment of spore colonies and humidity gradients; its update is legible, so success requires deliberately shaping the opponent state before exploiting a counter. Two autonomous actors update on different visible schedules, and useful coordination occurs only at sparse shared events.
q571	Tapestry Counter	adaptive-adversary	An opponent in the kinetic loom selects among three tactics from the player's recent treatment of thread shuttles and crossing tension fields; its update is legible, so success requires deliberately shaping the opponent state before exploiting a counter. Completing an intermediate pattern rewires which locations are adjacent, so the later plan operates on a new graph.
q572	Lockwater Counter	adaptive-adversary	An opponent in the stepped canal selects among three tactics from the player's recent treatment of barge tokens and coupled water levels; its update is legible, so success requires deliberately shaping the opponent state before exploiting a counter. Two entities exchange appearance and position while retaining causal identity, making trail history necessary for assignment.
q573	Murmuration Counter	adaptive-adversary	An opponent in the open aviary selects among three tactics from the player's recent treatment of flock markers and collective wind wakes; its update is legible, so success requires deliberately shaping the opponent state before exploiting a counter. A redundant parity relation detects one misleading observation and must be satisfied before the final action is accepted.
q574	Moraine Counter	adaptive-adversary	An opponent in the moving glacier selects among three tactics from the player's recent treatment of stone rafts and crevasse flow bands; its update is legible, so success requires deliberately shaping the opponent state before exploiting a counter. Solving a local enclosure changes one token in an outer dependency puzzle, coupling inner completion order to the terminal goal.
q575	Waystation Counter	adaptive-adversary	An opponent in the desert caravan selects among three tactics from the player's recent treatment of supply walkers and shifting dune corridors; its update is legible, so success requires deliberately shaping the opponent state before exploiting a counter. A visible opponent state updates from the last two player policies and punishes repetition with a predictable counter.
q576	Backstage Counter	adaptive-adversary	An opponent in the rotating theater selects among three tactics from the player's recent treatment of mask actors and scene-dependent sightlines; its update is legible, so success requires deliberately shaping the opponent state before exploiting a counter. Small discrete actions accumulate a continuous-looking quantity whose threshold and direction both matter.
q577	Catalyst Counter	adaptive-adversary	An opponent in the chemical refinery selects among three tactics from the player's recent treatment of reactant beads and temperature-gated pipes; its update is legible, so success requires deliberately shaping the opponent state before exploiting a counter. Looking at a component writes its current orientation into memory; hiding it later executes the stored orientation.
q578	Asterism Counter	adaptive-adversary	An opponent in the orbital chart selects among three tactics from the player's recent treatment of star nodes and precessing relation lines; its update is legible, so success requires deliberately shaping the opponent state before exploiting a counter. A single reset erases physical progress while preserving acquired evidence, enforcing separate experiment and execution phases.
q579	Reedbed Counter	adaptive-adversary	An opponent in the flooded marsh selects among three tactics from the player's recent treatment of reed beetles and salinity fronts; its update is legible, so success requires deliberately shaping the opponent state before exploiting a counter. Every constructed component changes both function and connectivity, so a locally useful tool can obstruct the global route.
q580	Vault Counter	adaptive-adversary	An opponent in the branching catacomb selects among three tactics from the player's recent treatment of echo carriers and pressure-sealed passages; its update is legible, so success requires deliberately shaping the opponent state before exploiting a counter. Two quantities are independently conserved but share containers, requiring simultaneous bookkeeping rather than one scalar total.
q581	Pollen Counter	adaptive-adversary	An opponent in the alpine meadow selects among three tactics from the player's recent treatment of pollen kites and directional bloom waves; its update is legible, so success requires deliberately shaping the opponent state before exploiting a counter. A wear cue announces a change point after which the learned rule becomes its complement instead of merely gaining difficulty.
q582	Semaphore Counter	adaptive-adversary	An opponent in the cliff signal yard selects among three tactics from the player's recent treatment of flag agents and occluded relay beams; its update is legible, so success requires deliberately shaping the opponent state before exploiting a counter. Two miniature systems accept different tests before exactly one learned policy is committed to the larger irreversible system.
q583	Impeller Counter	adaptive-adversary	An opponent in the turbine chamber selects among three tactics from the player's recent treatment of blade riders and counter-rotating wakes; its update is legible, so success requires deliberately shaping the opponent state before exploiting a counter. Further samples remain available but become costly once no possible result can change the best supported decision.
q584	Tessera Counter	adaptive-adversary	An opponent in the folding mosaic selects among three tactics from the player's recent treatment of colored tesserae and topology-changing seams; its update is legible, so success requires deliberately shaping the opponent state before exploiting a counter. A repeated autonomous routine can be compressed, but one state-defined window requires interrupting the macro before its last action.
q585	Vivarium Counter	adaptive-adversary	An opponent in the stacked terrarium selects among three tactics from the player's recent treatment of microfauna and temperature strata; its update is legible, so success requires deliberately shaping the opponent state before exploiting a counter. A partner remembers whether recent help was fair and changes a later policy according to a short, inferable reciprocity rule.
q586	Crossing Counter	adaptive-adversary	An opponent in the river ferry selects among three tactics from the player's recent treatment of passenger tokens and capacity-limited docks; its update is legible, so success requires deliberately shaping the opponent state before exploiting a counter. Separate controllers see disjoint attributes and must leave persistent nonverbal evidence before control alternates.
q587	Spectrum Counter	adaptive-adversary	An opponent in the prism gallery selects among three tactics from the player's recent treatment of light packets and wavelength-splitting panes; its update is legible, so success requires deliberately shaping the opponent state before exploiting a counter. The same relational algebra is demonstrated first with geometry and later with agents whose surface features share nothing.
q588	Escapement Counter	adaptive-adversary	An opponent in the clock tower selects among three tactics from the player's recent treatment of weight tokens and nested gear phases; its update is legible, so success requires deliberately shaping the opponent state before exploiting a counter. Several faults explain passive observations, but one carefully chosen intervention produces mutually exclusive outcomes.
q589	Monsoon Counter	adaptive-adversary	An opponent in the weather garden selects among three tactics from the player's recent treatment of rain seeds and delayed storm cells; its update is legible, so success requires deliberately shaping the opponent state before exploiting a counter. Two cycles have unequal periods and the useful action exists only at a phase pair rather than at a fixed elapsed time.
q590	Workbench Counter	adaptive-adversary	An opponent in the mobile workshop selects among three tactics from the player's recent treatment of tool sprites and reconfigurable fixtures; its update is legible, so success requires deliberately shaping the opponent state before exploiting a counter. A temporary benefit creates a delayed obligation attached to the helper's identity rather than to the transferred object.
q591	Aurora Grammar	compositional-communication	Messages in the polar observatory encode operations on crystal motes using both grouping and spatial relations in sweeping light curtains; relays apply local transforms, making later commands require composition rather than symbol lookup. Returning the control to an earlier setting does not restore the earlier state, so the plan must model a visible hysteresis loop.
q592	Tide Grammar	compositional-communication	Messages in the tidal basin encode operations on shell carriers using both grouping and spatial relations in reversing currents; relays apply local transforms, making later commands require composition rather than symbol lookup. One operation is irreversible and must be delayed until the preceding evidence excludes every unsafe branch.
q593	Ember Grammar	compositional-communication	Messages in the ceramic kiln encode operations on clay vessels using both grouping and spatial relations in stored heat bands; relays apply local transforms, making later commands require composition rather than symbol lookup. Observation, movement, and repair consume the same finite resource, turning information gathering into a direct planning tradeoff.
q594	Honeycomb Grammar	compositional-communication	Messages in the layered apiary encode operations on nectar couriers using both grouping and spatial relations in hexagonal scent fields; relays apply local transforms, making later commands require composition rather than symbol lookup. Local state updates every action while the enclosing state updates only after a completed local cycle, requiring two clocks.
q595	Alloy Grammar	compositional-communication	Messages in the magnetic foundry encode operations on metal billets using both grouping and spatial relations in alternating force lanes; relays apply local transforms, making later commands require composition rather than symbol lookup. The relevant relation is expressed in a frame that translates and rotates between decisions rather than in screen coordinates.
q596	Palimpsest Grammar	compositional-communication	Messages in the sliding archive encode operations on memory tiles using both grouping and spatial relations in overwritten shelf traces; relays apply local transforms, making later commands require composition rather than symbol lookup. A visible failed example shares most of the successful sequence and isolates the single causal distinction that matters.
q597	Canopy Grammar	compositional-communication	Messages in the terraced orchard encode operations on seed gliders using both grouping and spatial relations in seasonal shade bands; relays apply local transforms, making later commands require composition rather than symbol lookup. A narrow intermediate store imposes a hard capacity, so a valid global transfer can still deadlock through bad ordering.
q598	Breakwater Grammar	compositional-communication	Messages in the modular harbor encode operations on cargo skiffs using both grouping and spatial relations in tide-gated channels; relays apply local transforms, making later commands require composition rather than symbol lookup. The consequence of the first intervention remains dormant across two solved subgoals before changing the terminal affordance.
q599	Strata Grammar	compositional-communication	Messages in the deep quarry encode operations on ore crawlers using both grouping and spatial relations in load-bearing fault lines; relays apply local transforms, making later commands require composition rather than symbol lookup. A probe can be undone physically but its observation persists, separating reversible world state from irreversible knowledge.
q600	Spore Grammar	compositional-communication	Messages in the glass greenhouse encode operations on spore colonies using both grouping and spatial relations in humidity gradients; relays apply local transforms, making later commands require composition rather than symbol lookup. Two autonomous actors update on different visible schedules, and useful coordination occurs only at sparse shared events.
q601	Tapestry Grammar	compositional-communication	Messages in the kinetic loom encode operations on thread shuttles using both grouping and spatial relations in crossing tension fields; relays apply local transforms, making later commands require composition rather than symbol lookup. Completing an intermediate pattern rewires which locations are adjacent, so the later plan operates on a new graph.
q602	Lockwater Grammar	compositional-communication	Messages in the stepped canal encode operations on barge tokens using both grouping and spatial relations in coupled water levels; relays apply local transforms, making later commands require composition rather than symbol lookup. Two entities exchange appearance and position while retaining causal identity, making trail history necessary for assignment.
q603	Murmuration Grammar	compositional-communication	Messages in the open aviary encode operations on flock markers using both grouping and spatial relations in collective wind wakes; relays apply local transforms, making later commands require composition rather than symbol lookup. A redundant parity relation detects one misleading observation and must be satisfied before the final action is accepted.
q604	Moraine Grammar	compositional-communication	Messages in the moving glacier encode operations on stone rafts using both grouping and spatial relations in crevasse flow bands; relays apply local transforms, making later commands require composition rather than symbol lookup. Solving a local enclosure changes one token in an outer dependency puzzle, coupling inner completion order to the terminal goal.
q605	Waystation Grammar	compositional-communication	Messages in the desert caravan encode operations on supply walkers using both grouping and spatial relations in shifting dune corridors; relays apply local transforms, making later commands require composition rather than symbol lookup. A visible opponent state updates from the last two player policies and punishes repetition with a predictable counter.
q606	Backstage Grammar	compositional-communication	Messages in the rotating theater encode operations on mask actors using both grouping and spatial relations in scene-dependent sightlines; relays apply local transforms, making later commands require composition rather than symbol lookup. Small discrete actions accumulate a continuous-looking quantity whose threshold and direction both matter.
q607	Catalyst Grammar	compositional-communication	Messages in the chemical refinery encode operations on reactant beads using both grouping and spatial relations in temperature-gated pipes; relays apply local transforms, making later commands require composition rather than symbol lookup. Looking at a component writes its current orientation into memory; hiding it later executes the stored orientation.
q608	Asterism Grammar	compositional-communication	Messages in the orbital chart encode operations on star nodes using both grouping and spatial relations in precessing relation lines; relays apply local transforms, making later commands require composition rather than symbol lookup. A single reset erases physical progress while preserving acquired evidence, enforcing separate experiment and execution phases.
q609	Reedbed Grammar	compositional-communication	Messages in the flooded marsh encode operations on reed beetles using both grouping and spatial relations in salinity fronts; relays apply local transforms, making later commands require composition rather than symbol lookup. Every constructed component changes both function and connectivity, so a locally useful tool can obstruct the global route.
q610	Vault Grammar	compositional-communication	Messages in the branching catacomb encode operations on echo carriers using both grouping and spatial relations in pressure-sealed passages; relays apply local transforms, making later commands require composition rather than symbol lookup. Two quantities are independently conserved but share containers, requiring simultaneous bookkeeping rather than one scalar total.
q611	Pollen Grammar	compositional-communication	Messages in the alpine meadow encode operations on pollen kites using both grouping and spatial relations in directional bloom waves; relays apply local transforms, making later commands require composition rather than symbol lookup. A wear cue announces a change point after which the learned rule becomes its complement instead of merely gaining difficulty.
q612	Semaphore Grammar	compositional-communication	Messages in the cliff signal yard encode operations on flag agents using both grouping and spatial relations in occluded relay beams; relays apply local transforms, making later commands require composition rather than symbol lookup. Two miniature systems accept different tests before exactly one learned policy is committed to the larger irreversible system.
q613	Impeller Grammar	compositional-communication	Messages in the turbine chamber encode operations on blade riders using both grouping and spatial relations in counter-rotating wakes; relays apply local transforms, making later commands require composition rather than symbol lookup. Further samples remain available but become costly once no possible result can change the best supported decision.
q614	Tessera Grammar	compositional-communication	Messages in the folding mosaic encode operations on colored tesserae using both grouping and spatial relations in topology-changing seams; relays apply local transforms, making later commands require composition rather than symbol lookup. A repeated autonomous routine can be compressed, but one state-defined window requires interrupting the macro before its last action.
q615	Vivarium Grammar	compositional-communication	Messages in the stacked terrarium encode operations on microfauna using both grouping and spatial relations in temperature strata; relays apply local transforms, making later commands require composition rather than symbol lookup. A partner remembers whether recent help was fair and changes a later policy according to a short, inferable reciprocity rule.
q616	Crossing Grammar	compositional-communication	Messages in the river ferry encode operations on passenger tokens using both grouping and spatial relations in capacity-limited docks; relays apply local transforms, making later commands require composition rather than symbol lookup. Separate controllers see disjoint attributes and must leave persistent nonverbal evidence before control alternates.
q617	Spectrum Grammar	compositional-communication	Messages in the prism gallery encode operations on light packets using both grouping and spatial relations in wavelength-splitting panes; relays apply local transforms, making later commands require composition rather than symbol lookup. The same relational algebra is demonstrated first with geometry and later with agents whose surface features share nothing.
q618	Escapement Grammar	compositional-communication	Messages in the clock tower encode operations on weight tokens using both grouping and spatial relations in nested gear phases; relays apply local transforms, making later commands require composition rather than symbol lookup. Several faults explain passive observations, but one carefully chosen intervention produces mutually exclusive outcomes.
q619	Monsoon Grammar	compositional-communication	Messages in the weather garden encode operations on rain seeds using both grouping and spatial relations in delayed storm cells; relays apply local transforms, making later commands require composition rather than symbol lookup. Two cycles have unequal periods and the useful action exists only at a phase pair rather than at a fixed elapsed time.
q620	Workbench Grammar	compositional-communication	Messages in the mobile workshop encode operations on tool sprites using both grouping and spatial relations in reconfigurable fixtures; relays apply local transforms, making later commands require composition rather than symbol lookup. A temporary benefit creates a delayed obligation attached to the helper's identity rather than to the transferred object.
q621	Aurora Sandbox	counterfactual-planning	Two miniature copies of the polar observatory can test different interventions on crystal motes under sweeping light curtains; evidence persists but simulated progress does not, and only one policy may be committed to the irreversible main system. Returning the control to an earlier setting does not restore the earlier state, so the plan must model a visible hysteresis loop.
q622	Tide Sandbox	counterfactual-planning	Two miniature copies of the tidal basin can test different interventions on shell carriers under reversing currents; evidence persists but simulated progress does not, and only one policy may be committed to the irreversible main system. One operation is irreversible and must be delayed until the preceding evidence excludes every unsafe branch.
q623	Ember Sandbox	counterfactual-planning	Two miniature copies of the ceramic kiln can test different interventions on clay vessels under stored heat bands; evidence persists but simulated progress does not, and only one policy may be committed to the irreversible main system. Observation, movement, and repair consume the same finite resource, turning information gathering into a direct planning tradeoff.
q624	Honeycomb Sandbox	counterfactual-planning	Two miniature copies of the layered apiary can test different interventions on nectar couriers under hexagonal scent fields; evidence persists but simulated progress does not, and only one policy may be committed to the irreversible main system. Local state updates every action while the enclosing state updates only after a completed local cycle, requiring two clocks.
q625	Alloy Sandbox	counterfactual-planning	Two miniature copies of the magnetic foundry can test different interventions on metal billets under alternating force lanes; evidence persists but simulated progress does not, and only one policy may be committed to the irreversible main system. The relevant relation is expressed in a frame that translates and rotates between decisions rather than in screen coordinates.
q626	Palimpsest Sandbox	counterfactual-planning	Two miniature copies of the sliding archive can test different interventions on memory tiles under overwritten shelf traces; evidence persists but simulated progress does not, and only one policy may be committed to the irreversible main system. A visible failed example shares most of the successful sequence and isolates the single causal distinction that matters.
q627	Canopy Sandbox	counterfactual-planning	Two miniature copies of the terraced orchard can test different interventions on seed gliders under seasonal shade bands; evidence persists but simulated progress does not, and only one policy may be committed to the irreversible main system. A narrow intermediate store imposes a hard capacity, so a valid global transfer can still deadlock through bad ordering.
q628	Breakwater Sandbox	counterfactual-planning	Two miniature copies of the modular harbor can test different interventions on cargo skiffs under tide-gated channels; evidence persists but simulated progress does not, and only one policy may be committed to the irreversible main system. The consequence of the first intervention remains dormant across two solved subgoals before changing the terminal affordance.
q629	Strata Sandbox	counterfactual-planning	Two miniature copies of the deep quarry can test different interventions on ore crawlers under load-bearing fault lines; evidence persists but simulated progress does not, and only one policy may be committed to the irreversible main system. A probe can be undone physically but its observation persists, separating reversible world state from irreversible knowledge.
q630	Spore Sandbox	counterfactual-planning	Two miniature copies of the glass greenhouse can test different interventions on spore colonies under humidity gradients; evidence persists but simulated progress does not, and only one policy may be committed to the irreversible main system. Two autonomous actors update on different visible schedules, and useful coordination occurs only at sparse shared events.
q631	Tapestry Sandbox	counterfactual-planning	Two miniature copies of the kinetic loom can test different interventions on thread shuttles under crossing tension fields; evidence persists but simulated progress does not, and only one policy may be committed to the irreversible main system. Completing an intermediate pattern rewires which locations are adjacent, so the later plan operates on a new graph.
q632	Lockwater Sandbox	counterfactual-planning	Two miniature copies of the stepped canal can test different interventions on barge tokens under coupled water levels; evidence persists but simulated progress does not, and only one policy may be committed to the irreversible main system. Two entities exchange appearance and position while retaining causal identity, making trail history necessary for assignment.
q633	Murmuration Sandbox	counterfactual-planning	Two miniature copies of the open aviary can test different interventions on flock markers under collective wind wakes; evidence persists but simulated progress does not, and only one policy may be committed to the irreversible main system. A redundant parity relation detects one misleading observation and must be satisfied before the final action is accepted.
q634	Moraine Sandbox	counterfactual-planning	Two miniature copies of the moving glacier can test different interventions on stone rafts under crevasse flow bands; evidence persists but simulated progress does not, and only one policy may be committed to the irreversible main system. Solving a local enclosure changes one token in an outer dependency puzzle, coupling inner completion order to the terminal goal.
q635	Waystation Sandbox	counterfactual-planning	Two miniature copies of the desert caravan can test different interventions on supply walkers under shifting dune corridors; evidence persists but simulated progress does not, and only one policy may be committed to the irreversible main system. A visible opponent state updates from the last two player policies and punishes repetition with a predictable counter.
q636	Backstage Sandbox	counterfactual-planning	Two miniature copies of the rotating theater can test different interventions on mask actors under scene-dependent sightlines; evidence persists but simulated progress does not, and only one policy may be committed to the irreversible main system. Small discrete actions accumulate a continuous-looking quantity whose threshold and direction both matter.
q637	Catalyst Sandbox	counterfactual-planning	Two miniature copies of the chemical refinery can test different interventions on reactant beads under temperature-gated pipes; evidence persists but simulated progress does not, and only one policy may be committed to the irreversible main system. Looking at a component writes its current orientation into memory; hiding it later executes the stored orientation.
q638	Asterism Sandbox	counterfactual-planning	Two miniature copies of the orbital chart can test different interventions on star nodes under precessing relation lines; evidence persists but simulated progress does not, and only one policy may be committed to the irreversible main system. A single reset erases physical progress while preserving acquired evidence, enforcing separate experiment and execution phases.
q639	Reedbed Sandbox	counterfactual-planning	Two miniature copies of the flooded marsh can test different interventions on reed beetles under salinity fronts; evidence persists but simulated progress does not, and only one policy may be committed to the irreversible main system. Every constructed component changes both function and connectivity, so a locally useful tool can obstruct the global route.
q640	Vault Sandbox	counterfactual-planning	Two miniature copies of the branching catacomb can test different interventions on echo carriers under pressure-sealed passages; evidence persists but simulated progress does not, and only one policy may be committed to the irreversible main system. Two quantities are independently conserved but share containers, requiring simultaneous bookkeeping rather than one scalar total.
q641	Pollen Sandbox	counterfactual-planning	Two miniature copies of the alpine meadow can test different interventions on pollen kites under directional bloom waves; evidence persists but simulated progress does not, and only one policy may be committed to the irreversible main system. A wear cue announces a change point after which the learned rule becomes its complement instead of merely gaining difficulty.
q642	Semaphore Sandbox	counterfactual-planning	Two miniature copies of the cliff signal yard can test different interventions on flag agents under occluded relay beams; evidence persists but simulated progress does not, and only one policy may be committed to the irreversible main system. Two miniature systems accept different tests before exactly one learned policy is committed to the larger irreversible system.
q643	Impeller Sandbox	counterfactual-planning	Two miniature copies of the turbine chamber can test different interventions on blade riders under counter-rotating wakes; evidence persists but simulated progress does not, and only one policy may be committed to the irreversible main system. Further samples remain available but become costly once no possible result can change the best supported decision.
q644	Tessera Sandbox	counterfactual-planning	Two miniature copies of the folding mosaic can test different interventions on colored tesserae under topology-changing seams; evidence persists but simulated progress does not, and only one policy may be committed to the irreversible main system. A repeated autonomous routine can be compressed, but one state-defined window requires interrupting the macro before its last action.
q645	Vivarium Sandbox	counterfactual-planning	Two miniature copies of the stacked terrarium can test different interventions on microfauna under temperature strata; evidence persists but simulated progress does not, and only one policy may be committed to the irreversible main system. A partner remembers whether recent help was fair and changes a later policy according to a short, inferable reciprocity rule.
q646	Crossing Sandbox	counterfactual-planning	Two miniature copies of the river ferry can test different interventions on passenger tokens under capacity-limited docks; evidence persists but simulated progress does not, and only one policy may be committed to the irreversible main system. Separate controllers see disjoint attributes and must leave persistent nonverbal evidence before control alternates.
q647	Spectrum Sandbox	counterfactual-planning	Two miniature copies of the prism gallery can test different interventions on light packets under wavelength-splitting panes; evidence persists but simulated progress does not, and only one policy may be committed to the irreversible main system. The same relational algebra is demonstrated first with geometry and later with agents whose surface features share nothing.
q648	Escapement Sandbox	counterfactual-planning	Two miniature copies of the clock tower can test different interventions on weight tokens under nested gear phases; evidence persists but simulated progress does not, and only one policy may be committed to the irreversible main system. Several faults explain passive observations, but one carefully chosen intervention produces mutually exclusive outcomes.
q649	Monsoon Sandbox	counterfactual-planning	Two miniature copies of the weather garden can test different interventions on rain seeds under delayed storm cells; evidence persists but simulated progress does not, and only one policy may be committed to the irreversible main system. Two cycles have unequal periods and the useful action exists only at a phase pair rather than at a fixed elapsed time.
q650	Workbench Sandbox	counterfactual-planning	Two miniature copies of the mobile workshop can test different interventions on tool sprites under reconfigurable fixtures; evidence persists but simulated progress does not, and only one policy may be committed to the irreversible main system. A temporary benefit creates a delayed obligation attached to the helper's identity rather than to the transferred object.
q651	Aurora Analogy	structural-analogy	A rule first demonstrated as a transformation of sweeping light curtains in the polar observatory reappears as an interaction among crystal motes; surface colors and positions change while the conserved relational structure remains exact. Returning the control to an earlier setting does not restore the earlier state, so the plan must model a visible hysteresis loop.
q652	Tide Analogy	structural-analogy	A rule first demonstrated as a transformation of reversing currents in the tidal basin reappears as an interaction among shell carriers; surface colors and positions change while the conserved relational structure remains exact. One operation is irreversible and must be delayed until the preceding evidence excludes every unsafe branch.
q653	Ember Analogy	structural-analogy	A rule first demonstrated as a transformation of stored heat bands in the ceramic kiln reappears as an interaction among clay vessels; surface colors and positions change while the conserved relational structure remains exact. Observation, movement, and repair consume the same finite resource, turning information gathering into a direct planning tradeoff.
q654	Honeycomb Analogy	structural-analogy	A rule first demonstrated as a transformation of hexagonal scent fields in the layered apiary reappears as an interaction among nectar couriers; surface colors and positions change while the conserved relational structure remains exact. Local state updates every action while the enclosing state updates only after a completed local cycle, requiring two clocks.
q655	Alloy Analogy	structural-analogy	A rule first demonstrated as a transformation of alternating force lanes in the magnetic foundry reappears as an interaction among metal billets; surface colors and positions change while the conserved relational structure remains exact. The relevant relation is expressed in a frame that translates and rotates between decisions rather than in screen coordinates.
q656	Palimpsest Analogy	structural-analogy	A rule first demonstrated as a transformation of overwritten shelf traces in the sliding archive reappears as an interaction among memory tiles; surface colors and positions change while the conserved relational structure remains exact. A visible failed example shares most of the successful sequence and isolates the single causal distinction that matters.
q657	Canopy Analogy	structural-analogy	A rule first demonstrated as a transformation of seasonal shade bands in the terraced orchard reappears as an interaction among seed gliders; surface colors and positions change while the conserved relational structure remains exact. A narrow intermediate store imposes a hard capacity, so a valid global transfer can still deadlock through bad ordering.
q658	Breakwater Analogy	structural-analogy	A rule first demonstrated as a transformation of tide-gated channels in the modular harbor reappears as an interaction among cargo skiffs; surface colors and positions change while the conserved relational structure remains exact. The consequence of the first intervention remains dormant across two solved subgoals before changing the terminal affordance.
q659	Strata Analogy	structural-analogy	A rule first demonstrated as a transformation of load-bearing fault lines in the deep quarry reappears as an interaction among ore crawlers; surface colors and positions change while the conserved relational structure remains exact. A probe can be undone physically but its observation persists, separating reversible world state from irreversible knowledge.
q660	Spore Analogy	structural-analogy	A rule first demonstrated as a transformation of humidity gradients in the glass greenhouse reappears as an interaction among spore colonies; surface colors and positions change while the conserved relational structure remains exact. Two autonomous actors update on different visible schedules, and useful coordination occurs only at sparse shared events.
q661	Tapestry Analogy	structural-analogy	A rule first demonstrated as a transformation of crossing tension fields in the kinetic loom reappears as an interaction among thread shuttles; surface colors and positions change while the conserved relational structure remains exact. Completing an intermediate pattern rewires which locations are adjacent, so the later plan operates on a new graph.
q662	Lockwater Analogy	structural-analogy	A rule first demonstrated as a transformation of coupled water levels in the stepped canal reappears as an interaction among barge tokens; surface colors and positions change while the conserved relational structure remains exact. Two entities exchange appearance and position while retaining causal identity, making trail history necessary for assignment.
q663	Murmuration Analogy	structural-analogy	A rule first demonstrated as a transformation of collective wind wakes in the open aviary reappears as an interaction among flock markers; surface colors and positions change while the conserved relational structure remains exact. A redundant parity relation detects one misleading observation and must be satisfied before the final action is accepted.
q664	Moraine Analogy	structural-analogy	A rule first demonstrated as a transformation of crevasse flow bands in the moving glacier reappears as an interaction among stone rafts; surface colors and positions change while the conserved relational structure remains exact. Solving a local enclosure changes one token in an outer dependency puzzle, coupling inner completion order to the terminal goal.
q665	Waystation Analogy	structural-analogy	A rule first demonstrated as a transformation of shifting dune corridors in the desert caravan reappears as an interaction among supply walkers; surface colors and positions change while the conserved relational structure remains exact. A visible opponent state updates from the last two player policies and punishes repetition with a predictable counter.
q666	Backstage Analogy	structural-analogy	A rule first demonstrated as a transformation of scene-dependent sightlines in the rotating theater reappears as an interaction among mask actors; surface colors and positions change while the conserved relational structure remains exact. Small discrete actions accumulate a continuous-looking quantity whose threshold and direction both matter.
q667	Catalyst Analogy	structural-analogy	A rule first demonstrated as a transformation of temperature-gated pipes in the chemical refinery reappears as an interaction among reactant beads; surface colors and positions change while the conserved relational structure remains exact. Looking at a component writes its current orientation into memory; hiding it later executes the stored orientation.
q668	Asterism Analogy	structural-analogy	A rule first demonstrated as a transformation of precessing relation lines in the orbital chart reappears as an interaction among star nodes; surface colors and positions change while the conserved relational structure remains exact. A single reset erases physical progress while preserving acquired evidence, enforcing separate experiment and execution phases.
q669	Reedbed Analogy	structural-analogy	A rule first demonstrated as a transformation of salinity fronts in the flooded marsh reappears as an interaction among reed beetles; surface colors and positions change while the conserved relational structure remains exact. Every constructed component changes both function and connectivity, so a locally useful tool can obstruct the global route.
q670	Vault Analogy	structural-analogy	A rule first demonstrated as a transformation of pressure-sealed passages in the branching catacomb reappears as an interaction among echo carriers; surface colors and positions change while the conserved relational structure remains exact. Two quantities are independently conserved but share containers, requiring simultaneous bookkeeping rather than one scalar total.
q671	Pollen Analogy	structural-analogy	A rule first demonstrated as a transformation of directional bloom waves in the alpine meadow reappears as an interaction among pollen kites; surface colors and positions change while the conserved relational structure remains exact. A wear cue announces a change point after which the learned rule becomes its complement instead of merely gaining difficulty.
q672	Semaphore Analogy	structural-analogy	A rule first demonstrated as a transformation of occluded relay beams in the cliff signal yard reappears as an interaction among flag agents; surface colors and positions change while the conserved relational structure remains exact. Two miniature systems accept different tests before exactly one learned policy is committed to the larger irreversible system.
q673	Impeller Analogy	structural-analogy	A rule first demonstrated as a transformation of counter-rotating wakes in the turbine chamber reappears as an interaction among blade riders; surface colors and positions change while the conserved relational structure remains exact. Further samples remain available but become costly once no possible result can change the best supported decision.
q674	Tessera Analogy	structural-analogy	A rule first demonstrated as a transformation of topology-changing seams in the folding mosaic reappears as an interaction among colored tesserae; surface colors and positions change while the conserved relational structure remains exact. A repeated autonomous routine can be compressed, but one state-defined window requires interrupting the macro before its last action.
q675	Vivarium Analogy	structural-analogy	A rule first demonstrated as a transformation of temperature strata in the stacked terrarium reappears as an interaction among microfauna; surface colors and positions change while the conserved relational structure remains exact. A partner remembers whether recent help was fair and changes a later policy according to a short, inferable reciprocity rule.
q676	Crossing Analogy	structural-analogy	A rule first demonstrated as a transformation of capacity-limited docks in the river ferry reappears as an interaction among passenger tokens; surface colors and positions change while the conserved relational structure remains exact. Separate controllers see disjoint attributes and must leave persistent nonverbal evidence before control alternates.
q677	Spectrum Analogy	structural-analogy	A rule first demonstrated as a transformation of wavelength-splitting panes in the prism gallery reappears as an interaction among light packets; surface colors and positions change while the conserved relational structure remains exact. The same relational algebra is demonstrated first with geometry and later with agents whose surface features share nothing.
q678	Escapement Analogy	structural-analogy	A rule first demonstrated as a transformation of nested gear phases in the clock tower reappears as an interaction among weight tokens; surface colors and positions change while the conserved relational structure remains exact. Several faults explain passive observations, but one carefully chosen intervention produces mutually exclusive outcomes.
q679	Monsoon Analogy	structural-analogy	A rule first demonstrated as a transformation of delayed storm cells in the weather garden reappears as an interaction among rain seeds; surface colors and positions change while the conserved relational structure remains exact. Two cycles have unequal periods and the useful action exists only at a phase pair rather than at a fixed elapsed time.
q680	Workbench Analogy	structural-analogy	A rule first demonstrated as a transformation of reconfigurable fixtures in the mobile workshop reappears as an interaction among tool sprites; surface colors and positions change while the conserved relational structure remains exact. A temporary benefit creates a delayed obligation attached to the helper's identity rather than to the transferred object.
q681	Aurora Evidence	confidence-calibration	Physical evidence from sweeping light curtains accumulates around candidate explanations for crystal motes in the polar observatory; observations have unequal reliability, and stopping is rewarded once no remaining sample can change the best supported action. Returning the control to an earlier setting does not restore the earlier state, so the plan must model a visible hysteresis loop.
q682	Tide Evidence	confidence-calibration	Physical evidence from reversing currents accumulates around candidate explanations for shell carriers in the tidal basin; observations have unequal reliability, and stopping is rewarded once no remaining sample can change the best supported action. One operation is irreversible and must be delayed until the preceding evidence excludes every unsafe branch.
q683	Ember Evidence	confidence-calibration	Physical evidence from stored heat bands accumulates around candidate explanations for clay vessels in the ceramic kiln; observations have unequal reliability, and stopping is rewarded once no remaining sample can change the best supported action. Observation, movement, and repair consume the same finite resource, turning information gathering into a direct planning tradeoff.
q684	Honeycomb Evidence	confidence-calibration	Physical evidence from hexagonal scent fields accumulates around candidate explanations for nectar couriers in the layered apiary; observations have unequal reliability, and stopping is rewarded once no remaining sample can change the best supported action. Local state updates every action while the enclosing state updates only after a completed local cycle, requiring two clocks.
q685	Alloy Evidence	confidence-calibration	Physical evidence from alternating force lanes accumulates around candidate explanations for metal billets in the magnetic foundry; observations have unequal reliability, and stopping is rewarded once no remaining sample can change the best supported action. The relevant relation is expressed in a frame that translates and rotates between decisions rather than in screen coordinates.
q686	Palimpsest Evidence	confidence-calibration	Physical evidence from overwritten shelf traces accumulates around candidate explanations for memory tiles in the sliding archive; observations have unequal reliability, and stopping is rewarded once no remaining sample can change the best supported action. A visible failed example shares most of the successful sequence and isolates the single causal distinction that matters.
q687	Canopy Evidence	confidence-calibration	Physical evidence from seasonal shade bands accumulates around candidate explanations for seed gliders in the terraced orchard; observations have unequal reliability, and stopping is rewarded once no remaining sample can change the best supported action. A narrow intermediate store imposes a hard capacity, so a valid global transfer can still deadlock through bad ordering.
q688	Breakwater Evidence	confidence-calibration	Physical evidence from tide-gated channels accumulates around candidate explanations for cargo skiffs in the modular harbor; observations have unequal reliability, and stopping is rewarded once no remaining sample can change the best supported action. The consequence of the first intervention remains dormant across two solved subgoals before changing the terminal affordance.
q689	Strata Evidence	confidence-calibration	Physical evidence from load-bearing fault lines accumulates around candidate explanations for ore crawlers in the deep quarry; observations have unequal reliability, and stopping is rewarded once no remaining sample can change the best supported action. A probe can be undone physically but its observation persists, separating reversible world state from irreversible knowledge.
q690	Spore Evidence	confidence-calibration	Physical evidence from humidity gradients accumulates around candidate explanations for spore colonies in the glass greenhouse; observations have unequal reliability, and stopping is rewarded once no remaining sample can change the best supported action. Two autonomous actors update on different visible schedules, and useful coordination occurs only at sparse shared events.
q691	Tapestry Evidence	confidence-calibration	Physical evidence from crossing tension fields accumulates around candidate explanations for thread shuttles in the kinetic loom; observations have unequal reliability, and stopping is rewarded once no remaining sample can change the best supported action. Completing an intermediate pattern rewires which locations are adjacent, so the later plan operates on a new graph.
q692	Lockwater Evidence	confidence-calibration	Physical evidence from coupled water levels accumulates around candidate explanations for barge tokens in the stepped canal; observations have unequal reliability, and stopping is rewarded once no remaining sample can change the best supported action. Two entities exchange appearance and position while retaining causal identity, making trail history necessary for assignment.
q693	Murmuration Evidence	confidence-calibration	Physical evidence from collective wind wakes accumulates around candidate explanations for flock markers in the open aviary; observations have unequal reliability, and stopping is rewarded once no remaining sample can change the best supported action. A redundant parity relation detects one misleading observation and must be satisfied before the final action is accepted.
q694	Moraine Evidence	confidence-calibration	Physical evidence from crevasse flow bands accumulates around candidate explanations for stone rafts in the moving glacier; observations have unequal reliability, and stopping is rewarded once no remaining sample can change the best supported action. Solving a local enclosure changes one token in an outer dependency puzzle, coupling inner completion order to the terminal goal.
q695	Waystation Evidence	confidence-calibration	Physical evidence from shifting dune corridors accumulates around candidate explanations for supply walkers in the desert caravan; observations have unequal reliability, and stopping is rewarded once no remaining sample can change the best supported action. A visible opponent state updates from the last two player policies and punishes repetition with a predictable counter.
q696	Backstage Evidence	confidence-calibration	Physical evidence from scene-dependent sightlines accumulates around candidate explanations for mask actors in the rotating theater; observations have unequal reliability, and stopping is rewarded once no remaining sample can change the best supported action. Small discrete actions accumulate a continuous-looking quantity whose threshold and direction both matter.
q697	Catalyst Evidence	confidence-calibration	Physical evidence from temperature-gated pipes accumulates around candidate explanations for reactant beads in the chemical refinery; observations have unequal reliability, and stopping is rewarded once no remaining sample can change the best supported action. Looking at a component writes its current orientation into memory; hiding it later executes the stored orientation.
q698	Asterism Evidence	confidence-calibration	Physical evidence from precessing relation lines accumulates around candidate explanations for star nodes in the orbital chart; observations have unequal reliability, and stopping is rewarded once no remaining sample can change the best supported action. A single reset erases physical progress while preserving acquired evidence, enforcing separate experiment and execution phases.
q699	Reedbed Evidence	confidence-calibration	Physical evidence from salinity fronts accumulates around candidate explanations for reed beetles in the flooded marsh; observations have unequal reliability, and stopping is rewarded once no remaining sample can change the best supported action. Every constructed component changes both function and connectivity, so a locally useful tool can obstruct the global route.
q700	Vault Evidence	confidence-calibration	Physical evidence from pressure-sealed passages accumulates around candidate explanations for echo carriers in the branching catacomb; observations have unequal reliability, and stopping is rewarded once no remaining sample can change the best supported action. Two quantities are independently conserved but share containers, requiring simultaneous bookkeeping rather than one scalar total.
q701	Pollen Evidence	confidence-calibration	Physical evidence from directional bloom waves accumulates around candidate explanations for pollen kites in the alpine meadow; observations have unequal reliability, and stopping is rewarded once no remaining sample can change the best supported action. A wear cue announces a change point after which the learned rule becomes its complement instead of merely gaining difficulty.
q702	Semaphore Evidence	confidence-calibration	Physical evidence from occluded relay beams accumulates around candidate explanations for flag agents in the cliff signal yard; observations have unequal reliability, and stopping is rewarded once no remaining sample can change the best supported action. Two miniature systems accept different tests before exactly one learned policy is committed to the larger irreversible system.
q703	Impeller Evidence	confidence-calibration	Physical evidence from counter-rotating wakes accumulates around candidate explanations for blade riders in the turbine chamber; observations have unequal reliability, and stopping is rewarded once no remaining sample can change the best supported action. Further samples remain available but become costly once no possible result can change the best supported decision.
q704	Tessera Evidence	confidence-calibration	Physical evidence from topology-changing seams accumulates around candidate explanations for colored tesserae in the folding mosaic; observations have unequal reliability, and stopping is rewarded once no remaining sample can change the best supported action. A repeated autonomous routine can be compressed, but one state-defined window requires interrupting the macro before its last action.
q705	Vivarium Evidence	confidence-calibration	Physical evidence from temperature strata accumulates around candidate explanations for microfauna in the stacked terrarium; observations have unequal reliability, and stopping is rewarded once no remaining sample can change the best supported action. A partner remembers whether recent help was fair and changes a later policy according to a short, inferable reciprocity rule.
q706	Crossing Evidence	confidence-calibration	Physical evidence from capacity-limited docks accumulates around candidate explanations for passenger tokens in the river ferry; observations have unequal reliability, and stopping is rewarded once no remaining sample can change the best supported action. Separate controllers see disjoint attributes and must leave persistent nonverbal evidence before control alternates.
q707	Spectrum Evidence	confidence-calibration	Physical evidence from wavelength-splitting panes accumulates around candidate explanations for light packets in the prism gallery; observations have unequal reliability, and stopping is rewarded once no remaining sample can change the best supported action. The same relational algebra is demonstrated first with geometry and later with agents whose surface features share nothing.
q708	Escapement Evidence	confidence-calibration	Physical evidence from nested gear phases accumulates around candidate explanations for weight tokens in the clock tower; observations have unequal reliability, and stopping is rewarded once no remaining sample can change the best supported action. Several faults explain passive observations, but one carefully chosen intervention produces mutually exclusive outcomes.
q709	Monsoon Evidence	confidence-calibration	Physical evidence from delayed storm cells accumulates around candidate explanations for rain seeds in the weather garden; observations have unequal reliability, and stopping is rewarded once no remaining sample can change the best supported action. Two cycles have unequal periods and the useful action exists only at a phase pair rather than at a fixed elapsed time.
q710	Workbench Evidence	confidence-calibration	Physical evidence from reconfigurable fixtures accumulates around candidate explanations for tool sprites in the mobile workshop; observations have unequal reliability, and stopping is rewarded once no remaining sample can change the best supported action. A temporary benefit creates a delayed obligation attached to the helper's identity rather than to the transferred object.
q711	Aurora Gradient	continuous-quantity-reasoning	Discrete controls reshape a continuous-looking distribution of crystal motes over sweeping light curtains in the polar observatory; capacity, phase, and conserved total jointly determine whether accumulated influence crosses the target threshold. Returning the control to an earlier setting does not restore the earlier state, so the plan must model a visible hysteresis loop.
q712	Tide Gradient	continuous-quantity-reasoning	Discrete controls reshape a continuous-looking distribution of shell carriers over reversing currents in the tidal basin; capacity, phase, and conserved total jointly determine whether accumulated influence crosses the target threshold. One operation is irreversible and must be delayed until the preceding evidence excludes every unsafe branch.
q713	Ember Gradient	continuous-quantity-reasoning	Discrete controls reshape a continuous-looking distribution of clay vessels over stored heat bands in the ceramic kiln; capacity, phase, and conserved total jointly determine whether accumulated influence crosses the target threshold. Observation, movement, and repair consume the same finite resource, turning information gathering into a direct planning tradeoff.
q714	Honeycomb Gradient	continuous-quantity-reasoning	Discrete controls reshape a continuous-looking distribution of nectar couriers over hexagonal scent fields in the layered apiary; capacity, phase, and conserved total jointly determine whether accumulated influence crosses the target threshold. Local state updates every action while the enclosing state updates only after a completed local cycle, requiring two clocks.
q715	Alloy Gradient	continuous-quantity-reasoning	Discrete controls reshape a continuous-looking distribution of metal billets over alternating force lanes in the magnetic foundry; capacity, phase, and conserved total jointly determine whether accumulated influence crosses the target threshold. The relevant relation is expressed in a frame that translates and rotates between decisions rather than in screen coordinates.
q716	Palimpsest Gradient	continuous-quantity-reasoning	Discrete controls reshape a continuous-looking distribution of memory tiles over overwritten shelf traces in the sliding archive; capacity, phase, and conserved total jointly determine whether accumulated influence crosses the target threshold. A visible failed example shares most of the successful sequence and isolates the single causal distinction that matters.
q717	Canopy Gradient	continuous-quantity-reasoning	Discrete controls reshape a continuous-looking distribution of seed gliders over seasonal shade bands in the terraced orchard; capacity, phase, and conserved total jointly determine whether accumulated influence crosses the target threshold. A narrow intermediate store imposes a hard capacity, so a valid global transfer can still deadlock through bad ordering.
q718	Breakwater Gradient	continuous-quantity-reasoning	Discrete controls reshape a continuous-looking distribution of cargo skiffs over tide-gated channels in the modular harbor; capacity, phase, and conserved total jointly determine whether accumulated influence crosses the target threshold. The consequence of the first intervention remains dormant across two solved subgoals before changing the terminal affordance.
q719	Strata Gradient	continuous-quantity-reasoning	Discrete controls reshape a continuous-looking distribution of ore crawlers over load-bearing fault lines in the deep quarry; capacity, phase, and conserved total jointly determine whether accumulated influence crosses the target threshold. A probe can be undone physically but its observation persists, separating reversible world state from irreversible knowledge.
q720	Spore Gradient	continuous-quantity-reasoning	Discrete controls reshape a continuous-looking distribution of spore colonies over humidity gradients in the glass greenhouse; capacity, phase, and conserved total jointly determine whether accumulated influence crosses the target threshold. Two autonomous actors update on different visible schedules, and useful coordination occurs only at sparse shared events.
q721	Tapestry Gradient	continuous-quantity-reasoning	Discrete controls reshape a continuous-looking distribution of thread shuttles over crossing tension fields in the kinetic loom; capacity, phase, and conserved total jointly determine whether accumulated influence crosses the target threshold. Completing an intermediate pattern rewires which locations are adjacent, so the later plan operates on a new graph.
q722	Lockwater Gradient	continuous-quantity-reasoning	Discrete controls reshape a continuous-looking distribution of barge tokens over coupled water levels in the stepped canal; capacity, phase, and conserved total jointly determine whether accumulated influence crosses the target threshold. Two entities exchange appearance and position while retaining causal identity, making trail history necessary for assignment.
q723	Murmuration Gradient	continuous-quantity-reasoning	Discrete controls reshape a continuous-looking distribution of flock markers over collective wind wakes in the open aviary; capacity, phase, and conserved total jointly determine whether accumulated influence crosses the target threshold. A redundant parity relation detects one misleading observation and must be satisfied before the final action is accepted.
q724	Moraine Gradient	continuous-quantity-reasoning	Discrete controls reshape a continuous-looking distribution of stone rafts over crevasse flow bands in the moving glacier; capacity, phase, and conserved total jointly determine whether accumulated influence crosses the target threshold. Solving a local enclosure changes one token in an outer dependency puzzle, coupling inner completion order to the terminal goal.
q725	Waystation Gradient	continuous-quantity-reasoning	Discrete controls reshape a continuous-looking distribution of supply walkers over shifting dune corridors in the desert caravan; capacity, phase, and conserved total jointly determine whether accumulated influence crosses the target threshold. A visible opponent state updates from the last two player policies and punishes repetition with a predictable counter.
q726	Backstage Gradient	continuous-quantity-reasoning	Discrete controls reshape a continuous-looking distribution of mask actors over scene-dependent sightlines in the rotating theater; capacity, phase, and conserved total jointly determine whether accumulated influence crosses the target threshold. Small discrete actions accumulate a continuous-looking quantity whose threshold and direction both matter.
q727	Catalyst Gradient	continuous-quantity-reasoning	Discrete controls reshape a continuous-looking distribution of reactant beads over temperature-gated pipes in the chemical refinery; capacity, phase, and conserved total jointly determine whether accumulated influence crosses the target threshold. Looking at a component writes its current orientation into memory; hiding it later executes the stored orientation.
q728	Asterism Gradient	continuous-quantity-reasoning	Discrete controls reshape a continuous-looking distribution of star nodes over precessing relation lines in the orbital chart; capacity, phase, and conserved total jointly determine whether accumulated influence crosses the target threshold. A single reset erases physical progress while preserving acquired evidence, enforcing separate experiment and execution phases.
q729	Reedbed Gradient	continuous-quantity-reasoning	Discrete controls reshape a continuous-looking distribution of reed beetles over salinity fronts in the flooded marsh; capacity, phase, and conserved total jointly determine whether accumulated influence crosses the target threshold. Every constructed component changes both function and connectivity, so a locally useful tool can obstruct the global route.
q730	Vault Gradient	continuous-quantity-reasoning	Discrete controls reshape a continuous-looking distribution of echo carriers over pressure-sealed passages in the branching catacomb; capacity, phase, and conserved total jointly determine whether accumulated influence crosses the target threshold. Two quantities are independently conserved but share containers, requiring simultaneous bookkeeping rather than one scalar total.
q731	Pollen Gradient	continuous-quantity-reasoning	Discrete controls reshape a continuous-looking distribution of pollen kites over directional bloom waves in the alpine meadow; capacity, phase, and conserved total jointly determine whether accumulated influence crosses the target threshold. A wear cue announces a change point after which the learned rule becomes its complement instead of merely gaining difficulty.
q732	Semaphore Gradient	continuous-quantity-reasoning	Discrete controls reshape a continuous-looking distribution of flag agents over occluded relay beams in the cliff signal yard; capacity, phase, and conserved total jointly determine whether accumulated influence crosses the target threshold. Two miniature systems accept different tests before exactly one learned policy is committed to the larger irreversible system.
q733	Impeller Gradient	continuous-quantity-reasoning	Discrete controls reshape a continuous-looking distribution of blade riders over counter-rotating wakes in the turbine chamber; capacity, phase, and conserved total jointly determine whether accumulated influence crosses the target threshold. Further samples remain available but become costly once no possible result can change the best supported decision.
q734	Tessera Gradient	continuous-quantity-reasoning	Discrete controls reshape a continuous-looking distribution of colored tesserae over topology-changing seams in the folding mosaic; capacity, phase, and conserved total jointly determine whether accumulated influence crosses the target threshold. A repeated autonomous routine can be compressed, but one state-defined window requires interrupting the macro before its last action.
q735	Vivarium Gradient	continuous-quantity-reasoning	Discrete controls reshape a continuous-looking distribution of microfauna over temperature strata in the stacked terrarium; capacity, phase, and conserved total jointly determine whether accumulated influence crosses the target threshold. A partner remembers whether recent help was fair and changes a later policy according to a short, inferable reciprocity rule.
q736	Crossing Gradient	continuous-quantity-reasoning	Discrete controls reshape a continuous-looking distribution of passenger tokens over capacity-limited docks in the river ferry; capacity, phase, and conserved total jointly determine whether accumulated influence crosses the target threshold. Separate controllers see disjoint attributes and must leave persistent nonverbal evidence before control alternates.
q737	Spectrum Gradient	continuous-quantity-reasoning	Discrete controls reshape a continuous-looking distribution of light packets over wavelength-splitting panes in the prism gallery; capacity, phase, and conserved total jointly determine whether accumulated influence crosses the target threshold. The same relational algebra is demonstrated first with geometry and later with agents whose surface features share nothing.
q738	Escapement Gradient	continuous-quantity-reasoning	Discrete controls reshape a continuous-looking distribution of weight tokens over nested gear phases in the clock tower; capacity, phase, and conserved total jointly determine whether accumulated influence crosses the target threshold. Several faults explain passive observations, but one carefully chosen intervention produces mutually exclusive outcomes.
q739	Monsoon Gradient	continuous-quantity-reasoning	Discrete controls reshape a continuous-looking distribution of rain seeds over delayed storm cells in the weather garden; capacity, phase, and conserved total jointly determine whether accumulated influence crosses the target threshold. Two cycles have unequal periods and the useful action exists only at a phase pair rather than at a fixed elapsed time.
q740	Workbench Gradient	continuous-quantity-reasoning	Discrete controls reshape a continuous-looking distribution of tool sprites over reconfigurable fixtures in the mobile workshop; capacity, phase, and conserved total jointly determine whether accumulated influence crosses the target threshold. A temporary benefit creates a delayed obligation attached to the helper's identity rather than to the transferred object.
q741	Aurora Obligation	long-horizon-credit-assignment	An early choice involving crystal motes in the polar observatory writes a delayed consequence into sweeping light curtains; intervening rewards obscure the link, while the final obligation remains attached to causal identity rather than the borrowed object. Returning the control to an earlier setting does not restore the earlier state, so the plan must model a visible hysteresis loop.
q742	Tide Obligation	long-horizon-credit-assignment	An early choice involving shell carriers in the tidal basin writes a delayed consequence into reversing currents; intervening rewards obscure the link, while the final obligation remains attached to causal identity rather than the borrowed object. One operation is irreversible and must be delayed until the preceding evidence excludes every unsafe branch.
q743	Ember Obligation	long-horizon-credit-assignment	An early choice involving clay vessels in the ceramic kiln writes a delayed consequence into stored heat bands; intervening rewards obscure the link, while the final obligation remains attached to causal identity rather than the borrowed object. Observation, movement, and repair consume the same finite resource, turning information gathering into a direct planning tradeoff.
q744	Honeycomb Obligation	long-horizon-credit-assignment	An early choice involving nectar couriers in the layered apiary writes a delayed consequence into hexagonal scent fields; intervening rewards obscure the link, while the final obligation remains attached to causal identity rather than the borrowed object. Local state updates every action while the enclosing state updates only after a completed local cycle, requiring two clocks.
q745	Alloy Obligation	long-horizon-credit-assignment	An early choice involving metal billets in the magnetic foundry writes a delayed consequence into alternating force lanes; intervening rewards obscure the link, while the final obligation remains attached to causal identity rather than the borrowed object. The relevant relation is expressed in a frame that translates and rotates between decisions rather than in screen coordinates.
q746	Palimpsest Obligation	long-horizon-credit-assignment	An early choice involving memory tiles in the sliding archive writes a delayed consequence into overwritten shelf traces; intervening rewards obscure the link, while the final obligation remains attached to causal identity rather than the borrowed object. A visible failed example shares most of the successful sequence and isolates the single causal distinction that matters.
q747	Canopy Obligation	long-horizon-credit-assignment	An early choice involving seed gliders in the terraced orchard writes a delayed consequence into seasonal shade bands; intervening rewards obscure the link, while the final obligation remains attached to causal identity rather than the borrowed object. A narrow intermediate store imposes a hard capacity, so a valid global transfer can still deadlock through bad ordering.
q748	Breakwater Obligation	long-horizon-credit-assignment	An early choice involving cargo skiffs in the modular harbor writes a delayed consequence into tide-gated channels; intervening rewards obscure the link, while the final obligation remains attached to causal identity rather than the borrowed object. The consequence of the first intervention remains dormant across two solved subgoals before changing the terminal affordance.
q749	Strata Obligation	long-horizon-credit-assignment	An early choice involving ore crawlers in the deep quarry writes a delayed consequence into load-bearing fault lines; intervening rewards obscure the link, while the final obligation remains attached to causal identity rather than the borrowed object. A probe can be undone physically but its observation persists, separating reversible world state from irreversible knowledge.
q750	Spore Obligation	long-horizon-credit-assignment	An early choice involving spore colonies in the glass greenhouse writes a delayed consequence into humidity gradients; intervening rewards obscure the link, while the final obligation remains attached to causal identity rather than the borrowed object. Two autonomous actors update on different visible schedules, and useful coordination occurs only at sparse shared events.
q751	Tapestry Obligation	long-horizon-credit-assignment	An early choice involving thread shuttles in the kinetic loom writes a delayed consequence into crossing tension fields; intervening rewards obscure the link, while the final obligation remains attached to causal identity rather than the borrowed object. Completing an intermediate pattern rewires which locations are adjacent, so the later plan operates on a new graph.
q752	Lockwater Obligation	long-horizon-credit-assignment	An early choice involving barge tokens in the stepped canal writes a delayed consequence into coupled water levels; intervening rewards obscure the link, while the final obligation remains attached to causal identity rather than the borrowed object. Two entities exchange appearance and position while retaining causal identity, making trail history necessary for assignment.
q753	Murmuration Obligation	long-horizon-credit-assignment	An early choice involving flock markers in the open aviary writes a delayed consequence into collective wind wakes; intervening rewards obscure the link, while the final obligation remains attached to causal identity rather than the borrowed object. A redundant parity relation detects one misleading observation and must be satisfied before the final action is accepted.
q754	Moraine Obligation	long-horizon-credit-assignment	An early choice involving stone rafts in the moving glacier writes a delayed consequence into crevasse flow bands; intervening rewards obscure the link, while the final obligation remains attached to causal identity rather than the borrowed object. Solving a local enclosure changes one token in an outer dependency puzzle, coupling inner completion order to the terminal goal.
q755	Waystation Obligation	long-horizon-credit-assignment	An early choice involving supply walkers in the desert caravan writes a delayed consequence into shifting dune corridors; intervening rewards obscure the link, while the final obligation remains attached to causal identity rather than the borrowed object. A visible opponent state updates from the last two player policies and punishes repetition with a predictable counter.
q756	Backstage Obligation	long-horizon-credit-assignment	An early choice involving mask actors in the rotating theater writes a delayed consequence into scene-dependent sightlines; intervening rewards obscure the link, while the final obligation remains attached to causal identity rather than the borrowed object. Small discrete actions accumulate a continuous-looking quantity whose threshold and direction both matter.
q757	Catalyst Obligation	long-horizon-credit-assignment	An early choice involving reactant beads in the chemical refinery writes a delayed consequence into temperature-gated pipes; intervening rewards obscure the link, while the final obligation remains attached to causal identity rather than the borrowed object. Looking at a component writes its current orientation into memory; hiding it later executes the stored orientation.
q758	Asterism Obligation	long-horizon-credit-assignment	An early choice involving star nodes in the orbital chart writes a delayed consequence into precessing relation lines; intervening rewards obscure the link, while the final obligation remains attached to causal identity rather than the borrowed object. A single reset erases physical progress while preserving acquired evidence, enforcing separate experiment and execution phases.
q759	Reedbed Obligation	long-horizon-credit-assignment	An early choice involving reed beetles in the flooded marsh writes a delayed consequence into salinity fronts; intervening rewards obscure the link, while the final obligation remains attached to causal identity rather than the borrowed object. Every constructed component changes both function and connectivity, so a locally useful tool can obstruct the global route.
q760	Vault Obligation	long-horizon-credit-assignment	An early choice involving echo carriers in the branching catacomb writes a delayed consequence into pressure-sealed passages; intervening rewards obscure the link, while the final obligation remains attached to causal identity rather than the borrowed object. Two quantities are independently conserved but share containers, requiring simultaneous bookkeeping rather than one scalar total.
q761	Pollen Obligation	long-horizon-credit-assignment	An early choice involving pollen kites in the alpine meadow writes a delayed consequence into directional bloom waves; intervening rewards obscure the link, while the final obligation remains attached to causal identity rather than the borrowed object. A wear cue announces a change point after which the learned rule becomes its complement instead of merely gaining difficulty.
q762	Semaphore Obligation	long-horizon-credit-assignment	An early choice involving flag agents in the cliff signal yard writes a delayed consequence into occluded relay beams; intervening rewards obscure the link, while the final obligation remains attached to causal identity rather than the borrowed object. Two miniature systems accept different tests before exactly one learned policy is committed to the larger irreversible system.
q763	Impeller Obligation	long-horizon-credit-assignment	An early choice involving blade riders in the turbine chamber writes a delayed consequence into counter-rotating wakes; intervening rewards obscure the link, while the final obligation remains attached to causal identity rather than the borrowed object. Further samples remain available but become costly once no possible result can change the best supported decision.
q764	Tessera Obligation	long-horizon-credit-assignment	An early choice involving colored tesserae in the folding mosaic writes a delayed consequence into topology-changing seams; intervening rewards obscure the link, while the final obligation remains attached to causal identity rather than the borrowed object. A repeated autonomous routine can be compressed, but one state-defined window requires interrupting the macro before its last action.
q765	Vivarium Obligation	long-horizon-credit-assignment	An early choice involving microfauna in the stacked terrarium writes a delayed consequence into temperature strata; intervening rewards obscure the link, while the final obligation remains attached to causal identity rather than the borrowed object. A partner remembers whether recent help was fair and changes a later policy according to a short, inferable reciprocity rule.
q766	Crossing Obligation	long-horizon-credit-assignment	An early choice involving passenger tokens in the river ferry writes a delayed consequence into capacity-limited docks; intervening rewards obscure the link, while the final obligation remains attached to causal identity rather than the borrowed object. Separate controllers see disjoint attributes and must leave persistent nonverbal evidence before control alternates.
q767	Spectrum Obligation	long-horizon-credit-assignment	An early choice involving light packets in the prism gallery writes a delayed consequence into wavelength-splitting panes; intervening rewards obscure the link, while the final obligation remains attached to causal identity rather than the borrowed object. The same relational algebra is demonstrated first with geometry and later with agents whose surface features share nothing.
q768	Escapement Obligation	long-horizon-credit-assignment	An early choice involving weight tokens in the clock tower writes a delayed consequence into nested gear phases; intervening rewards obscure the link, while the final obligation remains attached to causal identity rather than the borrowed object. Several faults explain passive observations, but one carefully chosen intervention produces mutually exclusive outcomes.
q769	Monsoon Obligation	long-horizon-credit-assignment	An early choice involving rain seeds in the weather garden writes a delayed consequence into delayed storm cells; intervening rewards obscure the link, while the final obligation remains attached to causal identity rather than the borrowed object. Two cycles have unequal periods and the useful action exists only at a phase pair rather than at a fixed elapsed time.
q770	Workbench Obligation	long-horizon-credit-assignment	An early choice involving tool sprites in the mobile workshop writes a delayed consequence into reconfigurable fixtures; intervening rewards obscure the link, while the final obligation remains attached to causal identity rather than the borrowed object. A temporary benefit creates a delayed obligation attached to the helper's identity rather than to the transferred object.
q771	Aurora Rhythm	temporal-abstraction	The crystal motes in the polar observatory follow an autonomous rhythm expressed by events in sweeping light curtains; useful control depends on chunking repeated routines, scaling intervals, and interrupting at state-defined windows instead of counting frames. Returning the control to an earlier setting does not restore the earlier state, so the plan must model a visible hysteresis loop.
q772	Tide Rhythm	temporal-abstraction	The shell carriers in the tidal basin follow an autonomous rhythm expressed by events in reversing currents; useful control depends on chunking repeated routines, scaling intervals, and interrupting at state-defined windows instead of counting frames. One operation is irreversible and must be delayed until the preceding evidence excludes every unsafe branch.
q773	Ember Rhythm	temporal-abstraction	The clay vessels in the ceramic kiln follow an autonomous rhythm expressed by events in stored heat bands; useful control depends on chunking repeated routines, scaling intervals, and interrupting at state-defined windows instead of counting frames. Observation, movement, and repair consume the same finite resource, turning information gathering into a direct planning tradeoff.
q774	Honeycomb Rhythm	temporal-abstraction	The nectar couriers in the layered apiary follow an autonomous rhythm expressed by events in hexagonal scent fields; useful control depends on chunking repeated routines, scaling intervals, and interrupting at state-defined windows instead of counting frames. Local state updates every action while the enclosing state updates only after a completed local cycle, requiring two clocks.
q775	Alloy Rhythm	temporal-abstraction	The metal billets in the magnetic foundry follow an autonomous rhythm expressed by events in alternating force lanes; useful control depends on chunking repeated routines, scaling intervals, and interrupting at state-defined windows instead of counting frames. The relevant relation is expressed in a frame that translates and rotates between decisions rather than in screen coordinates.
q776	Palimpsest Rhythm	temporal-abstraction	The memory tiles in the sliding archive follow an autonomous rhythm expressed by events in overwritten shelf traces; useful control depends on chunking repeated routines, scaling intervals, and interrupting at state-defined windows instead of counting frames. A visible failed example shares most of the successful sequence and isolates the single causal distinction that matters.
q777	Canopy Rhythm	temporal-abstraction	The seed gliders in the terraced orchard follow an autonomous rhythm expressed by events in seasonal shade bands; useful control depends on chunking repeated routines, scaling intervals, and interrupting at state-defined windows instead of counting frames. A narrow intermediate store imposes a hard capacity, so a valid global transfer can still deadlock through bad ordering.
q778	Breakwater Rhythm	temporal-abstraction	The cargo skiffs in the modular harbor follow an autonomous rhythm expressed by events in tide-gated channels; useful control depends on chunking repeated routines, scaling intervals, and interrupting at state-defined windows instead of counting frames. The consequence of the first intervention remains dormant across two solved subgoals before changing the terminal affordance.
q779	Strata Rhythm	temporal-abstraction	The ore crawlers in the deep quarry follow an autonomous rhythm expressed by events in load-bearing fault lines; useful control depends on chunking repeated routines, scaling intervals, and interrupting at state-defined windows instead of counting frames. A probe can be undone physically but its observation persists, separating reversible world state from irreversible knowledge.
q780	Spore Rhythm	temporal-abstraction	The spore colonies in the glass greenhouse follow an autonomous rhythm expressed by events in humidity gradients; useful control depends on chunking repeated routines, scaling intervals, and interrupting at state-defined windows instead of counting frames. Two autonomous actors update on different visible schedules, and useful coordination occurs only at sparse shared events.
q781	Tapestry Rhythm	temporal-abstraction	The thread shuttles in the kinetic loom follow an autonomous rhythm expressed by events in crossing tension fields; useful control depends on chunking repeated routines, scaling intervals, and interrupting at state-defined windows instead of counting frames. Completing an intermediate pattern rewires which locations are adjacent, so the later plan operates on a new graph.
q782	Lockwater Rhythm	temporal-abstraction	The barge tokens in the stepped canal follow an autonomous rhythm expressed by events in coupled water levels; useful control depends on chunking repeated routines, scaling intervals, and interrupting at state-defined windows instead of counting frames. Two entities exchange appearance and position while retaining causal identity, making trail history necessary for assignment.
q783	Murmuration Rhythm	temporal-abstraction	The flock markers in the open aviary follow an autonomous rhythm expressed by events in collective wind wakes; useful control depends on chunking repeated routines, scaling intervals, and interrupting at state-defined windows instead of counting frames. A redundant parity relation detects one misleading observation and must be satisfied before the final action is accepted.
q784	Moraine Rhythm	temporal-abstraction	The stone rafts in the moving glacier follow an autonomous rhythm expressed by events in crevasse flow bands; useful control depends on chunking repeated routines, scaling intervals, and interrupting at state-defined windows instead of counting frames. Solving a local enclosure changes one token in an outer dependency puzzle, coupling inner completion order to the terminal goal.
q785	Waystation Rhythm	temporal-abstraction	The supply walkers in the desert caravan follow an autonomous rhythm expressed by events in shifting dune corridors; useful control depends on chunking repeated routines, scaling intervals, and interrupting at state-defined windows instead of counting frames. A visible opponent state updates from the last two player policies and punishes repetition with a predictable counter.
q786	Backstage Rhythm	temporal-abstraction	The mask actors in the rotating theater follow an autonomous rhythm expressed by events in scene-dependent sightlines; useful control depends on chunking repeated routines, scaling intervals, and interrupting at state-defined windows instead of counting frames. Small discrete actions accumulate a continuous-looking quantity whose threshold and direction both matter.
q787	Catalyst Rhythm	temporal-abstraction	The reactant beads in the chemical refinery follow an autonomous rhythm expressed by events in temperature-gated pipes; useful control depends on chunking repeated routines, scaling intervals, and interrupting at state-defined windows instead of counting frames. Looking at a component writes its current orientation into memory; hiding it later executes the stored orientation.
q788	Asterism Rhythm	temporal-abstraction	The star nodes in the orbital chart follow an autonomous rhythm expressed by events in precessing relation lines; useful control depends on chunking repeated routines, scaling intervals, and interrupting at state-defined windows instead of counting frames. A single reset erases physical progress while preserving acquired evidence, enforcing separate experiment and execution phases.
q789	Reedbed Rhythm	temporal-abstraction	The reed beetles in the flooded marsh follow an autonomous rhythm expressed by events in salinity fronts; useful control depends on chunking repeated routines, scaling intervals, and interrupting at state-defined windows instead of counting frames. Every constructed component changes both function and connectivity, so a locally useful tool can obstruct the global route.
q790	Vault Rhythm	temporal-abstraction	The echo carriers in the branching catacomb follow an autonomous rhythm expressed by events in pressure-sealed passages; useful control depends on chunking repeated routines, scaling intervals, and interrupting at state-defined windows instead of counting frames. Two quantities are independently conserved but share containers, requiring simultaneous bookkeeping rather than one scalar total.
q791	Pollen Rhythm	temporal-abstraction	The pollen kites in the alpine meadow follow an autonomous rhythm expressed by events in directional bloom waves; useful control depends on chunking repeated routines, scaling intervals, and interrupting at state-defined windows instead of counting frames. A wear cue announces a change point after which the learned rule becomes its complement instead of merely gaining difficulty.
q792	Semaphore Rhythm	temporal-abstraction	The flag agents in the cliff signal yard follow an autonomous rhythm expressed by events in occluded relay beams; useful control depends on chunking repeated routines, scaling intervals, and interrupting at state-defined windows instead of counting frames. Two miniature systems accept different tests before exactly one learned policy is committed to the larger irreversible system.
q793	Impeller Rhythm	temporal-abstraction	The blade riders in the turbine chamber follow an autonomous rhythm expressed by events in counter-rotating wakes; useful control depends on chunking repeated routines, scaling intervals, and interrupting at state-defined windows instead of counting frames. Further samples remain available but become costly once no possible result can change the best supported decision.
q794	Tessera Rhythm	temporal-abstraction	The colored tesserae in the folding mosaic follow an autonomous rhythm expressed by events in topology-changing seams; useful control depends on chunking repeated routines, scaling intervals, and interrupting at state-defined windows instead of counting frames. A repeated autonomous routine can be compressed, but one state-defined window requires interrupting the macro before its last action.
q795	Vivarium Rhythm	temporal-abstraction	The microfauna in the stacked terrarium follow an autonomous rhythm expressed by events in temperature strata; useful control depends on chunking repeated routines, scaling intervals, and interrupting at state-defined windows instead of counting frames. A partner remembers whether recent help was fair and changes a later policy according to a short, inferable reciprocity rule.
q796	Crossing Rhythm	temporal-abstraction	The passenger tokens in the river ferry follow an autonomous rhythm expressed by events in capacity-limited docks; useful control depends on chunking repeated routines, scaling intervals, and interrupting at state-defined windows instead of counting frames. Separate controllers see disjoint attributes and must leave persistent nonverbal evidence before control alternates.
q797	Spectrum Rhythm	temporal-abstraction	The light packets in the prism gallery follow an autonomous rhythm expressed by events in wavelength-splitting panes; useful control depends on chunking repeated routines, scaling intervals, and interrupting at state-defined windows instead of counting frames. The same relational algebra is demonstrated first with geometry and later with agents whose surface features share nothing.
q798	Escapement Rhythm	temporal-abstraction	The weight tokens in the clock tower follow an autonomous rhythm expressed by events in nested gear phases; useful control depends on chunking repeated routines, scaling intervals, and interrupting at state-defined windows instead of counting frames. Several faults explain passive observations, but one carefully chosen intervention produces mutually exclusive outcomes.
q799	Monsoon Rhythm	temporal-abstraction	The rain seeds in the weather garden follow an autonomous rhythm expressed by events in delayed storm cells; useful control depends on chunking repeated routines, scaling intervals, and interrupting at state-defined windows instead of counting frames. Two cycles have unequal periods and the useful action exists only at a phase pair rather than at a fixed elapsed time.
q800	Workbench Rhythm	temporal-abstraction	The tool sprites in the mobile workshop follow an autonomous rhythm expressed by events in reconfigurable fixtures; useful control depends on chunking repeated routines, scaling intervals, and interrupting at state-defined windows instead of counting frames. A temporary benefit creates a delayed obligation attached to the helper's identity rather than to the transferred object.
